[  0%] Building CXX object CMakeFiles/PrimeWorld.dir/PF_GameLogic/LuaScript.cpp.o
In file included from /home/vitaly/p/Prime-World/pw/branches/r1117/Src/PF_GameLogic/specific.h:21,
                 from /home/vitaly/p/Prime-World/pw/branches/r1117/Src/PF_GameLogic/stdafx.h:5,
                 from /home/vitaly/p/Prime-World/pw/branches/r1117/Src/PF_GameLogic/LuaScript.cpp:1:
/home/vitaly/p/Prime-World/pw/branches/r1117/Src/PF_GameLogic/../Scene/DiAnGrUtils.h:200:8: warning: extra tokens at end of ‘#endif’ directive [-Wendif-labels]
  200 | #endif _DIANGRUTILS_H_
      |        ^~~~~~~~~~~~~~~
In file included from /home/vitaly/p/Prime-World/pw/branches/r1117/Src/PF_GameLogic/../PF_Core/../Scene/DiAnGr.h:17,
                 from /home/vitaly/p/Prime-World/pw/branches/r1117/Src/PF_GameLogic/../PF_Core/../Scene/AnimatedSceneComponent.h:4,
                 from /home/vitaly/p/Prime-World/pw/branches/r1117/Src/PF_GameLogic/../PF_Core/ControlledStatusEffect.h:3,
                 from /home/vitaly/p/Prime-World/pw/branches/r1117/Src/PF_GameLogic/../PF_Core/EffectsPool.h:6,
                 from /home/vitaly/p/Prime-World/pw/branches/r1117/Src/PF_GameLogic/LuaScript.cpp:48:
/home/vitaly/p/Prime-World/pw/branches/r1117/Src/PF_GameLogic/../PF_Core/../Scene/DiAnGrUtils.h:200:8: warning: extra tokens at end of ‘#endif’ directive [-Wendif-labels]
  200 | #endif _DIANGRUTILS_H_
      |        ^~~~~~~~~~~~~~~
In file included from /home/vitaly/p/Prime-World/pw/branches/r1117/Src/PF_GameLogic/../PF_Core/../Scene/DiAnGr.h:18:
/home/vitaly/p/Prime-World/pw/branches/r1117/Src/PF_GameLogic/../PF_Core/../Scene/DiAnGrAPI.h:6:8: warning: extra tokens at end of ‘#endif’ directive [-Wendif-labels]
    6 | #endif __DIANGRAPI_H__
      |        ^~~~~~~~~~~~~~~
/home/vitaly/p/Prime-World/pw/branches/r1117/Src/PF_GameLogic/../PF_Core/../Scene/DiAnGr.h:599:10: warning: extra tokens at end of ‘#endif’ directive [-Wendif-labels]
  599 |   #endif DIANGR_SCREEN_DEBUG_GENERAL
      |          ^~~~~~~~~~~~~~~~~~~~~~~~~~~
/home/vitaly/p/Prime-World/pw/branches/r1117/Src/PF_GameLogic/../PF_Core/../Scene/DiAnGr.h:777:8: warning: extra tokens at end of ‘#endif’ directive [-Wendif-labels]
  777 | #endif DIANGR_SCREEN_DEBUG_GENERAL
      |        ^~~~~~~~~~~~~~~~~~~~~~~~~~~
/home/vitaly/p/Prime-World/pw/branches/r1117/Src/PF_GameLogic/LuaScript.cpp:481:3: error: pasting "AddScriptFunction___LINE___LuaDebugTrace" and "(" does not give a valid preprocessing token
  481 |   AddScriptFunction_##__LINE__##_##name##()                                                                                  \
      |   ^~~~~~~~~~~~~~~~~~
/home/vitaly/p/Prime-World/pw/branches/r1117/Src/PF_GameLogic/LuaScript.cpp:491:1: note: in expansion of macro ‘ADD_LUA2CPP_FUNCTION’
  491 | ADD_LUA2CPP_FUNCTION(name)                                                                                                   \
      | ^~~~~~~~~~~~~~~~~~~~
/home/vitaly/p/Prime-World/pw/branches/r1117/Src/PF_GameLogic/LuaScript.cpp:507:3: note: in expansion of macro ‘_START_LUA2CPP_FUNCTION_HEAD’
  507 |   _START_LUA2CPP_FUNCTION_HEAD( name, 1 )                                                                                    \
      |   ^~~~~~~~~~~~~~~~~~~~~~~~~~~~
/home/vitaly/p/Prime-World/pw/branches/r1117/Src/PF_GameLogic/LuaScript.cpp:609:1: note: in expansion of macro ‘START_LUA2CPP_FUNCTION_ARG1’
  609 | START_LUA2CPP_FUNCTION_ARG1( LuaDebugTrace, const char * )
      | ^~~~~~~~~~~~~~~~~~~~~~~~~~~
/home/vitaly/p/Prime-World/pw/branches/r1117/Src/PF_GameLogic/LuaScript.cpp:485:3: error: pasting "addScriptFunction___LINE___LuaDebugTrace" and ";" does not give a valid preprocessing token
  485 | } addScriptFunction_##__LINE__##_##name##;
      |   ^~~~~~~~~~~~~~~~~~
/home/vitaly/p/Prime-World/pw/branches/r1117/Src/PF_GameLogic/LuaScript.cpp:491:1: note: in expansion of macro ‘ADD_LUA2CPP_FUNCTION’
  491 | ADD_LUA2CPP_FUNCTION(name)                                                                                                   \
      | ^~~~~~~~~~~~~~~~~~~~
/home/vitaly/p/Prime-World/pw/branches/r1117/Src/PF_GameLogic/LuaScript.cpp:507:3: note: in expansion of macro ‘_START_LUA2CPP_FUNCTION_HEAD’
  507 |   _START_LUA2CPP_FUNCTION_HEAD( name, 1 )                                                                                    \
      |   ^~~~~~~~~~~~~~~~~~~~~~~~~~~~
/home/vitaly/p/Prime-World/pw/branches/r1117/Src/PF_GameLogic/LuaScript.cpp:609:1: note: in expansion of macro ‘START_LUA2CPP_FUNCTION_ARG1’
  609 | START_LUA2CPP_FUNCTION_ARG1( LuaDebugTrace, const char * )
      | ^~~~~~~~~~~~~~~~~~~~~~~~~~~
/home/vitaly/p/Prime-World/pw/branches/r1117/Src/PF_GameLogic/LuaScript.cpp:481:3: error: pasting "AddScriptFunction___LINE___LuaAssert" and "(" does not give a valid preprocessing token
  481 |   AddScriptFunction_##__LINE__##_##name##()                                                                                  \
      |   ^~~~~~~~~~~~~~~~~~
/home/vitaly/p/Prime-World/pw/branches/r1117/Src/PF_GameLogic/LuaScript.cpp:491:1: note: in expansion of macro ‘ADD_LUA2CPP_FUNCTION’
  491 | ADD_LUA2CPP_FUNCTION(name)                                                                                                   \
      | ^~~~~~~~~~~~~~~~~~~~
/home/vitaly/p/Prime-World/pw/branches/r1117/Src/PF_GameLogic/LuaScript.cpp:507:3: note: in expansion of macro ‘_START_LUA2CPP_FUNCTION_HEAD’
  507 |   _START_LUA2CPP_FUNCTION_HEAD( name, 1 )                                                                                    \
      |   ^~~~~~~~~~~~~~~~~~~~~~~~~~~~
/home/vitaly/p/Prime-World/pw/branches/r1117/Src/PF_GameLogic/LuaScript.cpp:620:1: note: in expansion of macro ‘START_LUA2CPP_FUNCTION_ARG1’
  620 | START_LUA2CPP_FUNCTION_ARG1( LuaAssert, const char* )
      | ^~~~~~~~~~~~~~~~~~~~~~~~~~~
/home/vitaly/p/Prime-World/pw/branches/r1117/Src/PF_GameLogic/LuaScript.cpp:485:3: error: pasting "addScriptFunction___LINE___LuaAssert" and ";" does not give a valid preprocessing token
  485 | } addScriptFunction_##__LINE__##_##name##;
      |   ^~~~~~~~~~~~~~~~~~
/home/vitaly/p/Prime-World/pw/branches/r1117/Src/PF_GameLogic/LuaScript.cpp:491:1: note: in expansion of macro ‘ADD_LUA2CPP_FUNCTION’
  491 | ADD_LUA2CPP_FUNCTION(name)                                                                                                   \
      | ^~~~~~~~~~~~~~~~~~~~
/home/vitaly/p/Prime-World/pw/branches/r1117/Src/PF_GameLogic/LuaScript.cpp:507:3: note: in expansion of macro ‘_START_LUA2CPP_FUNCTION_HEAD’
  507 |   _START_LUA2CPP_FUNCTION_HEAD( name, 1 )                                                                                    \
      |   ^~~~~~~~~~~~~~~~~~~~~~~~~~~~
/home/vitaly/p/Prime-World/pw/branches/r1117/Src/PF_GameLogic/LuaScript.cpp:620:1: note: in expansion of macro ‘START_LUA2CPP_FUNCTION_ARG1’
  620 | START_LUA2CPP_FUNCTION_ARG1( LuaAssert, const char* )
      | ^~~~~~~~~~~~~~~~~~~~~~~~~~~
/home/vitaly/p/Prime-World/pw/branches/r1117/Src/PF_GameLogic/LuaScript.cpp:481:3: error: pasting "AddScriptFunction___LINE___LuaMessageToChat" and "(" does not give a valid preprocessing token
  481 |   AddScriptFunction_##__LINE__##_##name##()                                                                                  \
      |   ^~~~~~~~~~~~~~~~~~
/home/vitaly/p/Prime-World/pw/branches/r1117/Src/PF_GameLogic/LuaScript.cpp:491:1: note: in expansion of macro ‘ADD_LUA2CPP_FUNCTION’
  491 | ADD_LUA2CPP_FUNCTION(name)                                                                                                   \
      | ^~~~~~~~~~~~~~~~~~~~
/home/vitaly/p/Prime-World/pw/branches/r1117/Src/PF_GameLogic/LuaScript.cpp:507:3: note: in expansion of macro ‘_START_LUA2CPP_FUNCTION_HEAD’
  507 |   _START_LUA2CPP_FUNCTION_HEAD( name, 1 )                                                                                    \
      |   ^~~~~~~~~~~~~~~~~~~~~~~~~~~~
/home/vitaly/p/Prime-World/pw/branches/r1117/Src/PF_GameLogic/LuaScript.cpp:630:1: note: in expansion of macro ‘START_LUA2CPP_FUNCTION_ARG1’
  630 | START_LUA2CPP_FUNCTION_ARG1( LuaMessageToChat, const char* )
      | ^~~~~~~~~~~~~~~~~~~~~~~~~~~
/home/vitaly/p/Prime-World/pw/branches/r1117/Src/PF_GameLogic/LuaScript.cpp:485:3: error: pasting "addScriptFunction___LINE___LuaMessageToChat" and ";" does not give a valid preprocessing token
  485 | } addScriptFunction_##__LINE__##_##name##;
      |   ^~~~~~~~~~~~~~~~~~
/home/vitaly/p/Prime-World/pw/branches/r1117/Src/PF_GameLogic/LuaScript.cpp:491:1: note: in expansion of macro ‘ADD_LUA2CPP_FUNCTION’
  491 | ADD_LUA2CPP_FUNCTION(name)                                                                                                   \
      | ^~~~~~~~~~~~~~~~~~~~
/home/vitaly/p/Prime-World/pw/branches/r1117/Src/PF_GameLogic/LuaScript.cpp:507:3: note: in expansion of macro ‘_START_LUA2CPP_FUNCTION_HEAD’
  507 |   _START_LUA2CPP_FUNCTION_HEAD( name, 1 )                                                                                    \
      |   ^~~~~~~~~~~~~~~~~~~~~~~~~~~~
/home/vitaly/p/Prime-World/pw/branches/r1117/Src/PF_GameLogic/LuaScript.cpp:630:1: note: in expansion of macro ‘START_LUA2CPP_FUNCTION_ARG1’
  630 | START_LUA2CPP_FUNCTION_ARG1( LuaMessageToChat, const char* )
      | ^~~~~~~~~~~~~~~~~~~~~~~~~~~
/home/vitaly/p/Prime-World/pw/branches/r1117/Src/PF_GameLogic/LuaScript.cpp:481:3: error: pasting "AddScriptFunction___LINE___LuaRandom" and "(" does not give a valid preprocessing token
  481 |   AddScriptFunction_##__LINE__##_##name##()                                                                                  \
      |   ^~~~~~~~~~~~~~~~~~
/home/vitaly/p/Prime-World/pw/branches/r1117/Src/PF_GameLogic/LuaScript.cpp:491:1: note: in expansion of macro ‘ADD_LUA2CPP_FUNCTION’
  491 | ADD_LUA2CPP_FUNCTION(name)                                                                                                   \
      | ^~~~~~~~~~~~~~~~~~~~
/home/vitaly/p/Prime-World/pw/branches/r1117/Src/PF_GameLogic/LuaScript.cpp:512:3: note: in expansion of macro ‘_START_LUA2CPP_FUNCTION_HEAD’
  512 |   _START_LUA2CPP_FUNCTION_HEAD( name, 2 )                                                                                    \
      |   ^~~~~~~~~~~~~~~~~~~~~~~~~~~~
/home/vitaly/p/Prime-World/pw/branches/r1117/Src/PF_GameLogic/LuaScript.cpp:641:1: note: in expansion of macro ‘START_LUA2CPP_FUNCTION_ARG2’
  641 | START_LUA2CPP_FUNCTION_ARG2( LuaRandom, int ,int )
      | ^~~~~~~~~~~~~~~~~~~~~~~~~~~
/home/vitaly/p/Prime-World/pw/branches/r1117/Src/PF_GameLogic/LuaScript.cpp:485:3: error: pasting "addScriptFunction___LINE___LuaRandom" and ";" does not give a valid preprocessing token
  485 | } addScriptFunction_##__LINE__##_##name##;
      |   ^~~~~~~~~~~~~~~~~~
/home/vitaly/p/Prime-World/pw/branches/r1117/Src/PF_GameLogic/LuaScript.cpp:491:1: note: in expansion of macro ‘ADD_LUA2CPP_FUNCTION’
  491 | ADD_LUA2CPP_FUNCTION(name)                                                                                                   \
      | ^~~~~~~~~~~~~~~~~~~~
/home/vitaly/p/Prime-World/pw/branches/r1117/Src/PF_GameLogic/LuaScript.cpp:512:3: note: in expansion of macro ‘_START_LUA2CPP_FUNCTION_HEAD’
  512 |   _START_LUA2CPP_FUNCTION_HEAD( name, 2 )                                                                                    \
      |   ^~~~~~~~~~~~~~~~~~~~~~~~~~~~
/home/vitaly/p/Prime-World/pw/branches/r1117/Src/PF_GameLogic/LuaScript.cpp:641:1: note: in expansion of macro ‘START_LUA2CPP_FUNCTION_ARG2’
  641 | START_LUA2CPP_FUNCTION_ARG2( LuaRandom, int ,int )
      | ^~~~~~~~~~~~~~~~~~~~~~~~~~~
/home/vitaly/p/Prime-World/pw/branches/r1117/Src/PF_GameLogic/LuaScript.cpp:481:3: error: pasting "AddScriptFunction___LINE___LuaHeroGetPosition" and "(" does not give a valid preprocessing token
  481 |   AddScriptFunction_##__LINE__##_##name##()                                                                                  \
      |   ^~~~~~~~~~~~~~~~~~
/home/vitaly/p/Prime-World/pw/branches/r1117/Src/PF_GameLogic/LuaScript.cpp:491:1: note: in expansion of macro ‘ADD_LUA2CPP_FUNCTION’
  491 | ADD_LUA2CPP_FUNCTION(name)                                                                                                   \
      | ^~~~~~~~~~~~~~~~~~~~
/home/vitaly/p/Prime-World/pw/branches/r1117/Src/PF_GameLogic/LuaScript.cpp:507:3: note: in expansion of macro ‘_START_LUA2CPP_FUNCTION_HEAD’
  507 |   _START_LUA2CPP_FUNCTION_HEAD( name, 1 )                                                                                    \
      |   ^~~~~~~~~~~~~~~~~~~~~~~~~~~~
/home/vitaly/p/Prime-World/pw/branches/r1117/Src/PF_GameLogic/LuaScript.cpp:646:1: note: in expansion of macro ‘START_LUA2CPP_FUNCTION_ARG1’
  646 | START_LUA2CPP_FUNCTION_ARG1( LuaHeroGetPosition, const char* )
      | ^~~~~~~~~~~~~~~~~~~~~~~~~~~
/home/vitaly/p/Prime-World/pw/branches/r1117/Src/PF_GameLogic/LuaScript.cpp:485:3: error: pasting "addScriptFunction___LINE___LuaHeroGetPosition" and ";" does not give a valid preprocessing token
  485 | } addScriptFunction_##__LINE__##_##name##;
      |   ^~~~~~~~~~~~~~~~~~
/home/vitaly/p/Prime-World/pw/branches/r1117/Src/PF_GameLogic/LuaScript.cpp:491:1: note: in expansion of macro ‘ADD_LUA2CPP_FUNCTION’
  491 | ADD_LUA2CPP_FUNCTION(name)                                                                                                   \
      | ^~~~~~~~~~~~~~~~~~~~
/home/vitaly/p/Prime-World/pw/branches/r1117/Src/PF_GameLogic/LuaScript.cpp:507:3: note: in expansion of macro ‘_START_LUA2CPP_FUNCTION_HEAD’
  507 |   _START_LUA2CPP_FUNCTION_HEAD( name, 1 )                                                                                    \
      |   ^~~~~~~~~~~~~~~~~~~~~~~~~~~~
/home/vitaly/p/Prime-World/pw/branches/r1117/Src/PF_GameLogic/LuaScript.cpp:646:1: note: in expansion of macro ‘START_LUA2CPP_FUNCTION_ARG1’
  646 | START_LUA2CPP_FUNCTION_ARG1( LuaHeroGetPosition, const char* )
      | ^~~~~~~~~~~~~~~~~~~~~~~~~~~
/home/vitaly/p/Prime-World/pw/branches/r1117/Src/PF_GameLogic/LuaScript.cpp:481:3: error: pasting "AddScriptFunction___LINE___TestLuaHeroGetPosition" and "(" does not give a valid preprocessing token
  481 |   AddScriptFunction_##__LINE__##_##name##()                                                                                  \
      |   ^~~~~~~~~~~~~~~~~~
/home/vitaly/p/Prime-World/pw/branches/r1117/Src/PF_GameLogic/LuaScript.cpp:491:1: note: in expansion of macro ‘ADD_LUA2CPP_FUNCTION’
  491 | ADD_LUA2CPP_FUNCTION(name)                                                                                                   \
      | ^~~~~~~~~~~~~~~~~~~~
/home/vitaly/p/Prime-World/pw/branches/r1117/Src/PF_GameLogic/LuaScript.cpp:507:3: note: in expansion of macro ‘_START_LUA2CPP_FUNCTION_HEAD’
  507 |   _START_LUA2CPP_FUNCTION_HEAD( name, 1 )                                                                                    \
      |   ^~~~~~~~~~~~~~~~~~~~~~~~~~~~
/home/vitaly/p/Prime-World/pw/branches/r1117/Src/PF_GameLogic/LuaScript.cpp:665:1: note: in expansion of macro ‘START_LUA2CPP_FUNCTION_ARG1’
  665 | START_LUA2CPP_FUNCTION_ARG1( TestLuaHeroGetPosition, const char* )
      | ^~~~~~~~~~~~~~~~~~~~~~~~~~~
/home/vitaly/p/Prime-World/pw/branches/r1117/Src/PF_GameLogic/LuaScript.cpp:485:3: error: pasting "addScriptFunction___LINE___TestLuaHeroGetPosition" and ";" does not give a valid preprocessing token
  485 | } addScriptFunction_##__LINE__##_##name##;
      |   ^~~~~~~~~~~~~~~~~~
/home/vitaly/p/Prime-World/pw/branches/r1117/Src/PF_GameLogic/LuaScript.cpp:491:1: note: in expansion of macro ‘ADD_LUA2CPP_FUNCTION’
  491 | ADD_LUA2CPP_FUNCTION(name)                                                                                                   \
      | ^~~~~~~~~~~~~~~~~~~~
/home/vitaly/p/Prime-World/pw/branches/r1117/Src/PF_GameLogic/LuaScript.cpp:507:3: note: in expansion of macro ‘_START_LUA2CPP_FUNCTION_HEAD’
  507 |   _START_LUA2CPP_FUNCTION_HEAD( name, 1 )                                                                                    \
      |   ^~~~~~~~~~~~~~~~~~~~~~~~~~~~
/home/vitaly/p/Prime-World/pw/branches/r1117/Src/PF_GameLogic/LuaScript.cpp:665:1: note: in expansion of macro ‘START_LUA2CPP_FUNCTION_ARG1’
  665 | START_LUA2CPP_FUNCTION_ARG1( TestLuaHeroGetPosition, const char* )
      | ^~~~~~~~~~~~~~~~~~~~~~~~~~~
/home/vitaly/p/Prime-World/pw/branches/r1117/Src/PF_GameLogic/LuaScript.cpp:481:3: error: pasting "AddScriptFunction___LINE___LuaUnitGetPosition" and "(" does not give a valid preprocessing token
  481 |   AddScriptFunction_##__LINE__##_##name##()                                                                                  \
      |   ^~~~~~~~~~~~~~~~~~
/home/vitaly/p/Prime-World/pw/branches/r1117/Src/PF_GameLogic/LuaScript.cpp:491:1: note: in expansion of macro ‘ADD_LUA2CPP_FUNCTION’
  491 | ADD_LUA2CPP_FUNCTION(name)                                                                                                   \
      | ^~~~~~~~~~~~~~~~~~~~
/home/vitaly/p/Prime-World/pw/branches/r1117/Src/PF_GameLogic/LuaScript.cpp:507:3: note: in expansion of macro ‘_START_LUA2CPP_FUNCTION_HEAD’
  507 |   _START_LUA2CPP_FUNCTION_HEAD( name, 1 )                                                                                    \
      |   ^~~~~~~~~~~~~~~~~~~~~~~~~~~~
/home/vitaly/p/Prime-World/pw/branches/r1117/Src/PF_GameLogic/LuaScript.cpp:680:1: note: in expansion of macro ‘START_LUA2CPP_FUNCTION_ARG1’
  680 | START_LUA2CPP_FUNCTION_ARG1( LuaUnitGetPosition, const char* )
      | ^~~~~~~~~~~~~~~~~~~~~~~~~~~
/home/vitaly/p/Prime-World/pw/branches/r1117/Src/PF_GameLogic/LuaScript.cpp:485:3: error: pasting "addScriptFunction___LINE___LuaUnitGetPosition" and ";" does not give a valid preprocessing token
  485 | } addScriptFunction_##__LINE__##_##name##;
      |   ^~~~~~~~~~~~~~~~~~
/home/vitaly/p/Prime-World/pw/branches/r1117/Src/PF_GameLogic/LuaScript.cpp:491:1: note: in expansion of macro ‘ADD_LUA2CPP_FUNCTION’
  491 | ADD_LUA2CPP_FUNCTION(name)                                                                                                   \
      | ^~~~~~~~~~~~~~~~~~~~
/home/vitaly/p/Prime-World/pw/branches/r1117/Src/PF_GameLogic/LuaScript.cpp:507:3: note: in expansion of macro ‘_START_LUA2CPP_FUNCTION_HEAD’
  507 |   _START_LUA2CPP_FUNCTION_HEAD( name, 1 )                                                                                    \
      |   ^~~~~~~~~~~~~~~~~~~~~~~~~~~~
/home/vitaly/p/Prime-World/pw/branches/r1117/Src/PF_GameLogic/LuaScript.cpp:680:1: note: in expansion of macro ‘START_LUA2CPP_FUNCTION_ARG1’
  680 | START_LUA2CPP_FUNCTION_ARG1( LuaUnitGetPosition, const char* )
      | ^~~~~~~~~~~~~~~~~~~~~~~~~~~
/home/vitaly/p/Prime-World/pw/branches/r1117/Src/PF_GameLogic/LuaScript.cpp:481:3: error: pasting "AddScriptFunction___LINE___TestLuaUnitGetPosition" and "(" does not give a valid preprocessing token
  481 |   AddScriptFunction_##__LINE__##_##name##()                                                                                  \
      |   ^~~~~~~~~~~~~~~~~~
/home/vitaly/p/Prime-World/pw/branches/r1117/Src/PF_GameLogic/LuaScript.cpp:491:1: note: in expansion of macro ‘ADD_LUA2CPP_FUNCTION’
  491 | ADD_LUA2CPP_FUNCTION(name)                                                                                                   \
      | ^~~~~~~~~~~~~~~~~~~~
/home/vitaly/p/Prime-World/pw/branches/r1117/Src/PF_GameLogic/LuaScript.cpp:507:3: note: in expansion of macro ‘_START_LUA2CPP_FUNCTION_HEAD’
  507 |   _START_LUA2CPP_FUNCTION_HEAD( name, 1 )                                                                                    \
      |   ^~~~~~~~~~~~~~~~~~~~~~~~~~~~
/home/vitaly/p/Prime-World/pw/branches/r1117/Src/PF_GameLogic/LuaScript.cpp:699:1: note: in expansion of macro ‘START_LUA2CPP_FUNCTION_ARG1’
  699 | START_LUA2CPP_FUNCTION_ARG1( TestLuaUnitGetPosition, const char* )
      | ^~~~~~~~~~~~~~~~~~~~~~~~~~~
/home/vitaly/p/Prime-World/pw/branches/r1117/Src/PF_GameLogic/LuaScript.cpp:485:3: error: pasting "addScriptFunction___LINE___TestLuaUnitGetPosition" and ";" does not give a valid preprocessing token
  485 | } addScriptFunction_##__LINE__##_##name##;
      |   ^~~~~~~~~~~~~~~~~~
/home/vitaly/p/Prime-World/pw/branches/r1117/Src/PF_GameLogic/LuaScript.cpp:491:1: note: in expansion of macro ‘ADD_LUA2CPP_FUNCTION’
  491 | ADD_LUA2CPP_FUNCTION(name)                                                                                                   \
      | ^~~~~~~~~~~~~~~~~~~~
/home/vitaly/p/Prime-World/pw/branches/r1117/Src/PF_GameLogic/LuaScript.cpp:507:3: note: in expansion of macro ‘_START_LUA2CPP_FUNCTION_HEAD’
  507 |   _START_LUA2CPP_FUNCTION_HEAD( name, 1 )                                                                                    \
      |   ^~~~~~~~~~~~~~~~~~~~~~~~~~~~
/home/vitaly/p/Prime-World/pw/branches/r1117/Src/PF_GameLogic/LuaScript.cpp:699:1: note: in expansion of macro ‘START_LUA2CPP_FUNCTION_ARG1’
  699 | START_LUA2CPP_FUNCTION_ARG1( TestLuaUnitGetPosition, const char* )
      | ^~~~~~~~~~~~~~~~~~~~~~~~~~~
/home/vitaly/p/Prime-World/pw/branches/r1117/Src/PF_GameLogic/LuaScript.cpp:481:3: error: pasting "AddScriptFunction___LINE___LuaUnitGetHealth" and "(" does not give a valid preprocessing token
  481 |   AddScriptFunction_##__LINE__##_##name##()                                                                                  \
      |   ^~~~~~~~~~~~~~~~~~
/home/vitaly/p/Prime-World/pw/branches/r1117/Src/PF_GameLogic/LuaScript.cpp:491:1: note: in expansion of macro ‘ADD_LUA2CPP_FUNCTION’
  491 | ADD_LUA2CPP_FUNCTION(name)                                                                                                   \
      | ^~~~~~~~~~~~~~~~~~~~
/home/vitaly/p/Prime-World/pw/branches/r1117/Src/PF_GameLogic/LuaScript.cpp:507:3: note: in expansion of macro ‘_START_LUA2CPP_FUNCTION_HEAD’
  507 |   _START_LUA2CPP_FUNCTION_HEAD( name, 1 )                                                                                    \
      |   ^~~~~~~~~~~~~~~~~~~~~~~~~~~~
/home/vitaly/p/Prime-World/pw/branches/r1117/Src/PF_GameLogic/LuaScript.cpp:714:1: note: in expansion of macro ‘START_LUA2CPP_FUNCTION_ARG1’
  714 | START_LUA2CPP_FUNCTION_ARG1( LuaUnitGetHealth, const char* )
      | ^~~~~~~~~~~~~~~~~~~~~~~~~~~
/home/vitaly/p/Prime-World/pw/branches/r1117/Src/PF_GameLogic/LuaScript.cpp:485:3: error: pasting "addScriptFunction___LINE___LuaUnitGetHealth" and ";" does not give a valid preprocessing token
  485 | } addScriptFunction_##__LINE__##_##name##;
      |   ^~~~~~~~~~~~~~~~~~
/home/vitaly/p/Prime-World/pw/branches/r1117/Src/PF_GameLogic/LuaScript.cpp:491:1: note: in expansion of macro ‘ADD_LUA2CPP_FUNCTION’
  491 | ADD_LUA2CPP_FUNCTION(name)                                                                                                   \
      | ^~~~~~~~~~~~~~~~~~~~
/home/vitaly/p/Prime-World/pw/branches/r1117/Src/PF_GameLogic/LuaScript.cpp:507:3: note: in expansion of macro ‘_START_LUA2CPP_FUNCTION_HEAD’
  507 |   _START_LUA2CPP_FUNCTION_HEAD( name, 1 )                                                                                    \
      |   ^~~~~~~~~~~~~~~~~~~~~~~~~~~~
/home/vitaly/p/Prime-World/pw/branches/r1117/Src/PF_GameLogic/LuaScript.cpp:714:1: note: in expansion of macro ‘START_LUA2CPP_FUNCTION_ARG1’
  714 | START_LUA2CPP_FUNCTION_ARG1( LuaUnitGetHealth, const char* )
      | ^~~~~~~~~~~~~~~~~~~~~~~~~~~
/home/vitaly/p/Prime-World/pw/branches/r1117/Src/PF_GameLogic/LuaScript.cpp:481:3: error: pasting "AddScriptFunction___LINE___TestLuaUnitGetHealth" and "(" does not give a valid preprocessing token
  481 |   AddScriptFunction_##__LINE__##_##name##()                                                                                  \
      |   ^~~~~~~~~~~~~~~~~~
/home/vitaly/p/Prime-World/pw/branches/r1117/Src/PF_GameLogic/LuaScript.cpp:491:1: note: in expansion of macro ‘ADD_LUA2CPP_FUNCTION’
  491 | ADD_LUA2CPP_FUNCTION(name)                                                                                                   \
      | ^~~~~~~~~~~~~~~~~~~~
/home/vitaly/p/Prime-World/pw/branches/r1117/Src/PF_GameLogic/LuaScript.cpp:507:3: note: in expansion of macro ‘_START_LUA2CPP_FUNCTION_HEAD’
  507 |   _START_LUA2CPP_FUNCTION_HEAD( name, 1 )                                                                                    \
      |   ^~~~~~~~~~~~~~~~~~~~~~~~~~~~
/home/vitaly/p/Prime-World/pw/branches/r1117/Src/PF_GameLogic/LuaScript.cpp:735:1: note: in expansion of macro ‘START_LUA2CPP_FUNCTION_ARG1’
  735 | START_LUA2CPP_FUNCTION_ARG1( TestLuaUnitGetHealth, const char* )
      | ^~~~~~~~~~~~~~~~~~~~~~~~~~~
/home/vitaly/p/Prime-World/pw/branches/r1117/Src/PF_GameLogic/LuaScript.cpp:485:3: error: pasting "addScriptFunction___LINE___TestLuaUnitGetHealth" and ";" does not give a valid preprocessing token
  485 | } addScriptFunction_##__LINE__##_##name##;
      |   ^~~~~~~~~~~~~~~~~~
/home/vitaly/p/Prime-World/pw/branches/r1117/Src/PF_GameLogic/LuaScript.cpp:491:1: note: in expansion of macro ‘ADD_LUA2CPP_FUNCTION’
  491 | ADD_LUA2CPP_FUNCTION(name)                                                                                                   \
      | ^~~~~~~~~~~~~~~~~~~~
/home/vitaly/p/Prime-World/pw/branches/r1117/Src/PF_GameLogic/LuaScript.cpp:507:3: note: in expansion of macro ‘_START_LUA2CPP_FUNCTION_HEAD’
  507 |   _START_LUA2CPP_FUNCTION_HEAD( name, 1 )                                                                                    \
      |   ^~~~~~~~~~~~~~~~~~~~~~~~~~~~
/home/vitaly/p/Prime-World/pw/branches/r1117/Src/PF_GameLogic/LuaScript.cpp:735:1: note: in expansion of macro ‘START_LUA2CPP_FUNCTION_ARG1’
  735 | START_LUA2CPP_FUNCTION_ARG1( TestLuaUnitGetHealth, const char* )
      | ^~~~~~~~~~~~~~~~~~~~~~~~~~~
/home/vitaly/p/Prime-World/pw/branches/r1117/Src/PF_GameLogic/LuaScript.cpp:481:3: error: pasting "AddScriptFunction___LINE___LuaHeroGetMana" and "(" does not give a valid preprocessing token
  481 |   AddScriptFunction_##__LINE__##_##name##()                                                                                  \
      |   ^~~~~~~~~~~~~~~~~~
/home/vitaly/p/Prime-World/pw/branches/r1117/Src/PF_GameLogic/LuaScript.cpp:491:1: note: in expansion of macro ‘ADD_LUA2CPP_FUNCTION’
  491 | ADD_LUA2CPP_FUNCTION(name)                                                                                                   \
      | ^~~~~~~~~~~~~~~~~~~~
/home/vitaly/p/Prime-World/pw/branches/r1117/Src/PF_GameLogic/LuaScript.cpp:507:3: note: in expansion of macro ‘_START_LUA2CPP_FUNCTION_HEAD’
  507 |   _START_LUA2CPP_FUNCTION_HEAD( name, 1 )                                                                                    \
      |   ^~~~~~~~~~~~~~~~~~~~~~~~~~~~
/home/vitaly/p/Prime-World/pw/branches/r1117/Src/PF_GameLogic/LuaScript.cpp:752:1: note: in expansion of macro ‘START_LUA2CPP_FUNCTION_ARG1’
  752 | START_LUA2CPP_FUNCTION_ARG1( LuaHeroGetMana, const char* )
      | ^~~~~~~~~~~~~~~~~~~~~~~~~~~
/home/vitaly/p/Prime-World/pw/branches/r1117/Src/PF_GameLogic/LuaScript.cpp:485:3: error: pasting "addScriptFunction___LINE___LuaHeroGetMana" and ";" does not give a valid preprocessing token
  485 | } addScriptFunction_##__LINE__##_##name##;
      |   ^~~~~~~~~~~~~~~~~~
/home/vitaly/p/Prime-World/pw/branches/r1117/Src/PF_GameLogic/LuaScript.cpp:491:1: note: in expansion of macro ‘ADD_LUA2CPP_FUNCTION’
  491 | ADD_LUA2CPP_FUNCTION(name)                                                                                                   \
      | ^~~~~~~~~~~~~~~~~~~~
/home/vitaly/p/Prime-World/pw/branches/r1117/Src/PF_GameLogic/LuaScript.cpp:507:3: note: in expansion of macro ‘_START_LUA2CPP_FUNCTION_HEAD’
  507 |   _START_LUA2CPP_FUNCTION_HEAD( name, 1 )                                                                                    \
      |   ^~~~~~~~~~~~~~~~~~~~~~~~~~~~
/home/vitaly/p/Prime-World/pw/branches/r1117/Src/PF_GameLogic/LuaScript.cpp:752:1: note: in expansion of macro ‘START_LUA2CPP_FUNCTION_ARG1’
  752 | START_LUA2CPP_FUNCTION_ARG1( LuaHeroGetMana, const char* )
      | ^~~~~~~~~~~~~~~~~~~~~~~~~~~
/home/vitaly/p/Prime-World/pw/branches/r1117/Src/PF_GameLogic/LuaScript.cpp:481:3: error: pasting "AddScriptFunction___LINE___LuaGetLocalFaction" and "(" does not give a valid preprocessing token
  481 |   AddScriptFunction_##__LINE__##_##name##()                                                                                  \
      |   ^~~~~~~~~~~~~~~~~~
/home/vitaly/p/Prime-World/pw/branches/r1117/Src/PF_GameLogic/LuaScript.cpp:491:1: note: in expansion of macro ‘ADD_LUA2CPP_FUNCTION’
  491 | ADD_LUA2CPP_FUNCTION(name)                                                                                                   \
      | ^~~~~~~~~~~~~~~~~~~~
/home/vitaly/p/Prime-World/pw/branches/r1117/Src/PF_GameLogic/LuaScript.cpp:503:3: note: in expansion of macro ‘_START_LUA2CPP_FUNCTION_HEAD’
  503 |   _START_LUA2CPP_FUNCTION_HEAD( name, 0 )
      |   ^~~~~~~~~~~~~~~~~~~~~~~~~~~~
/home/vitaly/p/Prime-World/pw/branches/r1117/Src/PF_GameLogic/LuaScript.cpp:764:1: note: in expansion of macro ‘START_LUA2CPP_FUNCTION’
  764 | START_LUA2CPP_FUNCTION( LuaGetLocalFaction )
      | ^~~~~~~~~~~~~~~~~~~~~~
/home/vitaly/p/Prime-World/pw/branches/r1117/Src/PF_GameLogic/LuaScript.cpp:485:3: error: pasting "addScriptFunction___LINE___LuaGetLocalFaction" and ";" does not give a valid preprocessing token
  485 | } addScriptFunction_##__LINE__##_##name##;
      |   ^~~~~~~~~~~~~~~~~~
/home/vitaly/p/Prime-World/pw/branches/r1117/Src/PF_GameLogic/LuaScript.cpp:491:1: note: in expansion of macro ‘ADD_LUA2CPP_FUNCTION’
  491 | ADD_LUA2CPP_FUNCTION(name)                                                                                                   \
      | ^~~~~~~~~~~~~~~~~~~~
/home/vitaly/p/Prime-World/pw/branches/r1117/Src/PF_GameLogic/LuaScript.cpp:503:3: note: in expansion of macro ‘_START_LUA2CPP_FUNCTION_HEAD’
  503 |   _START_LUA2CPP_FUNCTION_HEAD( name, 0 )
      |   ^~~~~~~~~~~~~~~~~~~~~~~~~~~~
/home/vitaly/p/Prime-World/pw/branches/r1117/Src/PF_GameLogic/LuaScript.cpp:764:1: note: in expansion of macro ‘START_LUA2CPP_FUNCTION’
  764 | START_LUA2CPP_FUNCTION( LuaGetLocalFaction )
      | ^~~~~~~~~~~~~~~~~~~~~~
/home/vitaly/p/Prime-World/pw/branches/r1117/Src/PF_GameLogic/LuaScript.cpp:481:3: error: pasting "AddScriptFunction___LINE___LuaGetLocalHero" and "(" does not give a valid preprocessing token
  481 |   AddScriptFunction_##__LINE__##_##name##()                                                                                  \
      |   ^~~~~~~~~~~~~~~~~~
/home/vitaly/p/Prime-World/pw/branches/r1117/Src/PF_GameLogic/LuaScript.cpp:491:1: note: in expansion of macro ‘ADD_LUA2CPP_FUNCTION’
  491 | ADD_LUA2CPP_FUNCTION(name)                                                                                                   \
      | ^~~~~~~~~~~~~~~~~~~~
/home/vitaly/p/Prime-World/pw/branches/r1117/Src/PF_GameLogic/LuaScript.cpp:503:3: note: in expansion of macro ‘_START_LUA2CPP_FUNCTION_HEAD’
  503 |   _START_LUA2CPP_FUNCTION_HEAD( name, 0 )
      |   ^~~~~~~~~~~~~~~~~~~~~~~~~~~~
/home/vitaly/p/Prime-World/pw/branches/r1117/Src/PF_GameLogic/LuaScript.cpp:774:1: note: in expansion of macro ‘START_LUA2CPP_FUNCTION’
  774 | START_LUA2CPP_FUNCTION( LuaGetLocalHero )
      | ^~~~~~~~~~~~~~~~~~~~~~
/home/vitaly/p/Prime-World/pw/branches/r1117/Src/PF_GameLogic/LuaScript.cpp:485:3: error: pasting "addScriptFunction___LINE___LuaGetLocalHero" and ";" does not give a valid preprocessing token
  485 | } addScriptFunction_##__LINE__##_##name##;
      |   ^~~~~~~~~~~~~~~~~~
/home/vitaly/p/Prime-World/pw/branches/r1117/Src/PF_GameLogic/LuaScript.cpp:491:1: note: in expansion of macro ‘ADD_LUA2CPP_FUNCTION’
  491 | ADD_LUA2CPP_FUNCTION(name)                                                                                                   \
      | ^~~~~~~~~~~~~~~~~~~~
/home/vitaly/p/Prime-World/pw/branches/r1117/Src/PF_GameLogic/LuaScript.cpp:503:3: note: in expansion of macro ‘_START_LUA2CPP_FUNCTION_HEAD’
  503 |   _START_LUA2CPP_FUNCTION_HEAD( name, 0 )
      |   ^~~~~~~~~~~~~~~~~~~~~~~~~~~~
/home/vitaly/p/Prime-World/pw/branches/r1117/Src/PF_GameLogic/LuaScript.cpp:774:1: note: in expansion of macro ‘START_LUA2CPP_FUNCTION’
  774 | START_LUA2CPP_FUNCTION( LuaGetLocalHero )
      | ^~~~~~~~~~~~~~~~~~~~~~
/home/vitaly/p/Prime-World/pw/branches/r1117/Src/PF_GameLogic/LuaScript.cpp:481:3: error: pasting "AddScriptFunction___LINE___LuaGetUnitObjectNameById" and "(" does not give a valid preprocessing token
  481 |   AddScriptFunction_##__LINE__##_##name##()                                                                                  \
      |   ^~~~~~~~~~~~~~~~~~
/home/vitaly/p/Prime-World/pw/branches/r1117/Src/PF_GameLogic/LuaScript.cpp:491:1: note: in expansion of macro ‘ADD_LUA2CPP_FUNCTION’
  491 | ADD_LUA2CPP_FUNCTION(name)                                                                                                   \
      | ^~~~~~~~~~~~~~~~~~~~
/home/vitaly/p/Prime-World/pw/branches/r1117/Src/PF_GameLogic/LuaScript.cpp:507:3: note: in expansion of macro ‘_START_LUA2CPP_FUNCTION_HEAD’
  507 |   _START_LUA2CPP_FUNCTION_HEAD( name, 1 )                                                                                    \
      |   ^~~~~~~~~~~~~~~~~~~~~~~~~~~~
/home/vitaly/p/Prime-World/pw/branches/r1117/Src/PF_GameLogic/LuaScript.cpp:785:1: note: in expansion of macro ‘START_LUA2CPP_FUNCTION_ARG1’
  785 | START_LUA2CPP_FUNCTION_ARG1( LuaGetUnitObjectNameById, int )
      | ^~~~~~~~~~~~~~~~~~~~~~~~~~~
/home/vitaly/p/Prime-World/pw/branches/r1117/Src/PF_GameLogic/LuaScript.cpp:485:3: error: pasting "addScriptFunction___LINE___LuaGetUnitObjectNameById" and ";" does not give a valid preprocessing token
  485 | } addScriptFunction_##__LINE__##_##name##;
      |   ^~~~~~~~~~~~~~~~~~
/home/vitaly/p/Prime-World/pw/branches/r1117/Src/PF_GameLogic/LuaScript.cpp:491:1: note: in expansion of macro ‘ADD_LUA2CPP_FUNCTION’
  491 | ADD_LUA2CPP_FUNCTION(name)                                                                                                   \
      | ^~~~~~~~~~~~~~~~~~~~
/home/vitaly/p/Prime-World/pw/branches/r1117/Src/PF_GameLogic/LuaScript.cpp:507:3: note: in expansion of macro ‘_START_LUA2CPP_FUNCTION_HEAD’
  507 |   _START_LUA2CPP_FUNCTION_HEAD( name, 1 )                                                                                    \
      |   ^~~~~~~~~~~~~~~~~~~~~~~~~~~~
/home/vitaly/p/Prime-World/pw/branches/r1117/Src/PF_GameLogic/LuaScript.cpp:785:1: note: in expansion of macro ‘START_LUA2CPP_FUNCTION_ARG1’
  785 | START_LUA2CPP_FUNCTION_ARG1( LuaGetUnitObjectNameById, int )
      | ^~~~~~~~~~~~~~~~~~~~~~~~~~~
/home/vitaly/p/Prime-World/pw/branches/r1117/Src/PF_GameLogic/LuaScript.cpp:481:3: error: pasting "AddScriptFunction___LINE___LuaGetUnitIdByObjectName" and "(" does not give a valid preprocessing token
  481 |   AddScriptFunction_##__LINE__##_##name##()                                                                                  \
      |   ^~~~~~~~~~~~~~~~~~
/home/vitaly/p/Prime-World/pw/branches/r1117/Src/PF_GameLogic/LuaScript.cpp:491:1: note: in expansion of macro ‘ADD_LUA2CPP_FUNCTION’
  491 | ADD_LUA2CPP_FUNCTION(name)                                                                                                   \
      | ^~~~~~~~~~~~~~~~~~~~
/home/vitaly/p/Prime-World/pw/branches/r1117/Src/PF_GameLogic/LuaScript.cpp:507:3: note: in expansion of macro ‘_START_LUA2CPP_FUNCTION_HEAD’
  507 |   _START_LUA2CPP_FUNCTION_HEAD( name, 1 )                                                                                    \
      |   ^~~~~~~~~~~~~~~~~~~~~~~~~~~~
/home/vitaly/p/Prime-World/pw/branches/r1117/Src/PF_GameLogic/LuaScript.cpp:796:1: note: in expansion of macro ‘START_LUA2CPP_FUNCTION_ARG1’
  796 | START_LUA2CPP_FUNCTION_ARG1( LuaGetUnitIdByObjectName, const char* )
      | ^~~~~~~~~~~~~~~~~~~~~~~~~~~
/home/vitaly/p/Prime-World/pw/branches/r1117/Src/PF_GameLogic/LuaScript.cpp:485:3: error: pasting "addScriptFunction___LINE___LuaGetUnitIdByObjectName" and ";" does not give a valid preprocessing token
  485 | } addScriptFunction_##__LINE__##_##name##;
      |   ^~~~~~~~~~~~~~~~~~
/home/vitaly/p/Prime-World/pw/branches/r1117/Src/PF_GameLogic/LuaScript.cpp:491:1: note: in expansion of macro ‘ADD_LUA2CPP_FUNCTION’
  491 | ADD_LUA2CPP_FUNCTION(name)                                                                                                   \
      | ^~~~~~~~~~~~~~~~~~~~
/home/vitaly/p/Prime-World/pw/branches/r1117/Src/PF_GameLogic/LuaScript.cpp:507:3: note: in expansion of macro ‘_START_LUA2CPP_FUNCTION_HEAD’
  507 |   _START_LUA2CPP_FUNCTION_HEAD( name, 1 )                                                                                    \
      |   ^~~~~~~~~~~~~~~~~~~~~~~~~~~~
/home/vitaly/p/Prime-World/pw/branches/r1117/Src/PF_GameLogic/LuaScript.cpp:796:1: note: in expansion of macro ‘START_LUA2CPP_FUNCTION_ARG1’
  796 | START_LUA2CPP_FUNCTION_ARG1( LuaGetUnitIdByObjectName, const char* )
      | ^~~~~~~~~~~~~~~~~~~~~~~~~~~
/home/vitaly/p/Prime-World/pw/branches/r1117/Src/PF_GameLogic/LuaScript.cpp:481:3: error: pasting "AddScriptFunction___LINE___LuaUnitsInRange" and "(" does not give a valid preprocessing token
  481 |   AddScriptFunction_##__LINE__##_##name##()                                                                                  \
      |   ^~~~~~~~~~~~~~~~~~
/home/vitaly/p/Prime-World/pw/branches/r1117/Src/PF_GameLogic/LuaScript.cpp:491:1: note: in expansion of macro ‘ADD_LUA2CPP_FUNCTION’
  491 | ADD_LUA2CPP_FUNCTION(name)                                                                                                   \
      | ^~~~~~~~~~~~~~~~~~~~
/home/vitaly/p/Prime-World/pw/branches/r1117/Src/PF_GameLogic/LuaScript.cpp:518:3: note: in expansion of macro ‘_START_LUA2CPP_FUNCTION_HEAD’
  518 |   _START_LUA2CPP_FUNCTION_HEAD( name, 3 )                                                                                    \
      |   ^~~~~~~~~~~~~~~~~~~~~~~~~~~~
/home/vitaly/p/Prime-World/pw/branches/r1117/Src/PF_GameLogic/LuaScript.cpp:804:1: note: in expansion of macro ‘START_LUA2CPP_FUNCTION_ARG3’
  804 | START_LUA2CPP_FUNCTION_ARG3( LuaUnitsInRange, int, int, float )
      | ^~~~~~~~~~~~~~~~~~~~~~~~~~~
/home/vitaly/p/Prime-World/pw/branches/r1117/Src/PF_GameLogic/LuaScript.cpp:485:3: error: pasting "addScriptFunction___LINE___LuaUnitsInRange" and ";" does not give a valid preprocessing token
  485 | } addScriptFunction_##__LINE__##_##name##;
      |   ^~~~~~~~~~~~~~~~~~
/home/vitaly/p/Prime-World/pw/branches/r1117/Src/PF_GameLogic/LuaScript.cpp:491:1: note: in expansion of macro ‘ADD_LUA2CPP_FUNCTION’
  491 | ADD_LUA2CPP_FUNCTION(name)                                                                                                   \
      | ^~~~~~~~~~~~~~~~~~~~
/home/vitaly/p/Prime-World/pw/branches/r1117/Src/PF_GameLogic/LuaScript.cpp:518:3: note: in expansion of macro ‘_START_LUA2CPP_FUNCTION_HEAD’
  518 |   _START_LUA2CPP_FUNCTION_HEAD( name, 3 )                                                                                    \
      |   ^~~~~~~~~~~~~~~~~~~~~~~~~~~~
/home/vitaly/p/Prime-World/pw/branches/r1117/Src/PF_GameLogic/LuaScript.cpp:804:1: note: in expansion of macro ‘START_LUA2CPP_FUNCTION_ARG3’
  804 | START_LUA2CPP_FUNCTION_ARG3( LuaUnitsInRange, int, int, float )
      | ^~~~~~~~~~~~~~~~~~~~~~~~~~~
/home/vitaly/p/Prime-World/pw/branches/r1117/Src/PF_GameLogic/LuaScript.cpp:481:3: error: pasting "AddScriptFunction___LINE___LuaHeroApplyApplicator" and "(" does not give a valid preprocessing token
  481 |   AddScriptFunction_##__LINE__##_##name##()                                                                                  \
      |   ^~~~~~~~~~~~~~~~~~
/home/vitaly/p/Prime-World/pw/branches/r1117/Src/PF_GameLogic/LuaScript.cpp:491:1: note: in expansion of macro ‘ADD_LUA2CPP_FUNCTION’
  491 | ADD_LUA2CPP_FUNCTION(name)                                                                                                   \
      | ^~~~~~~~~~~~~~~~~~~~
/home/vitaly/p/Prime-World/pw/branches/r1117/Src/PF_GameLogic/LuaScript.cpp:512:3: note: in expansion of macro ‘_START_LUA2CPP_FUNCTION_HEAD’
  512 |   _START_LUA2CPP_FUNCTION_HEAD( name, 2 )                                                                                    \
      |   ^~~~~~~~~~~~~~~~~~~~~~~~~~~~
/home/vitaly/p/Prime-World/pw/branches/r1117/Src/PF_GameLogic/LuaScript.cpp:872:1: note: in expansion of macro ‘START_LUA2CPP_FUNCTION_ARG2’
  872 | START_LUA2CPP_FUNCTION_ARG2(LuaHeroApplyApplicator, const char*, const char*)
      | ^~~~~~~~~~~~~~~~~~~~~~~~~~~
/home/vitaly/p/Prime-World/pw/branches/r1117/Src/PF_GameLogic/LuaScript.cpp:485:3: error: pasting "addScriptFunction___LINE___LuaHeroApplyApplicator" and ";" does not give a valid preprocessing token
  485 | } addScriptFunction_##__LINE__##_##name##;
      |   ^~~~~~~~~~~~~~~~~~
/home/vitaly/p/Prime-World/pw/branches/r1117/Src/PF_GameLogic/LuaScript.cpp:491:1: note: in expansion of macro ‘ADD_LUA2CPP_FUNCTION’
  491 | ADD_LUA2CPP_FUNCTION(name)                                                                                                   \
      | ^~~~~~~~~~~~~~~~~~~~
/home/vitaly/p/Prime-World/pw/branches/r1117/Src/PF_GameLogic/LuaScript.cpp:512:3: note: in expansion of macro ‘_START_LUA2CPP_FUNCTION_HEAD’
  512 |   _START_LUA2CPP_FUNCTION_HEAD( name, 2 )                                                                                    \
      |   ^~~~~~~~~~~~~~~~~~~~~~~~~~~~
/home/vitaly/p/Prime-World/pw/branches/r1117/Src/PF_GameLogic/LuaScript.cpp:872:1: note: in expansion of macro ‘START_LUA2CPP_FUNCTION_ARG2’
  872 | START_LUA2CPP_FUNCTION_ARG2(LuaHeroApplyApplicator, const char*, const char*)
      | ^~~~~~~~~~~~~~~~~~~~~~~~~~~
/home/vitaly/p/Prime-World/pw/branches/r1117/Src/PF_GameLogic/LuaScript.cpp:481:3: error: pasting "AddScriptFunction___LINE___LuaUnitApplyApplicator" and "(" does not give a valid preprocessing token
  481 |   AddScriptFunction_##__LINE__##_##name##()                                                                                  \
      |   ^~~~~~~~~~~~~~~~~~
/home/vitaly/p/Prime-World/pw/branches/r1117/Src/PF_GameLogic/LuaScript.cpp:491:1: note: in expansion of macro ‘ADD_LUA2CPP_FUNCTION’
  491 | ADD_LUA2CPP_FUNCTION(name)                                                                                                   \
      | ^~~~~~~~~~~~~~~~~~~~
/home/vitaly/p/Prime-World/pw/branches/r1117/Src/PF_GameLogic/LuaScript.cpp:512:3: note: in expansion of macro ‘_START_LUA2CPP_FUNCTION_HEAD’
  512 |   _START_LUA2CPP_FUNCTION_HEAD( name, 2 )                                                                                    \
      |   ^~~~~~~~~~~~~~~~~~~~~~~~~~~~
/home/vitaly/p/Prime-World/pw/branches/r1117/Src/PF_GameLogic/LuaScript.cpp:883:1: note: in expansion of macro ‘START_LUA2CPP_FUNCTION_ARG2’
  883 | START_LUA2CPP_FUNCTION_ARG2(LuaUnitApplyApplicator, const char*, const char*)
      | ^~~~~~~~~~~~~~~~~~~~~~~~~~~
/home/vitaly/p/Prime-World/pw/branches/r1117/Src/PF_GameLogic/LuaScript.cpp:485:3: error: pasting "addScriptFunction___LINE___LuaUnitApplyApplicator" and ";" does not give a valid preprocessing token
  485 | } addScriptFunction_##__LINE__##_##name##;
      |   ^~~~~~~~~~~~~~~~~~
/home/vitaly/p/Prime-World/pw/branches/r1117/Src/PF_GameLogic/LuaScript.cpp:491:1: note: in expansion of macro ‘ADD_LUA2CPP_FUNCTION’
  491 | ADD_LUA2CPP_FUNCTION(name)                                                                                                   \
      | ^~~~~~~~~~~~~~~~~~~~
/home/vitaly/p/Prime-World/pw/branches/r1117/Src/PF_GameLogic/LuaScript.cpp:512:3: note: in expansion of macro ‘_START_LUA2CPP_FUNCTION_HEAD’
  512 |   _START_LUA2CPP_FUNCTION_HEAD( name, 2 )                                                                                    \
      |   ^~~~~~~~~~~~~~~~~~~~~~~~~~~~
/home/vitaly/p/Prime-World/pw/branches/r1117/Src/PF_GameLogic/LuaScript.cpp:883:1: note: in expansion of macro ‘START_LUA2CPP_FUNCTION_ARG2’
  883 | START_LUA2CPP_FUNCTION_ARG2(LuaUnitApplyApplicator, const char*, const char*)
      | ^~~~~~~~~~~~~~~~~~~~~~~~~~~
/home/vitaly/p/Prime-World/pw/branches/r1117/Src/PF_GameLogic/LuaScript.cpp:481:3: error: pasting "AddScriptFunction___LINE___LuaUnitApplyApplicatorFromUnit" and "(" does not give a valid preprocessing token
  481 |   AddScriptFunction_##__LINE__##_##name##()                                                                                  \
      |   ^~~~~~~~~~~~~~~~~~
/home/vitaly/p/Prime-World/pw/branches/r1117/Src/PF_GameLogic/LuaScript.cpp:491:1: note: in expansion of macro ‘ADD_LUA2CPP_FUNCTION’
  491 | ADD_LUA2CPP_FUNCTION(name)                                                                                                   \
      | ^~~~~~~~~~~~~~~~~~~~
/home/vitaly/p/Prime-World/pw/branches/r1117/Src/PF_GameLogic/LuaScript.cpp:518:3: note: in expansion of macro ‘_START_LUA2CPP_FUNCTION_HEAD’
  518 |   _START_LUA2CPP_FUNCTION_HEAD( name, 3 )                                                                                    \
      |   ^~~~~~~~~~~~~~~~~~~~~~~~~~~~
/home/vitaly/p/Prime-World/pw/branches/r1117/Src/PF_GameLogic/LuaScript.cpp:894:1: note: in expansion of macro ‘START_LUA2CPP_FUNCTION_ARG3’
  894 | START_LUA2CPP_FUNCTION_ARG3(LuaUnitApplyApplicatorFromUnit, const char*, const char*, const char*)
      | ^~~~~~~~~~~~~~~~~~~~~~~~~~~
/home/vitaly/p/Prime-World/pw/branches/r1117/Src/PF_GameLogic/LuaScript.cpp:485:3: error: pasting "addScriptFunction___LINE___LuaUnitApplyApplicatorFromUnit" and ";" does not give a valid preprocessing token
  485 | } addScriptFunction_##__LINE__##_##name##;
      |   ^~~~~~~~~~~~~~~~~~
/home/vitaly/p/Prime-World/pw/branches/r1117/Src/PF_GameLogic/LuaScript.cpp:491:1: note: in expansion of macro ‘ADD_LUA2CPP_FUNCTION’
  491 | ADD_LUA2CPP_FUNCTION(name)                                                                                                   \
      | ^~~~~~~~~~~~~~~~~~~~
/home/vitaly/p/Prime-World/pw/branches/r1117/Src/PF_GameLogic/LuaScript.cpp:518:3: note: in expansion of macro ‘_START_LUA2CPP_FUNCTION_HEAD’
  518 |   _START_LUA2CPP_FUNCTION_HEAD( name, 3 )                                                                                    \
      |   ^~~~~~~~~~~~~~~~~~~~~~~~~~~~
/home/vitaly/p/Prime-World/pw/branches/r1117/Src/PF_GameLogic/LuaScript.cpp:894:1: note: in expansion of macro ‘START_LUA2CPP_FUNCTION_ARG3’
  894 | START_LUA2CPP_FUNCTION_ARG3(LuaUnitApplyApplicatorFromUnit, const char*, const char*, const char*)
      | ^~~~~~~~~~~~~~~~~~~~~~~~~~~
/home/vitaly/p/Prime-World/pw/branches/r1117/Src/PF_GameLogic/LuaScript.cpp:481:3: error: pasting "AddScriptFunction___LINE___LuaHeroRemoveApplicator" and "(" does not give a valid preprocessing token
  481 |   AddScriptFunction_##__LINE__##_##name##()                                                                                  \
      |   ^~~~~~~~~~~~~~~~~~
/home/vitaly/p/Prime-World/pw/branches/r1117/Src/PF_GameLogic/LuaScript.cpp:491:1: note: in expansion of macro ‘ADD_LUA2CPP_FUNCTION’
  491 | ADD_LUA2CPP_FUNCTION(name)                                                                                                   \
      | ^~~~~~~~~~~~~~~~~~~~
/home/vitaly/p/Prime-World/pw/branches/r1117/Src/PF_GameLogic/LuaScript.cpp:512:3: note: in expansion of macro ‘_START_LUA2CPP_FUNCTION_HEAD’
  512 |   _START_LUA2CPP_FUNCTION_HEAD( name, 2 )                                                                                    \
      |   ^~~~~~~~~~~~~~~~~~~~~~~~~~~~
/home/vitaly/p/Prime-World/pw/branches/r1117/Src/PF_GameLogic/LuaScript.cpp:907:1: note: in expansion of macro ‘START_LUA2CPP_FUNCTION_ARG2’
  907 | START_LUA2CPP_FUNCTION_ARG2(LuaHeroRemoveApplicator, const char*, const char*)
      | ^~~~~~~~~~~~~~~~~~~~~~~~~~~
/home/vitaly/p/Prime-World/pw/branches/r1117/Src/PF_GameLogic/LuaScript.cpp:485:3: error: pasting "addScriptFunction___LINE___LuaHeroRemoveApplicator" and ";" does not give a valid preprocessing token
  485 | } addScriptFunction_##__LINE__##_##name##;
      |   ^~~~~~~~~~~~~~~~~~
/home/vitaly/p/Prime-World/pw/branches/r1117/Src/PF_GameLogic/LuaScript.cpp:491:1: note: in expansion of macro ‘ADD_LUA2CPP_FUNCTION’
  491 | ADD_LUA2CPP_FUNCTION(name)                                                                                                   \
      | ^~~~~~~~~~~~~~~~~~~~
/home/vitaly/p/Prime-World/pw/branches/r1117/Src/PF_GameLogic/LuaScript.cpp:512:3: note: in expansion of macro ‘_START_LUA2CPP_FUNCTION_HEAD’
  512 |   _START_LUA2CPP_FUNCTION_HEAD( name, 2 )                                                                                    \
      |   ^~~~~~~~~~~~~~~~~~~~~~~~~~~~
/home/vitaly/p/Prime-World/pw/branches/r1117/Src/PF_GameLogic/LuaScript.cpp:907:1: note: in expansion of macro ‘START_LUA2CPP_FUNCTION_ARG2’
  907 | START_LUA2CPP_FUNCTION_ARG2(LuaHeroRemoveApplicator, const char*, const char*)
      | ^~~~~~~~~~~~~~~~~~~~~~~~~~~
/home/vitaly/p/Prime-World/pw/branches/r1117/Src/PF_GameLogic/LuaScript.cpp:481:3: error: pasting "AddScriptFunction___LINE___LuaUnitRemoveApplicator" and "(" does not give a valid preprocessing token
  481 |   AddScriptFunction_##__LINE__##_##name##()                                                                                  \
      |   ^~~~~~~~~~~~~~~~~~
/home/vitaly/p/Prime-World/pw/branches/r1117/Src/PF_GameLogic/LuaScript.cpp:491:1: note: in expansion of macro ‘ADD_LUA2CPP_FUNCTION’
  491 | ADD_LUA2CPP_FUNCTION(name)                                                                                                   \
      | ^~~~~~~~~~~~~~~~~~~~
/home/vitaly/p/Prime-World/pw/branches/r1117/Src/PF_GameLogic/LuaScript.cpp:512:3: note: in expansion of macro ‘_START_LUA2CPP_FUNCTION_HEAD’
  512 |   _START_LUA2CPP_FUNCTION_HEAD( name, 2 )                                                                                    \
      |   ^~~~~~~~~~~~~~~~~~~~~~~~~~~~
/home/vitaly/p/Prime-World/pw/branches/r1117/Src/PF_GameLogic/LuaScript.cpp:918:1: note: in expansion of macro ‘START_LUA2CPP_FUNCTION_ARG2’
  918 | START_LUA2CPP_FUNCTION_ARG2(LuaUnitRemoveApplicator, const char*, const char*)
      | ^~~~~~~~~~~~~~~~~~~~~~~~~~~
/home/vitaly/p/Prime-World/pw/branches/r1117/Src/PF_GameLogic/LuaScript.cpp:485:3: error: pasting "addScriptFunction___LINE___LuaUnitRemoveApplicator" and ";" does not give a valid preprocessing token
  485 | } addScriptFunction_##__LINE__##_##name##;
      |   ^~~~~~~~~~~~~~~~~~
/home/vitaly/p/Prime-World/pw/branches/r1117/Src/PF_GameLogic/LuaScript.cpp:491:1: note: in expansion of macro ‘ADD_LUA2CPP_FUNCTION’
  491 | ADD_LUA2CPP_FUNCTION(name)                                                                                                   \
      | ^~~~~~~~~~~~~~~~~~~~
/home/vitaly/p/Prime-World/pw/branches/r1117/Src/PF_GameLogic/LuaScript.cpp:512:3: note: in expansion of macro ‘_START_LUA2CPP_FUNCTION_HEAD’
  512 |   _START_LUA2CPP_FUNCTION_HEAD( name, 2 )                                                                                    \
      |   ^~~~~~~~~~~~~~~~~~~~~~~~~~~~
/home/vitaly/p/Prime-World/pw/branches/r1117/Src/PF_GameLogic/LuaScript.cpp:918:1: note: in expansion of macro ‘START_LUA2CPP_FUNCTION_ARG2’
  918 | START_LUA2CPP_FUNCTION_ARG2(LuaUnitRemoveApplicator, const char*, const char*)
      | ^~~~~~~~~~~~~~~~~~~~~~~~~~~
/home/vitaly/p/Prime-World/pw/branches/r1117/Src/PF_GameLogic/LuaScript.cpp:481:3: error: pasting "AddScriptFunction___LINE___LuaHeroSetInvulnerable" and "(" does not give a valid preprocessing token
  481 |   AddScriptFunction_##__LINE__##_##name##()                                                                                  \
      |   ^~~~~~~~~~~~~~~~~~
/home/vitaly/p/Prime-World/pw/branches/r1117/Src/PF_GameLogic/LuaScript.cpp:491:1: note: in expansion of macro ‘ADD_LUA2CPP_FUNCTION’
  491 | ADD_LUA2CPP_FUNCTION(name)                                                                                                   \
      | ^~~~~~~~~~~~~~~~~~~~
/home/vitaly/p/Prime-World/pw/branches/r1117/Src/PF_GameLogic/LuaScript.cpp:507:3: note: in expansion of macro ‘_START_LUA2CPP_FUNCTION_HEAD’
  507 |   _START_LUA2CPP_FUNCTION_HEAD( name, 1 )                                                                                    \
      |   ^~~~~~~~~~~~~~~~~~~~~~~~~~~~
/home/vitaly/p/Prime-World/pw/branches/r1117/Src/PF_GameLogic/LuaScript.cpp:929:1: note: in expansion of macro ‘START_LUA2CPP_FUNCTION_ARG1’
  929 | START_LUA2CPP_FUNCTION_ARG1( LuaHeroSetInvulnerable, const char* )
      | ^~~~~~~~~~~~~~~~~~~~~~~~~~~
/home/vitaly/p/Prime-World/pw/branches/r1117/Src/PF_GameLogic/LuaScript.cpp:485:3: error: pasting "addScriptFunction___LINE___LuaHeroSetInvulnerable" and ";" does not give a valid preprocessing token
  485 | } addScriptFunction_##__LINE__##_##name##;
      |   ^~~~~~~~~~~~~~~~~~
/home/vitaly/p/Prime-World/pw/branches/r1117/Src/PF_GameLogic/LuaScript.cpp:491:1: note: in expansion of macro ‘ADD_LUA2CPP_FUNCTION’
  491 | ADD_LUA2CPP_FUNCTION(name)                                                                                                   \
      | ^~~~~~~~~~~~~~~~~~~~
/home/vitaly/p/Prime-World/pw/branches/r1117/Src/PF_GameLogic/LuaScript.cpp:507:3: note: in expansion of macro ‘_START_LUA2CPP_FUNCTION_HEAD’
  507 |   _START_LUA2CPP_FUNCTION_HEAD( name, 1 )                                                                                    \
      |   ^~~~~~~~~~~~~~~~~~~~~~~~~~~~
/home/vitaly/p/Prime-World/pw/branches/r1117/Src/PF_GameLogic/LuaScript.cpp:929:1: note: in expansion of macro ‘START_LUA2CPP_FUNCTION_ARG1’
  929 | START_LUA2CPP_FUNCTION_ARG1( LuaHeroSetInvulnerable, const char* )
      | ^~~~~~~~~~~~~~~~~~~~~~~~~~~
/home/vitaly/p/Prime-World/pw/branches/r1117/Src/PF_GameLogic/LuaScript.cpp:481:3: error: pasting "AddScriptFunction___LINE___LuaHeroAddFlag" and "(" does not give a valid preprocessing token
  481 |   AddScriptFunction_##__LINE__##_##name##()                                                                                  \
      |   ^~~~~~~~~~~~~~~~~~
/home/vitaly/p/Prime-World/pw/branches/r1117/Src/PF_GameLogic/LuaScript.cpp:491:1: note: in expansion of macro ‘ADD_LUA2CPP_FUNCTION’
  491 | ADD_LUA2CPP_FUNCTION(name)                                                                                                   \
      | ^~~~~~~~~~~~~~~~~~~~
/home/vitaly/p/Prime-World/pw/branches/r1117/Src/PF_GameLogic/LuaScript.cpp:512:3: note: in expansion of macro ‘_START_LUA2CPP_FUNCTION_HEAD’
  512 |   _START_LUA2CPP_FUNCTION_HEAD( name, 2 )                                                                                    \
      |   ^~~~~~~~~~~~~~~~~~~~~~~~~~~~
/home/vitaly/p/Prime-World/pw/branches/r1117/Src/PF_GameLogic/LuaScript.cpp:941:1: note: in expansion of macro ‘START_LUA2CPP_FUNCTION_ARG2’
  941 | START_LUA2CPP_FUNCTION_ARG2( LuaHeroAddFlag, const char*, int )
      | ^~~~~~~~~~~~~~~~~~~~~~~~~~~
/home/vitaly/p/Prime-World/pw/branches/r1117/Src/PF_GameLogic/LuaScript.cpp:485:3: error: pasting "addScriptFunction___LINE___LuaHeroAddFlag" and ";" does not give a valid preprocessing token
  485 | } addScriptFunction_##__LINE__##_##name##;
      |   ^~~~~~~~~~~~~~~~~~
/home/vitaly/p/Prime-World/pw/branches/r1117/Src/PF_GameLogic/LuaScript.cpp:491:1: note: in expansion of macro ‘ADD_LUA2CPP_FUNCTION’
  491 | ADD_LUA2CPP_FUNCTION(name)                                                                                                   \
      | ^~~~~~~~~~~~~~~~~~~~
/home/vitaly/p/Prime-World/pw/branches/r1117/Src/PF_GameLogic/LuaScript.cpp:512:3: note: in expansion of macro ‘_START_LUA2CPP_FUNCTION_HEAD’
  512 |   _START_LUA2CPP_FUNCTION_HEAD( name, 2 )                                                                                    \
      |   ^~~~~~~~~~~~~~~~~~~~~~~~~~~~
/home/vitaly/p/Prime-World/pw/branches/r1117/Src/PF_GameLogic/LuaScript.cpp:941:1: note: in expansion of macro ‘START_LUA2CPP_FUNCTION_ARG2’
  941 | START_LUA2CPP_FUNCTION_ARG2( LuaHeroAddFlag, const char*, int )
      | ^~~~~~~~~~~~~~~~~~~~~~~~~~~
/home/vitaly/p/Prime-World/pw/branches/r1117/Src/PF_GameLogic/LuaScript.cpp:481:3: error: pasting "AddScriptFunction___LINE___LuaUnitAddFlag" and "(" does not give a valid preprocessing token
  481 |   AddScriptFunction_##__LINE__##_##name##()                                                                                  \
      |   ^~~~~~~~~~~~~~~~~~
/home/vitaly/p/Prime-World/pw/branches/r1117/Src/PF_GameLogic/LuaScript.cpp:491:1: note: in expansion of macro ‘ADD_LUA2CPP_FUNCTION’
  491 | ADD_LUA2CPP_FUNCTION(name)                                                                                                   \
      | ^~~~~~~~~~~~~~~~~~~~
/home/vitaly/p/Prime-World/pw/branches/r1117/Src/PF_GameLogic/LuaScript.cpp:512:3: note: in expansion of macro ‘_START_LUA2CPP_FUNCTION_HEAD’
  512 |   _START_LUA2CPP_FUNCTION_HEAD( name, 2 )                                                                                    \
      |   ^~~~~~~~~~~~~~~~~~~~~~~~~~~~
/home/vitaly/p/Prime-World/pw/branches/r1117/Src/PF_GameLogic/LuaScript.cpp:952:1: note: in expansion of macro ‘START_LUA2CPP_FUNCTION_ARG2’
  952 | START_LUA2CPP_FUNCTION_ARG2( LuaUnitAddFlag, const char*, int )
      | ^~~~~~~~~~~~~~~~~~~~~~~~~~~
/home/vitaly/p/Prime-World/pw/branches/r1117/Src/PF_GameLogic/LuaScript.cpp:485:3: error: pasting "addScriptFunction___LINE___LuaUnitAddFlag" and ";" does not give a valid preprocessing token
  485 | } addScriptFunction_##__LINE__##_##name##;
      |   ^~~~~~~~~~~~~~~~~~
/home/vitaly/p/Prime-World/pw/branches/r1117/Src/PF_GameLogic/LuaScript.cpp:491:1: note: in expansion of macro ‘ADD_LUA2CPP_FUNCTION’
  491 | ADD_LUA2CPP_FUNCTION(name)                                                                                                   \
      | ^~~~~~~~~~~~~~~~~~~~
/home/vitaly/p/Prime-World/pw/branches/r1117/Src/PF_GameLogic/LuaScript.cpp:512:3: note: in expansion of macro ‘_START_LUA2CPP_FUNCTION_HEAD’
  512 |   _START_LUA2CPP_FUNCTION_HEAD( name, 2 )                                                                                    \
      |   ^~~~~~~~~~~~~~~~~~~~~~~~~~~~
/home/vitaly/p/Prime-World/pw/branches/r1117/Src/PF_GameLogic/LuaScript.cpp:952:1: note: in expansion of macro ‘START_LUA2CPP_FUNCTION_ARG2’
  952 | START_LUA2CPP_FUNCTION_ARG2( LuaUnitAddFlag, const char*, int )
      | ^~~~~~~~~~~~~~~~~~~~~~~~~~~
/home/vitaly/p/Prime-World/pw/branches/r1117/Src/PF_GameLogic/LuaScript.cpp:481:3: error: pasting "AddScriptFunction___LINE___LuaHeroRemoveFlag" and "(" does not give a valid preprocessing token
  481 |   AddScriptFunction_##__LINE__##_##name##()                                                                                  \
      |   ^~~~~~~~~~~~~~~~~~
/home/vitaly/p/Prime-World/pw/branches/r1117/Src/PF_GameLogic/LuaScript.cpp:491:1: note: in expansion of macro ‘ADD_LUA2CPP_FUNCTION’
  491 | ADD_LUA2CPP_FUNCTION(name)                                                                                                   \
      | ^~~~~~~~~~~~~~~~~~~~
/home/vitaly/p/Prime-World/pw/branches/r1117/Src/PF_GameLogic/LuaScript.cpp:512:3: note: in expansion of macro ‘_START_LUA2CPP_FUNCTION_HEAD’
  512 |   _START_LUA2CPP_FUNCTION_HEAD( name, 2 )                                                                                    \
      |   ^~~~~~~~~~~~~~~~~~~~~~~~~~~~
/home/vitaly/p/Prime-World/pw/branches/r1117/Src/PF_GameLogic/LuaScript.cpp:963:1: note: in expansion of macro ‘START_LUA2CPP_FUNCTION_ARG2’
  963 | START_LUA2CPP_FUNCTION_ARG2( LuaHeroRemoveFlag, const char*, int )
      | ^~~~~~~~~~~~~~~~~~~~~~~~~~~
/home/vitaly/p/Prime-World/pw/branches/r1117/Src/PF_GameLogic/LuaScript.cpp:485:3: error: pasting "addScriptFunction___LINE___LuaHeroRemoveFlag" and ";" does not give a valid preprocessing token
  485 | } addScriptFunction_##__LINE__##_##name##;
      |   ^~~~~~~~~~~~~~~~~~
/home/vitaly/p/Prime-World/pw/branches/r1117/Src/PF_GameLogic/LuaScript.cpp:491:1: note: in expansion of macro ‘ADD_LUA2CPP_FUNCTION’
  491 | ADD_LUA2CPP_FUNCTION(name)                                                                                                   \
      | ^~~~~~~~~~~~~~~~~~~~
/home/vitaly/p/Prime-World/pw/branches/r1117/Src/PF_GameLogic/LuaScript.cpp:512:3: note: in expansion of macro ‘_START_LUA2CPP_FUNCTION_HEAD’
  512 |   _START_LUA2CPP_FUNCTION_HEAD( name, 2 )                                                                                    \
      |   ^~~~~~~~~~~~~~~~~~~~~~~~~~~~
/home/vitaly/p/Prime-World/pw/branches/r1117/Src/PF_GameLogic/LuaScript.cpp:963:1: note: in expansion of macro ‘START_LUA2CPP_FUNCTION_ARG2’
  963 | START_LUA2CPP_FUNCTION_ARG2( LuaHeroRemoveFlag, const char*, int )
      | ^~~~~~~~~~~~~~~~~~~~~~~~~~~
/home/vitaly/p/Prime-World/pw/branches/r1117/Src/PF_GameLogic/LuaScript.cpp:481:3: error: pasting "AddScriptFunction___LINE___LuaUnitRemoveFlag" and "(" does not give a valid preprocessing token
  481 |   AddScriptFunction_##__LINE__##_##name##()                                                                                  \
      |   ^~~~~~~~~~~~~~~~~~
/home/vitaly/p/Prime-World/pw/branches/r1117/Src/PF_GameLogic/LuaScript.cpp:491:1: note: in expansion of macro ‘ADD_LUA2CPP_FUNCTION’
  491 | ADD_LUA2CPP_FUNCTION(name)                                                                                                   \
      | ^~~~~~~~~~~~~~~~~~~~
/home/vitaly/p/Prime-World/pw/branches/r1117/Src/PF_GameLogic/LuaScript.cpp:512:3: note: in expansion of macro ‘_START_LUA2CPP_FUNCTION_HEAD’
  512 |   _START_LUA2CPP_FUNCTION_HEAD( name, 2 )                                                                                    \
      |   ^~~~~~~~~~~~~~~~~~~~~~~~~~~~
/home/vitaly/p/Prime-World/pw/branches/r1117/Src/PF_GameLogic/LuaScript.cpp:974:1: note: in expansion of macro ‘START_LUA2CPP_FUNCTION_ARG2’
  974 | START_LUA2CPP_FUNCTION_ARG2( LuaUnitRemoveFlag, const char*, int )
      | ^~~~~~~~~~~~~~~~~~~~~~~~~~~
/home/vitaly/p/Prime-World/pw/branches/r1117/Src/PF_GameLogic/LuaScript.cpp:485:3: error: pasting "addScriptFunction___LINE___LuaUnitRemoveFlag" and ";" does not give a valid preprocessing token
  485 | } addScriptFunction_##__LINE__##_##name##;
      |   ^~~~~~~~~~~~~~~~~~
/home/vitaly/p/Prime-World/pw/branches/r1117/Src/PF_GameLogic/LuaScript.cpp:491:1: note: in expansion of macro ‘ADD_LUA2CPP_FUNCTION’
  491 | ADD_LUA2CPP_FUNCTION(name)                                                                                                   \
      | ^~~~~~~~~~~~~~~~~~~~
/home/vitaly/p/Prime-World/pw/branches/r1117/Src/PF_GameLogic/LuaScript.cpp:512:3: note: in expansion of macro ‘_START_LUA2CPP_FUNCTION_HEAD’
  512 |   _START_LUA2CPP_FUNCTION_HEAD( name, 2 )                                                                                    \
      |   ^~~~~~~~~~~~~~~~~~~~~~~~~~~~
/home/vitaly/p/Prime-World/pw/branches/r1117/Src/PF_GameLogic/LuaScript.cpp:974:1: note: in expansion of macro ‘START_LUA2CPP_FUNCTION_ARG2’
  974 | START_LUA2CPP_FUNCTION_ARG2( LuaUnitRemoveFlag, const char*, int )
      | ^~~~~~~~~~~~~~~~~~~~~~~~~~~
/home/vitaly/p/Prime-World/pw/branches/r1117/Src/PF_GameLogic/LuaScript.cpp:481:3: error: pasting "AddScriptFunction___LINE___LuaUnitCheckFlag" and "(" does not give a valid preprocessing token
  481 |   AddScriptFunction_##__LINE__##_##name##()                                                                                  \
      |   ^~~~~~~~~~~~~~~~~~
/home/vitaly/p/Prime-World/pw/branches/r1117/Src/PF_GameLogic/LuaScript.cpp:491:1: note: in expansion of macro ‘ADD_LUA2CPP_FUNCTION’
  491 | ADD_LUA2CPP_FUNCTION(name)                                                                                                   \
      | ^~~~~~~~~~~~~~~~~~~~
/home/vitaly/p/Prime-World/pw/branches/r1117/Src/PF_GameLogic/LuaScript.cpp:512:3: note: in expansion of macro ‘_START_LUA2CPP_FUNCTION_HEAD’
  512 |   _START_LUA2CPP_FUNCTION_HEAD( name, 2 )                                                                                    \
      |   ^~~~~~~~~~~~~~~~~~~~~~~~~~~~
/home/vitaly/p/Prime-World/pw/branches/r1117/Src/PF_GameLogic/LuaScript.cpp:990:1: note: in expansion of macro ‘START_LUA2CPP_FUNCTION_ARG2’
  990 | START_LUA2CPP_FUNCTION_ARG2( LuaUnitCheckFlag, const char*, int )
      | ^~~~~~~~~~~~~~~~~~~~~~~~~~~
/home/vitaly/p/Prime-World/pw/branches/r1117/Src/PF_GameLogic/LuaScript.cpp:485:3: error: pasting "addScriptFunction___LINE___LuaUnitCheckFlag" and ";" does not give a valid preprocessing token
  485 | } addScriptFunction_##__LINE__##_##name##;
      |   ^~~~~~~~~~~~~~~~~~
/home/vitaly/p/Prime-World/pw/branches/r1117/Src/PF_GameLogic/LuaScript.cpp:491:1: note: in expansion of macro ‘ADD_LUA2CPP_FUNCTION’
  491 | ADD_LUA2CPP_FUNCTION(name)                                                                                                   \
      | ^~~~~~~~~~~~~~~~~~~~
/home/vitaly/p/Prime-World/pw/branches/r1117/Src/PF_GameLogic/LuaScript.cpp:512:3: note: in expansion of macro ‘_START_LUA2CPP_FUNCTION_HEAD’
  512 |   _START_LUA2CPP_FUNCTION_HEAD( name, 2 )                                                                                    \
      |   ^~~~~~~~~~~~~~~~~~~~~~~~~~~~
/home/vitaly/p/Prime-World/pw/branches/r1117/Src/PF_GameLogic/LuaScript.cpp:990:1: note: in expansion of macro ‘START_LUA2CPP_FUNCTION_ARG2’
  990 | START_LUA2CPP_FUNCTION_ARG2( LuaUnitCheckFlag, const char*, int )
      | ^~~~~~~~~~~~~~~~~~~~~~~~~~~
/home/vitaly/p/Prime-World/pw/branches/r1117/Src/PF_GameLogic/LuaScript.cpp:481:3: error: pasting "AddScriptFunction___LINE___LuaCreatureHide" and "(" does not give a valid preprocessing token
  481 |   AddScriptFunction_##__LINE__##_##name##()                                                                                  \
      |   ^~~~~~~~~~~~~~~~~~
/home/vitaly/p/Prime-World/pw/branches/r1117/Src/PF_GameLogic/LuaScript.cpp:491:1: note: in expansion of macro ‘ADD_LUA2CPP_FUNCTION’
  491 | ADD_LUA2CPP_FUNCTION(name)                                                                                                   \
      | ^~~~~~~~~~~~~~~~~~~~
/home/vitaly/p/Prime-World/pw/branches/r1117/Src/PF_GameLogic/LuaScript.cpp:512:3: note: in expansion of macro ‘_START_LUA2CPP_FUNCTION_HEAD’
  512 |   _START_LUA2CPP_FUNCTION_HEAD( name, 2 )                                                                                    \
      |   ^~~~~~~~~~~~~~~~~~~~~~~~~~~~
/home/vitaly/p/Prime-World/pw/branches/r1117/Src/PF_GameLogic/LuaScript.cpp:1000:1: note: in expansion of macro ‘START_LUA2CPP_FUNCTION_ARG2’
 1000 | START_LUA2CPP_FUNCTION_ARG2( LuaCreatureHide, const char*, bool )
      | ^~~~~~~~~~~~~~~~~~~~~~~~~~~
/home/vitaly/p/Prime-World/pw/branches/r1117/Src/PF_GameLogic/LuaScript.cpp:485:3: error: pasting "addScriptFunction___LINE___LuaCreatureHide" and ";" does not give a valid preprocessing token
  485 | } addScriptFunction_##__LINE__##_##name##;
      |   ^~~~~~~~~~~~~~~~~~
/home/vitaly/p/Prime-World/pw/branches/r1117/Src/PF_GameLogic/LuaScript.cpp:491:1: note: in expansion of macro ‘ADD_LUA2CPP_FUNCTION’
  491 | ADD_LUA2CPP_FUNCTION(name)                                                                                                   \
      | ^~~~~~~~~~~~~~~~~~~~
/home/vitaly/p/Prime-World/pw/branches/r1117/Src/PF_GameLogic/LuaScript.cpp:512:3: note: in expansion of macro ‘_START_LUA2CPP_FUNCTION_HEAD’
  512 |   _START_LUA2CPP_FUNCTION_HEAD( name, 2 )                                                                                    \
      |   ^~~~~~~~~~~~~~~~~~~~~~~~~~~~
/home/vitaly/p/Prime-World/pw/branches/r1117/Src/PF_GameLogic/LuaScript.cpp:1000:1: note: in expansion of macro ‘START_LUA2CPP_FUNCTION_ARG2’
 1000 | START_LUA2CPP_FUNCTION_ARG2( LuaCreatureHide, const char*, bool )
      | ^~~~~~~~~~~~~~~~~~~~~~~~~~~
/home/vitaly/p/Prime-World/pw/branches/r1117/Src/PF_GameLogic/LuaScript.cpp:481:3: error: pasting "AddScriptFunction___LINE___LuaGroupHide" and "(" does not give a valid preprocessing token
  481 |   AddScriptFunction_##__LINE__##_##name##()                                                                                  \
      |   ^~~~~~~~~~~~~~~~~~
/home/vitaly/p/Prime-World/pw/branches/r1117/Src/PF_GameLogic/LuaScript.cpp:491:1: note: in expansion of macro ‘ADD_LUA2CPP_FUNCTION’
  491 | ADD_LUA2CPP_FUNCTION(name)                                                                                                   \
      | ^~~~~~~~~~~~~~~~~~~~
/home/vitaly/p/Prime-World/pw/branches/r1117/Src/PF_GameLogic/LuaScript.cpp:512:3: note: in expansion of macro ‘_START_LUA2CPP_FUNCTION_HEAD’
  512 |   _START_LUA2CPP_FUNCTION_HEAD( name, 2 )                                                                                    \
      |   ^~~~~~~~~~~~~~~~~~~~~~~~~~~~
/home/vitaly/p/Prime-World/pw/branches/r1117/Src/PF_GameLogic/LuaScript.cpp:1019:1: note: in expansion of macro ‘START_LUA2CPP_FUNCTION_ARG2’
 1019 | START_LUA2CPP_FUNCTION_ARG2( LuaGroupHide, const char*, bool )
      | ^~~~~~~~~~~~~~~~~~~~~~~~~~~
/home/vitaly/p/Prime-World/pw/branches/r1117/Src/PF_GameLogic/LuaScript.cpp:485:3: error: pasting "addScriptFunction___LINE___LuaGroupHide" and ";" does not give a valid preprocessing token
  485 | } addScriptFunction_##__LINE__##_##name##;
      |   ^~~~~~~~~~~~~~~~~~
/home/vitaly/p/Prime-World/pw/branches/r1117/Src/PF_GameLogic/LuaScript.cpp:491:1: note: in expansion of macro ‘ADD_LUA2CPP_FUNCTION’
  491 | ADD_LUA2CPP_FUNCTION(name)                                                                                                   \
      | ^~~~~~~~~~~~~~~~~~~~
/home/vitaly/p/Prime-World/pw/branches/r1117/Src/PF_GameLogic/LuaScript.cpp:512:3: note: in expansion of macro ‘_START_LUA2CPP_FUNCTION_HEAD’
  512 |   _START_LUA2CPP_FUNCTION_HEAD( name, 2 )                                                                                    \
      |   ^~~~~~~~~~~~~~~~~~~~~~~~~~~~
/home/vitaly/p/Prime-World/pw/branches/r1117/Src/PF_GameLogic/LuaScript.cpp:1019:1: note: in expansion of macro ‘START_LUA2CPP_FUNCTION_ARG2’
 1019 | START_LUA2CPP_FUNCTION_ARG2( LuaGroupHide, const char*, bool )
      | ^~~~~~~~~~~~~~~~~~~~~~~~~~~
/home/vitaly/p/Prime-World/pw/branches/r1117/Src/PF_GameLogic/LuaScript.cpp:481:3: error: pasting "AddScriptFunction___LINE___LuaCreatureMoveTo" and "(" does not give a valid preprocessing token
  481 |   AddScriptFunction_##__LINE__##_##name##()                                                                                  \
      |   ^~~~~~~~~~~~~~~~~~
/home/vitaly/p/Prime-World/pw/branches/r1117/Src/PF_GameLogic/LuaScript.cpp:491:1: note: in expansion of macro ‘ADD_LUA2CPP_FUNCTION’
  491 | ADD_LUA2CPP_FUNCTION(name)                                                                                                   \
      | ^~~~~~~~~~~~~~~~~~~~
/home/vitaly/p/Prime-World/pw/branches/r1117/Src/PF_GameLogic/LuaScript.cpp:525:3: note: in expansion of macro ‘_START_LUA2CPP_FUNCTION_HEAD’
  525 |   _START_LUA2CPP_FUNCTION_HEAD( name, 4 )                                                                                    \
      |   ^~~~~~~~~~~~~~~~~~~~~~~~~~~~
/home/vitaly/p/Prime-World/pw/branches/r1117/Src/PF_GameLogic/LuaScript.cpp:1043:1: note: in expansion of macro ‘START_LUA2CPP_FUNCTION_ARG4’
 1043 | START_LUA2CPP_FUNCTION_ARG4( LuaCreatureMoveTo, const char*, float, float, float )
      | ^~~~~~~~~~~~~~~~~~~~~~~~~~~
/home/vitaly/p/Prime-World/pw/branches/r1117/Src/PF_GameLogic/LuaScript.cpp:485:3: error: pasting "addScriptFunction___LINE___LuaCreatureMoveTo" and ";" does not give a valid preprocessing token
  485 | } addScriptFunction_##__LINE__##_##name##;
      |   ^~~~~~~~~~~~~~~~~~
/home/vitaly/p/Prime-World/pw/branches/r1117/Src/PF_GameLogic/LuaScript.cpp:491:1: note: in expansion of macro ‘ADD_LUA2CPP_FUNCTION’
  491 | ADD_LUA2CPP_FUNCTION(name)                                                                                                   \
      | ^~~~~~~~~~~~~~~~~~~~
/home/vitaly/p/Prime-World/pw/branches/r1117/Src/PF_GameLogic/LuaScript.cpp:525:3: note: in expansion of macro ‘_START_LUA2CPP_FUNCTION_HEAD’
  525 |   _START_LUA2CPP_FUNCTION_HEAD( name, 4 )                                                                                    \
      |   ^~~~~~~~~~~~~~~~~~~~~~~~~~~~
/home/vitaly/p/Prime-World/pw/branches/r1117/Src/PF_GameLogic/LuaScript.cpp:1043:1: note: in expansion of macro ‘START_LUA2CPP_FUNCTION_ARG4’
 1043 | START_LUA2CPP_FUNCTION_ARG4( LuaCreatureMoveTo, const char*, float, float, float )
      | ^~~~~~~~~~~~~~~~~~~~~~~~~~~
/home/vitaly/p/Prime-World/pw/branches/r1117/Src/PF_GameLogic/LuaScript.cpp:481:3: error: pasting "AddScriptFunction___LINE___TestLuaCreatureMoveTo" and "(" does not give a valid preprocessing token
  481 |   AddScriptFunction_##__LINE__##_##name##()                                                                                  \
      |   ^~~~~~~~~~~~~~~~~~
/home/vitaly/p/Prime-World/pw/branches/r1117/Src/PF_GameLogic/LuaScript.cpp:491:1: note: in expansion of macro ‘ADD_LUA2CPP_FUNCTION’
  491 | ADD_LUA2CPP_FUNCTION(name)                                                                                                   \
      | ^~~~~~~~~~~~~~~~~~~~
/home/vitaly/p/Prime-World/pw/branches/r1117/Src/PF_GameLogic/LuaScript.cpp:525:3: note: in expansion of macro ‘_START_LUA2CPP_FUNCTION_HEAD’
  525 |   _START_LUA2CPP_FUNCTION_HEAD( name, 4 )                                                                                    \
      |   ^~~~~~~~~~~~~~~~~~~~~~~~~~~~
/home/vitaly/p/Prime-World/pw/branches/r1117/Src/PF_GameLogic/LuaScript.cpp:1051:1: note: in expansion of macro ‘START_LUA2CPP_FUNCTION_ARG4’
 1051 | START_LUA2CPP_FUNCTION_ARG4( TestLuaCreatureMoveTo, const char*, float, float, float )
      | ^~~~~~~~~~~~~~~~~~~~~~~~~~~
/home/vitaly/p/Prime-World/pw/branches/r1117/Src/PF_GameLogic/LuaScript.cpp:485:3: error: pasting "addScriptFunction___LINE___TestLuaCreatureMoveTo" and ";" does not give a valid preprocessing token
  485 | } addScriptFunction_##__LINE__##_##name##;
      |   ^~~~~~~~~~~~~~~~~~
/home/vitaly/p/Prime-World/pw/branches/r1117/Src/PF_GameLogic/LuaScript.cpp:491:1: note: in expansion of macro ‘ADD_LUA2CPP_FUNCTION’
  491 | ADD_LUA2CPP_FUNCTION(name)                                                                                                   \
      | ^~~~~~~~~~~~~~~~~~~~
/home/vitaly/p/Prime-World/pw/branches/r1117/Src/PF_GameLogic/LuaScript.cpp:525:3: note: in expansion of macro ‘_START_LUA2CPP_FUNCTION_HEAD’
  525 |   _START_LUA2CPP_FUNCTION_HEAD( name, 4 )                                                                                    \
      |   ^~~~~~~~~~~~~~~~~~~~~~~~~~~~
/home/vitaly/p/Prime-World/pw/branches/r1117/Src/PF_GameLogic/LuaScript.cpp:1051:1: note: in expansion of macro ‘START_LUA2CPP_FUNCTION_ARG4’
 1051 | START_LUA2CPP_FUNCTION_ARG4( TestLuaCreatureMoveTo, const char*, float, float, float )
      | ^~~~~~~~~~~~~~~~~~~~~~~~~~~
/home/vitaly/p/Prime-World/pw/branches/r1117/Src/PF_GameLogic/LuaScript.cpp:481:3: error: pasting "AddScriptFunction___LINE___LuaCreatureIsMoving" and "(" does not give a valid preprocessing token
  481 |   AddScriptFunction_##__LINE__##_##name##()                                                                                  \
      |   ^~~~~~~~~~~~~~~~~~
/home/vitaly/p/Prime-World/pw/branches/r1117/Src/PF_GameLogic/LuaScript.cpp:491:1: note: in expansion of macro ‘ADD_LUA2CPP_FUNCTION’
  491 | ADD_LUA2CPP_FUNCTION(name)                                                                                                   \
      | ^~~~~~~~~~~~~~~~~~~~
/home/vitaly/p/Prime-World/pw/branches/r1117/Src/PF_GameLogic/LuaScript.cpp:507:3: note: in expansion of macro ‘_START_LUA2CPP_FUNCTION_HEAD’
  507 |   _START_LUA2CPP_FUNCTION_HEAD( name, 1 )                                                                                    \
      |   ^~~~~~~~~~~~~~~~~~~~~~~~~~~~
/home/vitaly/p/Prime-World/pw/branches/r1117/Src/PF_GameLogic/LuaScript.cpp:1065:1: note: in expansion of macro ‘START_LUA2CPP_FUNCTION_ARG1’
 1065 | START_LUA2CPP_FUNCTION_ARG1( LuaCreatureIsMoving, const char* )
      | ^~~~~~~~~~~~~~~~~~~~~~~~~~~
/home/vitaly/p/Prime-World/pw/branches/r1117/Src/PF_GameLogic/LuaScript.cpp:485:3: error: pasting "addScriptFunction___LINE___LuaCreatureIsMoving" and ";" does not give a valid preprocessing token
  485 | } addScriptFunction_##__LINE__##_##name##;
      |   ^~~~~~~~~~~~~~~~~~
/home/vitaly/p/Prime-World/pw/branches/r1117/Src/PF_GameLogic/LuaScript.cpp:491:1: note: in expansion of macro ‘ADD_LUA2CPP_FUNCTION’
  491 | ADD_LUA2CPP_FUNCTION(name)                                                                                                   \
      | ^~~~~~~~~~~~~~~~~~~~
/home/vitaly/p/Prime-World/pw/branches/r1117/Src/PF_GameLogic/LuaScript.cpp:507:3: note: in expansion of macro ‘_START_LUA2CPP_FUNCTION_HEAD’
  507 |   _START_LUA2CPP_FUNCTION_HEAD( name, 1 )                                                                                    \
      |   ^~~~~~~~~~~~~~~~~~~~~~~~~~~~
/home/vitaly/p/Prime-World/pw/branches/r1117/Src/PF_GameLogic/LuaScript.cpp:1065:1: note: in expansion of macro ‘START_LUA2CPP_FUNCTION_ARG1’
 1065 | START_LUA2CPP_FUNCTION_ARG1( LuaCreatureIsMoving, const char* )
      | ^~~~~~~~~~~~~~~~~~~~~~~~~~~
/home/vitaly/p/Prime-World/pw/branches/r1117/Src/PF_GameLogic/LuaScript.cpp:481:3: error: pasting "AddScriptFunction___LINE___LuaCanCreatureMoveTo" and "(" does not give a valid preprocessing token
  481 |   AddScriptFunction_##__LINE__##_##name##()                                                                                  \
      |   ^~~~~~~~~~~~~~~~~~
/home/vitaly/p/Prime-World/pw/branches/r1117/Src/PF_GameLogic/LuaScript.cpp:491:1: note: in expansion of macro ‘ADD_LUA2CPP_FUNCTION’
  491 | ADD_LUA2CPP_FUNCTION(name)                                                                                                   \
      | ^~~~~~~~~~~~~~~~~~~~
/home/vitaly/p/Prime-World/pw/branches/r1117/Src/PF_GameLogic/LuaScript.cpp:525:3: note: in expansion of macro ‘_START_LUA2CPP_FUNCTION_HEAD’
  525 |   _START_LUA2CPP_FUNCTION_HEAD( name, 4 )                                                                                    \
      |   ^~~~~~~~~~~~~~~~~~~~~~~~~~~~
/home/vitaly/p/Prime-World/pw/branches/r1117/Src/PF_GameLogic/LuaScript.cpp:1078:1: note: in expansion of macro ‘START_LUA2CPP_FUNCTION_ARG4’
 1078 | START_LUA2CPP_FUNCTION_ARG4( LuaCanCreatureMoveTo, const char*, float, float, float )
      | ^~~~~~~~~~~~~~~~~~~~~~~~~~~
/home/vitaly/p/Prime-World/pw/branches/r1117/Src/PF_GameLogic/LuaScript.cpp:485:3: error: pasting "addScriptFunction___LINE___LuaCanCreatureMoveTo" and ";" does not give a valid preprocessing token
  485 | } addScriptFunction_##__LINE__##_##name##;
      |   ^~~~~~~~~~~~~~~~~~
/home/vitaly/p/Prime-World/pw/branches/r1117/Src/PF_GameLogic/LuaScript.cpp:491:1: note: in expansion of macro ‘ADD_LUA2CPP_FUNCTION’
  491 | ADD_LUA2CPP_FUNCTION(name)                                                                                                   \
      | ^~~~~~~~~~~~~~~~~~~~
/home/vitaly/p/Prime-World/pw/branches/r1117/Src/PF_GameLogic/LuaScript.cpp:525:3: note: in expansion of macro ‘_START_LUA2CPP_FUNCTION_HEAD’
  525 |   _START_LUA2CPP_FUNCTION_HEAD( name, 4 )                                                                                    \
      |   ^~~~~~~~~~~~~~~~~~~~~~~~~~~~
/home/vitaly/p/Prime-World/pw/branches/r1117/Src/PF_GameLogic/LuaScript.cpp:1078:1: note: in expansion of macro ‘START_LUA2CPP_FUNCTION_ARG4’
 1078 | START_LUA2CPP_FUNCTION_ARG4( LuaCanCreatureMoveTo, const char*, float, float, float )
      | ^~~~~~~~~~~~~~~~~~~~~~~~~~~
/home/vitaly/p/Prime-World/pw/branches/r1117/Src/PF_GameLogic/LuaScript.cpp:481:3: error: pasting "AddScriptFunction___LINE___LuaGroupMoveTo" and "(" does not give a valid preprocessing token
  481 |   AddScriptFunction_##__LINE__##_##name##()                                                                                  \
      |   ^~~~~~~~~~~~~~~~~~
/home/vitaly/p/Prime-World/pw/branches/r1117/Src/PF_GameLogic/LuaScript.cpp:491:1: note: in expansion of macro ‘ADD_LUA2CPP_FUNCTION’
  491 | ADD_LUA2CPP_FUNCTION(name)                                                                                                   \
      | ^~~~~~~~~~~~~~~~~~~~
/home/vitaly/p/Prime-World/pw/branches/r1117/Src/PF_GameLogic/LuaScript.cpp:525:3: note: in expansion of macro ‘_START_LUA2CPP_FUNCTION_HEAD’
  525 |   _START_LUA2CPP_FUNCTION_HEAD( name, 4 )                                                                                    \
      |   ^~~~~~~~~~~~~~~~~~~~~~~~~~~~
/home/vitaly/p/Prime-World/pw/branches/r1117/Src/PF_GameLogic/LuaScript.cpp:1096:1: note: in expansion of macro ‘START_LUA2CPP_FUNCTION_ARG4’
 1096 | START_LUA2CPP_FUNCTION_ARG4( LuaGroupMoveTo, const char*, float, float, float )
      | ^~~~~~~~~~~~~~~~~~~~~~~~~~~
/home/vitaly/p/Prime-World/pw/branches/r1117/Src/PF_GameLogic/LuaScript.cpp:485:3: error: pasting "addScriptFunction___LINE___LuaGroupMoveTo" and ";" does not give a valid preprocessing token
  485 | } addScriptFunction_##__LINE__##_##name##;
      |   ^~~~~~~~~~~~~~~~~~
/home/vitaly/p/Prime-World/pw/branches/r1117/Src/PF_GameLogic/LuaScript.cpp:491:1: note: in expansion of macro ‘ADD_LUA2CPP_FUNCTION’
  491 | ADD_LUA2CPP_FUNCTION(name)                                                                                                   \
      | ^~~~~~~~~~~~~~~~~~~~
/home/vitaly/p/Prime-World/pw/branches/r1117/Src/PF_GameLogic/LuaScript.cpp:525:3: note: in expansion of macro ‘_START_LUA2CPP_FUNCTION_HEAD’
  525 |   _START_LUA2CPP_FUNCTION_HEAD( name, 4 )                                                                                    \
      |   ^~~~~~~~~~~~~~~~~~~~~~~~~~~~
/home/vitaly/p/Prime-World/pw/branches/r1117/Src/PF_GameLogic/LuaScript.cpp:1096:1: note: in expansion of macro ‘START_LUA2CPP_FUNCTION_ARG4’
 1096 | START_LUA2CPP_FUNCTION_ARG4( LuaGroupMoveTo, const char*, float, float, float )
      | ^~~~~~~~~~~~~~~~~~~~~~~~~~~
/home/vitaly/p/Prime-World/pw/branches/r1117/Src/PF_GameLogic/LuaScript.cpp:481:3: error: pasting "AddScriptFunction___LINE___LuaCreatureTeleportTo" and "(" does not give a valid preprocessing token
  481 |   AddScriptFunction_##__LINE__##_##name##()                                                                                  \
      |   ^~~~~~~~~~~~~~~~~~
/home/vitaly/p/Prime-World/pw/branches/r1117/Src/PF_GameLogic/LuaScript.cpp:491:1: note: in expansion of macro ‘ADD_LUA2CPP_FUNCTION’
  491 | ADD_LUA2CPP_FUNCTION(name)                                                                                                   \
      | ^~~~~~~~~~~~~~~~~~~~
/home/vitaly/p/Prime-World/pw/branches/r1117/Src/PF_GameLogic/LuaScript.cpp:518:3: note: in expansion of macro ‘_START_LUA2CPP_FUNCTION_HEAD’
  518 |   _START_LUA2CPP_FUNCTION_HEAD( name, 3 )                                                                                    \
      |   ^~~~~~~~~~~~~~~~~~~~~~~~~~~~
/home/vitaly/p/Prime-World/pw/branches/r1117/Src/PF_GameLogic/LuaScript.cpp:1126:1: note: in expansion of macro ‘START_LUA2CPP_FUNCTION_ARG3’
 1126 | START_LUA2CPP_FUNCTION_ARG3( LuaCreatureTeleportTo, const char*, float, float )
      | ^~~~~~~~~~~~~~~~~~~~~~~~~~~
/home/vitaly/p/Prime-World/pw/branches/r1117/Src/PF_GameLogic/LuaScript.cpp:485:3: error: pasting "addScriptFunction___LINE___LuaCreatureTeleportTo" and ";" does not give a valid preprocessing token
  485 | } addScriptFunction_##__LINE__##_##name##;
      |   ^~~~~~~~~~~~~~~~~~
/home/vitaly/p/Prime-World/pw/branches/r1117/Src/PF_GameLogic/LuaScript.cpp:491:1: note: in expansion of macro ‘ADD_LUA2CPP_FUNCTION’
  491 | ADD_LUA2CPP_FUNCTION(name)                                                                                                   \
      | ^~~~~~~~~~~~~~~~~~~~
/home/vitaly/p/Prime-World/pw/branches/r1117/Src/PF_GameLogic/LuaScript.cpp:518:3: note: in expansion of macro ‘_START_LUA2CPP_FUNCTION_HEAD’
  518 |   _START_LUA2CPP_FUNCTION_HEAD( name, 3 )                                                                                    \
      |   ^~~~~~~~~~~~~~~~~~~~~~~~~~~~
/home/vitaly/p/Prime-World/pw/branches/r1117/Src/PF_GameLogic/LuaScript.cpp:1126:1: note: in expansion of macro ‘START_LUA2CPP_FUNCTION_ARG3’
 1126 | START_LUA2CPP_FUNCTION_ARG3( LuaCreatureTeleportTo, const char*, float, float )
      | ^~~~~~~~~~~~~~~~~~~~~~~~~~~
/home/vitaly/p/Prime-World/pw/branches/r1117/Src/PF_GameLogic/LuaScript.cpp:481:3: error: pasting "AddScriptFunction___LINE___LuaCreateCreep" and "(" does not give a valid preprocessing token
  481 |   AddScriptFunction_##__LINE__##_##name##()                                                                                  \
      |   ^~~~~~~~~~~~~~~~~~
/home/vitaly/p/Prime-World/pw/branches/r1117/Src/PF_GameLogic/LuaScript.cpp:491:1: note: in expansion of macro ‘ADD_LUA2CPP_FUNCTION’
  491 | ADD_LUA2CPP_FUNCTION(name)                                                                                                   \
      | ^~~~~~~~~~~~~~~~~~~~
/home/vitaly/p/Prime-World/pw/branches/r1117/Src/PF_GameLogic/LuaScript.cpp:542:3: note: in expansion of macro ‘_START_LUA2CPP_FUNCTION_HEAD’
  542 |   _START_LUA2CPP_FUNCTION_HEAD( name, 6 )                                                                                    \
      |   ^~~~~~~~~~~~~~~~~~~~~~~~~~~~
/home/vitaly/p/Prime-World/pw/branches/r1117/Src/PF_GameLogic/LuaScript.cpp:1137:1: note: in expansion of macro ‘START_LUA2CPP_FUNCTION_ARG6’
 1137 | START_LUA2CPP_FUNCTION_ARG6( LuaCreateCreep, const char*, const char*, float, float, int, float )
      | ^~~~~~~~~~~~~~~~~~~~~~~~~~~
/home/vitaly/p/Prime-World/pw/branches/r1117/Src/PF_GameLogic/LuaScript.cpp:485:3: error: pasting "addScriptFunction___LINE___LuaCreateCreep" and ";" does not give a valid preprocessing token
  485 | } addScriptFunction_##__LINE__##_##name##;
      |   ^~~~~~~~~~~~~~~~~~
/home/vitaly/p/Prime-World/pw/branches/r1117/Src/PF_GameLogic/LuaScript.cpp:491:1: note: in expansion of macro ‘ADD_LUA2CPP_FUNCTION’
  491 | ADD_LUA2CPP_FUNCTION(name)                                                                                                   \
      | ^~~~~~~~~~~~~~~~~~~~
/home/vitaly/p/Prime-World/pw/branches/r1117/Src/PF_GameLogic/LuaScript.cpp:542:3: note: in expansion of macro ‘_START_LUA2CPP_FUNCTION_HEAD’
  542 |   _START_LUA2CPP_FUNCTION_HEAD( name, 6 )                                                                                    \
      |   ^~~~~~~~~~~~~~~~~~~~~~~~~~~~
/home/vitaly/p/Prime-World/pw/branches/r1117/Src/PF_GameLogic/LuaScript.cpp:1137:1: note: in expansion of macro ‘START_LUA2CPP_FUNCTION_ARG6’
 1137 | START_LUA2CPP_FUNCTION_ARG6( LuaCreateCreep, const char*, const char*, float, float, int, float )
      | ^~~~~~~~~~~~~~~~~~~~~~~~~~~
/home/vitaly/p/Prime-World/pw/branches/r1117/Src/PF_GameLogic/LuaScript.cpp:481:3: error: pasting "AddScriptFunction___LINE___LuaReplaceCreep" and "(" does not give a valid preprocessing token
  481 |   AddScriptFunction_##__LINE__##_##name##()                                                                                  \
      |   ^~~~~~~~~~~~~~~~~~
/home/vitaly/p/Prime-World/pw/branches/r1117/Src/PF_GameLogic/LuaScript.cpp:491:1: note: in expansion of macro ‘ADD_LUA2CPP_FUNCTION’
  491 | ADD_LUA2CPP_FUNCTION(name)                                                                                                   \
      | ^~~~~~~~~~~~~~~~~~~~
/home/vitaly/p/Prime-World/pw/branches/r1117/Src/PF_GameLogic/LuaScript.cpp:518:3: note: in expansion of macro ‘_START_LUA2CPP_FUNCTION_HEAD’
  518 |   _START_LUA2CPP_FUNCTION_HEAD( name, 3 )                                                                                    \
      |   ^~~~~~~~~~~~~~~~~~~~~~~~~~~~
/home/vitaly/p/Prime-World/pw/branches/r1117/Src/PF_GameLogic/LuaScript.cpp:1144:1: note: in expansion of macro ‘START_LUA2CPP_FUNCTION_ARG3’
 1144 | START_LUA2CPP_FUNCTION_ARG3( LuaReplaceCreep, const char*, const char*, int )
      | ^~~~~~~~~~~~~~~~~~~~~~~~~~~
/home/vitaly/p/Prime-World/pw/branches/r1117/Src/PF_GameLogic/LuaScript.cpp:485:3: error: pasting "addScriptFunction___LINE___LuaReplaceCreep" and ";" does not give a valid preprocessing token
  485 | } addScriptFunction_##__LINE__##_##name##;
      |   ^~~~~~~~~~~~~~~~~~
/home/vitaly/p/Prime-World/pw/branches/r1117/Src/PF_GameLogic/LuaScript.cpp:491:1: note: in expansion of macro ‘ADD_LUA2CPP_FUNCTION’
  491 | ADD_LUA2CPP_FUNCTION(name)                                                                                                   \
      | ^~~~~~~~~~~~~~~~~~~~
/home/vitaly/p/Prime-World/pw/branches/r1117/Src/PF_GameLogic/LuaScript.cpp:518:3: note: in expansion of macro ‘_START_LUA2CPP_FUNCTION_HEAD’
  518 |   _START_LUA2CPP_FUNCTION_HEAD( name, 3 )                                                                                    \
      |   ^~~~~~~~~~~~~~~~~~~~~~~~~~~~
/home/vitaly/p/Prime-World/pw/branches/r1117/Src/PF_GameLogic/LuaScript.cpp:1144:1: note: in expansion of macro ‘START_LUA2CPP_FUNCTION_ARG3’
 1144 | START_LUA2CPP_FUNCTION_ARG3( LuaReplaceCreep, const char*, const char*, int )
      | ^~~~~~~~~~~~~~~~~~~~~~~~~~~
/home/vitaly/p/Prime-World/pw/branches/r1117/Src/PF_GameLogic/LuaScript.cpp:481:3: error: pasting "AddScriptFunction___LINE___LuaUnitAttackUnit" and "(" does not give a valid preprocessing token
  481 |   AddScriptFunction_##__LINE__##_##name##()                                                                                  \
      |   ^~~~~~~~~~~~~~~~~~
/home/vitaly/p/Prime-World/pw/branches/r1117/Src/PF_GameLogic/LuaScript.cpp:491:1: note: in expansion of macro ‘ADD_LUA2CPP_FUNCTION’
  491 | ADD_LUA2CPP_FUNCTION(name)                                                                                                   \
      | ^~~~~~~~~~~~~~~~~~~~
/home/vitaly/p/Prime-World/pw/branches/r1117/Src/PF_GameLogic/LuaScript.cpp:512:3: note: in expansion of macro ‘_START_LUA2CPP_FUNCTION_HEAD’
  512 |   _START_LUA2CPP_FUNCTION_HEAD( name, 2 )                                                                                    \
      |   ^~~~~~~~~~~~~~~~~~~~~~~~~~~~
/home/vitaly/p/Prime-World/pw/branches/r1117/Src/PF_GameLogic/LuaScript.cpp:1152:1: note: in expansion of macro ‘START_LUA2CPP_FUNCTION_ARG2’
 1152 | START_LUA2CPP_FUNCTION_ARG2( LuaUnitAttackUnit, const char*, const char* )
      | ^~~~~~~~~~~~~~~~~~~~~~~~~~~
/home/vitaly/p/Prime-World/pw/branches/r1117/Src/PF_GameLogic/LuaScript.cpp:485:3: error: pasting "addScriptFunction___LINE___LuaUnitAttackUnit" and ";" does not give a valid preprocessing token
  485 | } addScriptFunction_##__LINE__##_##name##;
      |   ^~~~~~~~~~~~~~~~~~
/home/vitaly/p/Prime-World/pw/branches/r1117/Src/PF_GameLogic/LuaScript.cpp:491:1: note: in expansion of macro ‘ADD_LUA2CPP_FUNCTION’
  491 | ADD_LUA2CPP_FUNCTION(name)                                                                                                   \
      | ^~~~~~~~~~~~~~~~~~~~
/home/vitaly/p/Prime-World/pw/branches/r1117/Src/PF_GameLogic/LuaScript.cpp:512:3: note: in expansion of macro ‘_START_LUA2CPP_FUNCTION_HEAD’
  512 |   _START_LUA2CPP_FUNCTION_HEAD( name, 2 )                                                                                    \
      |   ^~~~~~~~~~~~~~~~~~~~~~~~~~~~
/home/vitaly/p/Prime-World/pw/branches/r1117/Src/PF_GameLogic/LuaScript.cpp:1152:1: note: in expansion of macro ‘START_LUA2CPP_FUNCTION_ARG2’
 1152 | START_LUA2CPP_FUNCTION_ARG2( LuaUnitAttackUnit, const char*, const char* )
      | ^~~~~~~~~~~~~~~~~~~~~~~~~~~
/home/vitaly/p/Prime-World/pw/branches/r1117/Src/PF_GameLogic/LuaScript.cpp:481:3: error: pasting "AddScriptFunction___LINE___LuaHeroAttackUnit" and "(" does not give a valid preprocessing token
  481 |   AddScriptFunction_##__LINE__##_##name##()                                                                                  \
      |   ^~~~~~~~~~~~~~~~~~
/home/vitaly/p/Prime-World/pw/branches/r1117/Src/PF_GameLogic/LuaScript.cpp:491:1: note: in expansion of macro ‘ADD_LUA2CPP_FUNCTION’
  491 | ADD_LUA2CPP_FUNCTION(name)                                                                                                   \
      | ^~~~~~~~~~~~~~~~~~~~
/home/vitaly/p/Prime-World/pw/branches/r1117/Src/PF_GameLogic/LuaScript.cpp:512:3: note: in expansion of macro ‘_START_LUA2CPP_FUNCTION_HEAD’
  512 |   _START_LUA2CPP_FUNCTION_HEAD( name, 2 )                                                                                    \
      |   ^~~~~~~~~~~~~~~~~~~~~~~~~~~~
/home/vitaly/p/Prime-World/pw/branches/r1117/Src/PF_GameLogic/LuaScript.cpp:1160:1: note: in expansion of macro ‘START_LUA2CPP_FUNCTION_ARG2’
 1160 | START_LUA2CPP_FUNCTION_ARG2( LuaHeroAttackUnit, const char*, const char* )
      | ^~~~~~~~~~~~~~~~~~~~~~~~~~~
/home/vitaly/p/Prime-World/pw/branches/r1117/Src/PF_GameLogic/LuaScript.cpp:485:3: error: pasting "addScriptFunction___LINE___LuaHeroAttackUnit" and ";" does not give a valid preprocessing token
  485 | } addScriptFunction_##__LINE__##_##name##;
      |   ^~~~~~~~~~~~~~~~~~
/home/vitaly/p/Prime-World/pw/branches/r1117/Src/PF_GameLogic/LuaScript.cpp:491:1: note: in expansion of macro ‘ADD_LUA2CPP_FUNCTION’
  491 | ADD_LUA2CPP_FUNCTION(name)                                                                                                   \
      | ^~~~~~~~~~~~~~~~~~~~
/home/vitaly/p/Prime-World/pw/branches/r1117/Src/PF_GameLogic/LuaScript.cpp:512:3: note: in expansion of macro ‘_START_LUA2CPP_FUNCTION_HEAD’
  512 |   _START_LUA2CPP_FUNCTION_HEAD( name, 2 )                                                                                    \
      |   ^~~~~~~~~~~~~~~~~~~~~~~~~~~~
/home/vitaly/p/Prime-World/pw/branches/r1117/Src/PF_GameLogic/LuaScript.cpp:1160:1: note: in expansion of macro ‘START_LUA2CPP_FUNCTION_ARG2’
 1160 | START_LUA2CPP_FUNCTION_ARG2( LuaHeroAttackUnit, const char*, const char* )
      | ^~~~~~~~~~~~~~~~~~~~~~~~~~~
/home/vitaly/p/Prime-World/pw/branches/r1117/Src/PF_GameLogic/LuaScript.cpp:481:3: error: pasting "AddScriptFunction___LINE___LuaHeroGetLastDealtDamageStep" and "(" does not give a valid preprocessing token
  481 |   AddScriptFunction_##__LINE__##_##name##()                                                                                  \
      |   ^~~~~~~~~~~~~~~~~~
/home/vitaly/p/Prime-World/pw/branches/r1117/Src/PF_GameLogic/LuaScript.cpp:491:1: note: in expansion of macro ‘ADD_LUA2CPP_FUNCTION’
  491 | ADD_LUA2CPP_FUNCTION(name)                                                                                                   \
      | ^~~~~~~~~~~~~~~~~~~~
/home/vitaly/p/Prime-World/pw/branches/r1117/Src/PF_GameLogic/LuaScript.cpp:507:3: note: in expansion of macro ‘_START_LUA2CPP_FUNCTION_HEAD’
  507 |   _START_LUA2CPP_FUNCTION_HEAD( name, 1 )                                                                                    \
      |   ^~~~~~~~~~~~~~~~~~~~~~~~~~~~
/home/vitaly/p/Prime-World/pw/branches/r1117/Src/PF_GameLogic/LuaScript.cpp:1168:1: note: in expansion of macro ‘START_LUA2CPP_FUNCTION_ARG1’
 1168 | START_LUA2CPP_FUNCTION_ARG1( LuaHeroGetLastDealtDamageStep, const char* )
      | ^~~~~~~~~~~~~~~~~~~~~~~~~~~
/home/vitaly/p/Prime-World/pw/branches/r1117/Src/PF_GameLogic/LuaScript.cpp:485:3: error: pasting "addScriptFunction___LINE___LuaHeroGetLastDealtDamageStep" and ";" does not give a valid preprocessing token
  485 | } addScriptFunction_##__LINE__##_##name##;
      |   ^~~~~~~~~~~~~~~~~~
/home/vitaly/p/Prime-World/pw/branches/r1117/Src/PF_GameLogic/LuaScript.cpp:491:1: note: in expansion of macro ‘ADD_LUA2CPP_FUNCTION’
  491 | ADD_LUA2CPP_FUNCTION(name)                                                                                                   \
      | ^~~~~~~~~~~~~~~~~~~~
/home/vitaly/p/Prime-World/pw/branches/r1117/Src/PF_GameLogic/LuaScript.cpp:507:3: note: in expansion of macro ‘_START_LUA2CPP_FUNCTION_HEAD’
  507 |   _START_LUA2CPP_FUNCTION_HEAD( name, 1 )                                                                                    \
      |   ^~~~~~~~~~~~~~~~~~~~~~~~~~~~
/home/vitaly/p/Prime-World/pw/branches/r1117/Src/PF_GameLogic/LuaScript.cpp:1168:1: note: in expansion of macro ‘START_LUA2CPP_FUNCTION_ARG1’
 1168 | START_LUA2CPP_FUNCTION_ARG1( LuaHeroGetLastDealtDamageStep, const char* )
      | ^~~~~~~~~~~~~~~~~~~~~~~~~~~
/home/vitaly/p/Prime-World/pw/branches/r1117/Src/PF_GameLogic/LuaScript.cpp:481:3: error: pasting "AddScriptFunction___LINE___LuaHeroGetKillsTotal" and "(" does not give a valid preprocessing token
  481 |   AddScriptFunction_##__LINE__##_##name##()                                                                                  \
      |   ^~~~~~~~~~~~~~~~~~
/home/vitaly/p/Prime-World/pw/branches/r1117/Src/PF_GameLogic/LuaScript.cpp:491:1: note: in expansion of macro ‘ADD_LUA2CPP_FUNCTION’
  491 | ADD_LUA2CPP_FUNCTION(name)                                                                                                   \
      | ^~~~~~~~~~~~~~~~~~~~
/home/vitaly/p/Prime-World/pw/branches/r1117/Src/PF_GameLogic/LuaScript.cpp:507:3: note: in expansion of macro ‘_START_LUA2CPP_FUNCTION_HEAD’
  507 |   _START_LUA2CPP_FUNCTION_HEAD( name, 1 )                                                                                    \
      |   ^~~~~~~~~~~~~~~~~~~~~~~~~~~~
/home/vitaly/p/Prime-World/pw/branches/r1117/Src/PF_GameLogic/LuaScript.cpp:1179:1: note: in expansion of macro ‘START_LUA2CPP_FUNCTION_ARG1’
 1179 | START_LUA2CPP_FUNCTION_ARG1( LuaHeroGetKillsTotal, const char* )
      | ^~~~~~~~~~~~~~~~~~~~~~~~~~~
/home/vitaly/p/Prime-World/pw/branches/r1117/Src/PF_GameLogic/LuaScript.cpp:485:3: error: pasting "addScriptFunction___LINE___LuaHeroGetKillsTotal" and ";" does not give a valid preprocessing token
  485 | } addScriptFunction_##__LINE__##_##name##;
      |   ^~~~~~~~~~~~~~~~~~
/home/vitaly/p/Prime-World/pw/branches/r1117/Src/PF_GameLogic/LuaScript.cpp:491:1: note: in expansion of macro ‘ADD_LUA2CPP_FUNCTION’
  491 | ADD_LUA2CPP_FUNCTION(name)                                                                                                   \
      | ^~~~~~~~~~~~~~~~~~~~
/home/vitaly/p/Prime-World/pw/branches/r1117/Src/PF_GameLogic/LuaScript.cpp:507:3: note: in expansion of macro ‘_START_LUA2CPP_FUNCTION_HEAD’
  507 |   _START_LUA2CPP_FUNCTION_HEAD( name, 1 )                                                                                    \
      |   ^~~~~~~~~~~~~~~~~~~~~~~~~~~~
/home/vitaly/p/Prime-World/pw/branches/r1117/Src/PF_GameLogic/LuaScript.cpp:1179:1: note: in expansion of macro ‘START_LUA2CPP_FUNCTION_ARG1’
 1179 | START_LUA2CPP_FUNCTION_ARG1( LuaHeroGetKillsTotal, const char* )
      | ^~~~~~~~~~~~~~~~~~~~~~~~~~~
/home/vitaly/p/Prime-World/pw/branches/r1117/Src/PF_GameLogic/LuaScript.cpp:481:3: error: pasting "AddScriptFunction___LINE___LuaHeroStatisticsGetScore" and "(" does not give a valid preprocessing token
  481 |   AddScriptFunction_##__LINE__##_##name##()                                                                                  \
      |   ^~~~~~~~~~~~~~~~~~
/home/vitaly/p/Prime-World/pw/branches/r1117/Src/PF_GameLogic/LuaScript.cpp:491:1: note: in expansion of macro ‘ADD_LUA2CPP_FUNCTION’
  491 | ADD_LUA2CPP_FUNCTION(name)                                                                                                   \
      | ^~~~~~~~~~~~~~~~~~~~
/home/vitaly/p/Prime-World/pw/branches/r1117/Src/PF_GameLogic/LuaScript.cpp:507:3: note: in expansion of macro ‘_START_LUA2CPP_FUNCTION_HEAD’
  507 |   _START_LUA2CPP_FUNCTION_HEAD( name, 1 )                                                                                    \
      |   ^~~~~~~~~~~~~~~~~~~~~~~~~~~~
/home/vitaly/p/Prime-World/pw/branches/r1117/Src/PF_GameLogic/LuaScript.cpp:1191:1: note: in expansion of macro ‘START_LUA2CPP_FUNCTION_ARG1’
 1191 | START_LUA2CPP_FUNCTION_ARG1( LuaHeroStatisticsGetScore, const char* )
      | ^~~~~~~~~~~~~~~~~~~~~~~~~~~
/home/vitaly/p/Prime-World/pw/branches/r1117/Src/PF_GameLogic/LuaScript.cpp:485:3: error: pasting "addScriptFunction___LINE___LuaHeroStatisticsGetScore" and ";" does not give a valid preprocessing token
  485 | } addScriptFunction_##__LINE__##_##name##;
      |   ^~~~~~~~~~~~~~~~~~
/home/vitaly/p/Prime-World/pw/branches/r1117/Src/PF_GameLogic/LuaScript.cpp:491:1: note: in expansion of macro ‘ADD_LUA2CPP_FUNCTION’
  491 | ADD_LUA2CPP_FUNCTION(name)                                                                                                   \
      | ^~~~~~~~~~~~~~~~~~~~
/home/vitaly/p/Prime-World/pw/branches/r1117/Src/PF_GameLogic/LuaScript.cpp:507:3: note: in expansion of macro ‘_START_LUA2CPP_FUNCTION_HEAD’
  507 |   _START_LUA2CPP_FUNCTION_HEAD( name, 1 )                                                                                    \
      |   ^~~~~~~~~~~~~~~~~~~~~~~~~~~~
/home/vitaly/p/Prime-World/pw/branches/r1117/Src/PF_GameLogic/LuaScript.cpp:1191:1: note: in expansion of macro ‘START_LUA2CPP_FUNCTION_ARG1’
 1191 | START_LUA2CPP_FUNCTION_ARG1( LuaHeroStatisticsGetScore, const char* )
      | ^~~~~~~~~~~~~~~~~~~~~~~~~~~
/home/vitaly/p/Prime-World/pw/branches/r1117/Src/PF_GameLogic/LuaScript.cpp:481:3: error: pasting "AddScriptFunction___LINE___LuaStatisticsGetTotalNumHeroKills" and "(" does not give a valid preprocessing token
  481 |   AddScriptFunction_##__LINE__##_##name##()                                                                                  \
      |   ^~~~~~~~~~~~~~~~~~
/home/vitaly/p/Prime-World/pw/branches/r1117/Src/PF_GameLogic/LuaScript.cpp:491:1: note: in expansion of macro ‘ADD_LUA2CPP_FUNCTION’
  491 | ADD_LUA2CPP_FUNCTION(name)                                                                                                   \
      | ^~~~~~~~~~~~~~~~~~~~
/home/vitaly/p/Prime-World/pw/branches/r1117/Src/PF_GameLogic/LuaScript.cpp:507:3: note: in expansion of macro ‘_START_LUA2CPP_FUNCTION_HEAD’
  507 |   _START_LUA2CPP_FUNCTION_HEAD( name, 1 )                                                                                    \
      |   ^~~~~~~~~~~~~~~~~~~~~~~~~~~~
/home/vitaly/p/Prime-World/pw/branches/r1117/Src/PF_GameLogic/LuaScript.cpp:1203:1: note: in expansion of macro ‘START_LUA2CPP_FUNCTION_ARG1’
 1203 | START_LUA2CPP_FUNCTION_ARG1( LuaStatisticsGetTotalNumHeroKills, const char* )
      | ^~~~~~~~~~~~~~~~~~~~~~~~~~~
/home/vitaly/p/Prime-World/pw/branches/r1117/Src/PF_GameLogic/LuaScript.cpp:485:3: error: pasting "addScriptFunction___LINE___LuaStatisticsGetTotalNumHeroKills" and ";" does not give a valid preprocessing token
  485 | } addScriptFunction_##__LINE__##_##name##;
      |   ^~~~~~~~~~~~~~~~~~
/home/vitaly/p/Prime-World/pw/branches/r1117/Src/PF_GameLogic/LuaScript.cpp:491:1: note: in expansion of macro ‘ADD_LUA2CPP_FUNCTION’
  491 | ADD_LUA2CPP_FUNCTION(name)                                                                                                   \
      | ^~~~~~~~~~~~~~~~~~~~
/home/vitaly/p/Prime-World/pw/branches/r1117/Src/PF_GameLogic/LuaScript.cpp:507:3: note: in expansion of macro ‘_START_LUA2CPP_FUNCTION_HEAD’
  507 |   _START_LUA2CPP_FUNCTION_HEAD( name, 1 )                                                                                    \
      |   ^~~~~~~~~~~~~~~~~~~~~~~~~~~~
/home/vitaly/p/Prime-World/pw/branches/r1117/Src/PF_GameLogic/LuaScript.cpp:1203:1: note: in expansion of macro ‘START_LUA2CPP_FUNCTION_ARG1’
 1203 | START_LUA2CPP_FUNCTION_ARG1( LuaStatisticsGetTotalNumHeroKills, const char* )
      | ^~~~~~~~~~~~~~~~~~~~~~~~~~~
/home/vitaly/p/Prime-World/pw/branches/r1117/Src/PF_GameLogic/LuaScript.cpp:481:3: error: pasting "AddScriptFunction___LINE___LuaStatisticsGetTotalNumHeroAssists" and "(" does not give a valid preprocessing token
  481 |   AddScriptFunction_##__LINE__##_##name##()                                                                                  \
      |   ^~~~~~~~~~~~~~~~~~
/home/vitaly/p/Prime-World/pw/branches/r1117/Src/PF_GameLogic/LuaScript.cpp:491:1: note: in expansion of macro ‘ADD_LUA2CPP_FUNCTION’
  491 | ADD_LUA2CPP_FUNCTION(name)                                                                                                   \
      | ^~~~~~~~~~~~~~~~~~~~
/home/vitaly/p/Prime-World/pw/branches/r1117/Src/PF_GameLogic/LuaScript.cpp:507:3: note: in expansion of macro ‘_START_LUA2CPP_FUNCTION_HEAD’
  507 |   _START_LUA2CPP_FUNCTION_HEAD( name, 1 )                                                                                    \
      |   ^~~~~~~~~~~~~~~~~~~~~~~~~~~~
/home/vitaly/p/Prime-World/pw/branches/r1117/Src/PF_GameLogic/LuaScript.cpp:1215:1: note: in expansion of macro ‘START_LUA2CPP_FUNCTION_ARG1’
 1215 | START_LUA2CPP_FUNCTION_ARG1( LuaStatisticsGetTotalNumHeroAssists, const char* )
      | ^~~~~~~~~~~~~~~~~~~~~~~~~~~
/home/vitaly/p/Prime-World/pw/branches/r1117/Src/PF_GameLogic/LuaScript.cpp:485:3: error: pasting "addScriptFunction___LINE___LuaStatisticsGetTotalNumHeroAssists" and ";" does not give a valid preprocessing token
  485 | } addScriptFunction_##__LINE__##_##name##;
      |   ^~~~~~~~~~~~~~~~~~
/home/vitaly/p/Prime-World/pw/branches/r1117/Src/PF_GameLogic/LuaScript.cpp:491:1: note: in expansion of macro ‘ADD_LUA2CPP_FUNCTION’
  491 | ADD_LUA2CPP_FUNCTION(name)                                                                                                   \
      | ^~~~~~~~~~~~~~~~~~~~
/home/vitaly/p/Prime-World/pw/branches/r1117/Src/PF_GameLogic/LuaScript.cpp:507:3: note: in expansion of macro ‘_START_LUA2CPP_FUNCTION_HEAD’
  507 |   _START_LUA2CPP_FUNCTION_HEAD( name, 1 )                                                                                    \
      |   ^~~~~~~~~~~~~~~~~~~~~~~~~~~~
/home/vitaly/p/Prime-World/pw/branches/r1117/Src/PF_GameLogic/LuaScript.cpp:1215:1: note: in expansion of macro ‘START_LUA2CPP_FUNCTION_ARG1’
 1215 | START_LUA2CPP_FUNCTION_ARG1( LuaStatisticsGetTotalNumHeroAssists, const char* )
      | ^~~~~~~~~~~~~~~~~~~~~~~~~~~
/home/vitaly/p/Prime-World/pw/branches/r1117/Src/PF_GameLogic/LuaScript.cpp:481:3: error: pasting "AddScriptFunction___LINE___LuaSetSpawnCreeps" and "(" does not give a valid preprocessing token
  481 |   AddScriptFunction_##__LINE__##_##name##()                                                                                  \
      |   ^~~~~~~~~~~~~~~~~~
/home/vitaly/p/Prime-World/pw/branches/r1117/Src/PF_GameLogic/LuaScript.cpp:491:1: note: in expansion of macro ‘ADD_LUA2CPP_FUNCTION’
  491 | ADD_LUA2CPP_FUNCTION(name)                                                                                                   \
      | ^~~~~~~~~~~~~~~~~~~~
/home/vitaly/p/Prime-World/pw/branches/r1117/Src/PF_GameLogic/LuaScript.cpp:507:3: note: in expansion of macro ‘_START_LUA2CPP_FUNCTION_HEAD’
  507 |   _START_LUA2CPP_FUNCTION_HEAD( name, 1 )                                                                                    \
      |   ^~~~~~~~~~~~~~~~~~~~~~~~~~~~
/home/vitaly/p/Prime-World/pw/branches/r1117/Src/PF_GameLogic/LuaScript.cpp:1227:1: note: in expansion of macro ‘START_LUA2CPP_FUNCTION_ARG1’
 1227 | START_LUA2CPP_FUNCTION_ARG1( LuaSetSpawnCreeps, bool )
      | ^~~~~~~~~~~~~~~~~~~~~~~~~~~
/home/vitaly/p/Prime-World/pw/branches/r1117/Src/PF_GameLogic/LuaScript.cpp:485:3: error: pasting "addScriptFunction___LINE___LuaSetSpawnCreeps" and ";" does not give a valid preprocessing token
  485 | } addScriptFunction_##__LINE__##_##name##;
      |   ^~~~~~~~~~~~~~~~~~
/home/vitaly/p/Prime-World/pw/branches/r1117/Src/PF_GameLogic/LuaScript.cpp:491:1: note: in expansion of macro ‘ADD_LUA2CPP_FUNCTION’
  491 | ADD_LUA2CPP_FUNCTION(name)                                                                                                   \
      | ^~~~~~~~~~~~~~~~~~~~
/home/vitaly/p/Prime-World/pw/branches/r1117/Src/PF_GameLogic/LuaScript.cpp:507:3: note: in expansion of macro ‘_START_LUA2CPP_FUNCTION_HEAD’
  507 |   _START_LUA2CPP_FUNCTION_HEAD( name, 1 )                                                                                    \
      |   ^~~~~~~~~~~~~~~~~~~~~~~~~~~~
/home/vitaly/p/Prime-World/pw/branches/r1117/Src/PF_GameLogic/LuaScript.cpp:1227:1: note: in expansion of macro ‘START_LUA2CPP_FUNCTION_ARG1’
 1227 | START_LUA2CPP_FUNCTION_ARG1( LuaSetSpawnCreeps, bool )
      | ^~~~~~~~~~~~~~~~~~~~~~~~~~~
/home/vitaly/p/Prime-World/pw/branches/r1117/Src/PF_GameLogic/LuaScript.cpp:481:3: error: pasting "AddScriptFunction___LINE___LuaSetSpawnNeutralCreeps" and "(" does not give a valid preprocessing token
  481 |   AddScriptFunction_##__LINE__##_##name##()                                                                                  \
      |   ^~~~~~~~~~~~~~~~~~
/home/vitaly/p/Prime-World/pw/branches/r1117/Src/PF_GameLogic/LuaScript.cpp:491:1: note: in expansion of macro ‘ADD_LUA2CPP_FUNCTION’
  491 | ADD_LUA2CPP_FUNCTION(name)                                                                                                   \
      | ^~~~~~~~~~~~~~~~~~~~
/home/vitaly/p/Prime-World/pw/branches/r1117/Src/PF_GameLogic/LuaScript.cpp:507:3: note: in expansion of macro ‘_START_LUA2CPP_FUNCTION_HEAD’
  507 |   _START_LUA2CPP_FUNCTION_HEAD( name, 1 )                                                                                    \
      |   ^~~~~~~~~~~~~~~~~~~~~~~~~~~~
/home/vitaly/p/Prime-World/pw/branches/r1117/Src/PF_GameLogic/LuaScript.cpp:1244:1: note: in expansion of macro ‘START_LUA2CPP_FUNCTION_ARG1’
 1244 | START_LUA2CPP_FUNCTION_ARG1( LuaSetSpawnNeutralCreeps, bool )
      | ^~~~~~~~~~~~~~~~~~~~~~~~~~~
/home/vitaly/p/Prime-World/pw/branches/r1117/Src/PF_GameLogic/LuaScript.cpp:485:3: error: pasting "addScriptFunction___LINE___LuaSetSpawnNeutralCreeps" and ";" does not give a valid preprocessing token
  485 | } addScriptFunction_##__LINE__##_##name##;
      |   ^~~~~~~~~~~~~~~~~~
/home/vitaly/p/Prime-World/pw/branches/r1117/Src/PF_GameLogic/LuaScript.cpp:491:1: note: in expansion of macro ‘ADD_LUA2CPP_FUNCTION’
  491 | ADD_LUA2CPP_FUNCTION(name)                                                                                                   \
      | ^~~~~~~~~~~~~~~~~~~~
/home/vitaly/p/Prime-World/pw/branches/r1117/Src/PF_GameLogic/LuaScript.cpp:507:3: note: in expansion of macro ‘_START_LUA2CPP_FUNCTION_HEAD’
  507 |   _START_LUA2CPP_FUNCTION_HEAD( name, 1 )                                                                                    \
      |   ^~~~~~~~~~~~~~~~~~~~~~~~~~~~
/home/vitaly/p/Prime-World/pw/branches/r1117/Src/PF_GameLogic/LuaScript.cpp:1244:1: note: in expansion of macro ‘START_LUA2CPP_FUNCTION_ARG1’
 1244 | START_LUA2CPP_FUNCTION_ARG1( LuaSetSpawnNeutralCreeps, bool )
      | ^~~~~~~~~~~~~~~~~~~~~~~~~~~
/home/vitaly/p/Prime-World/pw/branches/r1117/Src/PF_GameLogic/LuaScript.cpp:481:3: error: pasting "AddScriptFunction___LINE___LuaHeroActivateTalent" and "(" does not give a valid preprocessing token
  481 |   AddScriptFunction_##__LINE__##_##name##()                                                                                  \
      |   ^~~~~~~~~~~~~~~~~~
/home/vitaly/p/Prime-World/pw/branches/r1117/Src/PF_GameLogic/LuaScript.cpp:491:1: note: in expansion of macro ‘ADD_LUA2CPP_FUNCTION’
  491 | ADD_LUA2CPP_FUNCTION(name)                                                                                                   \
      | ^~~~~~~~~~~~~~~~~~~~
/home/vitaly/p/Prime-World/pw/branches/r1117/Src/PF_GameLogic/LuaScript.cpp:525:3: note: in expansion of macro ‘_START_LUA2CPP_FUNCTION_HEAD’
  525 |   _START_LUA2CPP_FUNCTION_HEAD( name, 4 )                                                                                    \
      |   ^~~~~~~~~~~~~~~~~~~~~~~~~~~~
/home/vitaly/p/Prime-World/pw/branches/r1117/Src/PF_GameLogic/LuaScript.cpp:1261:1: note: in expansion of macro ‘START_LUA2CPP_FUNCTION_ARG4’
 1261 | START_LUA2CPP_FUNCTION_ARG4( LuaHeroActivateTalent, const char*, int, int, bool )
      | ^~~~~~~~~~~~~~~~~~~~~~~~~~~
/home/vitaly/p/Prime-World/pw/branches/r1117/Src/PF_GameLogic/LuaScript.cpp:485:3: error: pasting "addScriptFunction___LINE___LuaHeroActivateTalent" and ";" does not give a valid preprocessing token
  485 | } addScriptFunction_##__LINE__##_##name##;
      |   ^~~~~~~~~~~~~~~~~~
/home/vitaly/p/Prime-World/pw/branches/r1117/Src/PF_GameLogic/LuaScript.cpp:491:1: note: in expansion of macro ‘ADD_LUA2CPP_FUNCTION’
  491 | ADD_LUA2CPP_FUNCTION(name)                                                                                                   \
      | ^~~~~~~~~~~~~~~~~~~~
/home/vitaly/p/Prime-World/pw/branches/r1117/Src/PF_GameLogic/LuaScript.cpp:525:3: note: in expansion of macro ‘_START_LUA2CPP_FUNCTION_HEAD’
  525 |   _START_LUA2CPP_FUNCTION_HEAD( name, 4 )                                                                                    \
      |   ^~~~~~~~~~~~~~~~~~~~~~~~~~~~
/home/vitaly/p/Prime-World/pw/branches/r1117/Src/PF_GameLogic/LuaScript.cpp:1261:1: note: in expansion of macro ‘START_LUA2CPP_FUNCTION_ARG4’
 1261 | START_LUA2CPP_FUNCTION_ARG4( LuaHeroActivateTalent, const char*, int, int, bool )
      | ^~~~~~~~~~~~~~~~~~~~~~~~~~~
/home/vitaly/p/Prime-World/pw/branches/r1117/Src/PF_GameLogic/LuaScript.cpp:481:3: error: pasting "AddScriptFunction___LINE___LuaHeroUseTalent" and "(" does not give a valid preprocessing token
  481 |   AddScriptFunction_##__LINE__##_##name##()                                                                                  \
      |   ^~~~~~~~~~~~~~~~~~
/home/vitaly/p/Prime-World/pw/branches/r1117/Src/PF_GameLogic/LuaScript.cpp:491:1: note: in expansion of macro ‘ADD_LUA2CPP_FUNCTION’
  491 | ADD_LUA2CPP_FUNCTION(name)                                                                                                   \
      | ^~~~~~~~~~~~~~~~~~~~
/home/vitaly/p/Prime-World/pw/branches/r1117/Src/PF_GameLogic/LuaScript.cpp:518:3: note: in expansion of macro ‘_START_LUA2CPP_FUNCTION_HEAD’
  518 |   _START_LUA2CPP_FUNCTION_HEAD( name, 3 )                                                                                    \
      |   ^~~~~~~~~~~~~~~~~~~~~~~~~~~~
/home/vitaly/p/Prime-World/pw/branches/r1117/Src/PF_GameLogic/LuaScript.cpp:1272:1: note: in expansion of macro ‘START_LUA2CPP_FUNCTION_ARG3’
 1272 | START_LUA2CPP_FUNCTION_ARG3( LuaHeroUseTalent, const char*, int, int )
      | ^~~~~~~~~~~~~~~~~~~~~~~~~~~
/home/vitaly/p/Prime-World/pw/branches/r1117/Src/PF_GameLogic/LuaScript.cpp:485:3: error: pasting "addScriptFunction___LINE___LuaHeroUseTalent" and ";" does not give a valid preprocessing token
  485 | } addScriptFunction_##__LINE__##_##name##;
      |   ^~~~~~~~~~~~~~~~~~
/home/vitaly/p/Prime-World/pw/branches/r1117/Src/PF_GameLogic/LuaScript.cpp:491:1: note: in expansion of macro ‘ADD_LUA2CPP_FUNCTION’
  491 | ADD_LUA2CPP_FUNCTION(name)                                                                                                   \
      | ^~~~~~~~~~~~~~~~~~~~
/home/vitaly/p/Prime-World/pw/branches/r1117/Src/PF_GameLogic/LuaScript.cpp:518:3: note: in expansion of macro ‘_START_LUA2CPP_FUNCTION_HEAD’
  518 |   _START_LUA2CPP_FUNCTION_HEAD( name, 3 )                                                                                    \
      |   ^~~~~~~~~~~~~~~~~~~~~~~~~~~~
/home/vitaly/p/Prime-World/pw/branches/r1117/Src/PF_GameLogic/LuaScript.cpp:1272:1: note: in expansion of macro ‘START_LUA2CPP_FUNCTION_ARG3’
 1272 | START_LUA2CPP_FUNCTION_ARG3( LuaHeroUseTalent, const char*, int, int )
      | ^~~~~~~~~~~~~~~~~~~~~~~~~~~
/home/vitaly/p/Prime-World/pw/branches/r1117/Src/PF_GameLogic/LuaScript.cpp:481:3: error: pasting "AddScriptFunction___LINE___LuaHeroUseTalentPos" and "(" does not give a valid preprocessing token
  481 |   AddScriptFunction_##__LINE__##_##name##()                                                                                  \
      |   ^~~~~~~~~~~~~~~~~~
/home/vitaly/p/Prime-World/pw/branches/r1117/Src/PF_GameLogic/LuaScript.cpp:491:1: note: in expansion of macro ‘ADD_LUA2CPP_FUNCTION’
  491 | ADD_LUA2CPP_FUNCTION(name)                                                                                                   \
      | ^~~~~~~~~~~~~~~~~~~~
/home/vitaly/p/Prime-World/pw/branches/r1117/Src/PF_GameLogic/LuaScript.cpp:533:3: note: in expansion of macro ‘_START_LUA2CPP_FUNCTION_HEAD’
  533 |   _START_LUA2CPP_FUNCTION_HEAD( name, 5 )                                                                                    \
      |   ^~~~~~~~~~~~~~~~~~~~~~~~~~~~
/home/vitaly/p/Prime-World/pw/branches/r1117/Src/PF_GameLogic/LuaScript.cpp:1283:1: note: in expansion of macro ‘START_LUA2CPP_FUNCTION_ARG5’
 1283 | START_LUA2CPP_FUNCTION_ARG5( LuaHeroUseTalentPos, const char*, int, int, float, float )
      | ^~~~~~~~~~~~~~~~~~~~~~~~~~~
/home/vitaly/p/Prime-World/pw/branches/r1117/Src/PF_GameLogic/LuaScript.cpp:485:3: error: pasting "addScriptFunction___LINE___LuaHeroUseTalentPos" and ";" does not give a valid preprocessing token
  485 | } addScriptFunction_##__LINE__##_##name##;
      |   ^~~~~~~~~~~~~~~~~~
/home/vitaly/p/Prime-World/pw/branches/r1117/Src/PF_GameLogic/LuaScript.cpp:491:1: note: in expansion of macro ‘ADD_LUA2CPP_FUNCTION’
  491 | ADD_LUA2CPP_FUNCTION(name)                                                                                                   \
      | ^~~~~~~~~~~~~~~~~~~~
/home/vitaly/p/Prime-World/pw/branches/r1117/Src/PF_GameLogic/LuaScript.cpp:533:3: note: in expansion of macro ‘_START_LUA2CPP_FUNCTION_HEAD’
  533 |   _START_LUA2CPP_FUNCTION_HEAD( name, 5 )                                                                                    \
      |   ^~~~~~~~~~~~~~~~~~~~~~~~~~~~
/home/vitaly/p/Prime-World/pw/branches/r1117/Src/PF_GameLogic/LuaScript.cpp:1283:1: note: in expansion of macro ‘START_LUA2CPP_FUNCTION_ARG5’
 1283 | START_LUA2CPP_FUNCTION_ARG5( LuaHeroUseTalentPos, const char*, int, int, float, float )
      | ^~~~~~~~~~~~~~~~~~~~~~~~~~~
/home/vitaly/p/Prime-World/pw/branches/r1117/Src/PF_GameLogic/LuaScript.cpp:481:3: error: pasting "AddScriptFunction___LINE___LuaUsePortalToPos" and "(" does not give a valid preprocessing token
  481 |   AddScriptFunction_##__LINE__##_##name##()                                                                                  \
      |   ^~~~~~~~~~~~~~~~~~
/home/vitaly/p/Prime-World/pw/branches/r1117/Src/PF_GameLogic/LuaScript.cpp:491:1: note: in expansion of macro ‘ADD_LUA2CPP_FUNCTION’
  491 | ADD_LUA2CPP_FUNCTION(name)                                                                                                   \
      | ^~~~~~~~~~~~~~~~~~~~
/home/vitaly/p/Prime-World/pw/branches/r1117/Src/PF_GameLogic/LuaScript.cpp:518:3: note: in expansion of macro ‘_START_LUA2CPP_FUNCTION_HEAD’
  518 |   _START_LUA2CPP_FUNCTION_HEAD( name, 3 )                                                                                    \
      |   ^~~~~~~~~~~~~~~~~~~~~~~~~~~~
/home/vitaly/p/Prime-World/pw/branches/r1117/Src/PF_GameLogic/LuaScript.cpp:1293:1: note: in expansion of macro ‘START_LUA2CPP_FUNCTION_ARG3’
 1293 | START_LUA2CPP_FUNCTION_ARG3( LuaUsePortalToPos, const char*, float, float )
      | ^~~~~~~~~~~~~~~~~~~~~~~~~~~
/home/vitaly/p/Prime-World/pw/branches/r1117/Src/PF_GameLogic/LuaScript.cpp:485:3: error: pasting "addScriptFunction___LINE___LuaUsePortalToPos" and ";" does not give a valid preprocessing token
  485 | } addScriptFunction_##__LINE__##_##name##;
      |   ^~~~~~~~~~~~~~~~~~
/home/vitaly/p/Prime-World/pw/branches/r1117/Src/PF_GameLogic/LuaScript.cpp:491:1: note: in expansion of macro ‘ADD_LUA2CPP_FUNCTION’
  491 | ADD_LUA2CPP_FUNCTION(name)                                                                                                   \
      | ^~~~~~~~~~~~~~~~~~~~
/home/vitaly/p/Prime-World/pw/branches/r1117/Src/PF_GameLogic/LuaScript.cpp:518:3: note: in expansion of macro ‘_START_LUA2CPP_FUNCTION_HEAD’
  518 |   _START_LUA2CPP_FUNCTION_HEAD( name, 3 )                                                                                    \
      |   ^~~~~~~~~~~~~~~~~~~~~~~~~~~~
/home/vitaly/p/Prime-World/pw/branches/r1117/Src/PF_GameLogic/LuaScript.cpp:1293:1: note: in expansion of macro ‘START_LUA2CPP_FUNCTION_ARG3’
 1293 | START_LUA2CPP_FUNCTION_ARG3( LuaUsePortalToPos, const char*, float, float )
      | ^~~~~~~~~~~~~~~~~~~~~~~~~~~
/home/vitaly/p/Prime-World/pw/branches/r1117/Src/PF_GameLogic/LuaScript.cpp:481:3: error: pasting "AddScriptFunction___LINE___LuaHeroUseTalentUnit" and "(" does not give a valid preprocessing token
  481 |   AddScriptFunction_##__LINE__##_##name##()                                                                                  \
      |   ^~~~~~~~~~~~~~~~~~
/home/vitaly/p/Prime-World/pw/branches/r1117/Src/PF_GameLogic/LuaScript.cpp:491:1: note: in expansion of macro ‘ADD_LUA2CPP_FUNCTION’
  491 | ADD_LUA2CPP_FUNCTION(name)                                                                                                   \
      | ^~~~~~~~~~~~~~~~~~~~
/home/vitaly/p/Prime-World/pw/branches/r1117/Src/PF_GameLogic/LuaScript.cpp:525:3: note: in expansion of macro ‘_START_LUA2CPP_FUNCTION_HEAD’
  525 |   _START_LUA2CPP_FUNCTION_HEAD( name, 4 )                                                                                    \
      |   ^~~~~~~~~~~~~~~~~~~~~~~~~~~~
/home/vitaly/p/Prime-World/pw/branches/r1117/Src/PF_GameLogic/LuaScript.cpp:1299:1: note: in expansion of macro ‘START_LUA2CPP_FUNCTION_ARG4’
 1299 | START_LUA2CPP_FUNCTION_ARG4( LuaHeroUseTalentUnit, const char*, int, int, const char* )
      | ^~~~~~~~~~~~~~~~~~~~~~~~~~~
/home/vitaly/p/Prime-World/pw/branches/r1117/Src/PF_GameLogic/LuaScript.cpp:485:3: error: pasting "addScriptFunction___LINE___LuaHeroUseTalentUnit" and ";" does not give a valid preprocessing token
  485 | } addScriptFunction_##__LINE__##_##name##;
      |   ^~~~~~~~~~~~~~~~~~
/home/vitaly/p/Prime-World/pw/branches/r1117/Src/PF_GameLogic/LuaScript.cpp:491:1: note: in expansion of macro ‘ADD_LUA2CPP_FUNCTION’
  491 | ADD_LUA2CPP_FUNCTION(name)                                                                                                   \
      | ^~~~~~~~~~~~~~~~~~~~
/home/vitaly/p/Prime-World/pw/branches/r1117/Src/PF_GameLogic/LuaScript.cpp:525:3: note: in expansion of macro ‘_START_LUA2CPP_FUNCTION_HEAD’
  525 |   _START_LUA2CPP_FUNCTION_HEAD( name, 4 )                                                                                    \
      |   ^~~~~~~~~~~~~~~~~~~~~~~~~~~~
/home/vitaly/p/Prime-World/pw/branches/r1117/Src/PF_GameLogic/LuaScript.cpp:1299:1: note: in expansion of macro ‘START_LUA2CPP_FUNCTION_ARG4’
 1299 | START_LUA2CPP_FUNCTION_ARG4( LuaHeroUseTalentUnit, const char*, int, int, const char* )
      | ^~~~~~~~~~~~~~~~~~~~~~~~~~~
/home/vitaly/p/Prime-World/pw/branches/r1117/Src/PF_GameLogic/LuaScript.cpp:481:3: error: pasting "AddScriptFunction___LINE___LuaHeroCanActivateTalent" and "(" does not give a valid preprocessing token
  481 |   AddScriptFunction_##__LINE__##_##name##()                                                                                  \
      |   ^~~~~~~~~~~~~~~~~~
/home/vitaly/p/Prime-World/pw/branches/r1117/Src/PF_GameLogic/LuaScript.cpp:491:1: note: in expansion of macro ‘ADD_LUA2CPP_FUNCTION’
  491 | ADD_LUA2CPP_FUNCTION(name)                                                                                                   \
      | ^~~~~~~~~~~~~~~~~~~~
/home/vitaly/p/Prime-World/pw/branches/r1117/Src/PF_GameLogic/LuaScript.cpp:518:3: note: in expansion of macro ‘_START_LUA2CPP_FUNCTION_HEAD’
  518 |   _START_LUA2CPP_FUNCTION_HEAD( name, 3 )                                                                                    \
      |   ^~~~~~~~~~~~~~~~~~~~~~~~~~~~
/home/vitaly/p/Prime-World/pw/branches/r1117/Src/PF_GameLogic/LuaScript.cpp:1313:1: note: in expansion of macro ‘START_LUA2CPP_FUNCTION_ARG3’
 1313 | START_LUA2CPP_FUNCTION_ARG3( LuaHeroCanActivateTalent, const char*, int, int )
      | ^~~~~~~~~~~~~~~~~~~~~~~~~~~
/home/vitaly/p/Prime-World/pw/branches/r1117/Src/PF_GameLogic/LuaScript.cpp:485:3: error: pasting "addScriptFunction___LINE___LuaHeroCanActivateTalent" and ";" does not give a valid preprocessing token
  485 | } addScriptFunction_##__LINE__##_##name##;
      |   ^~~~~~~~~~~~~~~~~~
/home/vitaly/p/Prime-World/pw/branches/r1117/Src/PF_GameLogic/LuaScript.cpp:491:1: note: in expansion of macro ‘ADD_LUA2CPP_FUNCTION’
  491 | ADD_LUA2CPP_FUNCTION(name)                                                                                                   \
      | ^~~~~~~~~~~~~~~~~~~~
/home/vitaly/p/Prime-World/pw/branches/r1117/Src/PF_GameLogic/LuaScript.cpp:518:3: note: in expansion of macro ‘_START_LUA2CPP_FUNCTION_HEAD’
  518 |   _START_LUA2CPP_FUNCTION_HEAD( name, 3 )                                                                                    \
      |   ^~~~~~~~~~~~~~~~~~~~~~~~~~~~
/home/vitaly/p/Prime-World/pw/branches/r1117/Src/PF_GameLogic/LuaScript.cpp:1313:1: note: in expansion of macro ‘START_LUA2CPP_FUNCTION_ARG3’
 1313 | START_LUA2CPP_FUNCTION_ARG3( LuaHeroCanActivateTalent, const char*, int, int )
      | ^~~~~~~~~~~~~~~~~~~~~~~~~~~
/home/vitaly/p/Prime-World/pw/branches/r1117/Src/PF_GameLogic/LuaScript.cpp:481:3: error: pasting "AddScriptFunction___LINE___LuaHeroIsTalentActivated" and "(" does not give a valid preprocessing token
  481 |   AddScriptFunction_##__LINE__##_##name##()                                                                                  \
      |   ^~~~~~~~~~~~~~~~~~
/home/vitaly/p/Prime-World/pw/branches/r1117/Src/PF_GameLogic/LuaScript.cpp:491:1: note: in expansion of macro ‘ADD_LUA2CPP_FUNCTION’
  491 | ADD_LUA2CPP_FUNCTION(name)                                                                                                   \
      | ^~~~~~~~~~~~~~~~~~~~
/home/vitaly/p/Prime-World/pw/branches/r1117/Src/PF_GameLogic/LuaScript.cpp:518:3: note: in expansion of macro ‘_START_LUA2CPP_FUNCTION_HEAD’
  518 |   _START_LUA2CPP_FUNCTION_HEAD( name, 3 )                                                                                    \
      |   ^~~~~~~~~~~~~~~~~~~~~~~~~~~~
/home/vitaly/p/Prime-World/pw/branches/r1117/Src/PF_GameLogic/LuaScript.cpp:1341:1: note: in expansion of macro ‘START_LUA2CPP_FUNCTION_ARG3’
 1341 | START_LUA2CPP_FUNCTION_ARG3( LuaHeroIsTalentActivated, const char*, int, int )
      | ^~~~~~~~~~~~~~~~~~~~~~~~~~~
/home/vitaly/p/Prime-World/pw/branches/r1117/Src/PF_GameLogic/LuaScript.cpp:485:3: error: pasting "addScriptFunction___LINE___LuaHeroIsTalentActivated" and ";" does not give a valid preprocessing token
  485 | } addScriptFunction_##__LINE__##_##name##;
      |   ^~~~~~~~~~~~~~~~~~
/home/vitaly/p/Prime-World/pw/branches/r1117/Src/PF_GameLogic/LuaScript.cpp:491:1: note: in expansion of macro ‘ADD_LUA2CPP_FUNCTION’
  491 | ADD_LUA2CPP_FUNCTION(name)                                                                                                   \
      | ^~~~~~~~~~~~~~~~~~~~
/home/vitaly/p/Prime-World/pw/branches/r1117/Src/PF_GameLogic/LuaScript.cpp:518:3: note: in expansion of macro ‘_START_LUA2CPP_FUNCTION_HEAD’
  518 |   _START_LUA2CPP_FUNCTION_HEAD( name, 3 )                                                                                    \
      |   ^~~~~~~~~~~~~~~~~~~~~~~~~~~~
/home/vitaly/p/Prime-World/pw/branches/r1117/Src/PF_GameLogic/LuaScript.cpp:1341:1: note: in expansion of macro ‘START_LUA2CPP_FUNCTION_ARG3’
 1341 | START_LUA2CPP_FUNCTION_ARG3( LuaHeroIsTalentActivated, const char*, int, int )
      | ^~~~~~~~~~~~~~~~~~~~~~~~~~~
/home/vitaly/p/Prime-World/pw/branches/r1117/Src/PF_GameLogic/LuaScript.cpp:481:3: error: pasting "AddScriptFunction___LINE___LuaHeroIsGenderTalent" and "(" does not give a valid preprocessing token
  481 |   AddScriptFunction_##__LINE__##_##name##()                                                                                  \
      |   ^~~~~~~~~~~~~~~~~~
/home/vitaly/p/Prime-World/pw/branches/r1117/Src/PF_GameLogic/LuaScript.cpp:491:1: note: in expansion of macro ‘ADD_LUA2CPP_FUNCTION’
  491 | ADD_LUA2CPP_FUNCTION(name)                                                                                                   \
      | ^~~~~~~~~~~~~~~~~~~~
/home/vitaly/p/Prime-World/pw/branches/r1117/Src/PF_GameLogic/LuaScript.cpp:518:3: note: in expansion of macro ‘_START_LUA2CPP_FUNCTION_HEAD’
  518 |   _START_LUA2CPP_FUNCTION_HEAD( name, 3 )                                                                                    \
      |   ^~~~~~~~~~~~~~~~~~~~~~~~~~~~
/home/vitaly/p/Prime-World/pw/branches/r1117/Src/PF_GameLogic/LuaScript.cpp:1353:1: note: in expansion of macro ‘START_LUA2CPP_FUNCTION_ARG3’
 1353 | START_LUA2CPP_FUNCTION_ARG3( LuaHeroIsGenderTalent, const char*, int, int )
      | ^~~~~~~~~~~~~~~~~~~~~~~~~~~
/home/vitaly/p/Prime-World/pw/branches/r1117/Src/PF_GameLogic/LuaScript.cpp:485:3: error: pasting "addScriptFunction___LINE___LuaHeroIsGenderTalent" and ";" does not give a valid preprocessing token
  485 | } addScriptFunction_##__LINE__##_##name##;
      |   ^~~~~~~~~~~~~~~~~~
/home/vitaly/p/Prime-World/pw/branches/r1117/Src/PF_GameLogic/LuaScript.cpp:491:1: note: in expansion of macro ‘ADD_LUA2CPP_FUNCTION’
  491 | ADD_LUA2CPP_FUNCTION(name)                                                                                                   \
      | ^~~~~~~~~~~~~~~~~~~~
/home/vitaly/p/Prime-World/pw/branches/r1117/Src/PF_GameLogic/LuaScript.cpp:518:3: note: in expansion of macro ‘_START_LUA2CPP_FUNCTION_HEAD’
  518 |   _START_LUA2CPP_FUNCTION_HEAD( name, 3 )                                                                                    \
      |   ^~~~~~~~~~~~~~~~~~~~~~~~~~~~
/home/vitaly/p/Prime-World/pw/branches/r1117/Src/PF_GameLogic/LuaScript.cpp:1353:1: note: in expansion of macro ‘START_LUA2CPP_FUNCTION_ARG3’
 1353 | START_LUA2CPP_FUNCTION_ARG3( LuaHeroIsGenderTalent, const char*, int, int )
      | ^~~~~~~~~~~~~~~~~~~~~~~~~~~
/home/vitaly/p/Prime-World/pw/branches/r1117/Src/PF_GameLogic/LuaScript.cpp:481:3: error: pasting "AddScriptFunction___LINE___LuaHeroGetTalentType" and "(" does not give a valid preprocessing token
  481 |   AddScriptFunction_##__LINE__##_##name##()                                                                                  \
      |   ^~~~~~~~~~~~~~~~~~
/home/vitaly/p/Prime-World/pw/branches/r1117/Src/PF_GameLogic/LuaScript.cpp:491:1: note: in expansion of macro ‘ADD_LUA2CPP_FUNCTION’
  491 | ADD_LUA2CPP_FUNCTION(name)                                                                                                   \
      | ^~~~~~~~~~~~~~~~~~~~
/home/vitaly/p/Prime-World/pw/branches/r1117/Src/PF_GameLogic/LuaScript.cpp:518:3: note: in expansion of macro ‘_START_LUA2CPP_FUNCTION_HEAD’
  518 |   _START_LUA2CPP_FUNCTION_HEAD( name, 3 )                                                                                    \
      |   ^~~~~~~~~~~~~~~~~~~~~~~~~~~~
/home/vitaly/p/Prime-World/pw/branches/r1117/Src/PF_GameLogic/LuaScript.cpp:1365:1: note: in expansion of macro ‘START_LUA2CPP_FUNCTION_ARG3’
 1365 | START_LUA2CPP_FUNCTION_ARG3( LuaHeroGetTalentType, const char*, int, int )
      | ^~~~~~~~~~~~~~~~~~~~~~~~~~~
/home/vitaly/p/Prime-World/pw/branches/r1117/Src/PF_GameLogic/LuaScript.cpp:485:3: error: pasting "addScriptFunction___LINE___LuaHeroGetTalentType" and ";" does not give a valid preprocessing token
  485 | } addScriptFunction_##__LINE__##_##name##;
      |   ^~~~~~~~~~~~~~~~~~
/home/vitaly/p/Prime-World/pw/branches/r1117/Src/PF_GameLogic/LuaScript.cpp:491:1: note: in expansion of macro ‘ADD_LUA2CPP_FUNCTION’
  491 | ADD_LUA2CPP_FUNCTION(name)                                                                                                   \
      | ^~~~~~~~~~~~~~~~~~~~
/home/vitaly/p/Prime-World/pw/branches/r1117/Src/PF_GameLogic/LuaScript.cpp:518:3: note: in expansion of macro ‘_START_LUA2CPP_FUNCTION_HEAD’
  518 |   _START_LUA2CPP_FUNCTION_HEAD( name, 3 )                                                                                    \
      |   ^~~~~~~~~~~~~~~~~~~~~~~~~~~~
/home/vitaly/p/Prime-World/pw/branches/r1117/Src/PF_GameLogic/LuaScript.cpp:1365:1: note: in expansion of macro ‘START_LUA2CPP_FUNCTION_ARG3’
 1365 | START_LUA2CPP_FUNCTION_ARG3( LuaHeroGetTalentType, const char*, int, int )
      | ^~~~~~~~~~~~~~~~~~~~~~~~~~~
/home/vitaly/p/Prime-World/pw/branches/r1117/Src/PF_GameLogic/LuaScript.cpp:481:3: error: pasting "AddScriptFunction___LINE___LuaHeroGetTalentUseStep" and "(" does not give a valid preprocessing token
  481 |   AddScriptFunction_##__LINE__##_##name##()                                                                                  \
      |   ^~~~~~~~~~~~~~~~~~
/home/vitaly/p/Prime-World/pw/branches/r1117/Src/PF_GameLogic/LuaScript.cpp:491:1: note: in expansion of macro ‘ADD_LUA2CPP_FUNCTION’
  491 | ADD_LUA2CPP_FUNCTION(name)                                                                                                   \
      | ^~~~~~~~~~~~~~~~~~~~
/home/vitaly/p/Prime-World/pw/branches/r1117/Src/PF_GameLogic/LuaScript.cpp:518:3: note: in expansion of macro ‘_START_LUA2CPP_FUNCTION_HEAD’
  518 |   _START_LUA2CPP_FUNCTION_HEAD( name, 3 )                                                                                    \
      |   ^~~~~~~~~~~~~~~~~~~~~~~~~~~~
/home/vitaly/p/Prime-World/pw/branches/r1117/Src/PF_GameLogic/LuaScript.cpp:1377:1: note: in expansion of macro ‘START_LUA2CPP_FUNCTION_ARG3’
 1377 | START_LUA2CPP_FUNCTION_ARG3( LuaHeroGetTalentUseStep, const char*, int, int )
      | ^~~~~~~~~~~~~~~~~~~~~~~~~~~
/home/vitaly/p/Prime-World/pw/branches/r1117/Src/PF_GameLogic/LuaScript.cpp:485:3: error: pasting "addScriptFunction___LINE___LuaHeroGetTalentUseStep" and ";" does not give a valid preprocessing token
  485 | } addScriptFunction_##__LINE__##_##name##;
      |   ^~~~~~~~~~~~~~~~~~
/home/vitaly/p/Prime-World/pw/branches/r1117/Src/PF_GameLogic/LuaScript.cpp:491:1: note: in expansion of macro ‘ADD_LUA2CPP_FUNCTION’
  491 | ADD_LUA2CPP_FUNCTION(name)                                                                                                   \
      | ^~~~~~~~~~~~~~~~~~~~
/home/vitaly/p/Prime-World/pw/branches/r1117/Src/PF_GameLogic/LuaScript.cpp:518:3: note: in expansion of macro ‘_START_LUA2CPP_FUNCTION_HEAD’
  518 |   _START_LUA2CPP_FUNCTION_HEAD( name, 3 )                                                                                    \
      |   ^~~~~~~~~~~~~~~~~~~~~~~~~~~~
/home/vitaly/p/Prime-World/pw/branches/r1117/Src/PF_GameLogic/LuaScript.cpp:1377:1: note: in expansion of macro ‘START_LUA2CPP_FUNCTION_ARG3’
 1377 | START_LUA2CPP_FUNCTION_ARG3( LuaHeroGetTalentUseStep, const char*, int, int )
      | ^~~~~~~~~~~~~~~~~~~~~~~~~~~
/home/vitaly/p/Prime-World/pw/branches/r1117/Src/PF_GameLogic/LuaScript.cpp:481:3: error: pasting "AddScriptFunction___LINE___LuaHeroGetTalentActivatedStep" and "(" does not give a valid preprocessing token
  481 |   AddScriptFunction_##__LINE__##_##name##()                                                                                  \
      |   ^~~~~~~~~~~~~~~~~~
/home/vitaly/p/Prime-World/pw/branches/r1117/Src/PF_GameLogic/LuaScript.cpp:491:1: note: in expansion of macro ‘ADD_LUA2CPP_FUNCTION’
  491 | ADD_LUA2CPP_FUNCTION(name)                                                                                                   \
      | ^~~~~~~~~~~~~~~~~~~~
/home/vitaly/p/Prime-World/pw/branches/r1117/Src/PF_GameLogic/LuaScript.cpp:518:3: note: in expansion of macro ‘_START_LUA2CPP_FUNCTION_HEAD’
  518 |   _START_LUA2CPP_FUNCTION_HEAD( name, 3 )                                                                                    \
      |   ^~~~~~~~~~~~~~~~~~~~~~~~~~~~
/home/vitaly/p/Prime-World/pw/branches/r1117/Src/PF_GameLogic/LuaScript.cpp:1389:1: note: in expansion of macro ‘START_LUA2CPP_FUNCTION_ARG3’
 1389 | START_LUA2CPP_FUNCTION_ARG3( LuaHeroGetTalentActivatedStep, const char*, int, int )
      | ^~~~~~~~~~~~~~~~~~~~~~~~~~~
/home/vitaly/p/Prime-World/pw/branches/r1117/Src/PF_GameLogic/LuaScript.cpp:485:3: error: pasting "addScriptFunction___LINE___LuaHeroGetTalentActivatedStep" and ";" does not give a valid preprocessing token
  485 | } addScriptFunction_##__LINE__##_##name##;
      |   ^~~~~~~~~~~~~~~~~~
/home/vitaly/p/Prime-World/pw/branches/r1117/Src/PF_GameLogic/LuaScript.cpp:491:1: note: in expansion of macro ‘ADD_LUA2CPP_FUNCTION’
  491 | ADD_LUA2CPP_FUNCTION(name)                                                                                                   \
      | ^~~~~~~~~~~~~~~~~~~~
/home/vitaly/p/Prime-World/pw/branches/r1117/Src/PF_GameLogic/LuaScript.cpp:518:3: note: in expansion of macro ‘_START_LUA2CPP_FUNCTION_HEAD’
  518 |   _START_LUA2CPP_FUNCTION_HEAD( name, 3 )                                                                                    \
      |   ^~~~~~~~~~~~~~~~~~~~~~~~~~~~
/home/vitaly/p/Prime-World/pw/branches/r1117/Src/PF_GameLogic/LuaScript.cpp:1389:1: note: in expansion of macro ‘START_LUA2CPP_FUNCTION_ARG3’
 1389 | START_LUA2CPP_FUNCTION_ARG3( LuaHeroGetTalentActivatedStep, const char*, int, int )
      | ^~~~~~~~~~~~~~~~~~~~~~~~~~~
/home/vitaly/p/Prime-World/pw/branches/r1117/Src/PF_GameLogic/LuaScript.cpp:481:3: error: pasting "AddScriptFunction___LINE___LuaHeroGetTalentsLevel" and "(" does not give a valid preprocessing token
  481 |   AddScriptFunction_##__LINE__##_##name##()                                                                                  \
      |   ^~~~~~~~~~~~~~~~~~
/home/vitaly/p/Prime-World/pw/branches/r1117/Src/PF_GameLogic/LuaScript.cpp:491:1: note: in expansion of macro ‘ADD_LUA2CPP_FUNCTION’
  491 | ADD_LUA2CPP_FUNCTION(name)                                                                                                   \
      | ^~~~~~~~~~~~~~~~~~~~
/home/vitaly/p/Prime-World/pw/branches/r1117/Src/PF_GameLogic/LuaScript.cpp:507:3: note: in expansion of macro ‘_START_LUA2CPP_FUNCTION_HEAD’
  507 |   _START_LUA2CPP_FUNCTION_HEAD( name, 1 )                                                                                    \
      |   ^~~~~~~~~~~~~~~~~~~~~~~~~~~~
/home/vitaly/p/Prime-World/pw/branches/r1117/Src/PF_GameLogic/LuaScript.cpp:1401:1: note: in expansion of macro ‘START_LUA2CPP_FUNCTION_ARG1’
 1401 | START_LUA2CPP_FUNCTION_ARG1( LuaHeroGetTalentsLevel, const char* )
      | ^~~~~~~~~~~~~~~~~~~~~~~~~~~
/home/vitaly/p/Prime-World/pw/branches/r1117/Src/PF_GameLogic/LuaScript.cpp:485:3: error: pasting "addScriptFunction___LINE___LuaHeroGetTalentsLevel" and ";" does not give a valid preprocessing token
  485 | } addScriptFunction_##__LINE__##_##name##;
      |   ^~~~~~~~~~~~~~~~~~
/home/vitaly/p/Prime-World/pw/branches/r1117/Src/PF_GameLogic/LuaScript.cpp:491:1: note: in expansion of macro ‘ADD_LUA2CPP_FUNCTION’
  491 | ADD_LUA2CPP_FUNCTION(name)                                                                                                   \
      | ^~~~~~~~~~~~~~~~~~~~
/home/vitaly/p/Prime-World/pw/branches/r1117/Src/PF_GameLogic/LuaScript.cpp:507:3: note: in expansion of macro ‘_START_LUA2CPP_FUNCTION_HEAD’
  507 |   _START_LUA2CPP_FUNCTION_HEAD( name, 1 )                                                                                    \
      |   ^~~~~~~~~~~~~~~~~~~~~~~~~~~~
/home/vitaly/p/Prime-World/pw/branches/r1117/Src/PF_GameLogic/LuaScript.cpp:1401:1: note: in expansion of macro ‘START_LUA2CPP_FUNCTION_ARG1’
 1401 | START_LUA2CPP_FUNCTION_ARG1( LuaHeroGetTalentsLevel, const char* )
      | ^~~~~~~~~~~~~~~~~~~~~~~~~~~
/home/vitaly/p/Prime-World/pw/branches/r1117/Src/PF_GameLogic/LuaScript.cpp:481:3: error: pasting "AddScriptFunction___LINE___LuaHeroGetLastTalentUseStep" and "(" does not give a valid preprocessing token
  481 |   AddScriptFunction_##__LINE__##_##name##()                                                                                  \
      |   ^~~~~~~~~~~~~~~~~~
/home/vitaly/p/Prime-World/pw/branches/r1117/Src/PF_GameLogic/LuaScript.cpp:491:1: note: in expansion of macro ‘ADD_LUA2CPP_FUNCTION’
  491 | ADD_LUA2CPP_FUNCTION(name)                                                                                                   \
      | ^~~~~~~~~~~~~~~~~~~~
/home/vitaly/p/Prime-World/pw/branches/r1117/Src/PF_GameLogic/LuaScript.cpp:507:3: note: in expansion of macro ‘_START_LUA2CPP_FUNCTION_HEAD’
  507 |   _START_LUA2CPP_FUNCTION_HEAD( name, 1 )                                                                                    \
      |   ^~~~~~~~~~~~~~~~~~~~~~~~~~~~
/home/vitaly/p/Prime-World/pw/branches/r1117/Src/PF_GameLogic/LuaScript.cpp:1412:1: note: in expansion of macro ‘START_LUA2CPP_FUNCTION_ARG1’
 1412 | START_LUA2CPP_FUNCTION_ARG1( LuaHeroGetLastTalentUseStep, const char* )
      | ^~~~~~~~~~~~~~~~~~~~~~~~~~~
/home/vitaly/p/Prime-World/pw/branches/r1117/Src/PF_GameLogic/LuaScript.cpp:485:3: error: pasting "addScriptFunction___LINE___LuaHeroGetLastTalentUseStep" and ";" does not give a valid preprocessing token
  485 | } addScriptFunction_##__LINE__##_##name##;
      |   ^~~~~~~~~~~~~~~~~~
/home/vitaly/p/Prime-World/pw/branches/r1117/Src/PF_GameLogic/LuaScript.cpp:491:1: note: in expansion of macro ‘ADD_LUA2CPP_FUNCTION’
  491 | ADD_LUA2CPP_FUNCTION(name)                                                                                                   \
      | ^~~~~~~~~~~~~~~~~~~~
/home/vitaly/p/Prime-World/pw/branches/r1117/Src/PF_GameLogic/LuaScript.cpp:507:3: note: in expansion of macro ‘_START_LUA2CPP_FUNCTION_HEAD’
  507 |   _START_LUA2CPP_FUNCTION_HEAD( name, 1 )                                                                                    \
      |   ^~~~~~~~~~~~~~~~~~~~~~~~~~~~
/home/vitaly/p/Prime-World/pw/branches/r1117/Src/PF_GameLogic/LuaScript.cpp:1412:1: note: in expansion of macro ‘START_LUA2CPP_FUNCTION_ARG1’
 1412 | START_LUA2CPP_FUNCTION_ARG1( LuaHeroGetLastTalentUseStep, const char* )
      | ^~~~~~~~~~~~~~~~~~~~~~~~~~~
/home/vitaly/p/Prime-World/pw/branches/r1117/Src/PF_GameLogic/LuaScript.cpp:481:3: error: pasting "AddScriptFunction___LINE___LuaHeroGetLevel" and "(" does not give a valid preprocessing token
  481 |   AddScriptFunction_##__LINE__##_##name##()                                                                                  \
      |   ^~~~~~~~~~~~~~~~~~
/home/vitaly/p/Prime-World/pw/branches/r1117/Src/PF_GameLogic/LuaScript.cpp:491:1: note: in expansion of macro ‘ADD_LUA2CPP_FUNCTION’
  491 | ADD_LUA2CPP_FUNCTION(name)                                                                                                   \
      | ^~~~~~~~~~~~~~~~~~~~
/home/vitaly/p/Prime-World/pw/branches/r1117/Src/PF_GameLogic/LuaScript.cpp:507:3: note: in expansion of macro ‘_START_LUA2CPP_FUNCTION_HEAD’
  507 |   _START_LUA2CPP_FUNCTION_HEAD( name, 1 )                                                                                    \
      |   ^~~~~~~~~~~~~~~~~~~~~~~~~~~~
/home/vitaly/p/Prime-World/pw/branches/r1117/Src/PF_GameLogic/LuaScript.cpp:1423:1: note: in expansion of macro ‘START_LUA2CPP_FUNCTION_ARG1’
 1423 | START_LUA2CPP_FUNCTION_ARG1( LuaHeroGetLevel, const char* )
      | ^~~~~~~~~~~~~~~~~~~~~~~~~~~
/home/vitaly/p/Prime-World/pw/branches/r1117/Src/PF_GameLogic/LuaScript.cpp:485:3: error: pasting "addScriptFunction___LINE___LuaHeroGetLevel" and ";" does not give a valid preprocessing token
  485 | } addScriptFunction_##__LINE__##_##name##;
      |   ^~~~~~~~~~~~~~~~~~
/home/vitaly/p/Prime-World/pw/branches/r1117/Src/PF_GameLogic/LuaScript.cpp:491:1: note: in expansion of macro ‘ADD_LUA2CPP_FUNCTION’
  491 | ADD_LUA2CPP_FUNCTION(name)                                                                                                   \
      | ^~~~~~~~~~~~~~~~~~~~
/home/vitaly/p/Prime-World/pw/branches/r1117/Src/PF_GameLogic/LuaScript.cpp:507:3: note: in expansion of macro ‘_START_LUA2CPP_FUNCTION_HEAD’
  507 |   _START_LUA2CPP_FUNCTION_HEAD( name, 1 )                                                                                    \
      |   ^~~~~~~~~~~~~~~~~~~~~~~~~~~~
/home/vitaly/p/Prime-World/pw/branches/r1117/Src/PF_GameLogic/LuaScript.cpp:1423:1: note: in expansion of macro ‘START_LUA2CPP_FUNCTION_ARG1’
 1423 | START_LUA2CPP_FUNCTION_ARG1( LuaHeroGetLevel, const char* )
      | ^~~~~~~~~~~~~~~~~~~~~~~~~~~
/home/vitaly/p/Prime-World/pw/branches/r1117/Src/PF_GameLogic/LuaScript.cpp:481:3: error: pasting "AddScriptFunction___LINE___LuaSpawnerGetLastWave" and "(" does not give a valid preprocessing token
  481 |   AddScriptFunction_##__LINE__##_##name##()                                                                                  \
      |   ^~~~~~~~~~~~~~~~~~
/home/vitaly/p/Prime-World/pw/branches/r1117/Src/PF_GameLogic/LuaScript.cpp:491:1: note: in expansion of macro ‘ADD_LUA2CPP_FUNCTION’
  491 | ADD_LUA2CPP_FUNCTION(name)                                                                                                   \
      | ^~~~~~~~~~~~~~~~~~~~
/home/vitaly/p/Prime-World/pw/branches/r1117/Src/PF_GameLogic/LuaScript.cpp:507:3: note: in expansion of macro ‘_START_LUA2CPP_FUNCTION_HEAD’
  507 |   _START_LUA2CPP_FUNCTION_HEAD( name, 1 )                                                                                    \
      |   ^~~~~~~~~~~~~~~~~~~~~~~~~~~~
/home/vitaly/p/Prime-World/pw/branches/r1117/Src/PF_GameLogic/LuaScript.cpp:1434:1: note: in expansion of macro ‘START_LUA2CPP_FUNCTION_ARG1’
 1434 | START_LUA2CPP_FUNCTION_ARG1( LuaSpawnerGetLastWave, const char* )
      | ^~~~~~~~~~~~~~~~~~~~~~~~~~~
/home/vitaly/p/Prime-World/pw/branches/r1117/Src/PF_GameLogic/LuaScript.cpp:485:3: error: pasting "addScriptFunction___LINE___LuaSpawnerGetLastWave" and ";" does not give a valid preprocessing token
  485 | } addScriptFunction_##__LINE__##_##name##;
      |   ^~~~~~~~~~~~~~~~~~
/home/vitaly/p/Prime-World/pw/branches/r1117/Src/PF_GameLogic/LuaScript.cpp:491:1: note: in expansion of macro ‘ADD_LUA2CPP_FUNCTION’
  491 | ADD_LUA2CPP_FUNCTION(name)                                                                                                   \
      | ^~~~~~~~~~~~~~~~~~~~
/home/vitaly/p/Prime-World/pw/branches/r1117/Src/PF_GameLogic/LuaScript.cpp:507:3: note: in expansion of macro ‘_START_LUA2CPP_FUNCTION_HEAD’
  507 |   _START_LUA2CPP_FUNCTION_HEAD( name, 1 )                                                                                    \
      |   ^~~~~~~~~~~~~~~~~~~~~~~~~~~~
/home/vitaly/p/Prime-World/pw/branches/r1117/Src/PF_GameLogic/LuaScript.cpp:1434:1: note: in expansion of macro ‘START_LUA2CPP_FUNCTION_ARG1’
 1434 | START_LUA2CPP_FUNCTION_ARG1( LuaSpawnerGetLastWave, const char* )
      | ^~~~~~~~~~~~~~~~~~~~~~~~~~~
/home/vitaly/p/Prime-World/pw/branches/r1117/Src/PF_GameLogic/LuaScript.cpp:481:3: error: pasting "AddScriptFunction___LINE___LuaSpawnerSpawnWave" and "(" does not give a valid preprocessing token
  481 |   AddScriptFunction_##__LINE__##_##name##()                                                                                  \
      |   ^~~~~~~~~~~~~~~~~~
/home/vitaly/p/Prime-World/pw/branches/r1117/Src/PF_GameLogic/LuaScript.cpp:491:1: note: in expansion of macro ‘ADD_LUA2CPP_FUNCTION’
  491 | ADD_LUA2CPP_FUNCTION(name)                                                                                                   \
      | ^~~~~~~~~~~~~~~~~~~~
/home/vitaly/p/Prime-World/pw/branches/r1117/Src/PF_GameLogic/LuaScript.cpp:507:3: note: in expansion of macro ‘_START_LUA2CPP_FUNCTION_HEAD’
  507 |   _START_LUA2CPP_FUNCTION_HEAD( name, 1 )                                                                                    \
      |   ^~~~~~~~~~~~~~~~~~~~~~~~~~~~
/home/vitaly/p/Prime-World/pw/branches/r1117/Src/PF_GameLogic/LuaScript.cpp:1450:1: note: in expansion of macro ‘START_LUA2CPP_FUNCTION_ARG1’
 1450 | START_LUA2CPP_FUNCTION_ARG1( LuaSpawnerSpawnWave, const char* )
      | ^~~~~~~~~~~~~~~~~~~~~~~~~~~
/home/vitaly/p/Prime-World/pw/branches/r1117/Src/PF_GameLogic/LuaScript.cpp:485:3: error: pasting "addScriptFunction___LINE___LuaSpawnerSpawnWave" and ";" does not give a valid preprocessing token
  485 | } addScriptFunction_##__LINE__##_##name##;
      |   ^~~~~~~~~~~~~~~~~~
/home/vitaly/p/Prime-World/pw/branches/r1117/Src/PF_GameLogic/LuaScript.cpp:491:1: note: in expansion of macro ‘ADD_LUA2CPP_FUNCTION’
  491 | ADD_LUA2CPP_FUNCTION(name)                                                                                                   \
      | ^~~~~~~~~~~~~~~~~~~~
/home/vitaly/p/Prime-World/pw/branches/r1117/Src/PF_GameLogic/LuaScript.cpp:507:3: note: in expansion of macro ‘_START_LUA2CPP_FUNCTION_HEAD’
  507 |   _START_LUA2CPP_FUNCTION_HEAD( name, 1 )                                                                                    \
      |   ^~~~~~~~~~~~~~~~~~~~~~~~~~~~
/home/vitaly/p/Prime-World/pw/branches/r1117/Src/PF_GameLogic/LuaScript.cpp:1450:1: note: in expansion of macro ‘START_LUA2CPP_FUNCTION_ARG1’
 1450 | START_LUA2CPP_FUNCTION_ARG1( LuaSpawnerSpawnWave, const char* )
      | ^~~~~~~~~~~~~~~~~~~~~~~~~~~
/home/vitaly/p/Prime-World/pw/branches/r1117/Src/PF_GameLogic/LuaScript.cpp:481:3: error: pasting "AddScriptFunction___LINE___LuaCameraMoveToPos" and "(" does not give a valid preprocessing token
  481 |   AddScriptFunction_##__LINE__##_##name##()                                                                                  \
      |   ^~~~~~~~~~~~~~~~~~
/home/vitaly/p/Prime-World/pw/branches/r1117/Src/PF_GameLogic/LuaScript.cpp:491:1: note: in expansion of macro ‘ADD_LUA2CPP_FUNCTION’
  491 | ADD_LUA2CPP_FUNCTION(name)                                                                                                   \
      | ^~~~~~~~~~~~~~~~~~~~
/home/vitaly/p/Prime-World/pw/branches/r1117/Src/PF_GameLogic/LuaScript.cpp:512:3: note: in expansion of macro ‘_START_LUA2CPP_FUNCTION_HEAD’
  512 |   _START_LUA2CPP_FUNCTION_HEAD( name, 2 )                                                                                    \
      |   ^~~~~~~~~~~~~~~~~~~~~~~~~~~~
/home/vitaly/p/Prime-World/pw/branches/r1117/Src/PF_GameLogic/LuaScript.cpp:1469:1: note: in expansion of macro ‘START_LUA2CPP_FUNCTION_ARG2’
 1469 | START_LUA2CPP_FUNCTION_ARG2( LuaCameraMoveToPos, float, float )
      | ^~~~~~~~~~~~~~~~~~~~~~~~~~~
/home/vitaly/p/Prime-World/pw/branches/r1117/Src/PF_GameLogic/LuaScript.cpp:485:3: error: pasting "addScriptFunction___LINE___LuaCameraMoveToPos" and ";" does not give a valid preprocessing token
  485 | } addScriptFunction_##__LINE__##_##name##;
      |   ^~~~~~~~~~~~~~~~~~
/home/vitaly/p/Prime-World/pw/branches/r1117/Src/PF_GameLogic/LuaScript.cpp:491:1: note: in expansion of macro ‘ADD_LUA2CPP_FUNCTION’
  491 | ADD_LUA2CPP_FUNCTION(name)                                                                                                   \
      | ^~~~~~~~~~~~~~~~~~~~
/home/vitaly/p/Prime-World/pw/branches/r1117/Src/PF_GameLogic/LuaScript.cpp:512:3: note: in expansion of macro ‘_START_LUA2CPP_FUNCTION_HEAD’
  512 |   _START_LUA2CPP_FUNCTION_HEAD( name, 2 )                                                                                    \
      |   ^~~~~~~~~~~~~~~~~~~~~~~~~~~~
/home/vitaly/p/Prime-World/pw/branches/r1117/Src/PF_GameLogic/LuaScript.cpp:1469:1: note: in expansion of macro ‘START_LUA2CPP_FUNCTION_ARG2’
 1469 | START_LUA2CPP_FUNCTION_ARG2( LuaCameraMoveToPos, float, float )
      | ^~~~~~~~~~~~~~~~~~~~~~~~~~~
/home/vitaly/p/Prime-World/pw/branches/r1117/Src/PF_GameLogic/LuaScript.cpp:481:3: error: pasting "AddScriptFunction___LINE___LuaSetCameraFree" and "(" does not give a valid preprocessing token
  481 |   AddScriptFunction_##__LINE__##_##name##()                                                                                  \
      |   ^~~~~~~~~~~~~~~~~~
/home/vitaly/p/Prime-World/pw/branches/r1117/Src/PF_GameLogic/LuaScript.cpp:491:1: note: in expansion of macro ‘ADD_LUA2CPP_FUNCTION’
  491 | ADD_LUA2CPP_FUNCTION(name)                                                                                                   \
      | ^~~~~~~~~~~~~~~~~~~~
/home/vitaly/p/Prime-World/pw/branches/r1117/Src/PF_GameLogic/LuaScript.cpp:512:3: note: in expansion of macro ‘_START_LUA2CPP_FUNCTION_HEAD’
  512 |   _START_LUA2CPP_FUNCTION_HEAD( name, 2 )                                                                                    \
      |   ^~~~~~~~~~~~~~~~~~~~~~~~~~~~
/home/vitaly/p/Prime-World/pw/branches/r1117/Src/PF_GameLogic/LuaScript.cpp:1480:1: note: in expansion of macro ‘START_LUA2CPP_FUNCTION_ARG2’
 1480 | START_LUA2CPP_FUNCTION_ARG2( LuaSetCameraFree, const char*, int )
      | ^~~~~~~~~~~~~~~~~~~~~~~~~~~
/home/vitaly/p/Prime-World/pw/branches/r1117/Src/PF_GameLogic/LuaScript.cpp:485:3: error: pasting "addScriptFunction___LINE___LuaSetCameraFree" and ";" does not give a valid preprocessing token
  485 | } addScriptFunction_##__LINE__##_##name##;
      |   ^~~~~~~~~~~~~~~~~~
/home/vitaly/p/Prime-World/pw/branches/r1117/Src/PF_GameLogic/LuaScript.cpp:491:1: note: in expansion of macro ‘ADD_LUA2CPP_FUNCTION’
  491 | ADD_LUA2CPP_FUNCTION(name)                                                                                                   \
      | ^~~~~~~~~~~~~~~~~~~~
/home/vitaly/p/Prime-World/pw/branches/r1117/Src/PF_GameLogic/LuaScript.cpp:512:3: note: in expansion of macro ‘_START_LUA2CPP_FUNCTION_HEAD’
  512 |   _START_LUA2CPP_FUNCTION_HEAD( name, 2 )                                                                                    \
      |   ^~~~~~~~~~~~~~~~~~~~~~~~~~~~
/home/vitaly/p/Prime-World/pw/branches/r1117/Src/PF_GameLogic/LuaScript.cpp:1480:1: note: in expansion of macro ‘START_LUA2CPP_FUNCTION_ARG2’
 1480 | START_LUA2CPP_FUNCTION_ARG2( LuaSetCameraFree, const char*, int )
      | ^~~~~~~~~~~~~~~~~~~~~~~~~~~
/home/vitaly/p/Prime-World/pw/branches/r1117/Src/PF_GameLogic/LuaScript.cpp:481:3: error: pasting "AddScriptFunction___LINE___LuaUnSetCameraFree" and "(" does not give a valid preprocessing token
  481 |   AddScriptFunction_##__LINE__##_##name##()                                                                                  \
      |   ^~~~~~~~~~~~~~~~~~
/home/vitaly/p/Prime-World/pw/branches/r1117/Src/PF_GameLogic/LuaScript.cpp:491:1: note: in expansion of macro ‘ADD_LUA2CPP_FUNCTION’
  491 | ADD_LUA2CPP_FUNCTION(name)                                                                                                   \
      | ^~~~~~~~~~~~~~~~~~~~
/home/vitaly/p/Prime-World/pw/branches/r1117/Src/PF_GameLogic/LuaScript.cpp:503:3: note: in expansion of macro ‘_START_LUA2CPP_FUNCTION_HEAD’
  503 |   _START_LUA2CPP_FUNCTION_HEAD( name, 0 )
      |   ^~~~~~~~~~~~~~~~~~~~~~~~~~~~
/home/vitaly/p/Prime-World/pw/branches/r1117/Src/PF_GameLogic/LuaScript.cpp:1505:1: note: in expansion of macro ‘START_LUA2CPP_FUNCTION’
 1505 | START_LUA2CPP_FUNCTION( LuaUnSetCameraFree )
      | ^~~~~~~~~~~~~~~~~~~~~~
/home/vitaly/p/Prime-World/pw/branches/r1117/Src/PF_GameLogic/LuaScript.cpp:485:3: error: pasting "addScriptFunction___LINE___LuaUnSetCameraFree" and ";" does not give a valid preprocessing token
  485 | } addScriptFunction_##__LINE__##_##name##;
      |   ^~~~~~~~~~~~~~~~~~
/home/vitaly/p/Prime-World/pw/branches/r1117/Src/PF_GameLogic/LuaScript.cpp:491:1: note: in expansion of macro ‘ADD_LUA2CPP_FUNCTION’
  491 | ADD_LUA2CPP_FUNCTION(name)                                                                                                   \
      | ^~~~~~~~~~~~~~~~~~~~
/home/vitaly/p/Prime-World/pw/branches/r1117/Src/PF_GameLogic/LuaScript.cpp:503:3: note: in expansion of macro ‘_START_LUA2CPP_FUNCTION_HEAD’
  503 |   _START_LUA2CPP_FUNCTION_HEAD( name, 0 )
      |   ^~~~~~~~~~~~~~~~~~~~~~~~~~~~
/home/vitaly/p/Prime-World/pw/branches/r1117/Src/PF_GameLogic/LuaScript.cpp:1505:1: note: in expansion of macro ‘START_LUA2CPP_FUNCTION’
 1505 | START_LUA2CPP_FUNCTION( LuaUnSetCameraFree )
      | ^~~~~~~~~~~~~~~~~~~~~~
/home/vitaly/p/Prime-World/pw/branches/r1117/Src/PF_GameLogic/LuaScript.cpp:481:3: error: pasting "AddScriptFunction___LINE___LuaCameraMoveToUnit" and "(" does not give a valid preprocessing token
  481 |   AddScriptFunction_##__LINE__##_##name##()                                                                                  \
      |   ^~~~~~~~~~~~~~~~~~
/home/vitaly/p/Prime-World/pw/branches/r1117/Src/PF_GameLogic/LuaScript.cpp:491:1: note: in expansion of macro ‘ADD_LUA2CPP_FUNCTION’
  491 | ADD_LUA2CPP_FUNCTION(name)                                                                                                   \
      | ^~~~~~~~~~~~~~~~~~~~
/home/vitaly/p/Prime-World/pw/branches/r1117/Src/PF_GameLogic/LuaScript.cpp:507:3: note: in expansion of macro ‘_START_LUA2CPP_FUNCTION_HEAD’
  507 |   _START_LUA2CPP_FUNCTION_HEAD( name, 1 )                                                                                    \
      |   ^~~~~~~~~~~~~~~~~~~~~~~~~~~~
/home/vitaly/p/Prime-World/pw/branches/r1117/Src/PF_GameLogic/LuaScript.cpp:1514:1: note: in expansion of macro ‘START_LUA2CPP_FUNCTION_ARG1’
 1514 | START_LUA2CPP_FUNCTION_ARG1( LuaCameraMoveToUnit, const char* )
      | ^~~~~~~~~~~~~~~~~~~~~~~~~~~
/home/vitaly/p/Prime-World/pw/branches/r1117/Src/PF_GameLogic/LuaScript.cpp:485:3: error: pasting "addScriptFunction___LINE___LuaCameraMoveToUnit" and ";" does not give a valid preprocessing token
  485 | } addScriptFunction_##__LINE__##_##name##;
      |   ^~~~~~~~~~~~~~~~~~
/home/vitaly/p/Prime-World/pw/branches/r1117/Src/PF_GameLogic/LuaScript.cpp:491:1: note: in expansion of macro ‘ADD_LUA2CPP_FUNCTION’
  491 | ADD_LUA2CPP_FUNCTION(name)                                                                                                   \
      | ^~~~~~~~~~~~~~~~~~~~
/home/vitaly/p/Prime-World/pw/branches/r1117/Src/PF_GameLogic/LuaScript.cpp:507:3: note: in expansion of macro ‘_START_LUA2CPP_FUNCTION_HEAD’
  507 |   _START_LUA2CPP_FUNCTION_HEAD( name, 1 )                                                                                    \
      |   ^~~~~~~~~~~~~~~~~~~~~~~~~~~~
/home/vitaly/p/Prime-World/pw/branches/r1117/Src/PF_GameLogic/LuaScript.cpp:1514:1: note: in expansion of macro ‘START_LUA2CPP_FUNCTION_ARG1’
 1514 | START_LUA2CPP_FUNCTION_ARG1( LuaCameraMoveToUnit, const char* )
      | ^~~~~~~~~~~~~~~~~~~~~~~~~~~
/home/vitaly/p/Prime-World/pw/branches/r1117/Src/PF_GameLogic/LuaScript.cpp:481:3: error: pasting "AddScriptFunction___LINE___LuaCameraObserveUnit" and "(" does not give a valid preprocessing token
  481 |   AddScriptFunction_##__LINE__##_##name##()                                                                                  \
      |   ^~~~~~~~~~~~~~~~~~
/home/vitaly/p/Prime-World/pw/branches/r1117/Src/PF_GameLogic/LuaScript.cpp:491:1: note: in expansion of macro ‘ADD_LUA2CPP_FUNCTION’
  491 | ADD_LUA2CPP_FUNCTION(name)                                                                                                   \
      | ^~~~~~~~~~~~~~~~~~~~
/home/vitaly/p/Prime-World/pw/branches/r1117/Src/PF_GameLogic/LuaScript.cpp:507:3: note: in expansion of macro ‘_START_LUA2CPP_FUNCTION_HEAD’
  507 |   _START_LUA2CPP_FUNCTION_HEAD( name, 1 )                                                                                    \
      |   ^~~~~~~~~~~~~~~~~~~~~~~~~~~~
/home/vitaly/p/Prime-World/pw/branches/r1117/Src/PF_GameLogic/LuaScript.cpp:1528:1: note: in expansion of macro ‘START_LUA2CPP_FUNCTION_ARG1’
 1528 | START_LUA2CPP_FUNCTION_ARG1( LuaCameraObserveUnit, const char* )
      | ^~~~~~~~~~~~~~~~~~~~~~~~~~~
/home/vitaly/p/Prime-World/pw/branches/r1117/Src/PF_GameLogic/LuaScript.cpp:485:3: error: pasting "addScriptFunction___LINE___LuaCameraObserveUnit" and ";" does not give a valid preprocessing token
  485 | } addScriptFunction_##__LINE__##_##name##;
      |   ^~~~~~~~~~~~~~~~~~
/home/vitaly/p/Prime-World/pw/branches/r1117/Src/PF_GameLogic/LuaScript.cpp:491:1: note: in expansion of macro ‘ADD_LUA2CPP_FUNCTION’
  491 | ADD_LUA2CPP_FUNCTION(name)                                                                                                   \
      | ^~~~~~~~~~~~~~~~~~~~
/home/vitaly/p/Prime-World/pw/branches/r1117/Src/PF_GameLogic/LuaScript.cpp:507:3: note: in expansion of macro ‘_START_LUA2CPP_FUNCTION_HEAD’
  507 |   _START_LUA2CPP_FUNCTION_HEAD( name, 1 )                                                                                    \
      |   ^~~~~~~~~~~~~~~~~~~~~~~~~~~~
/home/vitaly/p/Prime-World/pw/branches/r1117/Src/PF_GameLogic/LuaScript.cpp:1528:1: note: in expansion of macro ‘START_LUA2CPP_FUNCTION_ARG1’
 1528 | START_LUA2CPP_FUNCTION_ARG1( LuaCameraObserveUnit, const char* )
      | ^~~~~~~~~~~~~~~~~~~~~~~~~~~
/home/vitaly/p/Prime-World/pw/branches/r1117/Src/PF_GameLogic/LuaScript.cpp:481:3: error: pasting "AddScriptFunction___LINE___LuaCameraMoveToPosTimed" and "(" does not give a valid preprocessing token
  481 |   AddScriptFunction_##__LINE__##_##name##()                                                                                  \
      |   ^~~~~~~~~~~~~~~~~~
/home/vitaly/p/Prime-World/pw/branches/r1117/Src/PF_GameLogic/LuaScript.cpp:491:1: note: in expansion of macro ‘ADD_LUA2CPP_FUNCTION’
  491 | ADD_LUA2CPP_FUNCTION(name)                                                                                                   \
      | ^~~~~~~~~~~~~~~~~~~~
/home/vitaly/p/Prime-World/pw/branches/r1117/Src/PF_GameLogic/LuaScript.cpp:518:3: note: in expansion of macro ‘_START_LUA2CPP_FUNCTION_HEAD’
  518 |   _START_LUA2CPP_FUNCTION_HEAD( name, 3 )                                                                                    \
      |   ^~~~~~~~~~~~~~~~~~~~~~~~~~~~
/home/vitaly/p/Prime-World/pw/branches/r1117/Src/PF_GameLogic/LuaScript.cpp:1550:1: note: in expansion of macro ‘START_LUA2CPP_FUNCTION_ARG3’
 1550 | START_LUA2CPP_FUNCTION_ARG3( LuaCameraMoveToPosTimed, float, float, float )
      | ^~~~~~~~~~~~~~~~~~~~~~~~~~~
/home/vitaly/p/Prime-World/pw/branches/r1117/Src/PF_GameLogic/LuaScript.cpp:485:3: error: pasting "addScriptFunction___LINE___LuaCameraMoveToPosTimed" and ";" does not give a valid preprocessing token
  485 | } addScriptFunction_##__LINE__##_##name##;
      |   ^~~~~~~~~~~~~~~~~~
/home/vitaly/p/Prime-World/pw/branches/r1117/Src/PF_GameLogic/LuaScript.cpp:491:1: note: in expansion of macro ‘ADD_LUA2CPP_FUNCTION’
  491 | ADD_LUA2CPP_FUNCTION(name)                                                                                                   \
      | ^~~~~~~~~~~~~~~~~~~~
/home/vitaly/p/Prime-World/pw/branches/r1117/Src/PF_GameLogic/LuaScript.cpp:518:3: note: in expansion of macro ‘_START_LUA2CPP_FUNCTION_HEAD’
  518 |   _START_LUA2CPP_FUNCTION_HEAD( name, 3 )                                                                                    \
      |   ^~~~~~~~~~~~~~~~~~~~~~~~~~~~
/home/vitaly/p/Prime-World/pw/branches/r1117/Src/PF_GameLogic/LuaScript.cpp:1550:1: note: in expansion of macro ‘START_LUA2CPP_FUNCTION_ARG3’
 1550 | START_LUA2CPP_FUNCTION_ARG3( LuaCameraMoveToPosTimed, float, float, float )
      | ^~~~~~~~~~~~~~~~~~~~~~~~~~~
/home/vitaly/p/Prime-World/pw/branches/r1117/Src/PF_GameLogic/LuaScript.cpp:481:3: error: pasting "AddScriptFunction___LINE___LuaCameraMoveToPosTimed2" and "(" does not give a valid preprocessing token
  481 |   AddScriptFunction_##__LINE__##_##name##()                                                                                  \
      |   ^~~~~~~~~~~~~~~~~~
/home/vitaly/p/Prime-World/pw/branches/r1117/Src/PF_GameLogic/LuaScript.cpp:491:1: note: in expansion of macro ‘ADD_LUA2CPP_FUNCTION’
  491 | ADD_LUA2CPP_FUNCTION(name)                                                                                                   \
      | ^~~~~~~~~~~~~~~~~~~~
/home/vitaly/p/Prime-World/pw/branches/r1117/Src/PF_GameLogic/LuaScript.cpp:533:3: note: in expansion of macro ‘_START_LUA2CPP_FUNCTION_HEAD’
  533 |   _START_LUA2CPP_FUNCTION_HEAD( name, 5 )                                                                                    \
      |   ^~~~~~~~~~~~~~~~~~~~~~~~~~~~
/home/vitaly/p/Prime-World/pw/branches/r1117/Src/PF_GameLogic/LuaScript.cpp:1605:1: note: in expansion of macro ‘START_LUA2CPP_FUNCTION_ARG5’
 1605 | START_LUA2CPP_FUNCTION_ARG5( LuaCameraMoveToPosTimed2, float, float, float, float, float )
      | ^~~~~~~~~~~~~~~~~~~~~~~~~~~
/home/vitaly/p/Prime-World/pw/branches/r1117/Src/PF_GameLogic/LuaScript.cpp:485:3: error: pasting "addScriptFunction___LINE___LuaCameraMoveToPosTimed2" and ";" does not give a valid preprocessing token
  485 | } addScriptFunction_##__LINE__##_##name##;
      |   ^~~~~~~~~~~~~~~~~~
/home/vitaly/p/Prime-World/pw/branches/r1117/Src/PF_GameLogic/LuaScript.cpp:491:1: note: in expansion of macro ‘ADD_LUA2CPP_FUNCTION’
  491 | ADD_LUA2CPP_FUNCTION(name)                                                                                                   \
      | ^~~~~~~~~~~~~~~~~~~~
/home/vitaly/p/Prime-World/pw/branches/r1117/Src/PF_GameLogic/LuaScript.cpp:533:3: note: in expansion of macro ‘_START_LUA2CPP_FUNCTION_HEAD’
  533 |   _START_LUA2CPP_FUNCTION_HEAD( name, 5 )                                                                                    \
      |   ^~~~~~~~~~~~~~~~~~~~~~~~~~~~
/home/vitaly/p/Prime-World/pw/branches/r1117/Src/PF_GameLogic/LuaScript.cpp:1605:1: note: in expansion of macro ‘START_LUA2CPP_FUNCTION_ARG5’
 1605 | START_LUA2CPP_FUNCTION_ARG5( LuaCameraMoveToPosTimed2, float, float, float, float, float )
      | ^~~~~~~~~~~~~~~~~~~~~~~~~~~
/home/vitaly/p/Prime-World/pw/branches/r1117/Src/PF_GameLogic/LuaScript.cpp:481:3: error: pasting "AddScriptFunction___LINE___LuaCameraGetPos" and "(" does not give a valid preprocessing token
  481 |   AddScriptFunction_##__LINE__##_##name##()                                                                                  \
      |   ^~~~~~~~~~~~~~~~~~
/home/vitaly/p/Prime-World/pw/branches/r1117/Src/PF_GameLogic/LuaScript.cpp:491:1: note: in expansion of macro ‘ADD_LUA2CPP_FUNCTION’
  491 | ADD_LUA2CPP_FUNCTION(name)                                                                                                   \
      | ^~~~~~~~~~~~~~~~~~~~
/home/vitaly/p/Prime-World/pw/branches/r1117/Src/PF_GameLogic/LuaScript.cpp:503:3: note: in expansion of macro ‘_START_LUA2CPP_FUNCTION_HEAD’
  503 |   _START_LUA2CPP_FUNCTION_HEAD( name, 0 )
      |   ^~~~~~~~~~~~~~~~~~~~~~~~~~~~
/home/vitaly/p/Prime-World/pw/branches/r1117/Src/PF_GameLogic/LuaScript.cpp:1659:1: note: in expansion of macro ‘START_LUA2CPP_FUNCTION’
 1659 | START_LUA2CPP_FUNCTION( LuaCameraGetPos )
      | ^~~~~~~~~~~~~~~~~~~~~~
/home/vitaly/p/Prime-World/pw/branches/r1117/Src/PF_GameLogic/LuaScript.cpp:485:3: error: pasting "addScriptFunction___LINE___LuaCameraGetPos" and ";" does not give a valid preprocessing token
  485 | } addScriptFunction_##__LINE__##_##name##;
      |   ^~~~~~~~~~~~~~~~~~
/home/vitaly/p/Prime-World/pw/branches/r1117/Src/PF_GameLogic/LuaScript.cpp:491:1: note: in expansion of macro ‘ADD_LUA2CPP_FUNCTION’
  491 | ADD_LUA2CPP_FUNCTION(name)                                                                                                   \
      | ^~~~~~~~~~~~~~~~~~~~
/home/vitaly/p/Prime-World/pw/branches/r1117/Src/PF_GameLogic/LuaScript.cpp:503:3: note: in expansion of macro ‘_START_LUA2CPP_FUNCTION_HEAD’
  503 |   _START_LUA2CPP_FUNCTION_HEAD( name, 0 )
      |   ^~~~~~~~~~~~~~~~~~~~~~~~~~~~
/home/vitaly/p/Prime-World/pw/branches/r1117/Src/PF_GameLogic/LuaScript.cpp:1659:1: note: in expansion of macro ‘START_LUA2CPP_FUNCTION’
 1659 | START_LUA2CPP_FUNCTION( LuaCameraGetPos )
      | ^~~~~~~~~~~~~~~~~~~~~~
/home/vitaly/p/Prime-World/pw/branches/r1117/Src/PF_GameLogic/LuaScript.cpp:481:3: error: pasting "AddScriptFunction___LINE___LuaCameraLock" and "(" does not give a valid preprocessing token
  481 |   AddScriptFunction_##__LINE__##_##name##()                                                                                  \
      |   ^~~~~~~~~~~~~~~~~~
/home/vitaly/p/Prime-World/pw/branches/r1117/Src/PF_GameLogic/LuaScript.cpp:491:1: note: in expansion of macro ‘ADD_LUA2CPP_FUNCTION’
  491 | ADD_LUA2CPP_FUNCTION(name)                                                                                                   \
      | ^~~~~~~~~~~~~~~~~~~~
/home/vitaly/p/Prime-World/pw/branches/r1117/Src/PF_GameLogic/LuaScript.cpp:507:3: note: in expansion of macro ‘_START_LUA2CPP_FUNCTION_HEAD’
  507 |   _START_LUA2CPP_FUNCTION_HEAD( name, 1 )                                                                                    \
      |   ^~~~~~~~~~~~~~~~~~~~~~~~~~~~
/home/vitaly/p/Prime-World/pw/branches/r1117/Src/PF_GameLogic/LuaScript.cpp:1672:1: note: in expansion of macro ‘START_LUA2CPP_FUNCTION_ARG1’
 1672 | START_LUA2CPP_FUNCTION_ARG1( LuaCameraLock, bool )
      | ^~~~~~~~~~~~~~~~~~~~~~~~~~~
/home/vitaly/p/Prime-World/pw/branches/r1117/Src/PF_GameLogic/LuaScript.cpp:485:3: error: pasting "addScriptFunction___LINE___LuaCameraLock" and ";" does not give a valid preprocessing token
  485 | } addScriptFunction_##__LINE__##_##name##;
      |   ^~~~~~~~~~~~~~~~~~
/home/vitaly/p/Prime-World/pw/branches/r1117/Src/PF_GameLogic/LuaScript.cpp:491:1: note: in expansion of macro ‘ADD_LUA2CPP_FUNCTION’
  491 | ADD_LUA2CPP_FUNCTION(name)                                                                                                   \
      | ^~~~~~~~~~~~~~~~~~~~
/home/vitaly/p/Prime-World/pw/branches/r1117/Src/PF_GameLogic/LuaScript.cpp:507:3: note: in expansion of macro ‘_START_LUA2CPP_FUNCTION_HEAD’
  507 |   _START_LUA2CPP_FUNCTION_HEAD( name, 1 )                                                                                    \
      |   ^~~~~~~~~~~~~~~~~~~~~~~~~~~~
/home/vitaly/p/Prime-World/pw/branches/r1117/Src/PF_GameLogic/LuaScript.cpp:1672:1: note: in expansion of macro ‘START_LUA2CPP_FUNCTION_ARG1’
 1672 | START_LUA2CPP_FUNCTION_ARG1( LuaCameraLock, bool )
      | ^~~~~~~~~~~~~~~~~~~~~~~~~~~
/home/vitaly/p/Prime-World/pw/branches/r1117/Src/PF_GameLogic/LuaScript.cpp:481:3: error: pasting "AddScriptFunction___LINE___LuaSetManualGameFinish" and "(" does not give a valid preprocessing token
  481 |   AddScriptFunction_##__LINE__##_##name##()                                                                                  \
      |   ^~~~~~~~~~~~~~~~~~
/home/vitaly/p/Prime-World/pw/branches/r1117/Src/PF_GameLogic/LuaScript.cpp:491:1: note: in expansion of macro ‘ADD_LUA2CPP_FUNCTION’
  491 | ADD_LUA2CPP_FUNCTION(name)                                                                                                   \
      | ^~~~~~~~~~~~~~~~~~~~
/home/vitaly/p/Prime-World/pw/branches/r1117/Src/PF_GameLogic/LuaScript.cpp:507:3: note: in expansion of macro ‘_START_LUA2CPP_FUNCTION_HEAD’
  507 |   _START_LUA2CPP_FUNCTION_HEAD( name, 1 )                                                                                    \
      |   ^~~~~~~~~~~~~~~~~~~~~~~~~~~~
/home/vitaly/p/Prime-World/pw/branches/r1117/Src/PF_GameLogic/LuaScript.cpp:1684:1: note: in expansion of macro ‘START_LUA2CPP_FUNCTION_ARG1’
 1684 | START_LUA2CPP_FUNCTION_ARG1( LuaSetManualGameFinish, bool )
      | ^~~~~~~~~~~~~~~~~~~~~~~~~~~
/home/vitaly/p/Prime-World/pw/branches/r1117/Src/PF_GameLogic/LuaScript.cpp:485:3: error: pasting "addScriptFunction___LINE___LuaSetManualGameFinish" and ";" does not give a valid preprocessing token
  485 | } addScriptFunction_##__LINE__##_##name##;
      |   ^~~~~~~~~~~~~~~~~~
/home/vitaly/p/Prime-World/pw/branches/r1117/Src/PF_GameLogic/LuaScript.cpp:491:1: note: in expansion of macro ‘ADD_LUA2CPP_FUNCTION’
  491 | ADD_LUA2CPP_FUNCTION(name)                                                                                                   \
      | ^~~~~~~~~~~~~~~~~~~~
/home/vitaly/p/Prime-World/pw/branches/r1117/Src/PF_GameLogic/LuaScript.cpp:507:3: note: in expansion of macro ‘_START_LUA2CPP_FUNCTION_HEAD’
  507 |   _START_LUA2CPP_FUNCTION_HEAD( name, 1 )                                                                                    \
      |   ^~~~~~~~~~~~~~~~~~~~~~~~~~~~
/home/vitaly/p/Prime-World/pw/branches/r1117/Src/PF_GameLogic/LuaScript.cpp:1684:1: note: in expansion of macro ‘START_LUA2CPP_FUNCTION_ARG1’
 1684 | START_LUA2CPP_FUNCTION_ARG1( LuaSetManualGameFinish, bool )
      | ^~~~~~~~~~~~~~~~~~~~~~~~~~~
/home/vitaly/p/Prime-World/pw/branches/r1117/Src/PF_GameLogic/LuaScript.cpp:481:3: error: pasting "AddScriptFunction___LINE___LuaGameFinish" and "(" does not give a valid preprocessing token
  481 |   AddScriptFunction_##__LINE__##_##name##()                                                                                  \
      |   ^~~~~~~~~~~~~~~~~~
/home/vitaly/p/Prime-World/pw/branches/r1117/Src/PF_GameLogic/LuaScript.cpp:491:1: note: in expansion of macro ‘ADD_LUA2CPP_FUNCTION’
  491 | ADD_LUA2CPP_FUNCTION(name)                                                                                                   \
      | ^~~~~~~~~~~~~~~~~~~~
/home/vitaly/p/Prime-World/pw/branches/r1117/Src/PF_GameLogic/LuaScript.cpp:507:3: note: in expansion of macro ‘_START_LUA2CPP_FUNCTION_HEAD’
  507 |   _START_LUA2CPP_FUNCTION_HEAD( name, 1 )                                                                                    \
      |   ^~~~~~~~~~~~~~~~~~~~~~~~~~~~
/home/vitaly/p/Prime-World/pw/branches/r1117/Src/PF_GameLogic/LuaScript.cpp:1699:1: note: in expansion of macro ‘START_LUA2CPP_FUNCTION_ARG1’
 1699 | START_LUA2CPP_FUNCTION_ARG1( LuaGameFinish, int )
      | ^~~~~~~~~~~~~~~~~~~~~~~~~~~
/home/vitaly/p/Prime-World/pw/branches/r1117/Src/PF_GameLogic/LuaScript.cpp:485:3: error: pasting "addScriptFunction___LINE___LuaGameFinish" and ";" does not give a valid preprocessing token
  485 | } addScriptFunction_##__LINE__##_##name##;
      |   ^~~~~~~~~~~~~~~~~~
/home/vitaly/p/Prime-World/pw/branches/r1117/Src/PF_GameLogic/LuaScript.cpp:491:1: note: in expansion of macro ‘ADD_LUA2CPP_FUNCTION’
  491 | ADD_LUA2CPP_FUNCTION(name)                                                                                                   \
      | ^~~~~~~~~~~~~~~~~~~~
/home/vitaly/p/Prime-World/pw/branches/r1117/Src/PF_GameLogic/LuaScript.cpp:507:3: note: in expansion of macro ‘_START_LUA2CPP_FUNCTION_HEAD’
  507 |   _START_LUA2CPP_FUNCTION_HEAD( name, 1 )                                                                                    \
      |   ^~~~~~~~~~~~~~~~~~~~~~~~~~~~
/home/vitaly/p/Prime-World/pw/branches/r1117/Src/PF_GameLogic/LuaScript.cpp:1699:1: note: in expansion of macro ‘START_LUA2CPP_FUNCTION_ARG1’
 1699 | START_LUA2CPP_FUNCTION_ARG1( LuaGameFinish, int )
      | ^~~~~~~~~~~~~~~~~~~~~~~~~~~
/home/vitaly/p/Prime-World/pw/branches/r1117/Src/PF_GameLogic/LuaScript.cpp:481:3: error: pasting "AddScriptFunction___LINE___LuaSetAchievmentsEnabled" and "(" does not give a valid preprocessing token
  481 |   AddScriptFunction_##__LINE__##_##name##()                                                                                  \
      |   ^~~~~~~~~~~~~~~~~~
/home/vitaly/p/Prime-World/pw/branches/r1117/Src/PF_GameLogic/LuaScript.cpp:491:1: note: in expansion of macro ‘ADD_LUA2CPP_FUNCTION’
  491 | ADD_LUA2CPP_FUNCTION(name)                                                                                                   \
      | ^~~~~~~~~~~~~~~~~~~~
/home/vitaly/p/Prime-World/pw/branches/r1117/Src/PF_GameLogic/LuaScript.cpp:507:3: note: in expansion of macro ‘_START_LUA2CPP_FUNCTION_HEAD’
  507 |   _START_LUA2CPP_FUNCTION_HEAD( name, 1 )                                                                                    \
      |   ^~~~~~~~~~~~~~~~~~~~~~~~~~~~
/home/vitaly/p/Prime-World/pw/branches/r1117/Src/PF_GameLogic/LuaScript.cpp:1714:1: note: in expansion of macro ‘START_LUA2CPP_FUNCTION_ARG1’
 1714 | START_LUA2CPP_FUNCTION_ARG1( LuaSetAchievmentsEnabled, bool )
      | ^~~~~~~~~~~~~~~~~~~~~~~~~~~
/home/vitaly/p/Prime-World/pw/branches/r1117/Src/PF_GameLogic/LuaScript.cpp:485:3: error: pasting "addScriptFunction___LINE___LuaSetAchievmentsEnabled" and ";" does not give a valid preprocessing token
  485 | } addScriptFunction_##__LINE__##_##name##;
      |   ^~~~~~~~~~~~~~~~~~
/home/vitaly/p/Prime-World/pw/branches/r1117/Src/PF_GameLogic/LuaScript.cpp:491:1: note: in expansion of macro ‘ADD_LUA2CPP_FUNCTION’
  491 | ADD_LUA2CPP_FUNCTION(name)                                                                                                   \
      | ^~~~~~~~~~~~~~~~~~~~
/home/vitaly/p/Prime-World/pw/branches/r1117/Src/PF_GameLogic/LuaScript.cpp:507:3: note: in expansion of macro ‘_START_LUA2CPP_FUNCTION_HEAD’
  507 |   _START_LUA2CPP_FUNCTION_HEAD( name, 1 )                                                                                    \
      |   ^~~~~~~~~~~~~~~~~~~~~~~~~~~~
/home/vitaly/p/Prime-World/pw/branches/r1117/Src/PF_GameLogic/LuaScript.cpp:1714:1: note: in expansion of macro ‘START_LUA2CPP_FUNCTION_ARG1’
 1714 | START_LUA2CPP_FUNCTION_ARG1( LuaSetAchievmentsEnabled, bool )
      | ^~~~~~~~~~~~~~~~~~~~~~~~~~~
/home/vitaly/p/Prime-World/pw/branches/r1117/Src/PF_GameLogic/LuaScript.cpp:481:3: error: pasting "AddScriptFunction___LINE___LuaSetVisMapMode" and "(" does not give a valid preprocessing token
  481 |   AddScriptFunction_##__LINE__##_##name##()                                                                                  \
      |   ^~~~~~~~~~~~~~~~~~
/home/vitaly/p/Prime-World/pw/branches/r1117/Src/PF_GameLogic/LuaScript.cpp:491:1: note: in expansion of macro ‘ADD_LUA2CPP_FUNCTION’
  491 | ADD_LUA2CPP_FUNCTION(name)                                                                                                   \
      | ^~~~~~~~~~~~~~~~~~~~
/home/vitaly/p/Prime-World/pw/branches/r1117/Src/PF_GameLogic/LuaScript.cpp:507:3: note: in expansion of macro ‘_START_LUA2CPP_FUNCTION_HEAD’
  507 |   _START_LUA2CPP_FUNCTION_HEAD( name, 1 )                                                                                    \
      |   ^~~~~~~~~~~~~~~~~~~~~~~~~~~~
/home/vitaly/p/Prime-World/pw/branches/r1117/Src/PF_GameLogic/LuaScript.cpp:1737:1: note: in expansion of macro ‘START_LUA2CPP_FUNCTION_ARG1’
 1737 | START_LUA2CPP_FUNCTION_ARG1( LuaSetVisMapMode, int )
      | ^~~~~~~~~~~~~~~~~~~~~~~~~~~
/home/vitaly/p/Prime-World/pw/branches/r1117/Src/PF_GameLogic/LuaScript.cpp:485:3: error: pasting "addScriptFunction___LINE___LuaSetVisMapMode" and ";" does not give a valid preprocessing token
  485 | } addScriptFunction_##__LINE__##_##name##;
      |   ^~~~~~~~~~~~~~~~~~
/home/vitaly/p/Prime-World/pw/branches/r1117/Src/PF_GameLogic/LuaScript.cpp:491:1: note: in expansion of macro ‘ADD_LUA2CPP_FUNCTION’
  491 | ADD_LUA2CPP_FUNCTION(name)                                                                                                   \
      | ^~~~~~~~~~~~~~~~~~~~
/home/vitaly/p/Prime-World/pw/branches/r1117/Src/PF_GameLogic/LuaScript.cpp:507:3: note: in expansion of macro ‘_START_LUA2CPP_FUNCTION_HEAD’
  507 |   _START_LUA2CPP_FUNCTION_HEAD( name, 1 )                                                                                    \
      |   ^~~~~~~~~~~~~~~~~~~~~~~~~~~~
/home/vitaly/p/Prime-World/pw/branches/r1117/Src/PF_GameLogic/LuaScript.cpp:1737:1: note: in expansion of macro ‘START_LUA2CPP_FUNCTION_ARG1’
 1737 | START_LUA2CPP_FUNCTION_ARG1( LuaSetVisMapMode, int )
      | ^~~~~~~~~~~~~~~~~~~~~~~~~~~
/home/vitaly/p/Prime-World/pw/branches/r1117/Src/PF_GameLogic/LuaScript.cpp:481:3: error: pasting "AddScriptFunction___LINE___LuaUnitIsDead" and "(" does not give a valid preprocessing token
  481 |   AddScriptFunction_##__LINE__##_##name##()                                                                                  \
      |   ^~~~~~~~~~~~~~~~~~
/home/vitaly/p/Prime-World/pw/branches/r1117/Src/PF_GameLogic/LuaScript.cpp:491:1: note: in expansion of macro ‘ADD_LUA2CPP_FUNCTION’
  491 | ADD_LUA2CPP_FUNCTION(name)                                                                                                   \
      | ^~~~~~~~~~~~~~~~~~~~
/home/vitaly/p/Prime-World/pw/branches/r1117/Src/PF_GameLogic/LuaScript.cpp:507:3: note: in expansion of macro ‘_START_LUA2CPP_FUNCTION_HEAD’
  507 |   _START_LUA2CPP_FUNCTION_HEAD( name, 1 )                                                                                    \
      |   ^~~~~~~~~~~~~~~~~~~~~~~~~~~~
/home/vitaly/p/Prime-World/pw/branches/r1117/Src/PF_GameLogic/LuaScript.cpp:1751:1: note: in expansion of macro ‘START_LUA2CPP_FUNCTION_ARG1’
 1751 | START_LUA2CPP_FUNCTION_ARG1( LuaUnitIsDead, const char* )
      | ^~~~~~~~~~~~~~~~~~~~~~~~~~~
/home/vitaly/p/Prime-World/pw/branches/r1117/Src/PF_GameLogic/LuaScript.cpp:485:3: error: pasting "addScriptFunction___LINE___LuaUnitIsDead" and ";" does not give a valid preprocessing token
  485 | } addScriptFunction_##__LINE__##_##name##;
      |   ^~~~~~~~~~~~~~~~~~
/home/vitaly/p/Prime-World/pw/branches/r1117/Src/PF_GameLogic/LuaScript.cpp:491:1: note: in expansion of macro ‘ADD_LUA2CPP_FUNCTION’
  491 | ADD_LUA2CPP_FUNCTION(name)                                                                                                   \
      | ^~~~~~~~~~~~~~~~~~~~
/home/vitaly/p/Prime-World/pw/branches/r1117/Src/PF_GameLogic/LuaScript.cpp:507:3: note: in expansion of macro ‘_START_LUA2CPP_FUNCTION_HEAD’
  507 |   _START_LUA2CPP_FUNCTION_HEAD( name, 1 )                                                                                    \
      |   ^~~~~~~~~~~~~~~~~~~~~~~~~~~~
/home/vitaly/p/Prime-World/pw/branches/r1117/Src/PF_GameLogic/LuaScript.cpp:1751:1: note: in expansion of macro ‘START_LUA2CPP_FUNCTION_ARG1’
 1751 | START_LUA2CPP_FUNCTION_ARG1( LuaUnitIsDead, const char* )
      | ^~~~~~~~~~~~~~~~~~~~~~~~~~~
/home/vitaly/p/Prime-World/pw/branches/r1117/Src/PF_GameLogic/LuaScript.cpp:481:3: error: pasting "AddScriptFunction___LINE___LuaHeroUseConsumable" and "(" does not give a valid preprocessing token
  481 |   AddScriptFunction_##__LINE__##_##name##()                                                                                  \
      |   ^~~~~~~~~~~~~~~~~~
/home/vitaly/p/Prime-World/pw/branches/r1117/Src/PF_GameLogic/LuaScript.cpp:491:1: note: in expansion of macro ‘ADD_LUA2CPP_FUNCTION’
  491 | ADD_LUA2CPP_FUNCTION(name)                                                                                                   \
      | ^~~~~~~~~~~~~~~~~~~~
/home/vitaly/p/Prime-World/pw/branches/r1117/Src/PF_GameLogic/LuaScript.cpp:512:3: note: in expansion of macro ‘_START_LUA2CPP_FUNCTION_HEAD’
  512 |   _START_LUA2CPP_FUNCTION_HEAD( name, 2 )                                                                                    \
      |   ^~~~~~~~~~~~~~~~~~~~~~~~~~~~
/home/vitaly/p/Prime-World/pw/branches/r1117/Src/PF_GameLogic/LuaScript.cpp:1770:1: note: in expansion of macro ‘START_LUA2CPP_FUNCTION_ARG2’
 1770 | START_LUA2CPP_FUNCTION_ARG2( LuaHeroUseConsumable, const char*, const char* )
      | ^~~~~~~~~~~~~~~~~~~~~~~~~~~
/home/vitaly/p/Prime-World/pw/branches/r1117/Src/PF_GameLogic/LuaScript.cpp:485:3: error: pasting "addScriptFunction___LINE___LuaHeroUseConsumable" and ";" does not give a valid preprocessing token
  485 | } addScriptFunction_##__LINE__##_##name##;
      |   ^~~~~~~~~~~~~~~~~~
/home/vitaly/p/Prime-World/pw/branches/r1117/Src/PF_GameLogic/LuaScript.cpp:491:1: note: in expansion of macro ‘ADD_LUA2CPP_FUNCTION’
  491 | ADD_LUA2CPP_FUNCTION(name)                                                                                                   \
      | ^~~~~~~~~~~~~~~~~~~~
/home/vitaly/p/Prime-World/pw/branches/r1117/Src/PF_GameLogic/LuaScript.cpp:512:3: note: in expansion of macro ‘_START_LUA2CPP_FUNCTION_HEAD’
  512 |   _START_LUA2CPP_FUNCTION_HEAD( name, 2 )                                                                                    \
      |   ^~~~~~~~~~~~~~~~~~~~~~~~~~~~
/home/vitaly/p/Prime-World/pw/branches/r1117/Src/PF_GameLogic/LuaScript.cpp:1770:1: note: in expansion of macro ‘START_LUA2CPP_FUNCTION_ARG2’
 1770 | START_LUA2CPP_FUNCTION_ARG2( LuaHeroUseConsumable, const char*, const char* )
      | ^~~~~~~~~~~~~~~~~~~~~~~~~~~
/home/vitaly/p/Prime-World/pw/branches/r1117/Src/PF_GameLogic/LuaScript.cpp:481:3: error: pasting "AddScriptFunction___LINE___LuaHeroUseConsumablePos" and "(" does not give a valid preprocessing token
  481 |   AddScriptFunction_##__LINE__##_##name##()                                                                                  \
      |   ^~~~~~~~~~~~~~~~~~
/home/vitaly/p/Prime-World/pw/branches/r1117/Src/PF_GameLogic/LuaScript.cpp:491:1: note: in expansion of macro ‘ADD_LUA2CPP_FUNCTION’
  491 | ADD_LUA2CPP_FUNCTION(name)                                                                                                   \
      | ^~~~~~~~~~~~~~~~~~~~
/home/vitaly/p/Prime-World/pw/branches/r1117/Src/PF_GameLogic/LuaScript.cpp:525:3: note: in expansion of macro ‘_START_LUA2CPP_FUNCTION_HEAD’
  525 |   _START_LUA2CPP_FUNCTION_HEAD( name, 4 )                                                                                    \
      |   ^~~~~~~~~~~~~~~~~~~~~~~~~~~~
/home/vitaly/p/Prime-World/pw/branches/r1117/Src/PF_GameLogic/LuaScript.cpp:1778:1: note: in expansion of macro ‘START_LUA2CPP_FUNCTION_ARG4’
 1778 | START_LUA2CPP_FUNCTION_ARG4( LuaHeroUseConsumablePos, const char*, const char*, float, float )
      | ^~~~~~~~~~~~~~~~~~~~~~~~~~~
/home/vitaly/p/Prime-World/pw/branches/r1117/Src/PF_GameLogic/LuaScript.cpp:485:3: error: pasting "addScriptFunction___LINE___LuaHeroUseConsumablePos" and ";" does not give a valid preprocessing token
  485 | } addScriptFunction_##__LINE__##_##name##;
      |   ^~~~~~~~~~~~~~~~~~
/home/vitaly/p/Prime-World/pw/branches/r1117/Src/PF_GameLogic/LuaScript.cpp:491:1: note: in expansion of macro ‘ADD_LUA2CPP_FUNCTION’
  491 | ADD_LUA2CPP_FUNCTION(name)                                                                                                   \
      | ^~~~~~~~~~~~~~~~~~~~
/home/vitaly/p/Prime-World/pw/branches/r1117/Src/PF_GameLogic/LuaScript.cpp:525:3: note: in expansion of macro ‘_START_LUA2CPP_FUNCTION_HEAD’
  525 |   _START_LUA2CPP_FUNCTION_HEAD( name, 4 )                                                                                    \
      |   ^~~~~~~~~~~~~~~~~~~~~~~~~~~~
/home/vitaly/p/Prime-World/pw/branches/r1117/Src/PF_GameLogic/LuaScript.cpp:1778:1: note: in expansion of macro ‘START_LUA2CPP_FUNCTION_ARG4’
 1778 | START_LUA2CPP_FUNCTION_ARG4( LuaHeroUseConsumablePos, const char*, const char*, float, float )
      | ^~~~~~~~~~~~~~~~~~~~~~~~~~~
/home/vitaly/p/Prime-World/pw/branches/r1117/Src/PF_GameLogic/LuaScript.cpp:481:3: error: pasting "AddScriptFunction___LINE___LuaHeroUseConsumableUnit" and "(" does not give a valid preprocessing token
  481 |   AddScriptFunction_##__LINE__##_##name##()                                                                                  \
      |   ^~~~~~~~~~~~~~~~~~
/home/vitaly/p/Prime-World/pw/branches/r1117/Src/PF_GameLogic/LuaScript.cpp:491:1: note: in expansion of macro ‘ADD_LUA2CPP_FUNCTION’
  491 | ADD_LUA2CPP_FUNCTION(name)                                                                                                   \
      | ^~~~~~~~~~~~~~~~~~~~
/home/vitaly/p/Prime-World/pw/branches/r1117/Src/PF_GameLogic/LuaScript.cpp:518:3: note: in expansion of macro ‘_START_LUA2CPP_FUNCTION_HEAD’
  518 |   _START_LUA2CPP_FUNCTION_HEAD( name, 3 )                                                                                    \
      |   ^~~~~~~~~~~~~~~~~~~~~~~~~~~~
/home/vitaly/p/Prime-World/pw/branches/r1117/Src/PF_GameLogic/LuaScript.cpp:1786:1: note: in expansion of macro ‘START_LUA2CPP_FUNCTION_ARG3’
 1786 | START_LUA2CPP_FUNCTION_ARG3( LuaHeroUseConsumableUnit, const char*, const char*, const char* )
      | ^~~~~~~~~~~~~~~~~~~~~~~~~~~
/home/vitaly/p/Prime-World/pw/branches/r1117/Src/PF_GameLogic/LuaScript.cpp:485:3: error: pasting "addScriptFunction___LINE___LuaHeroUseConsumableUnit" and ";" does not give a valid preprocessing token
  485 | } addScriptFunction_##__LINE__##_##name##;
      |   ^~~~~~~~~~~~~~~~~~
/home/vitaly/p/Prime-World/pw/branches/r1117/Src/PF_GameLogic/LuaScript.cpp:491:1: note: in expansion of macro ‘ADD_LUA2CPP_FUNCTION’
  491 | ADD_LUA2CPP_FUNCTION(name)                                                                                                   \
      | ^~~~~~~~~~~~~~~~~~~~
/home/vitaly/p/Prime-World/pw/branches/r1117/Src/PF_GameLogic/LuaScript.cpp:518:3: note: in expansion of macro ‘_START_LUA2CPP_FUNCTION_HEAD’
  518 |   _START_LUA2CPP_FUNCTION_HEAD( name, 3 )                                                                                    \
      |   ^~~~~~~~~~~~~~~~~~~~~~~~~~~~
/home/vitaly/p/Prime-World/pw/branches/r1117/Src/PF_GameLogic/LuaScript.cpp:1786:1: note: in expansion of macro ‘START_LUA2CPP_FUNCTION_ARG3’
 1786 | START_LUA2CPP_FUNCTION_ARG3( LuaHeroUseConsumableUnit, const char*, const char*, const char* )
      | ^~~~~~~~~~~~~~~~~~~~~~~~~~~
/home/vitaly/p/Prime-World/pw/branches/r1117/Src/PF_GameLogic/LuaScript.cpp:481:3: error: pasting "AddScriptFunction___LINE___LuaHeroTakeConsumable" and "(" does not give a valid preprocessing token
  481 |   AddScriptFunction_##__LINE__##_##name##()                                                                                  \
      |   ^~~~~~~~~~~~~~~~~~
/home/vitaly/p/Prime-World/pw/branches/r1117/Src/PF_GameLogic/LuaScript.cpp:491:1: note: in expansion of macro ‘ADD_LUA2CPP_FUNCTION’
  491 | ADD_LUA2CPP_FUNCTION(name)                                                                                                   \
      | ^~~~~~~~~~~~~~~~~~~~
/home/vitaly/p/Prime-World/pw/branches/r1117/Src/PF_GameLogic/LuaScript.cpp:512:3: note: in expansion of macro ‘_START_LUA2CPP_FUNCTION_HEAD’
  512 |   _START_LUA2CPP_FUNCTION_HEAD( name, 2 )                                                                                    \
      |   ^~~~~~~~~~~~~~~~~~~~~~~~~~~~
/home/vitaly/p/Prime-World/pw/branches/r1117/Src/PF_GameLogic/LuaScript.cpp:1794:1: note: in expansion of macro ‘START_LUA2CPP_FUNCTION_ARG2’
 1794 | START_LUA2CPP_FUNCTION_ARG2( LuaHeroTakeConsumable, const char*, const char* )
      | ^~~~~~~~~~~~~~~~~~~~~~~~~~~
/home/vitaly/p/Prime-World/pw/branches/r1117/Src/PF_GameLogic/LuaScript.cpp:485:3: error: pasting "addScriptFunction___LINE___LuaHeroTakeConsumable" and ";" does not give a valid preprocessing token
  485 | } addScriptFunction_##__LINE__##_##name##;
      |   ^~~~~~~~~~~~~~~~~~
/home/vitaly/p/Prime-World/pw/branches/r1117/Src/PF_GameLogic/LuaScript.cpp:491:1: note: in expansion of macro ‘ADD_LUA2CPP_FUNCTION’
  491 | ADD_LUA2CPP_FUNCTION(name)                                                                                                   \
      | ^~~~~~~~~~~~~~~~~~~~
/home/vitaly/p/Prime-World/pw/branches/r1117/Src/PF_GameLogic/LuaScript.cpp:512:3: note: in expansion of macro ‘_START_LUA2CPP_FUNCTION_HEAD’
  512 |   _START_LUA2CPP_FUNCTION_HEAD( name, 2 )                                                                                    \
      |   ^~~~~~~~~~~~~~~~~~~~~~~~~~~~
/home/vitaly/p/Prime-World/pw/branches/r1117/Src/PF_GameLogic/LuaScript.cpp:1794:1: note: in expansion of macro ‘START_LUA2CPP_FUNCTION_ARG2’
 1794 | START_LUA2CPP_FUNCTION_ARG2( LuaHeroTakeConsumable, const char*, const char* )
      | ^~~~~~~~~~~~~~~~~~~~~~~~~~~
/home/vitaly/p/Prime-World/pw/branches/r1117/Src/PF_GameLogic/LuaScript.cpp:481:3: error: pasting "AddScriptFunction___LINE___LuaHeroHasConsumable" and "(" does not give a valid preprocessing token
  481 |   AddScriptFunction_##__LINE__##_##name##()                                                                                  \
      |   ^~~~~~~~~~~~~~~~~~
/home/vitaly/p/Prime-World/pw/branches/r1117/Src/PF_GameLogic/LuaScript.cpp:491:1: note: in expansion of macro ‘ADD_LUA2CPP_FUNCTION’
  491 | ADD_LUA2CPP_FUNCTION(name)                                                                                                   \
      | ^~~~~~~~~~~~~~~~~~~~
/home/vitaly/p/Prime-World/pw/branches/r1117/Src/PF_GameLogic/LuaScript.cpp:512:3: note: in expansion of macro ‘_START_LUA2CPP_FUNCTION_HEAD’
  512 |   _START_LUA2CPP_FUNCTION_HEAD( name, 2 )                                                                                    \
      |   ^~~~~~~~~~~~~~~~~~~~~~~~~~~~
/home/vitaly/p/Prime-World/pw/branches/r1117/Src/PF_GameLogic/LuaScript.cpp:1814:1: note: in expansion of macro ‘START_LUA2CPP_FUNCTION_ARG2’
 1814 | START_LUA2CPP_FUNCTION_ARG2( LuaHeroHasConsumable, const char*, const char* )
      | ^~~~~~~~~~~~~~~~~~~~~~~~~~~
/home/vitaly/p/Prime-World/pw/branches/r1117/Src/PF_GameLogic/LuaScript.cpp:485:3: error: pasting "addScriptFunction___LINE___LuaHeroHasConsumable" and ";" does not give a valid preprocessing token
  485 | } addScriptFunction_##__LINE__##_##name##;
      |   ^~~~~~~~~~~~~~~~~~
/home/vitaly/p/Prime-World/pw/branches/r1117/Src/PF_GameLogic/LuaScript.cpp:491:1: note: in expansion of macro ‘ADD_LUA2CPP_FUNCTION’
  491 | ADD_LUA2CPP_FUNCTION(name)                                                                                                   \
      | ^~~~~~~~~~~~~~~~~~~~
/home/vitaly/p/Prime-World/pw/branches/r1117/Src/PF_GameLogic/LuaScript.cpp:512:3: note: in expansion of macro ‘_START_LUA2CPP_FUNCTION_HEAD’
  512 |   _START_LUA2CPP_FUNCTION_HEAD( name, 2 )                                                                                    \
      |   ^~~~~~~~~~~~~~~~~~~~~~~~~~~~
/home/vitaly/p/Prime-World/pw/branches/r1117/Src/PF_GameLogic/LuaScript.cpp:1814:1: note: in expansion of macro ‘START_LUA2CPP_FUNCTION_ARG2’
 1814 | START_LUA2CPP_FUNCTION_ARG2( LuaHeroHasConsumable, const char*, const char* )
      | ^~~~~~~~~~~~~~~~~~~~~~~~~~~
/home/vitaly/p/Prime-World/pw/branches/r1117/Src/PF_GameLogic/LuaScript.cpp:481:3: error: pasting "AddScriptFunction___LINE___LuaHeroGetConsumablesCount" and "(" does not give a valid preprocessing token
  481 |   AddScriptFunction_##__LINE__##_##name##()                                                                                  \
      |   ^~~~~~~~~~~~~~~~~~
/home/vitaly/p/Prime-World/pw/branches/r1117/Src/PF_GameLogic/LuaScript.cpp:491:1: note: in expansion of macro ‘ADD_LUA2CPP_FUNCTION’
  491 | ADD_LUA2CPP_FUNCTION(name)                                                                                                   \
      | ^~~~~~~~~~~~~~~~~~~~
/home/vitaly/p/Prime-World/pw/branches/r1117/Src/PF_GameLogic/LuaScript.cpp:507:3: note: in expansion of macro ‘_START_LUA2CPP_FUNCTION_HEAD’
  507 |   _START_LUA2CPP_FUNCTION_HEAD( name, 1 )                                                                                    \
      |   ^~~~~~~~~~~~~~~~~~~~~~~~~~~~
/home/vitaly/p/Prime-World/pw/branches/r1117/Src/PF_GameLogic/LuaScript.cpp:1843:1: note: in expansion of macro ‘START_LUA2CPP_FUNCTION_ARG1’
 1843 | START_LUA2CPP_FUNCTION_ARG1( LuaHeroGetConsumablesCount, const char* )
      | ^~~~~~~~~~~~~~~~~~~~~~~~~~~
/home/vitaly/p/Prime-World/pw/branches/r1117/Src/PF_GameLogic/LuaScript.cpp:485:3: error: pasting "addScriptFunction___LINE___LuaHeroGetConsumablesCount" and ";" does not give a valid preprocessing token
  485 | } addScriptFunction_##__LINE__##_##name##;
      |   ^~~~~~~~~~~~~~~~~~
/home/vitaly/p/Prime-World/pw/branches/r1117/Src/PF_GameLogic/LuaScript.cpp:491:1: note: in expansion of macro ‘ADD_LUA2CPP_FUNCTION’
  491 | ADD_LUA2CPP_FUNCTION(name)                                                                                                   \
      | ^~~~~~~~~~~~~~~~~~~~
/home/vitaly/p/Prime-World/pw/branches/r1117/Src/PF_GameLogic/LuaScript.cpp:507:3: note: in expansion of macro ‘_START_LUA2CPP_FUNCTION_HEAD’
  507 |   _START_LUA2CPP_FUNCTION_HEAD( name, 1 )                                                                                    \
      |   ^~~~~~~~~~~~~~~~~~~~~~~~~~~~
/home/vitaly/p/Prime-World/pw/branches/r1117/Src/PF_GameLogic/LuaScript.cpp:1843:1: note: in expansion of macro ‘START_LUA2CPP_FUNCTION_ARG1’
 1843 | START_LUA2CPP_FUNCTION_ARG1( LuaHeroGetConsumablesCount, const char* )
      | ^~~~~~~~~~~~~~~~~~~~~~~~~~~
/home/vitaly/p/Prime-World/pw/branches/r1117/Src/PF_GameLogic/LuaScript.cpp:481:3: error: pasting "AddScriptFunction___LINE___LuaHeroFollowCreature" and "(" does not give a valid preprocessing token
  481 |   AddScriptFunction_##__LINE__##_##name##()                                                                                  \
      |   ^~~~~~~~~~~~~~~~~~
/home/vitaly/p/Prime-World/pw/branches/r1117/Src/PF_GameLogic/LuaScript.cpp:491:1: note: in expansion of macro ‘ADD_LUA2CPP_FUNCTION’
  491 | ADD_LUA2CPP_FUNCTION(name)                                                                                                   \
      | ^~~~~~~~~~~~~~~~~~~~
/home/vitaly/p/Prime-World/pw/branches/r1117/Src/PF_GameLogic/LuaScript.cpp:512:3: note: in expansion of macro ‘_START_LUA2CPP_FUNCTION_HEAD’
  512 |   _START_LUA2CPP_FUNCTION_HEAD( name, 2 )                                                                                    \
      |   ^~~~~~~~~~~~~~~~~~~~~~~~~~~~
/home/vitaly/p/Prime-World/pw/branches/r1117/Src/PF_GameLogic/LuaScript.cpp:1864:1: note: in expansion of macro ‘START_LUA2CPP_FUNCTION_ARG2’
 1864 | START_LUA2CPP_FUNCTION_ARG2( LuaHeroFollowCreature, const char*, const char* )
      | ^~~~~~~~~~~~~~~~~~~~~~~~~~~
/home/vitaly/p/Prime-World/pw/branches/r1117/Src/PF_GameLogic/LuaScript.cpp:485:3: error: pasting "addScriptFunction___LINE___LuaHeroFollowCreature" and ";" does not give a valid preprocessing token
  485 | } addScriptFunction_##__LINE__##_##name##;
      |   ^~~~~~~~~~~~~~~~~~
/home/vitaly/p/Prime-World/pw/branches/r1117/Src/PF_GameLogic/LuaScript.cpp:491:1: note: in expansion of macro ‘ADD_LUA2CPP_FUNCTION’
  491 | ADD_LUA2CPP_FUNCTION(name)                                                                                                   \
      | ^~~~~~~~~~~~~~~~~~~~
/home/vitaly/p/Prime-World/pw/branches/r1117/Src/PF_GameLogic/LuaScript.cpp:512:3: note: in expansion of macro ‘_START_LUA2CPP_FUNCTION_HEAD’
  512 |   _START_LUA2CPP_FUNCTION_HEAD( name, 2 )                                                                                    \
      |   ^~~~~~~~~~~~~~~~~~~~~~~~~~~~
/home/vitaly/p/Prime-World/pw/branches/r1117/Src/PF_GameLogic/LuaScript.cpp:1864:1: note: in expansion of macro ‘START_LUA2CPP_FUNCTION_ARG2’
 1864 | START_LUA2CPP_FUNCTION_ARG2( LuaHeroFollowCreature, const char*, const char* )
      | ^~~~~~~~~~~~~~~~~~~~~~~~~~~
/home/vitaly/p/Prime-World/pw/branches/r1117/Src/PF_GameLogic/LuaScript.cpp:481:3: error: pasting "AddScriptFunction___LINE___LuaLoadTalantSet" and "(" does not give a valid preprocessing token
  481 |   AddScriptFunction_##__LINE__##_##name##()                                                                                  \
      |   ^~~~~~~~~~~~~~~~~~
/home/vitaly/p/Prime-World/pw/branches/r1117/Src/PF_GameLogic/LuaScript.cpp:491:1: note: in expansion of macro ‘ADD_LUA2CPP_FUNCTION’
  491 | ADD_LUA2CPP_FUNCTION(name)                                                                                                   \
      | ^~~~~~~~~~~~~~~~~~~~
/home/vitaly/p/Prime-World/pw/branches/r1117/Src/PF_GameLogic/LuaScript.cpp:512:3: note: in expansion of macro ‘_START_LUA2CPP_FUNCTION_HEAD’
  512 |   _START_LUA2CPP_FUNCTION_HEAD( name, 2 )                                                                                    \
      |   ^~~~~~~~~~~~~~~~~~~~~~~~~~~~
/home/vitaly/p/Prime-World/pw/branches/r1117/Src/PF_GameLogic/LuaScript.cpp:1883:1: note: in expansion of macro ‘START_LUA2CPP_FUNCTION_ARG2’
 1883 | START_LUA2CPP_FUNCTION_ARG2( LuaLoadTalantSet, const char*, const char* )
      | ^~~~~~~~~~~~~~~~~~~~~~~~~~~
/home/vitaly/p/Prime-World/pw/branches/r1117/Src/PF_GameLogic/LuaScript.cpp:485:3: error: pasting "addScriptFunction___LINE___LuaLoadTalantSet" and ";" does not give a valid preprocessing token
  485 | } addScriptFunction_##__LINE__##_##name##;
      |   ^~~~~~~~~~~~~~~~~~
/home/vitaly/p/Prime-World/pw/branches/r1117/Src/PF_GameLogic/LuaScript.cpp:491:1: note: in expansion of macro ‘ADD_LUA2CPP_FUNCTION’
  491 | ADD_LUA2CPP_FUNCTION(name)                                                                                                   \
      | ^~~~~~~~~~~~~~~~~~~~
/home/vitaly/p/Prime-World/pw/branches/r1117/Src/PF_GameLogic/LuaScript.cpp:512:3: note: in expansion of macro ‘_START_LUA2CPP_FUNCTION_HEAD’
  512 |   _START_LUA2CPP_FUNCTION_HEAD( name, 2 )                                                                                    \
      |   ^~~~~~~~~~~~~~~~~~~~~~~~~~~~
/home/vitaly/p/Prime-World/pw/branches/r1117/Src/PF_GameLogic/LuaScript.cpp:1883:1: note: in expansion of macro ‘START_LUA2CPP_FUNCTION_ARG2’
 1883 | START_LUA2CPP_FUNCTION_ARG2( LuaLoadTalantSet, const char*, const char* )
      | ^~~~~~~~~~~~~~~~~~~~~~~~~~~
/home/vitaly/p/Prime-World/pw/branches/r1117/Src/PF_GameLogic/LuaScript.cpp:481:3: error: pasting "AddScriptFunction___LINE___LuaHeroGetForce" and "(" does not give a valid preprocessing token
  481 |   AddScriptFunction_##__LINE__##_##name##()                                                                                  \
      |   ^~~~~~~~~~~~~~~~~~
/home/vitaly/p/Prime-World/pw/branches/r1117/Src/PF_GameLogic/LuaScript.cpp:491:1: note: in expansion of macro ‘ADD_LUA2CPP_FUNCTION’
  491 | ADD_LUA2CPP_FUNCTION(name)                                                                                                   \
      | ^~~~~~~~~~~~~~~~~~~~
/home/vitaly/p/Prime-World/pw/branches/r1117/Src/PF_GameLogic/LuaScript.cpp:507:3: note: in expansion of macro ‘_START_LUA2CPP_FUNCTION_HEAD’
  507 |   _START_LUA2CPP_FUNCTION_HEAD( name, 1 )                                                                                    \
      |   ^~~~~~~~~~~~~~~~~~~~~~~~~~~~
/home/vitaly/p/Prime-World/pw/branches/r1117/Src/PF_GameLogic/LuaScript.cpp:1901:1: note: in expansion of macro ‘START_LUA2CPP_FUNCTION_ARG1’
 1901 | START_LUA2CPP_FUNCTION_ARG1( LuaHeroGetForce, const char* )
      | ^~~~~~~~~~~~~~~~~~~~~~~~~~~
/home/vitaly/p/Prime-World/pw/branches/r1117/Src/PF_GameLogic/LuaScript.cpp:485:3: error: pasting "addScriptFunction___LINE___LuaHeroGetForce" and ";" does not give a valid preprocessing token
  485 | } addScriptFunction_##__LINE__##_##name##;
      |   ^~~~~~~~~~~~~~~~~~
/home/vitaly/p/Prime-World/pw/branches/r1117/Src/PF_GameLogic/LuaScript.cpp:491:1: note: in expansion of macro ‘ADD_LUA2CPP_FUNCTION’
  491 | ADD_LUA2CPP_FUNCTION(name)                                                                                                   \
      | ^~~~~~~~~~~~~~~~~~~~
/home/vitaly/p/Prime-World/pw/branches/r1117/Src/PF_GameLogic/LuaScript.cpp:507:3: note: in expansion of macro ‘_START_LUA2CPP_FUNCTION_HEAD’
  507 |   _START_LUA2CPP_FUNCTION_HEAD( name, 1 )                                                                                    \
      |   ^~~~~~~~~~~~~~~~~~~~~~~~~~~~
/home/vitaly/p/Prime-World/pw/branches/r1117/Src/PF_GameLogic/LuaScript.cpp:1901:1: note: in expansion of macro ‘START_LUA2CPP_FUNCTION_ARG1’
 1901 | START_LUA2CPP_FUNCTION_ARG1( LuaHeroGetForce, const char* )
      | ^~~~~~~~~~~~~~~~~~~~~~~~~~~
/home/vitaly/p/Prime-World/pw/branches/r1117/Src/PF_GameLogic/LuaScript.cpp:481:3: error: pasting "AddScriptFunction___LINE___LuaHeroSetRefineRate" and "(" does not give a valid preprocessing token
  481 |   AddScriptFunction_##__LINE__##_##name##()                                                                                  \
      |   ^~~~~~~~~~~~~~~~~~
/home/vitaly/p/Prime-World/pw/branches/r1117/Src/PF_GameLogic/LuaScript.cpp:491:1: note: in expansion of macro ‘ADD_LUA2CPP_FUNCTION’
  491 | ADD_LUA2CPP_FUNCTION(name)                                                                                                   \
      | ^~~~~~~~~~~~~~~~~~~~
/home/vitaly/p/Prime-World/pw/branches/r1117/Src/PF_GameLogic/LuaScript.cpp:512:3: note: in expansion of macro ‘_START_LUA2CPP_FUNCTION_HEAD’
  512 |   _START_LUA2CPP_FUNCTION_HEAD( name, 2 )                                                                                    \
      |   ^~~~~~~~~~~~~~~~~~~~~~~~~~~~
/home/vitaly/p/Prime-World/pw/branches/r1117/Src/PF_GameLogic/LuaScript.cpp:1909:1: note: in expansion of macro ‘START_LUA2CPP_FUNCTION_ARG2’
 1909 | START_LUA2CPP_FUNCTION_ARG2( LuaHeroSetRefineRate, const char*, int )
      | ^~~~~~~~~~~~~~~~~~~~~~~~~~~
/home/vitaly/p/Prime-World/pw/branches/r1117/Src/PF_GameLogic/LuaScript.cpp:485:3: error: pasting "addScriptFunction___LINE___LuaHeroSetRefineRate" and ";" does not give a valid preprocessing token
  485 | } addScriptFunction_##__LINE__##_##name##;
      |   ^~~~~~~~~~~~~~~~~~
/home/vitaly/p/Prime-World/pw/branches/r1117/Src/PF_GameLogic/LuaScript.cpp:491:1: note: in expansion of macro ‘ADD_LUA2CPP_FUNCTION’
  491 | ADD_LUA2CPP_FUNCTION(name)                                                                                                   \
      | ^~~~~~~~~~~~~~~~~~~~
/home/vitaly/p/Prime-World/pw/branches/r1117/Src/PF_GameLogic/LuaScript.cpp:512:3: note: in expansion of macro ‘_START_LUA2CPP_FUNCTION_HEAD’
  512 |   _START_LUA2CPP_FUNCTION_HEAD( name, 2 )                                                                                    \
      |   ^~~~~~~~~~~~~~~~~~~~~~~~~~~~
/home/vitaly/p/Prime-World/pw/branches/r1117/Src/PF_GameLogic/LuaScript.cpp:1909:1: note: in expansion of macro ‘START_LUA2CPP_FUNCTION_ARG2’
 1909 | START_LUA2CPP_FUNCTION_ARG2( LuaHeroSetRefineRate, const char*, int )
      | ^~~~~~~~~~~~~~~~~~~~~~~~~~~
/home/vitaly/p/Prime-World/pw/branches/r1117/Src/PF_GameLogic/LuaScript.cpp:481:3: error: pasting "AddScriptFunction___LINE___LuaUnitClearStates" and "(" does not give a valid preprocessing token
  481 |   AddScriptFunction_##__LINE__##_##name##()                                                                                  \
      |   ^~~~~~~~~~~~~~~~~~
/home/vitaly/p/Prime-World/pw/branches/r1117/Src/PF_GameLogic/LuaScript.cpp:491:1: note: in expansion of macro ‘ADD_LUA2CPP_FUNCTION’
  491 | ADD_LUA2CPP_FUNCTION(name)                                                                                                   \
      | ^~~~~~~~~~~~~~~~~~~~
/home/vitaly/p/Prime-World/pw/branches/r1117/Src/PF_GameLogic/LuaScript.cpp:507:3: note: in expansion of macro ‘_START_LUA2CPP_FUNCTION_HEAD’
  507 |   _START_LUA2CPP_FUNCTION_HEAD( name, 1 )                                                                                    \
      |   ^~~~~~~~~~~~~~~~~~~~~~~~~~~~
/home/vitaly/p/Prime-World/pw/branches/r1117/Src/PF_GameLogic/LuaScript.cpp:1939:1: note: in expansion of macro ‘START_LUA2CPP_FUNCTION_ARG1’
 1939 | START_LUA2CPP_FUNCTION_ARG1( LuaUnitClearStates, const char* )
      | ^~~~~~~~~~~~~~~~~~~~~~~~~~~
/home/vitaly/p/Prime-World/pw/branches/r1117/Src/PF_GameLogic/LuaScript.cpp:485:3: error: pasting "addScriptFunction___LINE___LuaUnitClearStates" and ";" does not give a valid preprocessing token
  485 | } addScriptFunction_##__LINE__##_##name##;
      |   ^~~~~~~~~~~~~~~~~~
/home/vitaly/p/Prime-World/pw/branches/r1117/Src/PF_GameLogic/LuaScript.cpp:491:1: note: in expansion of macro ‘ADD_LUA2CPP_FUNCTION’
  491 | ADD_LUA2CPP_FUNCTION(name)                                                                                                   \
      | ^~~~~~~~~~~~~~~~~~~~
/home/vitaly/p/Prime-World/pw/branches/r1117/Src/PF_GameLogic/LuaScript.cpp:507:3: note: in expansion of macro ‘_START_LUA2CPP_FUNCTION_HEAD’
  507 |   _START_LUA2CPP_FUNCTION_HEAD( name, 1 )                                                                                    \
      |   ^~~~~~~~~~~~~~~~~~~~~~~~~~~~
/home/vitaly/p/Prime-World/pw/branches/r1117/Src/PF_GameLogic/LuaScript.cpp:1939:1: note: in expansion of macro ‘START_LUA2CPP_FUNCTION_ARG1’
 1939 | START_LUA2CPP_FUNCTION_ARG1( LuaUnitClearStates, const char* )
      | ^~~~~~~~~~~~~~~~~~~~~~~~~~~
/home/vitaly/p/Prime-World/pw/branches/r1117/Src/PF_GameLogic/LuaScript.cpp:481:3: error: pasting "AddScriptFunction___LINE___LuaDirectionHintSet" and "(" does not give a valid preprocessing token
  481 |   AddScriptFunction_##__LINE__##_##name##()                                                                                  \
      |   ^~~~~~~~~~~~~~~~~~
/home/vitaly/p/Prime-World/pw/branches/r1117/Src/PF_GameLogic/LuaScript.cpp:491:1: note: in expansion of macro ‘ADD_LUA2CPP_FUNCTION’
  491 | ADD_LUA2CPP_FUNCTION(name)                                                                                                   \
      | ^~~~~~~~~~~~~~~~~~~~
/home/vitaly/p/Prime-World/pw/branches/r1117/Src/PF_GameLogic/LuaScript.cpp:525:3: note: in expansion of macro ‘_START_LUA2CPP_FUNCTION_HEAD’
  525 |   _START_LUA2CPP_FUNCTION_HEAD( name, 4 )                                                                                    \
      |   ^~~~~~~~~~~~~~~~~~~~~~~~~~~~
/home/vitaly/p/Prime-World/pw/branches/r1117/Src/PF_GameLogic/LuaScript.cpp:1951:1: note: in expansion of macro ‘START_LUA2CPP_FUNCTION_ARG4’
 1951 | START_LUA2CPP_FUNCTION_ARG4( LuaDirectionHintSet, const char*, float, float, float )
      | ^~~~~~~~~~~~~~~~~~~~~~~~~~~
/home/vitaly/p/Prime-World/pw/branches/r1117/Src/PF_GameLogic/LuaScript.cpp:485:3: error: pasting "addScriptFunction___LINE___LuaDirectionHintSet" and ";" does not give a valid preprocessing token
  485 | } addScriptFunction_##__LINE__##_##name##;
      |   ^~~~~~~~~~~~~~~~~~
/home/vitaly/p/Prime-World/pw/branches/r1117/Src/PF_GameLogic/LuaScript.cpp:491:1: note: in expansion of macro ‘ADD_LUA2CPP_FUNCTION’
  491 | ADD_LUA2CPP_FUNCTION(name)                                                                                                   \
      | ^~~~~~~~~~~~~~~~~~~~
/home/vitaly/p/Prime-World/pw/branches/r1117/Src/PF_GameLogic/LuaScript.cpp:525:3: note: in expansion of macro ‘_START_LUA2CPP_FUNCTION_HEAD’
  525 |   _START_LUA2CPP_FUNCTION_HEAD( name, 4 )                                                                                    \
      |   ^~~~~~~~~~~~~~~~~~~~~~~~~~~~
/home/vitaly/p/Prime-World/pw/branches/r1117/Src/PF_GameLogic/LuaScript.cpp:1951:1: note: in expansion of macro ‘START_LUA2CPP_FUNCTION_ARG4’
 1951 | START_LUA2CPP_FUNCTION_ARG4( LuaDirectionHintSet, const char*, float, float, float )
      | ^~~~~~~~~~~~~~~~~~~~~~~~~~~
/home/vitaly/p/Prime-World/pw/branches/r1117/Src/PF_GameLogic/LuaScript.cpp:481:3: error: pasting "AddScriptFunction___LINE___LuaDirectionHintSet2" and "(" does not give a valid preprocessing token
  481 |   AddScriptFunction_##__LINE__##_##name##()                                                                                  \
      |   ^~~~~~~~~~~~~~~~~~
/home/vitaly/p/Prime-World/pw/branches/r1117/Src/PF_GameLogic/LuaScript.cpp:491:1: note: in expansion of macro ‘ADD_LUA2CPP_FUNCTION’
  491 | ADD_LUA2CPP_FUNCTION(name)                                                                                                   \
      | ^~~~~~~~~~~~~~~~~~~~
/home/vitaly/p/Prime-World/pw/branches/r1117/Src/PF_GameLogic/LuaScript.cpp:533:3: note: in expansion of macro ‘_START_LUA2CPP_FUNCTION_HEAD’
  533 |   _START_LUA2CPP_FUNCTION_HEAD( name, 5 )                                                                                    \
      |   ^~~~~~~~~~~~~~~~~~~~~~~~~~~~
/home/vitaly/p/Prime-World/pw/branches/r1117/Src/PF_GameLogic/LuaScript.cpp:1963:1: note: in expansion of macro ‘START_LUA2CPP_FUNCTION_ARG5’
 1963 | START_LUA2CPP_FUNCTION_ARG5( LuaDirectionHintSet2, const char*, float, float, float, float )
      | ^~~~~~~~~~~~~~~~~~~~~~~~~~~
/home/vitaly/p/Prime-World/pw/branches/r1117/Src/PF_GameLogic/LuaScript.cpp:485:3: error: pasting "addScriptFunction___LINE___LuaDirectionHintSet2" and ";" does not give a valid preprocessing token
  485 | } addScriptFunction_##__LINE__##_##name##;
      |   ^~~~~~~~~~~~~~~~~~
/home/vitaly/p/Prime-World/pw/branches/r1117/Src/PF_GameLogic/LuaScript.cpp:491:1: note: in expansion of macro ‘ADD_LUA2CPP_FUNCTION’
  491 | ADD_LUA2CPP_FUNCTION(name)                                                                                                   \
      | ^~~~~~~~~~~~~~~~~~~~
/home/vitaly/p/Prime-World/pw/branches/r1117/Src/PF_GameLogic/LuaScript.cpp:533:3: note: in expansion of macro ‘_START_LUA2CPP_FUNCTION_HEAD’
  533 |   _START_LUA2CPP_FUNCTION_HEAD( name, 5 )                                                                                    \
      |   ^~~~~~~~~~~~~~~~~~~~~~~~~~~~
/home/vitaly/p/Prime-World/pw/branches/r1117/Src/PF_GameLogic/LuaScript.cpp:1963:1: note: in expansion of macro ‘START_LUA2CPP_FUNCTION_ARG5’
 1963 | START_LUA2CPP_FUNCTION_ARG5( LuaDirectionHintSet2, const char*, float, float, float, float )
      | ^~~~~~~~~~~~~~~~~~~~~~~~~~~
/home/vitaly/p/Prime-World/pw/branches/r1117/Src/PF_GameLogic/LuaScript.cpp:481:3: error: pasting "AddScriptFunction___LINE___LuaDirectionHintSetSizes" and "(" does not give a valid preprocessing token
  481 |   AddScriptFunction_##__LINE__##_##name##()                                                                                  \
      |   ^~~~~~~~~~~~~~~~~~
/home/vitaly/p/Prime-World/pw/branches/r1117/Src/PF_GameLogic/LuaScript.cpp:491:1: note: in expansion of macro ‘ADD_LUA2CPP_FUNCTION’
  491 | ADD_LUA2CPP_FUNCTION(name)                                                                                                   \
      | ^~~~~~~~~~~~~~~~~~~~
/home/vitaly/p/Prime-World/pw/branches/r1117/Src/PF_GameLogic/LuaScript.cpp:518:3: note: in expansion of macro ‘_START_LUA2CPP_FUNCTION_HEAD’
  518 |   _START_LUA2CPP_FUNCTION_HEAD( name, 3 )                                                                                    \
      |   ^~~~~~~~~~~~~~~~~~~~~~~~~~~~
/home/vitaly/p/Prime-World/pw/branches/r1117/Src/PF_GameLogic/LuaScript.cpp:1975:1: note: in expansion of macro ‘START_LUA2CPP_FUNCTION_ARG3’
 1975 | START_LUA2CPP_FUNCTION_ARG3( LuaDirectionHintSetSizes, float, float, float )
      | ^~~~~~~~~~~~~~~~~~~~~~~~~~~
/home/vitaly/p/Prime-World/pw/branches/r1117/Src/PF_GameLogic/LuaScript.cpp:485:3: error: pasting "addScriptFunction___LINE___LuaDirectionHintSetSizes" and ";" does not give a valid preprocessing token
  485 | } addScriptFunction_##__LINE__##_##name##;
      |   ^~~~~~~~~~~~~~~~~~
/home/vitaly/p/Prime-World/pw/branches/r1117/Src/PF_GameLogic/LuaScript.cpp:491:1: note: in expansion of macro ‘ADD_LUA2CPP_FUNCTION’
  491 | ADD_LUA2CPP_FUNCTION(name)                                                                                                   \
      | ^~~~~~~~~~~~~~~~~~~~
/home/vitaly/p/Prime-World/pw/branches/r1117/Src/PF_GameLogic/LuaScript.cpp:518:3: note: in expansion of macro ‘_START_LUA2CPP_FUNCTION_HEAD’
  518 |   _START_LUA2CPP_FUNCTION_HEAD( name, 3 )                                                                                    \
      |   ^~~~~~~~~~~~~~~~~~~~~~~~~~~~
/home/vitaly/p/Prime-World/pw/branches/r1117/Src/PF_GameLogic/LuaScript.cpp:1975:1: note: in expansion of macro ‘START_LUA2CPP_FUNCTION_ARG3’
 1975 | START_LUA2CPP_FUNCTION_ARG3( LuaDirectionHintSetSizes, float, float, float )
      | ^~~~~~~~~~~~~~~~~~~~~~~~~~~
/home/vitaly/p/Prime-World/pw/branches/r1117/Src/PF_GameLogic/LuaScript.cpp:481:3: error: pasting "AddScriptFunction___LINE___LuaDirectionHintShow" and "(" does not give a valid preprocessing token
  481 |   AddScriptFunction_##__LINE__##_##name##()                                                                                  \
      |   ^~~~~~~~~~~~~~~~~~
/home/vitaly/p/Prime-World/pw/branches/r1117/Src/PF_GameLogic/LuaScript.cpp:491:1: note: in expansion of macro ‘ADD_LUA2CPP_FUNCTION’
  491 | ADD_LUA2CPP_FUNCTION(name)                                                                                                   \
      | ^~~~~~~~~~~~~~~~~~~~
/home/vitaly/p/Prime-World/pw/branches/r1117/Src/PF_GameLogic/LuaScript.cpp:512:3: note: in expansion of macro ‘_START_LUA2CPP_FUNCTION_HEAD’
  512 |   _START_LUA2CPP_FUNCTION_HEAD( name, 2 )                                                                                    \
      |   ^~~~~~~~~~~~~~~~~~~~~~~~~~~~
/home/vitaly/p/Prime-World/pw/branches/r1117/Src/PF_GameLogic/LuaScript.cpp:1986:1: note: in expansion of macro ‘START_LUA2CPP_FUNCTION_ARG2’
 1986 | START_LUA2CPP_FUNCTION_ARG2( LuaDirectionHintShow, float, float )
      | ^~~~~~~~~~~~~~~~~~~~~~~~~~~
/home/vitaly/p/Prime-World/pw/branches/r1117/Src/PF_GameLogic/LuaScript.cpp:485:3: error: pasting "addScriptFunction___LINE___LuaDirectionHintShow" and ";" does not give a valid preprocessing token
  485 | } addScriptFunction_##__LINE__##_##name##;
      |   ^~~~~~~~~~~~~~~~~~
/home/vitaly/p/Prime-World/pw/branches/r1117/Src/PF_GameLogic/LuaScript.cpp:491:1: note: in expansion of macro ‘ADD_LUA2CPP_FUNCTION’
  491 | ADD_LUA2CPP_FUNCTION(name)                                                                                                   \
      | ^~~~~~~~~~~~~~~~~~~~
/home/vitaly/p/Prime-World/pw/branches/r1117/Src/PF_GameLogic/LuaScript.cpp:512:3: note: in expansion of macro ‘_START_LUA2CPP_FUNCTION_HEAD’
  512 |   _START_LUA2CPP_FUNCTION_HEAD( name, 2 )                                                                                    \
      |   ^~~~~~~~~~~~~~~~~~~~~~~~~~~~
/home/vitaly/p/Prime-World/pw/branches/r1117/Src/PF_GameLogic/LuaScript.cpp:1986:1: note: in expansion of macro ‘START_LUA2CPP_FUNCTION_ARG2’
 1986 | START_LUA2CPP_FUNCTION_ARG2( LuaDirectionHintShow, float, float )
      | ^~~~~~~~~~~~~~~~~~~~~~~~~~~
/home/vitaly/p/Prime-World/pw/branches/r1117/Src/PF_GameLogic/LuaScript.cpp:481:3: error: pasting "AddScriptFunction___LINE___LuaDirectionHintHide" and "(" does not give a valid preprocessing token
  481 |   AddScriptFunction_##__LINE__##_##name##()                                                                                  \
      |   ^~~~~~~~~~~~~~~~~~
/home/vitaly/p/Prime-World/pw/branches/r1117/Src/PF_GameLogic/LuaScript.cpp:491:1: note: in expansion of macro ‘ADD_LUA2CPP_FUNCTION’
  491 | ADD_LUA2CPP_FUNCTION(name)                                                                                                   \
      | ^~~~~~~~~~~~~~~~~~~~
/home/vitaly/p/Prime-World/pw/branches/r1117/Src/PF_GameLogic/LuaScript.cpp:503:3: note: in expansion of macro ‘_START_LUA2CPP_FUNCTION_HEAD’
  503 |   _START_LUA2CPP_FUNCTION_HEAD( name, 0 )
      |   ^~~~~~~~~~~~~~~~~~~~~~~~~~~~
/home/vitaly/p/Prime-World/pw/branches/r1117/Src/PF_GameLogic/LuaScript.cpp:1997:1: note: in expansion of macro ‘START_LUA2CPP_FUNCTION’
 1997 | START_LUA2CPP_FUNCTION( LuaDirectionHintHide )
      | ^~~~~~~~~~~~~~~~~~~~~~
/home/vitaly/p/Prime-World/pw/branches/r1117/Src/PF_GameLogic/LuaScript.cpp:485:3: error: pasting "addScriptFunction___LINE___LuaDirectionHintHide" and ";" does not give a valid preprocessing token
  485 | } addScriptFunction_##__LINE__##_##name##;
      |   ^~~~~~~~~~~~~~~~~~
/home/vitaly/p/Prime-World/pw/branches/r1117/Src/PF_GameLogic/LuaScript.cpp:491:1: note: in expansion of macro ‘ADD_LUA2CPP_FUNCTION’
  491 | ADD_LUA2CPP_FUNCTION(name)                                                                                                   \
      | ^~~~~~~~~~~~~~~~~~~~
/home/vitaly/p/Prime-World/pw/branches/r1117/Src/PF_GameLogic/LuaScript.cpp:503:3: note: in expansion of macro ‘_START_LUA2CPP_FUNCTION_HEAD’
  503 |   _START_LUA2CPP_FUNCTION_HEAD( name, 0 )
      |   ^~~~~~~~~~~~~~~~~~~~~~~~~~~~
/home/vitaly/p/Prime-World/pw/branches/r1117/Src/PF_GameLogic/LuaScript.cpp:1997:1: note: in expansion of macro ‘START_LUA2CPP_FUNCTION’
 1997 | START_LUA2CPP_FUNCTION( LuaDirectionHintHide )
      | ^~~~~~~~~~~~~~~~~~~~~~
/home/vitaly/p/Prime-World/pw/branches/r1117/Src/PF_GameLogic/LuaScript.cpp:481:3: error: pasting "AddScriptFunction___LINE___LuaPlaceStandaloneEffect" and "(" does not give a valid preprocessing token
  481 |   AddScriptFunction_##__LINE__##_##name##()                                                                                  \
      |   ^~~~~~~~~~~~~~~~~~
/home/vitaly/p/Prime-World/pw/branches/r1117/Src/PF_GameLogic/LuaScript.cpp:491:1: note: in expansion of macro ‘ADD_LUA2CPP_FUNCTION’
  491 | ADD_LUA2CPP_FUNCTION(name)                                                                                                   \
      | ^~~~~~~~~~~~~~~~~~~~
/home/vitaly/p/Prime-World/pw/branches/r1117/Src/PF_GameLogic/LuaScript.cpp:525:3: note: in expansion of macro ‘_START_LUA2CPP_FUNCTION_HEAD’
  525 |   _START_LUA2CPP_FUNCTION_HEAD( name, 4 )                                                                                    \
      |   ^~~~~~~~~~~~~~~~~~~~~~~~~~~~
/home/vitaly/p/Prime-World/pw/branches/r1117/Src/PF_GameLogic/LuaScript.cpp:2117:1: note: in expansion of macro ‘START_LUA2CPP_FUNCTION_ARG4’
 2117 | START_LUA2CPP_FUNCTION_ARG4( LuaPlaceStandaloneEffect, const char*, const char*, float, float )
      | ^~~~~~~~~~~~~~~~~~~~~~~~~~~
/home/vitaly/p/Prime-World/pw/branches/r1117/Src/PF_GameLogic/LuaScript.cpp:485:3: error: pasting "addScriptFunction___LINE___LuaPlaceStandaloneEffect" and ";" does not give a valid preprocessing token
  485 | } addScriptFunction_##__LINE__##_##name##;
      |   ^~~~~~~~~~~~~~~~~~
/home/vitaly/p/Prime-World/pw/branches/r1117/Src/PF_GameLogic/LuaScript.cpp:491:1: note: in expansion of macro ‘ADD_LUA2CPP_FUNCTION’
  491 | ADD_LUA2CPP_FUNCTION(name)                                                                                                   \
      | ^~~~~~~~~~~~~~~~~~~~
/home/vitaly/p/Prime-World/pw/branches/r1117/Src/PF_GameLogic/LuaScript.cpp:525:3: note: in expansion of macro ‘_START_LUA2CPP_FUNCTION_HEAD’
  525 |   _START_LUA2CPP_FUNCTION_HEAD( name, 4 )                                                                                    \
      |   ^~~~~~~~~~~~~~~~~~~~~~~~~~~~
/home/vitaly/p/Prime-World/pw/branches/r1117/Src/PF_GameLogic/LuaScript.cpp:2117:1: note: in expansion of macro ‘START_LUA2CPP_FUNCTION_ARG4’
 2117 | START_LUA2CPP_FUNCTION_ARG4( LuaPlaceStandaloneEffect, const char*, const char*, float, float )
      | ^~~~~~~~~~~~~~~~~~~~~~~~~~~
/home/vitaly/p/Prime-World/pw/branches/r1117/Src/PF_GameLogic/LuaScript.cpp:481:3: error: pasting "AddScriptFunction___LINE___LuaPlaceAttachedEffect" and "(" does not give a valid preprocessing token
  481 |   AddScriptFunction_##__LINE__##_##name##()                                                                                  \
      |   ^~~~~~~~~~~~~~~~~~
/home/vitaly/p/Prime-World/pw/branches/r1117/Src/PF_GameLogic/LuaScript.cpp:491:1: note: in expansion of macro ‘ADD_LUA2CPP_FUNCTION’
  491 | ADD_LUA2CPP_FUNCTION(name)                                                                                                   \
      | ^~~~~~~~~~~~~~~~~~~~
/home/vitaly/p/Prime-World/pw/branches/r1117/Src/PF_GameLogic/LuaScript.cpp:518:3: note: in expansion of macro ‘_START_LUA2CPP_FUNCTION_HEAD’
  518 |   _START_LUA2CPP_FUNCTION_HEAD( name, 3 )                                                                                    \
      |   ^~~~~~~~~~~~~~~~~~~~~~~~~~~~
/home/vitaly/p/Prime-World/pw/branches/r1117/Src/PF_GameLogic/LuaScript.cpp:2124:1: note: in expansion of macro ‘START_LUA2CPP_FUNCTION_ARG3’
 2124 | START_LUA2CPP_FUNCTION_ARG3( LuaPlaceAttachedEffect, const char*, const char*, const char* )
      | ^~~~~~~~~~~~~~~~~~~~~~~~~~~
/home/vitaly/p/Prime-World/pw/branches/r1117/Src/PF_GameLogic/LuaScript.cpp:485:3: error: pasting "addScriptFunction___LINE___LuaPlaceAttachedEffect" and ";" does not give a valid preprocessing token
  485 | } addScriptFunction_##__LINE__##_##name##;
      |   ^~~~~~~~~~~~~~~~~~
/home/vitaly/p/Prime-World/pw/branches/r1117/Src/PF_GameLogic/LuaScript.cpp:491:1: note: in expansion of macro ‘ADD_LUA2CPP_FUNCTION’
  491 | ADD_LUA2CPP_FUNCTION(name)                                                                                                   \
      | ^~~~~~~~~~~~~~~~~~~~
/home/vitaly/p/Prime-World/pw/branches/r1117/Src/PF_GameLogic/LuaScript.cpp:518:3: note: in expansion of macro ‘_START_LUA2CPP_FUNCTION_HEAD’
  518 |   _START_LUA2CPP_FUNCTION_HEAD( name, 3 )                                                                                    \
      |   ^~~~~~~~~~~~~~~~~~~~~~~~~~~~
/home/vitaly/p/Prime-World/pw/branches/r1117/Src/PF_GameLogic/LuaScript.cpp:2124:1: note: in expansion of macro ‘START_LUA2CPP_FUNCTION_ARG3’
 2124 | START_LUA2CPP_FUNCTION_ARG3( LuaPlaceAttachedEffect, const char*, const char*, const char* )
      | ^~~~~~~~~~~~~~~~~~~~~~~~~~~
/home/vitaly/p/Prime-World/pw/branches/r1117/Src/PF_GameLogic/LuaScript.cpp:481:3: error: pasting "AddScriptFunction___LINE___LuaRemoveStandaloneEffect" and "(" does not give a valid preprocessing token
  481 |   AddScriptFunction_##__LINE__##_##name##()                                                                                  \
      |   ^~~~~~~~~~~~~~~~~~
/home/vitaly/p/Prime-World/pw/branches/r1117/Src/PF_GameLogic/LuaScript.cpp:491:1: note: in expansion of macro ‘ADD_LUA2CPP_FUNCTION’
  491 | ADD_LUA2CPP_FUNCTION(name)                                                                                                   \
      | ^~~~~~~~~~~~~~~~~~~~
/home/vitaly/p/Prime-World/pw/branches/r1117/Src/PF_GameLogic/LuaScript.cpp:507:3: note: in expansion of macro ‘_START_LUA2CPP_FUNCTION_HEAD’
  507 |   _START_LUA2CPP_FUNCTION_HEAD( name, 1 )                                                                                    \
      |   ^~~~~~~~~~~~~~~~~~~~~~~~~~~~
/home/vitaly/p/Prime-World/pw/branches/r1117/Src/PF_GameLogic/LuaScript.cpp:2131:1: note: in expansion of macro ‘START_LUA2CPP_FUNCTION_ARG1’
 2131 | START_LUA2CPP_FUNCTION_ARG1( LuaRemoveStandaloneEffect, const char* )
      | ^~~~~~~~~~~~~~~~~~~~~~~~~~~
/home/vitaly/p/Prime-World/pw/branches/r1117/Src/PF_GameLogic/LuaScript.cpp:485:3: error: pasting "addScriptFunction___LINE___LuaRemoveStandaloneEffect" and ";" does not give a valid preprocessing token
  485 | } addScriptFunction_##__LINE__##_##name##;
      |   ^~~~~~~~~~~~~~~~~~
/home/vitaly/p/Prime-World/pw/branches/r1117/Src/PF_GameLogic/LuaScript.cpp:491:1: note: in expansion of macro ‘ADD_LUA2CPP_FUNCTION’
  491 | ADD_LUA2CPP_FUNCTION(name)                                                                                                   \
      | ^~~~~~~~~~~~~~~~~~~~
/home/vitaly/p/Prime-World/pw/branches/r1117/Src/PF_GameLogic/LuaScript.cpp:507:3: note: in expansion of macro ‘_START_LUA2CPP_FUNCTION_HEAD’
  507 |   _START_LUA2CPP_FUNCTION_HEAD( name, 1 )                                                                                    \
      |   ^~~~~~~~~~~~~~~~~~~~~~~~~~~~
/home/vitaly/p/Prime-World/pw/branches/r1117/Src/PF_GameLogic/LuaScript.cpp:2131:1: note: in expansion of macro ‘START_LUA2CPP_FUNCTION_ARG1’
 2131 | START_LUA2CPP_FUNCTION_ARG1( LuaRemoveStandaloneEffect, const char* )
      | ^~~~~~~~~~~~~~~~~~~~~~~~~~~
/home/vitaly/p/Prime-World/pw/branches/r1117/Src/PF_GameLogic/LuaScript.cpp:481:3: error: pasting "AddScriptFunction___LINE___LuaPlaceClientEffect" and "(" does not give a valid preprocessing token
  481 |   AddScriptFunction_##__LINE__##_##name##()                                                                                  \
      |   ^~~~~~~~~~~~~~~~~~
/home/vitaly/p/Prime-World/pw/branches/r1117/Src/PF_GameLogic/LuaScript.cpp:491:1: note: in expansion of macro ‘ADD_LUA2CPP_FUNCTION’
  491 | ADD_LUA2CPP_FUNCTION(name)                                                                                                   \
      | ^~~~~~~~~~~~~~~~~~~~
/home/vitaly/p/Prime-World/pw/branches/r1117/Src/PF_GameLogic/LuaScript.cpp:518:3: note: in expansion of macro ‘_START_LUA2CPP_FUNCTION_HEAD’
  518 |   _START_LUA2CPP_FUNCTION_HEAD( name, 3 )                                                                                    \
      |   ^~~~~~~~~~~~~~~~~~~~~~~~~~~~
/home/vitaly/p/Prime-World/pw/branches/r1117/Src/PF_GameLogic/LuaScript.cpp:2138:1: note: in expansion of macro ‘START_LUA2CPP_FUNCTION_ARG3’
 2138 | START_LUA2CPP_FUNCTION_ARG3( LuaPlaceClientEffect, const char*, float, float )
      | ^~~~~~~~~~~~~~~~~~~~~~~~~~~
/home/vitaly/p/Prime-World/pw/branches/r1117/Src/PF_GameLogic/LuaScript.cpp:485:3: error: pasting "addScriptFunction___LINE___LuaPlaceClientEffect" and ";" does not give a valid preprocessing token
  485 | } addScriptFunction_##__LINE__##_##name##;
      |   ^~~~~~~~~~~~~~~~~~
/home/vitaly/p/Prime-World/pw/branches/r1117/Src/PF_GameLogic/LuaScript.cpp:491:1: note: in expansion of macro ‘ADD_LUA2CPP_FUNCTION’
  491 | ADD_LUA2CPP_FUNCTION(name)                                                                                                   \
      | ^~~~~~~~~~~~~~~~~~~~
/home/vitaly/p/Prime-World/pw/branches/r1117/Src/PF_GameLogic/LuaScript.cpp:518:3: note: in expansion of macro ‘_START_LUA2CPP_FUNCTION_HEAD’
  518 |   _START_LUA2CPP_FUNCTION_HEAD( name, 3 )                                                                                    \
      |   ^~~~~~~~~~~~~~~~~~~~~~~~~~~~
/home/vitaly/p/Prime-World/pw/branches/r1117/Src/PF_GameLogic/LuaScript.cpp:2138:1: note: in expansion of macro ‘START_LUA2CPP_FUNCTION_ARG3’
 2138 | START_LUA2CPP_FUNCTION_ARG3( LuaPlaceClientEffect, const char*, float, float )
      | ^~~~~~~~~~~~~~~~~~~~~~~~~~~
/home/vitaly/p/Prime-World/pw/branches/r1117/Src/PF_GameLogic/LuaScript.cpp:481:3: error: pasting "AddScriptFunction___LINE___LuaPlaceSimpleObject" and "(" does not give a valid preprocessing token
  481 |   AddScriptFunction_##__LINE__##_##name##()                                                                                  \
      |   ^~~~~~~~~~~~~~~~~~
/home/vitaly/p/Prime-World/pw/branches/r1117/Src/PF_GameLogic/LuaScript.cpp:491:1: note: in expansion of macro ‘ADD_LUA2CPP_FUNCTION’
  491 | ADD_LUA2CPP_FUNCTION(name)                                                                                                   \
      | ^~~~~~~~~~~~~~~~~~~~
/home/vitaly/p/Prime-World/pw/branches/r1117/Src/PF_GameLogic/LuaScript.cpp:525:3: note: in expansion of macro ‘_START_LUA2CPP_FUNCTION_HEAD’
  525 |   _START_LUA2CPP_FUNCTION_HEAD( name, 4 )                                                                                    \
      |   ^~~~~~~~~~~~~~~~~~~~~~~~~~~~
/home/vitaly/p/Prime-World/pw/branches/r1117/Src/PF_GameLogic/LuaScript.cpp:2255:1: note: in expansion of macro ‘START_LUA2CPP_FUNCTION_ARG4’
 2255 | START_LUA2CPP_FUNCTION_ARG4( LuaPlaceSimpleObject, const char*, float, float, float )
      | ^~~~~~~~~~~~~~~~~~~~~~~~~~~
/home/vitaly/p/Prime-World/pw/branches/r1117/Src/PF_GameLogic/LuaScript.cpp:485:3: error: pasting "addScriptFunction___LINE___LuaPlaceSimpleObject" and ";" does not give a valid preprocessing token
  485 | } addScriptFunction_##__LINE__##_##name##;
      |   ^~~~~~~~~~~~~~~~~~
/home/vitaly/p/Prime-World/pw/branches/r1117/Src/PF_GameLogic/LuaScript.cpp:491:1: note: in expansion of macro ‘ADD_LUA2CPP_FUNCTION’
  491 | ADD_LUA2CPP_FUNCTION(name)                                                                                                   \
      | ^~~~~~~~~~~~~~~~~~~~
/home/vitaly/p/Prime-World/pw/branches/r1117/Src/PF_GameLogic/LuaScript.cpp:525:3: note: in expansion of macro ‘_START_LUA2CPP_FUNCTION_HEAD’
  525 |   _START_LUA2CPP_FUNCTION_HEAD( name, 4 )                                                                                    \
      |   ^~~~~~~~~~~~~~~~~~~~~~~~~~~~
/home/vitaly/p/Prime-World/pw/branches/r1117/Src/PF_GameLogic/LuaScript.cpp:2255:1: note: in expansion of macro ‘START_LUA2CPP_FUNCTION_ARG4’
 2255 | START_LUA2CPP_FUNCTION_ARG4( LuaPlaceSimpleObject, const char*, float, float, float )
      | ^~~~~~~~~~~~~~~~~~~~~~~~~~~
/home/vitaly/p/Prime-World/pw/branches/r1117/Src/PF_GameLogic/LuaScript.cpp:481:3: error: pasting "AddScriptFunction___LINE___LuaRemoveSimpleObject" and "(" does not give a valid preprocessing token
  481 |   AddScriptFunction_##__LINE__##_##name##()                                                                                  \
      |   ^~~~~~~~~~~~~~~~~~
/home/vitaly/p/Prime-World/pw/branches/r1117/Src/PF_GameLogic/LuaScript.cpp:491:1: note: in expansion of macro ‘ADD_LUA2CPP_FUNCTION’
  491 | ADD_LUA2CPP_FUNCTION(name)                                                                                                   \
      | ^~~~~~~~~~~~~~~~~~~~
/home/vitaly/p/Prime-World/pw/branches/r1117/Src/PF_GameLogic/LuaScript.cpp:507:3: note: in expansion of macro ‘_START_LUA2CPP_FUNCTION_HEAD’
  507 |   _START_LUA2CPP_FUNCTION_HEAD( name, 1 )                                                                                    \
      |   ^~~~~~~~~~~~~~~~~~~~~~~~~~~~
/home/vitaly/p/Prime-World/pw/branches/r1117/Src/PF_GameLogic/LuaScript.cpp:2292:1: note: in expansion of macro ‘START_LUA2CPP_FUNCTION_ARG1’
 2292 | START_LUA2CPP_FUNCTION_ARG1( LuaRemoveSimpleObject, const char* )
      | ^~~~~~~~~~~~~~~~~~~~~~~~~~~
/home/vitaly/p/Prime-World/pw/branches/r1117/Src/PF_GameLogic/LuaScript.cpp:485:3: error: pasting "addScriptFunction___LINE___LuaRemoveSimpleObject" and ";" does not give a valid preprocessing token
  485 | } addScriptFunction_##__LINE__##_##name##;
      |   ^~~~~~~~~~~~~~~~~~
/home/vitaly/p/Prime-World/pw/branches/r1117/Src/PF_GameLogic/LuaScript.cpp:491:1: note: in expansion of macro ‘ADD_LUA2CPP_FUNCTION’
  491 | ADD_LUA2CPP_FUNCTION(name)                                                                                                   \
      | ^~~~~~~~~~~~~~~~~~~~
/home/vitaly/p/Prime-World/pw/branches/r1117/Src/PF_GameLogic/LuaScript.cpp:507:3: note: in expansion of macro ‘_START_LUA2CPP_FUNCTION_HEAD’
  507 |   _START_LUA2CPP_FUNCTION_HEAD( name, 1 )                                                                                    \
      |   ^~~~~~~~~~~~~~~~~~~~~~~~~~~~
/home/vitaly/p/Prime-World/pw/branches/r1117/Src/PF_GameLogic/LuaScript.cpp:2292:1: note: in expansion of macro ‘START_LUA2CPP_FUNCTION_ARG1’
 2292 | START_LUA2CPP_FUNCTION_ARG1( LuaRemoveSimpleObject, const char* )
      | ^~~~~~~~~~~~~~~~~~~~~~~~~~~
/home/vitaly/p/Prime-World/pw/branches/r1117/Src/PF_GameLogic/LuaScript.cpp:481:3: error: pasting "AddScriptFunction___LINE___LuaHideSimpleObject" and "(" does not give a valid preprocessing token
  481 |   AddScriptFunction_##__LINE__##_##name##()                                                                                  \
      |   ^~~~~~~~~~~~~~~~~~
/home/vitaly/p/Prime-World/pw/branches/r1117/Src/PF_GameLogic/LuaScript.cpp:491:1: note: in expansion of macro ‘ADD_LUA2CPP_FUNCTION’
  491 | ADD_LUA2CPP_FUNCTION(name)                                                                                                   \
      | ^~~~~~~~~~~~~~~~~~~~
/home/vitaly/p/Prime-World/pw/branches/r1117/Src/PF_GameLogic/LuaScript.cpp:507:3: note: in expansion of macro ‘_START_LUA2CPP_FUNCTION_HEAD’
  507 |   _START_LUA2CPP_FUNCTION_HEAD( name, 1 )                                                                                    \
      |   ^~~~~~~~~~~~~~~~~~~~~~~~~~~~
/home/vitaly/p/Prime-World/pw/branches/r1117/Src/PF_GameLogic/LuaScript.cpp:2299:1: note: in expansion of macro ‘START_LUA2CPP_FUNCTION_ARG1’
 2299 | START_LUA2CPP_FUNCTION_ARG1( LuaHideSimpleObject, const char* )
      | ^~~~~~~~~~~~~~~~~~~~~~~~~~~
/home/vitaly/p/Prime-World/pw/branches/r1117/Src/PF_GameLogic/LuaScript.cpp:485:3: error: pasting "addScriptFunction___LINE___LuaHideSimpleObject" and ";" does not give a valid preprocessing token
  485 | } addScriptFunction_##__LINE__##_##name##;
      |   ^~~~~~~~~~~~~~~~~~
/home/vitaly/p/Prime-World/pw/branches/r1117/Src/PF_GameLogic/LuaScript.cpp:491:1: note: in expansion of macro ‘ADD_LUA2CPP_FUNCTION’
  491 | ADD_LUA2CPP_FUNCTION(name)                                                                                                   \
      | ^~~~~~~~~~~~~~~~~~~~
/home/vitaly/p/Prime-World/pw/branches/r1117/Src/PF_GameLogic/LuaScript.cpp:507:3: note: in expansion of macro ‘_START_LUA2CPP_FUNCTION_HEAD’
  507 |   _START_LUA2CPP_FUNCTION_HEAD( name, 1 )                                                                                    \
      |   ^~~~~~~~~~~~~~~~~~~~~~~~~~~~
/home/vitaly/p/Prime-World/pw/branches/r1117/Src/PF_GameLogic/LuaScript.cpp:2299:1: note: in expansion of macro ‘START_LUA2CPP_FUNCTION_ARG1’
 2299 | START_LUA2CPP_FUNCTION_ARG1( LuaHideSimpleObject, const char* )
      | ^~~~~~~~~~~~~~~~~~~~~~~~~~~
/home/vitaly/p/Prime-World/pw/branches/r1117/Src/PF_GameLogic/LuaScript.cpp:481:3: error: pasting "AddScriptFunction___LINE___LuaShowSimpleObject" and "(" does not give a valid preprocessing token
  481 |   AddScriptFunction_##__LINE__##_##name##()                                                                                  \
      |   ^~~~~~~~~~~~~~~~~~
/home/vitaly/p/Prime-World/pw/branches/r1117/Src/PF_GameLogic/LuaScript.cpp:491:1: note: in expansion of macro ‘ADD_LUA2CPP_FUNCTION’
  491 | ADD_LUA2CPP_FUNCTION(name)                                                                                                   \
      | ^~~~~~~~~~~~~~~~~~~~
/home/vitaly/p/Prime-World/pw/branches/r1117/Src/PF_GameLogic/LuaScript.cpp:507:3: note: in expansion of macro ‘_START_LUA2CPP_FUNCTION_HEAD’
  507 |   _START_LUA2CPP_FUNCTION_HEAD( name, 1 )                                                                                    \
      |   ^~~~~~~~~~~~~~~~~~~~~~~~~~~~
/home/vitaly/p/Prime-World/pw/branches/r1117/Src/PF_GameLogic/LuaScript.cpp:2306:1: note: in expansion of macro ‘START_LUA2CPP_FUNCTION_ARG1’
 2306 | START_LUA2CPP_FUNCTION_ARG1( LuaShowSimpleObject, const char* )
      | ^~~~~~~~~~~~~~~~~~~~~~~~~~~
/home/vitaly/p/Prime-World/pw/branches/r1117/Src/PF_GameLogic/LuaScript.cpp:485:3: error: pasting "addScriptFunction___LINE___LuaShowSimpleObject" and ";" does not give a valid preprocessing token
  485 | } addScriptFunction_##__LINE__##_##name##;
      |   ^~~~~~~~~~~~~~~~~~
/home/vitaly/p/Prime-World/pw/branches/r1117/Src/PF_GameLogic/LuaScript.cpp:491:1: note: in expansion of macro ‘ADD_LUA2CPP_FUNCTION’
  491 | ADD_LUA2CPP_FUNCTION(name)                                                                                                   \
      | ^~~~~~~~~~~~~~~~~~~~
/home/vitaly/p/Prime-World/pw/branches/r1117/Src/PF_GameLogic/LuaScript.cpp:507:3: note: in expansion of macro ‘_START_LUA2CPP_FUNCTION_HEAD’
  507 |   _START_LUA2CPP_FUNCTION_HEAD( name, 1 )                                                                                    \
      |   ^~~~~~~~~~~~~~~~~~~~~~~~~~~~
/home/vitaly/p/Prime-World/pw/branches/r1117/Src/PF_GameLogic/LuaScript.cpp:2306:1: note: in expansion of macro ‘START_LUA2CPP_FUNCTION_ARG1’
 2306 | START_LUA2CPP_FUNCTION_ARG1( LuaShowSimpleObject, const char* )
      | ^~~~~~~~~~~~~~~~~~~~~~~~~~~
/home/vitaly/p/Prime-World/pw/branches/r1117/Src/PF_GameLogic/LuaScript.cpp:481:3: error: pasting "AddScriptFunction___LINE___LuaSetPause" and "(" does not give a valid preprocessing token
  481 |   AddScriptFunction_##__LINE__##_##name##()                                                                                  \
      |   ^~~~~~~~~~~~~~~~~~
/home/vitaly/p/Prime-World/pw/branches/r1117/Src/PF_GameLogic/LuaScript.cpp:491:1: note: in expansion of macro ‘ADD_LUA2CPP_FUNCTION’
  491 | ADD_LUA2CPP_FUNCTION(name)                                                                                                   \
      | ^~~~~~~~~~~~~~~~~~~~
/home/vitaly/p/Prime-World/pw/branches/r1117/Src/PF_GameLogic/LuaScript.cpp:507:3: note: in expansion of macro ‘_START_LUA2CPP_FUNCTION_HEAD’
  507 |   _START_LUA2CPP_FUNCTION_HEAD( name, 1 )                                                                                    \
      |   ^~~~~~~~~~~~~~~~~~~~~~~~~~~~
/home/vitaly/p/Prime-World/pw/branches/r1117/Src/PF_GameLogic/LuaScript.cpp:2313:1: note: in expansion of macro ‘START_LUA2CPP_FUNCTION_ARG1’
 2313 | START_LUA2CPP_FUNCTION_ARG1( LuaSetPause, bool )
      | ^~~~~~~~~~~~~~~~~~~~~~~~~~~
/home/vitaly/p/Prime-World/pw/branches/r1117/Src/PF_GameLogic/LuaScript.cpp:485:3: error: pasting "addScriptFunction___LINE___LuaSetPause" and ";" does not give a valid preprocessing token
  485 | } addScriptFunction_##__LINE__##_##name##;
      |   ^~~~~~~~~~~~~~~~~~
/home/vitaly/p/Prime-World/pw/branches/r1117/Src/PF_GameLogic/LuaScript.cpp:491:1: note: in expansion of macro ‘ADD_LUA2CPP_FUNCTION’
  491 | ADD_LUA2CPP_FUNCTION(name)                                                                                                   \
      | ^~~~~~~~~~~~~~~~~~~~
/home/vitaly/p/Prime-World/pw/branches/r1117/Src/PF_GameLogic/LuaScript.cpp:507:3: note: in expansion of macro ‘_START_LUA2CPP_FUNCTION_HEAD’
  507 |   _START_LUA2CPP_FUNCTION_HEAD( name, 1 )                                                                                    \
      |   ^~~~~~~~~~~~~~~~~~~~~~~~~~~~
/home/vitaly/p/Prime-World/pw/branches/r1117/Src/PF_GameLogic/LuaScript.cpp:2313:1: note: in expansion of macro ‘START_LUA2CPP_FUNCTION_ARG1’
 2313 | START_LUA2CPP_FUNCTION_ARG1( LuaSetPause, bool )
      | ^~~~~~~~~~~~~~~~~~~~~~~~~~~
/home/vitaly/p/Prime-World/pw/branches/r1117/Src/PF_GameLogic/LuaScript.cpp:481:3: error: pasting "AddScriptFunction___LINE___LuaSetCinematicPause" and "(" does not give a valid preprocessing token
  481 |   AddScriptFunction_##__LINE__##_##name##()                                                                                  \
      |   ^~~~~~~~~~~~~~~~~~
/home/vitaly/p/Prime-World/pw/branches/r1117/Src/PF_GameLogic/LuaScript.cpp:491:1: note: in expansion of macro ‘ADD_LUA2CPP_FUNCTION’
  491 | ADD_LUA2CPP_FUNCTION(name)                                                                                                   \
      | ^~~~~~~~~~~~~~~~~~~~
/home/vitaly/p/Prime-World/pw/branches/r1117/Src/PF_GameLogic/LuaScript.cpp:507:3: note: in expansion of macro ‘_START_LUA2CPP_FUNCTION_HEAD’
  507 |   _START_LUA2CPP_FUNCTION_HEAD( name, 1 )                                                                                    \
      |   ^~~~~~~~~~~~~~~~~~~~~~~~~~~~
/home/vitaly/p/Prime-World/pw/branches/r1117/Src/PF_GameLogic/LuaScript.cpp:2323:1: note: in expansion of macro ‘START_LUA2CPP_FUNCTION_ARG1’
 2323 | START_LUA2CPP_FUNCTION_ARG1( LuaSetCinematicPause, bool )
      | ^~~~~~~~~~~~~~~~~~~~~~~~~~~
/home/vitaly/p/Prime-World/pw/branches/r1117/Src/PF_GameLogic/LuaScript.cpp:485:3: error: pasting "addScriptFunction___LINE___LuaSetCinematicPause" and ";" does not give a valid preprocessing token
  485 | } addScriptFunction_##__LINE__##_##name##;
      |   ^~~~~~~~~~~~~~~~~~
/home/vitaly/p/Prime-World/pw/branches/r1117/Src/PF_GameLogic/LuaScript.cpp:491:1: note: in expansion of macro ‘ADD_LUA2CPP_FUNCTION’
  491 | ADD_LUA2CPP_FUNCTION(name)                                                                                                   \
      | ^~~~~~~~~~~~~~~~~~~~
/home/vitaly/p/Prime-World/pw/branches/r1117/Src/PF_GameLogic/LuaScript.cpp:507:3: note: in expansion of macro ‘_START_LUA2CPP_FUNCTION_HEAD’
  507 |   _START_LUA2CPP_FUNCTION_HEAD( name, 1 )                                                                                    \
      |   ^~~~~~~~~~~~~~~~~~~~~~~~~~~~
/home/vitaly/p/Prime-World/pw/branches/r1117/Src/PF_GameLogic/LuaScript.cpp:2323:1: note: in expansion of macro ‘START_LUA2CPP_FUNCTION_ARG1’
 2323 | START_LUA2CPP_FUNCTION_ARG1( LuaSetCinematicPause, bool )
      | ^~~~~~~~~~~~~~~~~~~~~~~~~~~
/home/vitaly/p/Prime-World/pw/branches/r1117/Src/PF_GameLogic/LuaScript.cpp:481:3: error: pasting "AddScriptFunction___LINE___LuaHeroSetForbidRespawn" and "(" does not give a valid preprocessing token
  481 |   AddScriptFunction_##__LINE__##_##name##()                                                                                  \
      |   ^~~~~~~~~~~~~~~~~~
/home/vitaly/p/Prime-World/pw/branches/r1117/Src/PF_GameLogic/LuaScript.cpp:491:1: note: in expansion of macro ‘ADD_LUA2CPP_FUNCTION’
  491 | ADD_LUA2CPP_FUNCTION(name)                                                                                                   \
      | ^~~~~~~~~~~~~~~~~~~~
/home/vitaly/p/Prime-World/pw/branches/r1117/Src/PF_GameLogic/LuaScript.cpp:512:3: note: in expansion of macro ‘_START_LUA2CPP_FUNCTION_HEAD’
  512 |   _START_LUA2CPP_FUNCTION_HEAD( name, 2 )                                                                                    \
      |   ^~~~~~~~~~~~~~~~~~~~~~~~~~~~
/home/vitaly/p/Prime-World/pw/branches/r1117/Src/PF_GameLogic/LuaScript.cpp:2333:1: note: in expansion of macro ‘START_LUA2CPP_FUNCTION_ARG2’
 2333 | START_LUA2CPP_FUNCTION_ARG2( LuaHeroSetForbidRespawn, const char*, bool )
      | ^~~~~~~~~~~~~~~~~~~~~~~~~~~
/home/vitaly/p/Prime-World/pw/branches/r1117/Src/PF_GameLogic/LuaScript.cpp:485:3: error: pasting "addScriptFunction___LINE___LuaHeroSetForbidRespawn" and ";" does not give a valid preprocessing token
  485 | } addScriptFunction_##__LINE__##_##name##;
      |   ^~~~~~~~~~~~~~~~~~
/home/vitaly/p/Prime-World/pw/branches/r1117/Src/PF_GameLogic/LuaScript.cpp:491:1: note: in expansion of macro ‘ADD_LUA2CPP_FUNCTION’
  491 | ADD_LUA2CPP_FUNCTION(name)                                                                                                   \
      | ^~~~~~~~~~~~~~~~~~~~
/home/vitaly/p/Prime-World/pw/branches/r1117/Src/PF_GameLogic/LuaScript.cpp:512:3: note: in expansion of macro ‘_START_LUA2CPP_FUNCTION_HEAD’
  512 |   _START_LUA2CPP_FUNCTION_HEAD( name, 2 )                                                                                    \
      |   ^~~~~~~~~~~~~~~~~~~~~~~~~~~~
/home/vitaly/p/Prime-World/pw/branches/r1117/Src/PF_GameLogic/LuaScript.cpp:2333:1: note: in expansion of macro ‘START_LUA2CPP_FUNCTION_ARG2’
 2333 | START_LUA2CPP_FUNCTION_ARG2( LuaHeroSetForbidRespawn, const char*, bool )
      | ^~~~~~~~~~~~~~~~~~~~~~~~~~~
/home/vitaly/p/Prime-World/pw/branches/r1117/Src/PF_GameLogic/LuaScript.cpp:481:3: error: pasting "AddScriptFunction___LINE___LuaHeroRespawn" and "(" does not give a valid preprocessing token
  481 |   AddScriptFunction_##__LINE__##_##name##()                                                                                  \
      |   ^~~~~~~~~~~~~~~~~~
/home/vitaly/p/Prime-World/pw/branches/r1117/Src/PF_GameLogic/LuaScript.cpp:491:1: note: in expansion of macro ‘ADD_LUA2CPP_FUNCTION’
  491 | ADD_LUA2CPP_FUNCTION(name)                                                                                                   \
      | ^~~~~~~~~~~~~~~~~~~~
/home/vitaly/p/Prime-World/pw/branches/r1117/Src/PF_GameLogic/LuaScript.cpp:507:3: note: in expansion of macro ‘_START_LUA2CPP_FUNCTION_HEAD’
  507 |   _START_LUA2CPP_FUNCTION_HEAD( name, 1 )                                                                                    \
      |   ^~~~~~~~~~~~~~~~~~~~~~~~~~~~
/home/vitaly/p/Prime-World/pw/branches/r1117/Src/PF_GameLogic/LuaScript.cpp:2344:1: note: in expansion of macro ‘START_LUA2CPP_FUNCTION_ARG1’
 2344 | START_LUA2CPP_FUNCTION_ARG1( LuaHeroRespawn, const char* )
      | ^~~~~~~~~~~~~~~~~~~~~~~~~~~
/home/vitaly/p/Prime-World/pw/branches/r1117/Src/PF_GameLogic/LuaScript.cpp:485:3: error: pasting "addScriptFunction___LINE___LuaHeroRespawn" and ";" does not give a valid preprocessing token
  485 | } addScriptFunction_##__LINE__##_##name##;
      |   ^~~~~~~~~~~~~~~~~~
/home/vitaly/p/Prime-World/pw/branches/r1117/Src/PF_GameLogic/LuaScript.cpp:491:1: note: in expansion of macro ‘ADD_LUA2CPP_FUNCTION’
  491 | ADD_LUA2CPP_FUNCTION(name)                                                                                                   \
      | ^~~~~~~~~~~~~~~~~~~~
/home/vitaly/p/Prime-World/pw/branches/r1117/Src/PF_GameLogic/LuaScript.cpp:507:3: note: in expansion of macro ‘_START_LUA2CPP_FUNCTION_HEAD’
  507 |   _START_LUA2CPP_FUNCTION_HEAD( name, 1 )                                                                                    \
      |   ^~~~~~~~~~~~~~~~~~~~~~~~~~~~
/home/vitaly/p/Prime-World/pw/branches/r1117/Src/PF_GameLogic/LuaScript.cpp:2344:1: note: in expansion of macro ‘START_LUA2CPP_FUNCTION_ARG1’
 2344 | START_LUA2CPP_FUNCTION_ARG1( LuaHeroRespawn, const char* )
      | ^~~~~~~~~~~~~~~~~~~~~~~~~~~
/home/vitaly/p/Prime-World/pw/branches/r1117/Src/PF_GameLogic/LuaScript.cpp:481:3: error: pasting "AddScriptFunction___LINE___LuaHeroSetRespawnPoint" and "(" does not give a valid preprocessing token
  481 |   AddScriptFunction_##__LINE__##_##name##()                                                                                  \
      |   ^~~~~~~~~~~~~~~~~~
/home/vitaly/p/Prime-World/pw/branches/r1117/Src/PF_GameLogic/LuaScript.cpp:491:1: note: in expansion of macro ‘ADD_LUA2CPP_FUNCTION’
  491 | ADD_LUA2CPP_FUNCTION(name)                                                                                                   \
      | ^~~~~~~~~~~~~~~~~~~~
/home/vitaly/p/Prime-World/pw/branches/r1117/Src/PF_GameLogic/LuaScript.cpp:518:3: note: in expansion of macro ‘_START_LUA2CPP_FUNCTION_HEAD’
  518 |   _START_LUA2CPP_FUNCTION_HEAD( name, 3 )                                                                                    \
      |   ^~~~~~~~~~~~~~~~~~~~~~~~~~~~
/home/vitaly/p/Prime-World/pw/branches/r1117/Src/PF_GameLogic/LuaScript.cpp:2356:1: note: in expansion of macro ‘START_LUA2CPP_FUNCTION_ARG3’
 2356 | START_LUA2CPP_FUNCTION_ARG3( LuaHeroSetRespawnPoint, const char*, float, float )
      | ^~~~~~~~~~~~~~~~~~~~~~~~~~~
/home/vitaly/p/Prime-World/pw/branches/r1117/Src/PF_GameLogic/LuaScript.cpp:485:3: error: pasting "addScriptFunction___LINE___LuaHeroSetRespawnPoint" and ";" does not give a valid preprocessing token
  485 | } addScriptFunction_##__LINE__##_##name##;
      |   ^~~~~~~~~~~~~~~~~~
/home/vitaly/p/Prime-World/pw/branches/r1117/Src/PF_GameLogic/LuaScript.cpp:491:1: note: in expansion of macro ‘ADD_LUA2CPP_FUNCTION’
  491 | ADD_LUA2CPP_FUNCTION(name)                                                                                                   \
      | ^~~~~~~~~~~~~~~~~~~~
/home/vitaly/p/Prime-World/pw/branches/r1117/Src/PF_GameLogic/LuaScript.cpp:518:3: note: in expansion of macro ‘_START_LUA2CPP_FUNCTION_HEAD’
  518 |   _START_LUA2CPP_FUNCTION_HEAD( name, 3 )                                                                                    \
      |   ^~~~~~~~~~~~~~~~~~~~~~~~~~~~
/home/vitaly/p/Prime-World/pw/branches/r1117/Src/PF_GameLogic/LuaScript.cpp:2356:1: note: in expansion of macro ‘START_LUA2CPP_FUNCTION_ARG3’
 2356 | START_LUA2CPP_FUNCTION_ARG3( LuaHeroSetRespawnPoint, const char*, float, float )
      | ^~~~~~~~~~~~~~~~~~~~~~~~~~~
/home/vitaly/p/Prime-World/pw/branches/r1117/Src/PF_GameLogic/LuaScript.cpp:481:3: error: pasting "AddScriptFunction___LINE___LuaHeroIsRespawning" and "(" does not give a valid preprocessing token
  481 |   AddScriptFunction_##__LINE__##_##name##()                                                                                  \
      |   ^~~~~~~~~~~~~~~~~~
/home/vitaly/p/Prime-World/pw/branches/r1117/Src/PF_GameLogic/LuaScript.cpp:491:1: note: in expansion of macro ‘ADD_LUA2CPP_FUNCTION’
  491 | ADD_LUA2CPP_FUNCTION(name)                                                                                                   \
      | ^~~~~~~~~~~~~~~~~~~~
/home/vitaly/p/Prime-World/pw/branches/r1117/Src/PF_GameLogic/LuaScript.cpp:507:3: note: in expansion of macro ‘_START_LUA2CPP_FUNCTION_HEAD’
  507 |   _START_LUA2CPP_FUNCTION_HEAD( name, 1 )                                                                                    \
      |   ^~~~~~~~~~~~~~~~~~~~~~~~~~~~
/home/vitaly/p/Prime-World/pw/branches/r1117/Src/PF_GameLogic/LuaScript.cpp:2366:1: note: in expansion of macro ‘START_LUA2CPP_FUNCTION_ARG1’
 2366 | START_LUA2CPP_FUNCTION_ARG1( LuaHeroIsRespawning, const char* )
      | ^~~~~~~~~~~~~~~~~~~~~~~~~~~
/home/vitaly/p/Prime-World/pw/branches/r1117/Src/PF_GameLogic/LuaScript.cpp:485:3: error: pasting "addScriptFunction___LINE___LuaHeroIsRespawning" and ";" does not give a valid preprocessing token
  485 | } addScriptFunction_##__LINE__##_##name##;
      |   ^~~~~~~~~~~~~~~~~~
/home/vitaly/p/Prime-World/pw/branches/r1117/Src/PF_GameLogic/LuaScript.cpp:491:1: note: in expansion of macro ‘ADD_LUA2CPP_FUNCTION’
  491 | ADD_LUA2CPP_FUNCTION(name)                                                                                                   \
      | ^~~~~~~~~~~~~~~~~~~~
/home/vitaly/p/Prime-World/pw/branches/r1117/Src/PF_GameLogic/LuaScript.cpp:507:3: note: in expansion of macro ‘_START_LUA2CPP_FUNCTION_HEAD’
  507 |   _START_LUA2CPP_FUNCTION_HEAD( name, 1 )                                                                                    \
      |   ^~~~~~~~~~~~~~~~~~~~~~~~~~~~
/home/vitaly/p/Prime-World/pw/branches/r1117/Src/PF_GameLogic/LuaScript.cpp:2366:1: note: in expansion of macro ‘START_LUA2CPP_FUNCTION_ARG1’
 2366 | START_LUA2CPP_FUNCTION_ARG1( LuaHeroIsRespawning, const char* )
      | ^~~~~~~~~~~~~~~~~~~~~~~~~~~
/home/vitaly/p/Prime-World/pw/branches/r1117/Src/PF_GameLogic/LuaScript.cpp:481:3: error: pasting "AddScriptFunction___LINE___LuaFlagGetFaction" and "(" does not give a valid preprocessing token
  481 |   AddScriptFunction_##__LINE__##_##name##()                                                                                  \
      |   ^~~~~~~~~~~~~~~~~~
/home/vitaly/p/Prime-World/pw/branches/r1117/Src/PF_GameLogic/LuaScript.cpp:491:1: note: in expansion of macro ‘ADD_LUA2CPP_FUNCTION’
  491 | ADD_LUA2CPP_FUNCTION(name)                                                                                                   \
      | ^~~~~~~~~~~~~~~~~~~~
/home/vitaly/p/Prime-World/pw/branches/r1117/Src/PF_GameLogic/LuaScript.cpp:512:3: note: in expansion of macro ‘_START_LUA2CPP_FUNCTION_HEAD’
  512 |   _START_LUA2CPP_FUNCTION_HEAD( name, 2 )                                                                                    \
      |   ^~~~~~~~~~~~~~~~~~~~~~~~~~~~
/home/vitaly/p/Prime-World/pw/branches/r1117/Src/PF_GameLogic/LuaScript.cpp:2377:1: note: in expansion of macro ‘START_LUA2CPP_FUNCTION_ARG2’
 2377 | START_LUA2CPP_FUNCTION_ARG2( LuaFlagGetFaction, int, int )
      | ^~~~~~~~~~~~~~~~~~~~~~~~~~~
/home/vitaly/p/Prime-World/pw/branches/r1117/Src/PF_GameLogic/LuaScript.cpp:485:3: error: pasting "addScriptFunction___LINE___LuaFlagGetFaction" and ";" does not give a valid preprocessing token
  485 | } addScriptFunction_##__LINE__##_##name##;
      |   ^~~~~~~~~~~~~~~~~~
/home/vitaly/p/Prime-World/pw/branches/r1117/Src/PF_GameLogic/LuaScript.cpp:491:1: note: in expansion of macro ‘ADD_LUA2CPP_FUNCTION’
  491 | ADD_LUA2CPP_FUNCTION(name)                                                                                                   \
      | ^~~~~~~~~~~~~~~~~~~~
/home/vitaly/p/Prime-World/pw/branches/r1117/Src/PF_GameLogic/LuaScript.cpp:512:3: note: in expansion of macro ‘_START_LUA2CPP_FUNCTION_HEAD’
  512 |   _START_LUA2CPP_FUNCTION_HEAD( name, 2 )                                                                                    \
      |   ^~~~~~~~~~~~~~~~~~~~~~~~~~~~
/home/vitaly/p/Prime-World/pw/branches/r1117/Src/PF_GameLogic/LuaScript.cpp:2377:1: note: in expansion of macro ‘START_LUA2CPP_FUNCTION_ARG2’
 2377 | START_LUA2CPP_FUNCTION_ARG2( LuaFlagGetFaction, int, int )
      | ^~~~~~~~~~~~~~~~~~~~~~~~~~~
/home/vitaly/p/Prime-World/pw/branches/r1117/Src/PF_GameLogic/LuaScript.cpp:481:3: error: pasting "AddScriptFunction___LINE___LuaFlagIsRising" and "(" does not give a valid preprocessing token
  481 |   AddScriptFunction_##__LINE__##_##name##()                                                                                  \
      |   ^~~~~~~~~~~~~~~~~~
/home/vitaly/p/Prime-World/pw/branches/r1117/Src/PF_GameLogic/LuaScript.cpp:491:1: note: in expansion of macro ‘ADD_LUA2CPP_FUNCTION’
  491 | ADD_LUA2CPP_FUNCTION(name)                                                                                                   \
      | ^~~~~~~~~~~~~~~~~~~~
/home/vitaly/p/Prime-World/pw/branches/r1117/Src/PF_GameLogic/LuaScript.cpp:512:3: note: in expansion of macro ‘_START_LUA2CPP_FUNCTION_HEAD’
  512 |   _START_LUA2CPP_FUNCTION_HEAD( name, 2 )                                                                                    \
      |   ^~~~~~~~~~~~~~~~~~~~~~~~~~~~
/home/vitaly/p/Prime-World/pw/branches/r1117/Src/PF_GameLogic/LuaScript.cpp:2390:1: note: in expansion of macro ‘START_LUA2CPP_FUNCTION_ARG2’
 2390 | START_LUA2CPP_FUNCTION_ARG2( LuaFlagIsRising, int, int )
      | ^~~~~~~~~~~~~~~~~~~~~~~~~~~
/home/vitaly/p/Prime-World/pw/branches/r1117/Src/PF_GameLogic/LuaScript.cpp:485:3: error: pasting "addScriptFunction___LINE___LuaFlagIsRising" and ";" does not give a valid preprocessing token
  485 | } addScriptFunction_##__LINE__##_##name##;
      |   ^~~~~~~~~~~~~~~~~~
/home/vitaly/p/Prime-World/pw/branches/r1117/Src/PF_GameLogic/LuaScript.cpp:491:1: note: in expansion of macro ‘ADD_LUA2CPP_FUNCTION’
  491 | ADD_LUA2CPP_FUNCTION(name)                                                                                                   \
      | ^~~~~~~~~~~~~~~~~~~~
/home/vitaly/p/Prime-World/pw/branches/r1117/Src/PF_GameLogic/LuaScript.cpp:512:3: note: in expansion of macro ‘_START_LUA2CPP_FUNCTION_HEAD’
  512 |   _START_LUA2CPP_FUNCTION_HEAD( name, 2 )                                                                                    \
      |   ^~~~~~~~~~~~~~~~~~~~~~~~~~~~
/home/vitaly/p/Prime-World/pw/branches/r1117/Src/PF_GameLogic/LuaScript.cpp:2390:1: note: in expansion of macro ‘START_LUA2CPP_FUNCTION_ARG2’
 2390 | START_LUA2CPP_FUNCTION_ARG2( LuaFlagIsRising, int, int )
      | ^~~~~~~~~~~~~~~~~~~~~~~~~~~
/home/vitaly/p/Prime-World/pw/branches/r1117/Src/PF_GameLogic/LuaScript.cpp:481:3: error: pasting "AddScriptFunction___LINE___LuaGetControlStyle" and "(" does not give a valid preprocessing token
  481 |   AddScriptFunction_##__LINE__##_##name##()                                                                                  \
      |   ^~~~~~~~~~~~~~~~~~
/home/vitaly/p/Prime-World/pw/branches/r1117/Src/PF_GameLogic/LuaScript.cpp:491:1: note: in expansion of macro ‘ADD_LUA2CPP_FUNCTION’
  491 | ADD_LUA2CPP_FUNCTION(name)                                                                                                   \
      | ^~~~~~~~~~~~~~~~~~~~
/home/vitaly/p/Prime-World/pw/branches/r1117/Src/PF_GameLogic/LuaScript.cpp:503:3: note: in expansion of macro ‘_START_LUA2CPP_FUNCTION_HEAD’
  503 |   _START_LUA2CPP_FUNCTION_HEAD( name, 0 )
      |   ^~~~~~~~~~~~~~~~~~~~~~~~~~~~
/home/vitaly/p/Prime-World/pw/branches/r1117/Src/PF_GameLogic/LuaScript.cpp:2402:1: note: in expansion of macro ‘START_LUA2CPP_FUNCTION’
 2402 | START_LUA2CPP_FUNCTION( LuaGetControlStyle )
      | ^~~~~~~~~~~~~~~~~~~~~~
/home/vitaly/p/Prime-World/pw/branches/r1117/Src/PF_GameLogic/LuaScript.cpp:485:3: error: pasting "addScriptFunction___LINE___LuaGetControlStyle" and ";" does not give a valid preprocessing token
  485 | } addScriptFunction_##__LINE__##_##name##;
      |   ^~~~~~~~~~~~~~~~~~
/home/vitaly/p/Prime-World/pw/branches/r1117/Src/PF_GameLogic/LuaScript.cpp:491:1: note: in expansion of macro ‘ADD_LUA2CPP_FUNCTION’
  491 | ADD_LUA2CPP_FUNCTION(name)                                                                                                   \
      | ^~~~~~~~~~~~~~~~~~~~
/home/vitaly/p/Prime-World/pw/branches/r1117/Src/PF_GameLogic/LuaScript.cpp:503:3: note: in expansion of macro ‘_START_LUA2CPP_FUNCTION_HEAD’
  503 |   _START_LUA2CPP_FUNCTION_HEAD( name, 0 )
      |   ^~~~~~~~~~~~~~~~~~~~~~~~~~~~
/home/vitaly/p/Prime-World/pw/branches/r1117/Src/PF_GameLogic/LuaScript.cpp:2402:1: note: in expansion of macro ‘START_LUA2CPP_FUNCTION’
 2402 | START_LUA2CPP_FUNCTION( LuaGetControlStyle )
      | ^~~~~~~~~~~~~~~~~~~~~~
/home/vitaly/p/Prime-World/pw/branches/r1117/Src/PF_GameLogic/LuaScript.cpp:481:3: error: pasting "AddScriptFunction___LINE___LuaGetScriptArea" and "(" does not give a valid preprocessing token
  481 |   AddScriptFunction_##__LINE__##_##name##()                                                                                  \
      |   ^~~~~~~~~~~~~~~~~~
/home/vitaly/p/Prime-World/pw/branches/r1117/Src/PF_GameLogic/LuaScript.cpp:491:1: note: in expansion of macro ‘ADD_LUA2CPP_FUNCTION’
  491 | ADD_LUA2CPP_FUNCTION(name)                                                                                                   \
      | ^~~~~~~~~~~~~~~~~~~~
/home/vitaly/p/Prime-World/pw/branches/r1117/Src/PF_GameLogic/LuaScript.cpp:507:3: note: in expansion of macro ‘_START_LUA2CPP_FUNCTION_HEAD’
  507 |   _START_LUA2CPP_FUNCTION_HEAD( name, 1 )                                                                                    \
      |   ^~~~~~~~~~~~~~~~~~~~~~~~~~~~
/home/vitaly/p/Prime-World/pw/branches/r1117/Src/PF_GameLogic/LuaScript.cpp:2415:1: note: in expansion of macro ‘START_LUA2CPP_FUNCTION_ARG1’
 2415 | START_LUA2CPP_FUNCTION_ARG1( LuaGetScriptArea, const char* )
      | ^~~~~~~~~~~~~~~~~~~~~~~~~~~
/home/vitaly/p/Prime-World/pw/branches/r1117/Src/PF_GameLogic/LuaScript.cpp:485:3: error: pasting "addScriptFunction___LINE___LuaGetScriptArea" and ";" does not give a valid preprocessing token
  485 | } addScriptFunction_##__LINE__##_##name##;
      |   ^~~~~~~~~~~~~~~~~~
/home/vitaly/p/Prime-World/pw/branches/r1117/Src/PF_GameLogic/LuaScript.cpp:491:1: note: in expansion of macro ‘ADD_LUA2CPP_FUNCTION’
  491 | ADD_LUA2CPP_FUNCTION(name)                                                                                                   \
      | ^~~~~~~~~~~~~~~~~~~~
/home/vitaly/p/Prime-World/pw/branches/r1117/Src/PF_GameLogic/LuaScript.cpp:507:3: note: in expansion of macro ‘_START_LUA2CPP_FUNCTION_HEAD’
  507 |   _START_LUA2CPP_FUNCTION_HEAD( name, 1 )                                                                                    \
      |   ^~~~~~~~~~~~~~~~~~~~~~~~~~~~
/home/vitaly/p/Prime-World/pw/branches/r1117/Src/PF_GameLogic/LuaScript.cpp:2415:1: note: in expansion of macro ‘START_LUA2CPP_FUNCTION_ARG1’
 2415 | START_LUA2CPP_FUNCTION_ARG1( LuaGetScriptArea, const char* )
      | ^~~~~~~~~~~~~~~~~~~~~~~~~~~
/home/vitaly/p/Prime-World/pw/branches/r1117/Src/PF_GameLogic/LuaScript.cpp:481:3: error: pasting "AddScriptFunction___LINE___LuaGetScriptPath" and "(" does not give a valid preprocessing token
  481 |   AddScriptFunction_##__LINE__##_##name##()                                                                                  \
      |   ^~~~~~~~~~~~~~~~~~
/home/vitaly/p/Prime-World/pw/branches/r1117/Src/PF_GameLogic/LuaScript.cpp:491:1: note: in expansion of macro ‘ADD_LUA2CPP_FUNCTION’
  491 | ADD_LUA2CPP_FUNCTION(name)                                                                                                   \
      | ^~~~~~~~~~~~~~~~~~~~
/home/vitaly/p/Prime-World/pw/branches/r1117/Src/PF_GameLogic/LuaScript.cpp:507:3: note: in expansion of macro ‘_START_LUA2CPP_FUNCTION_HEAD’
  507 |   _START_LUA2CPP_FUNCTION_HEAD( name, 1 )                                                                                    \
      |   ^~~~~~~~~~~~~~~~~~~~~~~~~~~~
/home/vitaly/p/Prime-World/pw/branches/r1117/Src/PF_GameLogic/LuaScript.cpp:2428:1: note: in expansion of macro ‘START_LUA2CPP_FUNCTION_ARG1’
 2428 | START_LUA2CPP_FUNCTION_ARG1( LuaGetScriptPath, const char* )
      | ^~~~~~~~~~~~~~~~~~~~~~~~~~~
/home/vitaly/p/Prime-World/pw/branches/r1117/Src/PF_GameLogic/LuaScript.cpp:485:3: error: pasting "addScriptFunction___LINE___LuaGetScriptPath" and ";" does not give a valid preprocessing token
  485 | } addScriptFunction_##__LINE__##_##name##;
      |   ^~~~~~~~~~~~~~~~~~
/home/vitaly/p/Prime-World/pw/branches/r1117/Src/PF_GameLogic/LuaScript.cpp:491:1: note: in expansion of macro ‘ADD_LUA2CPP_FUNCTION’
  491 | ADD_LUA2CPP_FUNCTION(name)                                                                                                   \
      | ^~~~~~~~~~~~~~~~~~~~
/home/vitaly/p/Prime-World/pw/branches/r1117/Src/PF_GameLogic/LuaScript.cpp:507:3: note: in expansion of macro ‘_START_LUA2CPP_FUNCTION_HEAD’
  507 |   _START_LUA2CPP_FUNCTION_HEAD( name, 1 )                                                                                    \
      |   ^~~~~~~~~~~~~~~~~~~~~~~~~~~~
/home/vitaly/p/Prime-World/pw/branches/r1117/Src/PF_GameLogic/LuaScript.cpp:2428:1: note: in expansion of macro ‘START_LUA2CPP_FUNCTION_ARG1’
 2428 | START_LUA2CPP_FUNCTION_ARG1( LuaGetScriptPath, const char* )
      | ^~~~~~~~~~~~~~~~~~~~~~~~~~~
/home/vitaly/p/Prime-World/pw/branches/r1117/Src/PF_GameLogic/LuaScript.cpp:481:3: error: pasting "AddScriptFunction___LINE___LuaSetUnitStat" and "(" does not give a valid preprocessing token
  481 |   AddScriptFunction_##__LINE__##_##name##()                                                                                  \
      |   ^~~~~~~~~~~~~~~~~~
/home/vitaly/p/Prime-World/pw/branches/r1117/Src/PF_GameLogic/LuaScript.cpp:491:1: note: in expansion of macro ‘ADD_LUA2CPP_FUNCTION’
  491 | ADD_LUA2CPP_FUNCTION(name)                                                                                                   \
      | ^~~~~~~~~~~~~~~~~~~~
/home/vitaly/p/Prime-World/pw/branches/r1117/Src/PF_GameLogic/LuaScript.cpp:518:3: note: in expansion of macro ‘_START_LUA2CPP_FUNCTION_HEAD’
  518 |   _START_LUA2CPP_FUNCTION_HEAD( name, 3 )                                                                                    \
      |   ^~~~~~~~~~~~~~~~~~~~~~~~~~~~
/home/vitaly/p/Prime-World/pw/branches/r1117/Src/PF_GameLogic/LuaScript.cpp:2444:1: note: in expansion of macro ‘START_LUA2CPP_FUNCTION_ARG3’
 2444 | START_LUA2CPP_FUNCTION_ARG3( LuaSetUnitStat, const char*, int, float )
      | ^~~~~~~~~~~~~~~~~~~~~~~~~~~
/home/vitaly/p/Prime-World/pw/branches/r1117/Src/PF_GameLogic/LuaScript.cpp:485:3: error: pasting "addScriptFunction___LINE___LuaSetUnitStat" and ";" does not give a valid preprocessing token
  485 | } addScriptFunction_##__LINE__##_##name##;
      |   ^~~~~~~~~~~~~~~~~~
/home/vitaly/p/Prime-World/pw/branches/r1117/Src/PF_GameLogic/LuaScript.cpp:491:1: note: in expansion of macro ‘ADD_LUA2CPP_FUNCTION’
  491 | ADD_LUA2CPP_FUNCTION(name)                                                                                                   \
      | ^~~~~~~~~~~~~~~~~~~~
/home/vitaly/p/Prime-World/pw/branches/r1117/Src/PF_GameLogic/LuaScript.cpp:518:3: note: in expansion of macro ‘_START_LUA2CPP_FUNCTION_HEAD’
  518 |   _START_LUA2CPP_FUNCTION_HEAD( name, 3 )                                                                                    \
      |   ^~~~~~~~~~~~~~~~~~~~~~~~~~~~
/home/vitaly/p/Prime-World/pw/branches/r1117/Src/PF_GameLogic/LuaScript.cpp:2444:1: note: in expansion of macro ‘START_LUA2CPP_FUNCTION_ARG3’
 2444 | START_LUA2CPP_FUNCTION_ARG3( LuaSetUnitStat, const char*, int, float )
      | ^~~~~~~~~~~~~~~~~~~~~~~~~~~
/home/vitaly/p/Prime-World/pw/branches/r1117/Src/PF_GameLogic/LuaScript.cpp:481:3: error: pasting "AddScriptFunction___LINE___LuaGetUnitStat" and "(" does not give a valid preprocessing token
  481 |   AddScriptFunction_##__LINE__##_##name##()                                                                                  \
      |   ^~~~~~~~~~~~~~~~~~
/home/vitaly/p/Prime-World/pw/branches/r1117/Src/PF_GameLogic/LuaScript.cpp:491:1: note: in expansion of macro ‘ADD_LUA2CPP_FUNCTION’
  491 | ADD_LUA2CPP_FUNCTION(name)                                                                                                   \
      | ^~~~~~~~~~~~~~~~~~~~
/home/vitaly/p/Prime-World/pw/branches/r1117/Src/PF_GameLogic/LuaScript.cpp:512:3: note: in expansion of macro ‘_START_LUA2CPP_FUNCTION_HEAD’
  512 |   _START_LUA2CPP_FUNCTION_HEAD( name, 2 )                                                                                    \
      |   ^~~~~~~~~~~~~~~~~~~~~~~~~~~~
/home/vitaly/p/Prime-World/pw/branches/r1117/Src/PF_GameLogic/LuaScript.cpp:2455:1: note: in expansion of macro ‘START_LUA2CPP_FUNCTION_ARG2’
 2455 | START_LUA2CPP_FUNCTION_ARG2( LuaGetUnitStat, LuaUnitIdParam, int )
      | ^~~~~~~~~~~~~~~~~~~~~~~~~~~
/home/vitaly/p/Prime-World/pw/branches/r1117/Src/PF_GameLogic/LuaScript.cpp:485:3: error: pasting "addScriptFunction___LINE___LuaGetUnitStat" and ";" does not give a valid preprocessing token
  485 | } addScriptFunction_##__LINE__##_##name##;
      |   ^~~~~~~~~~~~~~~~~~
/home/vitaly/p/Prime-World/pw/branches/r1117/Src/PF_GameLogic/LuaScript.cpp:491:1: note: in expansion of macro ‘ADD_LUA2CPP_FUNCTION’
  491 | ADD_LUA2CPP_FUNCTION(name)                                                                                                   \
      | ^~~~~~~~~~~~~~~~~~~~
/home/vitaly/p/Prime-World/pw/branches/r1117/Src/PF_GameLogic/LuaScript.cpp:512:3: note: in expansion of macro ‘_START_LUA2CPP_FUNCTION_HEAD’
  512 |   _START_LUA2CPP_FUNCTION_HEAD( name, 2 )                                                                                    \
      |   ^~~~~~~~~~~~~~~~~~~~~~~~~~~~
/home/vitaly/p/Prime-World/pw/branches/r1117/Src/PF_GameLogic/LuaScript.cpp:2455:1: note: in expansion of macro ‘START_LUA2CPP_FUNCTION_ARG2’
 2455 | START_LUA2CPP_FUNCTION_ARG2( LuaGetUnitStat, LuaUnitIdParam, int )
      | ^~~~~~~~~~~~~~~~~~~~~~~~~~~
/home/vitaly/p/Prime-World/pw/branches/r1117/Src/PF_GameLogic/LuaScript.cpp:481:3: error: pasting "AddScriptFunction___LINE___LuaGetUnitVariableById" and "(" does not give a valid preprocessing token
  481 |   AddScriptFunction_##__LINE__##_##name##()                                                                                  \
      |   ^~~~~~~~~~~~~~~~~~
/home/vitaly/p/Prime-World/pw/branches/r1117/Src/PF_GameLogic/LuaScript.cpp:491:1: note: in expansion of macro ‘ADD_LUA2CPP_FUNCTION’
  491 | ADD_LUA2CPP_FUNCTION(name)                                                                                                   \
      | ^~~~~~~~~~~~~~~~~~~~
/home/vitaly/p/Prime-World/pw/branches/r1117/Src/PF_GameLogic/LuaScript.cpp:512:3: note: in expansion of macro ‘_START_LUA2CPP_FUNCTION_HEAD’
  512 |   _START_LUA2CPP_FUNCTION_HEAD( name, 2 )                                                                                    \
      |   ^~~~~~~~~~~~~~~~~~~~~~~~~~~~
/home/vitaly/p/Prime-World/pw/branches/r1117/Src/PF_GameLogic/LuaScript.cpp:2466:1: note: in expansion of macro ‘START_LUA2CPP_FUNCTION_ARG2’
 2466 | START_LUA2CPP_FUNCTION_ARG2( LuaGetUnitVariableById, int, const char* )
      | ^~~~~~~~~~~~~~~~~~~~~~~~~~~
/home/vitaly/p/Prime-World/pw/branches/r1117/Src/PF_GameLogic/LuaScript.cpp:485:3: error: pasting "addScriptFunction___LINE___LuaGetUnitVariableById" and ";" does not give a valid preprocessing token
  485 | } addScriptFunction_##__LINE__##_##name##;
      |   ^~~~~~~~~~~~~~~~~~
/home/vitaly/p/Prime-World/pw/branches/r1117/Src/PF_GameLogic/LuaScript.cpp:491:1: note: in expansion of macro ‘ADD_LUA2CPP_FUNCTION’
  491 | ADD_LUA2CPP_FUNCTION(name)                                                                                                   \
      | ^~~~~~~~~~~~~~~~~~~~
/home/vitaly/p/Prime-World/pw/branches/r1117/Src/PF_GameLogic/LuaScript.cpp:512:3: note: in expansion of macro ‘_START_LUA2CPP_FUNCTION_HEAD’
  512 |   _START_LUA2CPP_FUNCTION_HEAD( name, 2 )                                                                                    \
      |   ^~~~~~~~~~~~~~~~~~~~~~~~~~~~
/home/vitaly/p/Prime-World/pw/branches/r1117/Src/PF_GameLogic/LuaScript.cpp:2466:1: note: in expansion of macro ‘START_LUA2CPP_FUNCTION_ARG2’
 2466 | START_LUA2CPP_FUNCTION_ARG2( LuaGetUnitVariableById, int, const char* )
      | ^~~~~~~~~~~~~~~~~~~~~~~~~~~
/home/vitaly/p/Prime-World/pw/branches/r1117/Src/PF_GameLogic/LuaScript.cpp:481:3: error: pasting "AddScriptFunction___LINE___LuaSetUnitHealth" and "(" does not give a valid preprocessing token
  481 |   AddScriptFunction_##__LINE__##_##name##()                                                                                  \
      |   ^~~~~~~~~~~~~~~~~~
/home/vitaly/p/Prime-World/pw/branches/r1117/Src/PF_GameLogic/LuaScript.cpp:491:1: note: in expansion of macro ‘ADD_LUA2CPP_FUNCTION’
  491 | ADD_LUA2CPP_FUNCTION(name)                                                                                                   \
      | ^~~~~~~~~~~~~~~~~~~~
/home/vitaly/p/Prime-World/pw/branches/r1117/Src/PF_GameLogic/LuaScript.cpp:512:3: note: in expansion of macro ‘_START_LUA2CPP_FUNCTION_HEAD’
  512 |   _START_LUA2CPP_FUNCTION_HEAD( name, 2 )                                                                                    \
      |   ^~~~~~~~~~~~~~~~~~~~~~~~~~~~
/home/vitaly/p/Prime-World/pw/branches/r1117/Src/PF_GameLogic/LuaScript.cpp:2476:1: note: in expansion of macro ‘START_LUA2CPP_FUNCTION_ARG2’
 2476 | START_LUA2CPP_FUNCTION_ARG2( LuaSetUnitHealth, const char*, float )
      | ^~~~~~~~~~~~~~~~~~~~~~~~~~~
/home/vitaly/p/Prime-World/pw/branches/r1117/Src/PF_GameLogic/LuaScript.cpp:485:3: error: pasting "addScriptFunction___LINE___LuaSetUnitHealth" and ";" does not give a valid preprocessing token
  485 | } addScriptFunction_##__LINE__##_##name##;
      |   ^~~~~~~~~~~~~~~~~~
/home/vitaly/p/Prime-World/pw/branches/r1117/Src/PF_GameLogic/LuaScript.cpp:491:1: note: in expansion of macro ‘ADD_LUA2CPP_FUNCTION’
  491 | ADD_LUA2CPP_FUNCTION(name)                                                                                                   \
      | ^~~~~~~~~~~~~~~~~~~~
/home/vitaly/p/Prime-World/pw/branches/r1117/Src/PF_GameLogic/LuaScript.cpp:512:3: note: in expansion of macro ‘_START_LUA2CPP_FUNCTION_HEAD’
  512 |   _START_LUA2CPP_FUNCTION_HEAD( name, 2 )                                                                                    \
      |   ^~~~~~~~~~~~~~~~~~~~~~~~~~~~
/home/vitaly/p/Prime-World/pw/branches/r1117/Src/PF_GameLogic/LuaScript.cpp:2476:1: note: in expansion of macro ‘START_LUA2CPP_FUNCTION_ARG2’
 2476 | START_LUA2CPP_FUNCTION_ARG2( LuaSetUnitHealth, const char*, float )
      | ^~~~~~~~~~~~~~~~~~~~~~~~~~~
/home/vitaly/p/Prime-World/pw/branches/r1117/Src/PF_GameLogic/LuaScript.cpp:481:3: error: pasting "AddScriptFunction___LINE___LuaSetUnitEnergy" and "(" does not give a valid preprocessing token
  481 |   AddScriptFunction_##__LINE__##_##name##()                                                                                  \
      |   ^~~~~~~~~~~~~~~~~~
/home/vitaly/p/Prime-World/pw/branches/r1117/Src/PF_GameLogic/LuaScript.cpp:491:1: note: in expansion of macro ‘ADD_LUA2CPP_FUNCTION’
  491 | ADD_LUA2CPP_FUNCTION(name)                                                                                                   \
      | ^~~~~~~~~~~~~~~~~~~~
/home/vitaly/p/Prime-World/pw/branches/r1117/Src/PF_GameLogic/LuaScript.cpp:512:3: note: in expansion of macro ‘_START_LUA2CPP_FUNCTION_HEAD’
  512 |   _START_LUA2CPP_FUNCTION_HEAD( name, 2 )                                                                                    \
      |   ^~~~~~~~~~~~~~~~~~~~~~~~~~~~
/home/vitaly/p/Prime-World/pw/branches/r1117/Src/PF_GameLogic/LuaScript.cpp:2487:1: note: in expansion of macro ‘START_LUA2CPP_FUNCTION_ARG2’
 2487 | START_LUA2CPP_FUNCTION_ARG2( LuaSetUnitEnergy, const char*, float )
      | ^~~~~~~~~~~~~~~~~~~~~~~~~~~
/home/vitaly/p/Prime-World/pw/branches/r1117/Src/PF_GameLogic/LuaScript.cpp:485:3: error: pasting "addScriptFunction___LINE___LuaSetUnitEnergy" and ";" does not give a valid preprocessing token
  485 | } addScriptFunction_##__LINE__##_##name##;
      |   ^~~~~~~~~~~~~~~~~~
/home/vitaly/p/Prime-World/pw/branches/r1117/Src/PF_GameLogic/LuaScript.cpp:491:1: note: in expansion of macro ‘ADD_LUA2CPP_FUNCTION’
  491 | ADD_LUA2CPP_FUNCTION(name)                                                                                                   \
      | ^~~~~~~~~~~~~~~~~~~~
/home/vitaly/p/Prime-World/pw/branches/r1117/Src/PF_GameLogic/LuaScript.cpp:512:3: note: in expansion of macro ‘_START_LUA2CPP_FUNCTION_HEAD’
  512 |   _START_LUA2CPP_FUNCTION_HEAD( name, 2 )                                                                                    \
      |   ^~~~~~~~~~~~~~~~~~~~~~~~~~~~
/home/vitaly/p/Prime-World/pw/branches/r1117/Src/PF_GameLogic/LuaScript.cpp:2487:1: note: in expansion of macro ‘START_LUA2CPP_FUNCTION_ARG2’
 2487 | START_LUA2CPP_FUNCTION_ARG2( LuaSetUnitEnergy, const char*, float )
      | ^~~~~~~~~~~~~~~~~~~~~~~~~~~
/home/vitaly/p/Prime-World/pw/branches/r1117/Src/PF_GameLogic/LuaScript.cpp:481:3: error: pasting "AddScriptFunction___LINE___LuaSetGlobalStatScale" and "(" does not give a valid preprocessing token
  481 |   AddScriptFunction_##__LINE__##_##name##()                                                                                  \
      |   ^~~~~~~~~~~~~~~~~~
/home/vitaly/p/Prime-World/pw/branches/r1117/Src/PF_GameLogic/LuaScript.cpp:491:1: note: in expansion of macro ‘ADD_LUA2CPP_FUNCTION’
  491 | ADD_LUA2CPP_FUNCTION(name)                                                                                                   \
      | ^~~~~~~~~~~~~~~~~~~~
/home/vitaly/p/Prime-World/pw/branches/r1117/Src/PF_GameLogic/LuaScript.cpp:518:3: note: in expansion of macro ‘_START_LUA2CPP_FUNCTION_HEAD’
  518 |   _START_LUA2CPP_FUNCTION_HEAD( name, 3 )                                                                                    \
      |   ^~~~~~~~~~~~~~~~~~~~~~~~~~~~
/home/vitaly/p/Prime-World/pw/branches/r1117/Src/PF_GameLogic/LuaScript.cpp:2566:1: note: in expansion of macro ‘START_LUA2CPP_FUNCTION_ARG3’
 2566 | START_LUA2CPP_FUNCTION_ARG3( LuaSetGlobalStatScale, int, float, int )
      | ^~~~~~~~~~~~~~~~~~~~~~~~~~~
/home/vitaly/p/Prime-World/pw/branches/r1117/Src/PF_GameLogic/LuaScript.cpp:485:3: error: pasting "addScriptFunction___LINE___LuaSetGlobalStatScale" and ";" does not give a valid preprocessing token
  485 | } addScriptFunction_##__LINE__##_##name##;
      |   ^~~~~~~~~~~~~~~~~~
/home/vitaly/p/Prime-World/pw/branches/r1117/Src/PF_GameLogic/LuaScript.cpp:491:1: note: in expansion of macro ‘ADD_LUA2CPP_FUNCTION’
  491 | ADD_LUA2CPP_FUNCTION(name)                                                                                                   \
      | ^~~~~~~~~~~~~~~~~~~~
/home/vitaly/p/Prime-World/pw/branches/r1117/Src/PF_GameLogic/LuaScript.cpp:518:3: note: in expansion of macro ‘_START_LUA2CPP_FUNCTION_HEAD’
  518 |   _START_LUA2CPP_FUNCTION_HEAD( name, 3 )                                                                                    \
      |   ^~~~~~~~~~~~~~~~~~~~~~~~~~~~
/home/vitaly/p/Prime-World/pw/branches/r1117/Src/PF_GameLogic/LuaScript.cpp:2566:1: note: in expansion of macro ‘START_LUA2CPP_FUNCTION_ARG3’
 2566 | START_LUA2CPP_FUNCTION_ARG3( LuaSetGlobalStatScale, int, float, int )
      | ^~~~~~~~~~~~~~~~~~~~~~~~~~~
/home/vitaly/p/Prime-World/pw/branches/r1117/Src/PF_GameLogic/LuaScript.cpp:481:3: error: pasting "AddScriptFunction___LINE___LuaSetGlobalStatScale2" and "(" does not give a valid preprocessing token
  481 |   AddScriptFunction_##__LINE__##_##name##()                                                                                  \
      |   ^~~~~~~~~~~~~~~~~~
/home/vitaly/p/Prime-World/pw/branches/r1117/Src/PF_GameLogic/LuaScript.cpp:491:1: note: in expansion of macro ‘ADD_LUA2CPP_FUNCTION’
  491 | ADD_LUA2CPP_FUNCTION(name)                                                                                                   \
      | ^~~~~~~~~~~~~~~~~~~~
/home/vitaly/p/Prime-World/pw/branches/r1117/Src/PF_GameLogic/LuaScript.cpp:525:3: note: in expansion of macro ‘_START_LUA2CPP_FUNCTION_HEAD’
  525 |   _START_LUA2CPP_FUNCTION_HEAD( name, 4 )                                                                                    \
      |   ^~~~~~~~~~~~~~~~~~~~~~~~~~~~
/home/vitaly/p/Prime-World/pw/branches/r1117/Src/PF_GameLogic/LuaScript.cpp:2576:1: note: in expansion of macro ‘START_LUA2CPP_FUNCTION_ARG4’
 2576 | START_LUA2CPP_FUNCTION_ARG4( LuaSetGlobalStatScale2, int, float, int, int )
      | ^~~~~~~~~~~~~~~~~~~~~~~~~~~
/home/vitaly/p/Prime-World/pw/branches/r1117/Src/PF_GameLogic/LuaScript.cpp:485:3: error: pasting "addScriptFunction___LINE___LuaSetGlobalStatScale2" and ";" does not give a valid preprocessing token
  485 | } addScriptFunction_##__LINE__##_##name##;
      |   ^~~~~~~~~~~~~~~~~~
/home/vitaly/p/Prime-World/pw/branches/r1117/Src/PF_GameLogic/LuaScript.cpp:491:1: note: in expansion of macro ‘ADD_LUA2CPP_FUNCTION’
  491 | ADD_LUA2CPP_FUNCTION(name)                                                                                                   \
      | ^~~~~~~~~~~~~~~~~~~~
/home/vitaly/p/Prime-World/pw/branches/r1117/Src/PF_GameLogic/LuaScript.cpp:525:3: note: in expansion of macro ‘_START_LUA2CPP_FUNCTION_HEAD’
  525 |   _START_LUA2CPP_FUNCTION_HEAD( name, 4 )                                                                                    \
      |   ^~~~~~~~~~~~~~~~~~~~~~~~~~~~
/home/vitaly/p/Prime-World/pw/branches/r1117/Src/PF_GameLogic/LuaScript.cpp:2576:1: note: in expansion of macro ‘START_LUA2CPP_FUNCTION_ARG4’
 2576 | START_LUA2CPP_FUNCTION_ARG4( LuaSetGlobalStatScale2, int, float, int, int )
      | ^~~~~~~~~~~~~~~~~~~~~~~~~~~
/home/vitaly/p/Prime-World/pw/branches/r1117/Src/PF_GameLogic/LuaScript.cpp:481:3: error: pasting "AddScriptFunction___LINE___LuaGetUnitsInArea" and "(" does not give a valid preprocessing token
  481 |   AddScriptFunction_##__LINE__##_##name##()                                                                                  \
      |   ^~~~~~~~~~~~~~~~~~
/home/vitaly/p/Prime-World/pw/branches/r1117/Src/PF_GameLogic/LuaScript.cpp:491:1: note: in expansion of macro ‘ADD_LUA2CPP_FUNCTION’
  491 | ADD_LUA2CPP_FUNCTION(name)                                                                                                   \
      | ^~~~~~~~~~~~~~~~~~~~
/home/vitaly/p/Prime-World/pw/branches/r1117/Src/PF_GameLogic/LuaScript.cpp:533:3: note: in expansion of macro ‘_START_LUA2CPP_FUNCTION_HEAD’
  533 |   _START_LUA2CPP_FUNCTION_HEAD( name, 5 )                                                                                    \
      |   ^~~~~~~~~~~~~~~~~~~~~~~~~~~~
/home/vitaly/p/Prime-World/pw/branches/r1117/Src/PF_GameLogic/LuaScript.cpp:2586:1: note: in expansion of macro ‘START_LUA2CPP_FUNCTION_ARG5’
 2586 | START_LUA2CPP_FUNCTION_ARG5( LuaGetUnitsInArea, int, int, float, float, float )
      | ^~~~~~~~~~~~~~~~~~~~~~~~~~~
/home/vitaly/p/Prime-World/pw/branches/r1117/Src/PF_GameLogic/LuaScript.cpp:485:3: error: pasting "addScriptFunction___LINE___LuaGetUnitsInArea" and ";" does not give a valid preprocessing token
  485 | } addScriptFunction_##__LINE__##_##name##;
      |   ^~~~~~~~~~~~~~~~~~
/home/vitaly/p/Prime-World/pw/branches/r1117/Src/PF_GameLogic/LuaScript.cpp:491:1: note: in expansion of macro ‘ADD_LUA2CPP_FUNCTION’
  491 | ADD_LUA2CPP_FUNCTION(name)                                                                                                   \
      | ^~~~~~~~~~~~~~~~~~~~
/home/vitaly/p/Prime-World/pw/branches/r1117/Src/PF_GameLogic/LuaScript.cpp:533:3: note: in expansion of macro ‘_START_LUA2CPP_FUNCTION_HEAD’
  533 |   _START_LUA2CPP_FUNCTION_HEAD( name, 5 )                                                                                    \
      |   ^~~~~~~~~~~~~~~~~~~~~~~~~~~~
/home/vitaly/p/Prime-World/pw/branches/r1117/Src/PF_GameLogic/LuaScript.cpp:2586:1: note: in expansion of macro ‘START_LUA2CPP_FUNCTION_ARG5’
 2586 | START_LUA2CPP_FUNCTION_ARG5( LuaGetUnitsInArea, int, int, float, float, float )
      | ^~~~~~~~~~~~~~~~~~~~~~~~~~~
/home/vitaly/p/Prime-World/pw/branches/r1117/Src/PF_GameLogic/LuaScript.cpp:481:3: error: pasting "AddScriptFunction___LINE___LuaGetLastTalentClicked" and "(" does not give a valid preprocessing token
  481 |   AddScriptFunction_##__LINE__##_##name##()                                                                                  \
      |   ^~~~~~~~~~~~~~~~~~
/home/vitaly/p/Prime-World/pw/branches/r1117/Src/PF_GameLogic/LuaScript.cpp:491:1: note: in expansion of macro ‘ADD_LUA2CPP_FUNCTION’
  491 | ADD_LUA2CPP_FUNCTION(name)                                                                                                   \
      | ^~~~~~~~~~~~~~~~~~~~
/home/vitaly/p/Prime-World/pw/branches/r1117/Src/PF_GameLogic/LuaScript.cpp:503:3: note: in expansion of macro ‘_START_LUA2CPP_FUNCTION_HEAD’
  503 |   _START_LUA2CPP_FUNCTION_HEAD( name, 0 )
      |   ^~~~~~~~~~~~~~~~~~~~~~~~~~~~
/home/vitaly/p/Prime-World/pw/branches/r1117/Src/PF_GameLogic/LuaScript.cpp:2620:1: note: in expansion of macro ‘START_LUA2CPP_FUNCTION’
 2620 | START_LUA2CPP_FUNCTION( LuaGetLastTalentClicked )
      | ^~~~~~~~~~~~~~~~~~~~~~
/home/vitaly/p/Prime-World/pw/branches/r1117/Src/PF_GameLogic/LuaScript.cpp:485:3: error: pasting "addScriptFunction___LINE___LuaGetLastTalentClicked" and ";" does not give a valid preprocessing token
  485 | } addScriptFunction_##__LINE__##_##name##;
      |   ^~~~~~~~~~~~~~~~~~
/home/vitaly/p/Prime-World/pw/branches/r1117/Src/PF_GameLogic/LuaScript.cpp:491:1: note: in expansion of macro ‘ADD_LUA2CPP_FUNCTION’
  491 | ADD_LUA2CPP_FUNCTION(name)                                                                                                   \
      | ^~~~~~~~~~~~~~~~~~~~
/home/vitaly/p/Prime-World/pw/branches/r1117/Src/PF_GameLogic/LuaScript.cpp:503:3: note: in expansion of macro ‘_START_LUA2CPP_FUNCTION_HEAD’
  503 |   _START_LUA2CPP_FUNCTION_HEAD( name, 0 )
      |   ^~~~~~~~~~~~~~~~~~~~~~~~~~~~
/home/vitaly/p/Prime-World/pw/branches/r1117/Src/PF_GameLogic/LuaScript.cpp:2620:1: note: in expansion of macro ‘START_LUA2CPP_FUNCTION’
 2620 | START_LUA2CPP_FUNCTION( LuaGetLastTalentClicked )
      | ^~~~~~~~~~~~~~~~~~~~~~
/home/vitaly/p/Prime-World/pw/branches/r1117/Src/PF_GameLogic/LuaScript.cpp:481:3: error: pasting "AddScriptFunction___LINE___LuaGetLastItemClicked" and "(" does not give a valid preprocessing token
  481 |   AddScriptFunction_##__LINE__##_##name##()                                                                                  \
      |   ^~~~~~~~~~~~~~~~~~
/home/vitaly/p/Prime-World/pw/branches/r1117/Src/PF_GameLogic/LuaScript.cpp:491:1: note: in expansion of macro ‘ADD_LUA2CPP_FUNCTION’
  491 | ADD_LUA2CPP_FUNCTION(name)                                                                                                   \
      | ^~~~~~~~~~~~~~~~~~~~
/home/vitaly/p/Prime-World/pw/branches/r1117/Src/PF_GameLogic/LuaScript.cpp:503:3: note: in expansion of macro ‘_START_LUA2CPP_FUNCTION_HEAD’
  503 |   _START_LUA2CPP_FUNCTION_HEAD( name, 0 )
      |   ^~~~~~~~~~~~~~~~~~~~~~~~~~~~
/home/vitaly/p/Prime-World/pw/branches/r1117/Src/PF_GameLogic/LuaScript.cpp:2637:1: note: in expansion of macro ‘START_LUA2CPP_FUNCTION’
 2637 | START_LUA2CPP_FUNCTION( LuaGetLastItemClicked )
      | ^~~~~~~~~~~~~~~~~~~~~~
/home/vitaly/p/Prime-World/pw/branches/r1117/Src/PF_GameLogic/LuaScript.cpp:485:3: error: pasting "addScriptFunction___LINE___LuaGetLastItemClicked" and ";" does not give a valid preprocessing token
  485 | } addScriptFunction_##__LINE__##_##name##;
      |   ^~~~~~~~~~~~~~~~~~
/home/vitaly/p/Prime-World/pw/branches/r1117/Src/PF_GameLogic/LuaScript.cpp:491:1: note: in expansion of macro ‘ADD_LUA2CPP_FUNCTION’
  491 | ADD_LUA2CPP_FUNCTION(name)                                                                                                   \
      | ^~~~~~~~~~~~~~~~~~~~
/home/vitaly/p/Prime-World/pw/branches/r1117/Src/PF_GameLogic/LuaScript.cpp:503:3: note: in expansion of macro ‘_START_LUA2CPP_FUNCTION_HEAD’
  503 |   _START_LUA2CPP_FUNCTION_HEAD( name, 0 )
      |   ^~~~~~~~~~~~~~~~~~~~~~~~~~~~
/home/vitaly/p/Prime-World/pw/branches/r1117/Src/PF_GameLogic/LuaScript.cpp:2637:1: note: in expansion of macro ‘START_LUA2CPP_FUNCTION’
 2637 | START_LUA2CPP_FUNCTION( LuaGetLastItemClicked )
      | ^~~~~~~~~~~~~~~~~~~~~~
/home/vitaly/p/Prime-World/pw/branches/r1117/Src/PF_GameLogic/LuaScript.cpp:481:3: error: pasting "AddScriptFunction___LINE___LuaIsShopOpen" and "(" does not give a valid preprocessing token
  481 |   AddScriptFunction_##__LINE__##_##name##()                                                                                  \
      |   ^~~~~~~~~~~~~~~~~~
/home/vitaly/p/Prime-World/pw/branches/r1117/Src/PF_GameLogic/LuaScript.cpp:491:1: note: in expansion of macro ‘ADD_LUA2CPP_FUNCTION’
  491 | ADD_LUA2CPP_FUNCTION(name)                                                                                                   \
      | ^~~~~~~~~~~~~~~~~~~~
/home/vitaly/p/Prime-World/pw/branches/r1117/Src/PF_GameLogic/LuaScript.cpp:503:3: note: in expansion of macro ‘_START_LUA2CPP_FUNCTION_HEAD’
  503 |   _START_LUA2CPP_FUNCTION_HEAD( name, 0 )
      |   ^~~~~~~~~~~~~~~~~~~~~~~~~~~~
/home/vitaly/p/Prime-World/pw/branches/r1117/Src/PF_GameLogic/LuaScript.cpp:2653:1: note: in expansion of macro ‘START_LUA2CPP_FUNCTION’
 2653 | START_LUA2CPP_FUNCTION( LuaIsShopOpen )
      | ^~~~~~~~~~~~~~~~~~~~~~
/home/vitaly/p/Prime-World/pw/branches/r1117/Src/PF_GameLogic/LuaScript.cpp:485:3: error: pasting "addScriptFunction___LINE___LuaIsShopOpen" and ";" does not give a valid preprocessing token
  485 | } addScriptFunction_##__LINE__##_##name##;
      |   ^~~~~~~~~~~~~~~~~~
/home/vitaly/p/Prime-World/pw/branches/r1117/Src/PF_GameLogic/LuaScript.cpp:491:1: note: in expansion of macro ‘ADD_LUA2CPP_FUNCTION’
  491 | ADD_LUA2CPP_FUNCTION(name)                                                                                                   \
      | ^~~~~~~~~~~~~~~~~~~~
/home/vitaly/p/Prime-World/pw/branches/r1117/Src/PF_GameLogic/LuaScript.cpp:503:3: note: in expansion of macro ‘_START_LUA2CPP_FUNCTION_HEAD’
  503 |   _START_LUA2CPP_FUNCTION_HEAD( name, 0 )
      |   ^~~~~~~~~~~~~~~~~~~~~~~~~~~~
/home/vitaly/p/Prime-World/pw/branches/r1117/Src/PF_GameLogic/LuaScript.cpp:2653:1: note: in expansion of macro ‘START_LUA2CPP_FUNCTION’
 2653 | START_LUA2CPP_FUNCTION( LuaIsShopOpen )
      | ^~~~~~~~~~~~~~~~~~~~~~
/home/vitaly/p/Prime-World/pw/branches/r1117/Src/PF_GameLogic/LuaScript.cpp:481:3: error: pasting "AddScriptFunction___LINE___LuaShowTutorialTalentHighlight" and "(" does not give a valid preprocessing token
  481 |   AddScriptFunction_##__LINE__##_##name##()                                                                                  \
      |   ^~~~~~~~~~~~~~~~~~
/home/vitaly/p/Prime-World/pw/branches/r1117/Src/PF_GameLogic/LuaScript.cpp:491:1: note: in expansion of macro ‘ADD_LUA2CPP_FUNCTION’
  491 | ADD_LUA2CPP_FUNCTION(name)                                                                                                   \
      | ^~~~~~~~~~~~~~~~~~~~
/home/vitaly/p/Prime-World/pw/branches/r1117/Src/PF_GameLogic/LuaScript.cpp:518:3: note: in expansion of macro ‘_START_LUA2CPP_FUNCTION_HEAD’
  518 |   _START_LUA2CPP_FUNCTION_HEAD( name, 3 )                                                                                    \
      |   ^~~~~~~~~~~~~~~~~~~~~~~~~~~~
/home/vitaly/p/Prime-World/pw/branches/r1117/Src/PF_GameLogic/LuaScript.cpp:2672:1: note: in expansion of macro ‘START_LUA2CPP_FUNCTION_ARG3’
 2672 | START_LUA2CPP_FUNCTION_ARG3( LuaShowTutorialTalentHighlight, int, int, bool )
      | ^~~~~~~~~~~~~~~~~~~~~~~~~~~
/home/vitaly/p/Prime-World/pw/branches/r1117/Src/PF_GameLogic/LuaScript.cpp:485:3: error: pasting "addScriptFunction___LINE___LuaShowTutorialTalentHighlight" and ";" does not give a valid preprocessing token
  485 | } addScriptFunction_##__LINE__##_##name##;
      |   ^~~~~~~~~~~~~~~~~~
/home/vitaly/p/Prime-World/pw/branches/r1117/Src/PF_GameLogic/LuaScript.cpp:491:1: note: in expansion of macro ‘ADD_LUA2CPP_FUNCTION’
  491 | ADD_LUA2CPP_FUNCTION(name)                                                                                                   \
      | ^~~~~~~~~~~~~~~~~~~~
/home/vitaly/p/Prime-World/pw/branches/r1117/Src/PF_GameLogic/LuaScript.cpp:518:3: note: in expansion of macro ‘_START_LUA2CPP_FUNCTION_HEAD’
  518 |   _START_LUA2CPP_FUNCTION_HEAD( name, 3 )                                                                                    \
      |   ^~~~~~~~~~~~~~~~~~~~~~~~~~~~
/home/vitaly/p/Prime-World/pw/branches/r1117/Src/PF_GameLogic/LuaScript.cpp:2672:1: note: in expansion of macro ‘START_LUA2CPP_FUNCTION_ARG3’
 2672 | START_LUA2CPP_FUNCTION_ARG3( LuaShowTutorialTalentHighlight, int, int, bool )
      | ^~~~~~~~~~~~~~~~~~~~~~~~~~~
/home/vitaly/p/Prime-World/pw/branches/r1117/Src/PF_GameLogic/LuaScript.cpp:481:3: error: pasting "AddScriptFunction___LINE___LuaShowTutorialInventoryItemHighlight" and "(" does not give a valid preprocessing token
  481 |   AddScriptFunction_##__LINE__##_##name##()                                                                                  \
      |   ^~~~~~~~~~~~~~~~~~
/home/vitaly/p/Prime-World/pw/branches/r1117/Src/PF_GameLogic/LuaScript.cpp:491:1: note: in expansion of macro ‘ADD_LUA2CPP_FUNCTION’
  491 | ADD_LUA2CPP_FUNCTION(name)                                                                                                   \
      | ^~~~~~~~~~~~~~~~~~~~
/home/vitaly/p/Prime-World/pw/branches/r1117/Src/PF_GameLogic/LuaScript.cpp:512:3: note: in expansion of macro ‘_START_LUA2CPP_FUNCTION_HEAD’
  512 |   _START_LUA2CPP_FUNCTION_HEAD( name, 2 )                                                                                    \
      |   ^~~~~~~~~~~~~~~~~~~~~~~~~~~~
/home/vitaly/p/Prime-World/pw/branches/r1117/Src/PF_GameLogic/LuaScript.cpp:2683:1: note: in expansion of macro ‘START_LUA2CPP_FUNCTION_ARG2’
 2683 | START_LUA2CPP_FUNCTION_ARG2( LuaShowTutorialInventoryItemHighlight, int, bool )
      | ^~~~~~~~~~~~~~~~~~~~~~~~~~~
/home/vitaly/p/Prime-World/pw/branches/r1117/Src/PF_GameLogic/LuaScript.cpp:485:3: error: pasting "addScriptFunction___LINE___LuaShowTutorialInventoryItemHighlight" and ";" does not give a valid preprocessing token
  485 | } addScriptFunction_##__LINE__##_##name##;
      |   ^~~~~~~~~~~~~~~~~~
/home/vitaly/p/Prime-World/pw/branches/r1117/Src/PF_GameLogic/LuaScript.cpp:491:1: note: in expansion of macro ‘ADD_LUA2CPP_FUNCTION’
  491 | ADD_LUA2CPP_FUNCTION(name)                                                                                                   \
      | ^~~~~~~~~~~~~~~~~~~~
/home/vitaly/p/Prime-World/pw/branches/r1117/Src/PF_GameLogic/LuaScript.cpp:512:3: note: in expansion of macro ‘_START_LUA2CPP_FUNCTION_HEAD’
  512 |   _START_LUA2CPP_FUNCTION_HEAD( name, 2 )                                                                                    \
      |   ^~~~~~~~~~~~~~~~~~~~~~~~~~~~
/home/vitaly/p/Prime-World/pw/branches/r1117/Src/PF_GameLogic/LuaScript.cpp:2683:1: note: in expansion of macro ‘START_LUA2CPP_FUNCTION_ARG2’
 2683 | START_LUA2CPP_FUNCTION_ARG2( LuaShowTutorialInventoryItemHighlight, int, bool )
      | ^~~~~~~~~~~~~~~~~~~~~~~~~~~
/home/vitaly/p/Prime-World/pw/branches/r1117/Src/PF_GameLogic/LuaScript.cpp:481:3: error: pasting "AddScriptFunction___LINE___LuaShowTutorialShopItemHighlight" and "(" does not give a valid preprocessing token
  481 |   AddScriptFunction_##__LINE__##_##name##()                                                                                  \
      |   ^~~~~~~~~~~~~~~~~~
/home/vitaly/p/Prime-World/pw/branches/r1117/Src/PF_GameLogic/LuaScript.cpp:491:1: note: in expansion of macro ‘ADD_LUA2CPP_FUNCTION’
  491 | ADD_LUA2CPP_FUNCTION(name)                                                                                                   \
      | ^~~~~~~~~~~~~~~~~~~~
/home/vitaly/p/Prime-World/pw/branches/r1117/Src/PF_GameLogic/LuaScript.cpp:512:3: note: in expansion of macro ‘_START_LUA2CPP_FUNCTION_HEAD’
  512 |   _START_LUA2CPP_FUNCTION_HEAD( name, 2 )                                                                                    \
      |   ^~~~~~~~~~~~~~~~~~~~~~~~~~~~
/home/vitaly/p/Prime-World/pw/branches/r1117/Src/PF_GameLogic/LuaScript.cpp:2694:1: note: in expansion of macro ‘START_LUA2CPP_FUNCTION_ARG2’
 2694 | START_LUA2CPP_FUNCTION_ARG2( LuaShowTutorialShopItemHighlight, int, bool )
      | ^~~~~~~~~~~~~~~~~~~~~~~~~~~
/home/vitaly/p/Prime-World/pw/branches/r1117/Src/PF_GameLogic/LuaScript.cpp:485:3: error: pasting "addScriptFunction___LINE___LuaShowTutorialShopItemHighlight" and ";" does not give a valid preprocessing token
  485 | } addScriptFunction_##__LINE__##_##name##;
      |   ^~~~~~~~~~~~~~~~~~
/home/vitaly/p/Prime-World/pw/branches/r1117/Src/PF_GameLogic/LuaScript.cpp:491:1: note: in expansion of macro ‘ADD_LUA2CPP_FUNCTION’
  491 | ADD_LUA2CPP_FUNCTION(name)                                                                                                   \
      | ^~~~~~~~~~~~~~~~~~~~
/home/vitaly/p/Prime-World/pw/branches/r1117/Src/PF_GameLogic/LuaScript.cpp:512:3: note: in expansion of macro ‘_START_LUA2CPP_FUNCTION_HEAD’
  512 |   _START_LUA2CPP_FUNCTION_HEAD( name, 2 )                                                                                    \
      |   ^~~~~~~~~~~~~~~~~~~~~~~~~~~~
/home/vitaly/p/Prime-World/pw/branches/r1117/Src/PF_GameLogic/LuaScript.cpp:2694:1: note: in expansion of macro ‘START_LUA2CPP_FUNCTION_ARG2’
 2694 | START_LUA2CPP_FUNCTION_ARG2( LuaShowTutorialShopItemHighlight, int, bool )
      | ^~~~~~~~~~~~~~~~~~~~~~~~~~~
/home/vitaly/p/Prime-World/pw/branches/r1117/Src/PF_GameLogic/LuaScript.cpp:481:3: error: pasting "AddScriptFunction___LINE___LuaShowTutorialActionBarItemHighlight" and "(" does not give a valid preprocessing token
  481 |   AddScriptFunction_##__LINE__##_##name##()                                                                                  \
      |   ^~~~~~~~~~~~~~~~~~
/home/vitaly/p/Prime-World/pw/branches/r1117/Src/PF_GameLogic/LuaScript.cpp:491:1: note: in expansion of macro ‘ADD_LUA2CPP_FUNCTION’
  491 | ADD_LUA2CPP_FUNCTION(name)                                                                                                   \
      | ^~~~~~~~~~~~~~~~~~~~
/home/vitaly/p/Prime-World/pw/branches/r1117/Src/PF_GameLogic/LuaScript.cpp:512:3: note: in expansion of macro ‘_START_LUA2CPP_FUNCTION_HEAD’
  512 |   _START_LUA2CPP_FUNCTION_HEAD( name, 2 )                                                                                    \
      |   ^~~~~~~~~~~~~~~~~~~~~~~~~~~~
/home/vitaly/p/Prime-World/pw/branches/r1117/Src/PF_GameLogic/LuaScript.cpp:2705:1: note: in expansion of macro ‘START_LUA2CPP_FUNCTION_ARG2’
 2705 | START_LUA2CPP_FUNCTION_ARG2( LuaShowTutorialActionBarItemHighlight, int, bool )
      | ^~~~~~~~~~~~~~~~~~~~~~~~~~~
/home/vitaly/p/Prime-World/pw/branches/r1117/Src/PF_GameLogic/LuaScript.cpp:485:3: error: pasting "addScriptFunction___LINE___LuaShowTutorialActionBarItemHighlight" and ";" does not give a valid preprocessing token
  485 | } addScriptFunction_##__LINE__##_##name##;
      |   ^~~~~~~~~~~~~~~~~~
/home/vitaly/p/Prime-World/pw/branches/r1117/Src/PF_GameLogic/LuaScript.cpp:491:1: note: in expansion of macro ‘ADD_LUA2CPP_FUNCTION’
  491 | ADD_LUA2CPP_FUNCTION(name)                                                                                                   \
      | ^~~~~~~~~~~~~~~~~~~~
/home/vitaly/p/Prime-World/pw/branches/r1117/Src/PF_GameLogic/LuaScript.cpp:512:3: note: in expansion of macro ‘_START_LUA2CPP_FUNCTION_HEAD’
  512 |   _START_LUA2CPP_FUNCTION_HEAD( name, 2 )                                                                                    \
      |   ^~~~~~~~~~~~~~~~~~~~~~~~~~~~
/home/vitaly/p/Prime-World/pw/branches/r1117/Src/PF_GameLogic/LuaScript.cpp:2705:1: note: in expansion of macro ‘START_LUA2CPP_FUNCTION_ARG2’
 2705 | START_LUA2CPP_FUNCTION_ARG2( LuaShowTutorialActionBarItemHighlight, int, bool )
      | ^~~~~~~~~~~~~~~~~~~~~~~~~~~
/home/vitaly/p/Prime-World/pw/branches/r1117/Src/PF_GameLogic/LuaScript.cpp:481:3: error: pasting "AddScriptFunction___LINE___LuaShowTutorialElementHighlight" and "(" does not give a valid preprocessing token
  481 |   AddScriptFunction_##__LINE__##_##name##()                                                                                  \
      |   ^~~~~~~~~~~~~~~~~~
/home/vitaly/p/Prime-World/pw/branches/r1117/Src/PF_GameLogic/LuaScript.cpp:491:1: note: in expansion of macro ‘ADD_LUA2CPP_FUNCTION’
  491 | ADD_LUA2CPP_FUNCTION(name)                                                                                                   \
      | ^~~~~~~~~~~~~~~~~~~~
/home/vitaly/p/Prime-World/pw/branches/r1117/Src/PF_GameLogic/LuaScript.cpp:512:3: note: in expansion of macro ‘_START_LUA2CPP_FUNCTION_HEAD’
  512 |   _START_LUA2CPP_FUNCTION_HEAD( name, 2 )                                                                                    \
      |   ^~~~~~~~~~~~~~~~~~~~~~~~~~~~
/home/vitaly/p/Prime-World/pw/branches/r1117/Src/PF_GameLogic/LuaScript.cpp:2716:1: note: in expansion of macro ‘START_LUA2CPP_FUNCTION_ARG2’
 2716 | START_LUA2CPP_FUNCTION_ARG2( LuaShowTutorialElementHighlight, const char*, bool )
      | ^~~~~~~~~~~~~~~~~~~~~~~~~~~
/home/vitaly/p/Prime-World/pw/branches/r1117/Src/PF_GameLogic/LuaScript.cpp:485:3: error: pasting "addScriptFunction___LINE___LuaShowTutorialElementHighlight" and ";" does not give a valid preprocessing token
  485 | } addScriptFunction_##__LINE__##_##name##;
      |   ^~~~~~~~~~~~~~~~~~
/home/vitaly/p/Prime-World/pw/branches/r1117/Src/PF_GameLogic/LuaScript.cpp:491:1: note: in expansion of macro ‘ADD_LUA2CPP_FUNCTION’
  491 | ADD_LUA2CPP_FUNCTION(name)                                                                                                   \
      | ^~~~~~~~~~~~~~~~~~~~
/home/vitaly/p/Prime-World/pw/branches/r1117/Src/PF_GameLogic/LuaScript.cpp:512:3: note: in expansion of macro ‘_START_LUA2CPP_FUNCTION_HEAD’
  512 |   _START_LUA2CPP_FUNCTION_HEAD( name, 2 )                                                                                    \
      |   ^~~~~~~~~~~~~~~~~~~~~~~~~~~~
/home/vitaly/p/Prime-World/pw/branches/r1117/Src/PF_GameLogic/LuaScript.cpp:2716:1: note: in expansion of macro ‘START_LUA2CPP_FUNCTION_ARG2’
 2716 | START_LUA2CPP_FUNCTION_ARG2( LuaShowTutorialElementHighlight, const char*, bool )
      | ^~~~~~~~~~~~~~~~~~~~~~~~~~~
/home/vitaly/p/Prime-World/pw/branches/r1117/Src/PF_GameLogic/LuaScript.cpp:481:3: error: pasting "AddScriptFunction___LINE___LuaShowTutorialHeroHighlight" and "(" does not give a valid preprocessing token
  481 |   AddScriptFunction_##__LINE__##_##name##()                                                                                  \
      |   ^~~~~~~~~~~~~~~~~~
/home/vitaly/p/Prime-World/pw/branches/r1117/Src/PF_GameLogic/LuaScript.cpp:491:1: note: in expansion of macro ‘ADD_LUA2CPP_FUNCTION’
  491 | ADD_LUA2CPP_FUNCTION(name)                                                                                                   \
      | ^~~~~~~~~~~~~~~~~~~~
/home/vitaly/p/Prime-World/pw/branches/r1117/Src/PF_GameLogic/LuaScript.cpp:512:3: note: in expansion of macro ‘_START_LUA2CPP_FUNCTION_HEAD’
  512 |   _START_LUA2CPP_FUNCTION_HEAD( name, 2 )                                                                                    \
      |   ^~~~~~~~~~~~~~~~~~~~~~~~~~~~
/home/vitaly/p/Prime-World/pw/branches/r1117/Src/PF_GameLogic/LuaScript.cpp:2727:1: note: in expansion of macro ‘START_LUA2CPP_FUNCTION_ARG2’
 2727 | START_LUA2CPP_FUNCTION_ARG2( LuaShowTutorialHeroHighlight, const char*, bool )
      | ^~~~~~~~~~~~~~~~~~~~~~~~~~~
/home/vitaly/p/Prime-World/pw/branches/r1117/Src/PF_GameLogic/LuaScript.cpp:485:3: error: pasting "addScriptFunction___LINE___LuaShowTutorialHeroHighlight" and ";" does not give a valid preprocessing token
  485 | } addScriptFunction_##__LINE__##_##name##;
      |   ^~~~~~~~~~~~~~~~~~
/home/vitaly/p/Prime-World/pw/branches/r1117/Src/PF_GameLogic/LuaScript.cpp:491:1: note: in expansion of macro ‘ADD_LUA2CPP_FUNCTION’
  491 | ADD_LUA2CPP_FUNCTION(name)                                                                                                   \
      | ^~~~~~~~~~~~~~~~~~~~
/home/vitaly/p/Prime-World/pw/branches/r1117/Src/PF_GameLogic/LuaScript.cpp:512:3: note: in expansion of macro ‘_START_LUA2CPP_FUNCTION_HEAD’
  512 |   _START_LUA2CPP_FUNCTION_HEAD( name, 2 )                                                                                    \
      |   ^~~~~~~~~~~~~~~~~~~~~~~~~~~~
/home/vitaly/p/Prime-World/pw/branches/r1117/Src/PF_GameLogic/LuaScript.cpp:2727:1: note: in expansion of macro ‘START_LUA2CPP_FUNCTION_ARG2’
 2727 | START_LUA2CPP_FUNCTION_ARG2( LuaShowTutorialHeroHighlight, const char*, bool )
      | ^~~~~~~~~~~~~~~~~~~~~~~~~~~
/home/vitaly/p/Prime-World/pw/branches/r1117/Src/PF_GameLogic/LuaScript.cpp:481:3: error: pasting "AddScriptFunction___LINE___LuaShowTutorialHeroLevelHighlight" and "(" does not give a valid preprocessing token
  481 |   AddScriptFunction_##__LINE__##_##name##()                                                                                  \
      |   ^~~~~~~~~~~~~~~~~~
/home/vitaly/p/Prime-World/pw/branches/r1117/Src/PF_GameLogic/LuaScript.cpp:491:1: note: in expansion of macro ‘ADD_LUA2CPP_FUNCTION’
  491 | ADD_LUA2CPP_FUNCTION(name)                                                                                                   \
      | ^~~~~~~~~~~~~~~~~~~~
/home/vitaly/p/Prime-World/pw/branches/r1117/Src/PF_GameLogic/LuaScript.cpp:512:3: note: in expansion of macro ‘_START_LUA2CPP_FUNCTION_HEAD’
  512 |   _START_LUA2CPP_FUNCTION_HEAD( name, 2 )                                                                                    \
      |   ^~~~~~~~~~~~~~~~~~~~~~~~~~~~
/home/vitaly/p/Prime-World/pw/branches/r1117/Src/PF_GameLogic/LuaScript.cpp:2741:1: note: in expansion of macro ‘START_LUA2CPP_FUNCTION_ARG2’
 2741 | START_LUA2CPP_FUNCTION_ARG2( LuaShowTutorialHeroLevelHighlight, const char*, bool )
      | ^~~~~~~~~~~~~~~~~~~~~~~~~~~
/home/vitaly/p/Prime-World/pw/branches/r1117/Src/PF_GameLogic/LuaScript.cpp:485:3: error: pasting "addScriptFunction___LINE___LuaShowTutorialHeroLevelHighlight" and ";" does not give a valid preprocessing token
  485 | } addScriptFunction_##__LINE__##_##name##;
      |   ^~~~~~~~~~~~~~~~~~
/home/vitaly/p/Prime-World/pw/branches/r1117/Src/PF_GameLogic/LuaScript.cpp:491:1: note: in expansion of macro ‘ADD_LUA2CPP_FUNCTION’
  491 | ADD_LUA2CPP_FUNCTION(name)                                                                                                   \
      | ^~~~~~~~~~~~~~~~~~~~
/home/vitaly/p/Prime-World/pw/branches/r1117/Src/PF_GameLogic/LuaScript.cpp:512:3: note: in expansion of macro ‘_START_LUA2CPP_FUNCTION_HEAD’
  512 |   _START_LUA2CPP_FUNCTION_HEAD( name, 2 )                                                                                    \
      |   ^~~~~~~~~~~~~~~~~~~~~~~~~~~~
/home/vitaly/p/Prime-World/pw/branches/r1117/Src/PF_GameLogic/LuaScript.cpp:2741:1: note: in expansion of macro ‘START_LUA2CPP_FUNCTION_ARG2’
 2741 | START_LUA2CPP_FUNCTION_ARG2( LuaShowTutorialHeroLevelHighlight, const char*, bool )
      | ^~~~~~~~~~~~~~~~~~~~~~~~~~~
/home/vitaly/p/Prime-World/pw/branches/r1117/Src/PF_GameLogic/LuaScript.cpp:481:3: error: pasting "AddScriptFunction___LINE___LuaShowTutorialOvertipLevelHighlight" and "(" does not give a valid preprocessing token
  481 |   AddScriptFunction_##__LINE__##_##name##()                                                                                  \
      |   ^~~~~~~~~~~~~~~~~~
/home/vitaly/p/Prime-World/pw/branches/r1117/Src/PF_GameLogic/LuaScript.cpp:491:1: note: in expansion of macro ‘ADD_LUA2CPP_FUNCTION’
  491 | ADD_LUA2CPP_FUNCTION(name)                                                                                                   \
      | ^~~~~~~~~~~~~~~~~~~~
/home/vitaly/p/Prime-World/pw/branches/r1117/Src/PF_GameLogic/LuaScript.cpp:512:3: note: in expansion of macro ‘_START_LUA2CPP_FUNCTION_HEAD’
  512 |   _START_LUA2CPP_FUNCTION_HEAD( name, 2 )                                                                                    \
      |   ^~~~~~~~~~~~~~~~~~~~~~~~~~~~
/home/vitaly/p/Prime-World/pw/branches/r1117/Src/PF_GameLogic/LuaScript.cpp:2755:1: note: in expansion of macro ‘START_LUA2CPP_FUNCTION_ARG2’
 2755 | START_LUA2CPP_FUNCTION_ARG2( LuaShowTutorialOvertipLevelHighlight, const char*, bool )
      | ^~~~~~~~~~~~~~~~~~~~~~~~~~~
/home/vitaly/p/Prime-World/pw/branches/r1117/Src/PF_GameLogic/LuaScript.cpp:485:3: error: pasting "addScriptFunction___LINE___LuaShowTutorialOvertipLevelHighlight" and ";" does not give a valid preprocessing token
  485 | } addScriptFunction_##__LINE__##_##name##;
      |   ^~~~~~~~~~~~~~~~~~
/home/vitaly/p/Prime-World/pw/branches/r1117/Src/PF_GameLogic/LuaScript.cpp:491:1: note: in expansion of macro ‘ADD_LUA2CPP_FUNCTION’
  491 | ADD_LUA2CPP_FUNCTION(name)                                                                                                   \
      | ^~~~~~~~~~~~~~~~~~~~
/home/vitaly/p/Prime-World/pw/branches/r1117/Src/PF_GameLogic/LuaScript.cpp:512:3: note: in expansion of macro ‘_START_LUA2CPP_FUNCTION_HEAD’
  512 |   _START_LUA2CPP_FUNCTION_HEAD( name, 2 )                                                                                    \
      |   ^~~~~~~~~~~~~~~~~~~~~~~~~~~~
/home/vitaly/p/Prime-World/pw/branches/r1117/Src/PF_GameLogic/LuaScript.cpp:2755:1: note: in expansion of macro ‘START_LUA2CPP_FUNCTION_ARG2’
 2755 | START_LUA2CPP_FUNCTION_ARG2( LuaShowTutorialOvertipLevelHighlight, const char*, bool )
      | ^~~~~~~~~~~~~~~~~~~~~~~~~~~
/home/vitaly/p/Prime-World/pw/branches/r1117/Src/PF_GameLogic/LuaScript.cpp:481:3: error: pasting "AddScriptFunction___LINE___LuaBeginBlockSection" and "(" does not give a valid preprocessing token
  481 |   AddScriptFunction_##__LINE__##_##name##()                                                                                  \
      |   ^~~~~~~~~~~~~~~~~~
/home/vitaly/p/Prime-World/pw/branches/r1117/Src/PF_GameLogic/LuaScript.cpp:491:1: note: in expansion of macro ‘ADD_LUA2CPP_FUNCTION’
  491 | ADD_LUA2CPP_FUNCTION(name)                                                                                                   \
      | ^~~~~~~~~~~~~~~~~~~~
/home/vitaly/p/Prime-World/pw/branches/r1117/Src/PF_GameLogic/LuaScript.cpp:503:3: note: in expansion of macro ‘_START_LUA2CPP_FUNCTION_HEAD’
  503 |   _START_LUA2CPP_FUNCTION_HEAD( name, 0 )
      |   ^~~~~~~~~~~~~~~~~~~~~~~~~~~~
/home/vitaly/p/Prime-World/pw/branches/r1117/Src/PF_GameLogic/LuaScript.cpp:2766:1: note: in expansion of macro ‘START_LUA2CPP_FUNCTION’
 2766 | START_LUA2CPP_FUNCTION( LuaBeginBlockSection )
      | ^~~~~~~~~~~~~~~~~~~~~~
/home/vitaly/p/Prime-World/pw/branches/r1117/Src/PF_GameLogic/LuaScript.cpp:485:3: error: pasting "addScriptFunction___LINE___LuaBeginBlockSection" and ";" does not give a valid preprocessing token
  485 | } addScriptFunction_##__LINE__##_##name##;
      |   ^~~~~~~~~~~~~~~~~~
/home/vitaly/p/Prime-World/pw/branches/r1117/Src/PF_GameLogic/LuaScript.cpp:491:1: note: in expansion of macro ‘ADD_LUA2CPP_FUNCTION’
  491 | ADD_LUA2CPP_FUNCTION(name)                                                                                                   \
      | ^~~~~~~~~~~~~~~~~~~~
/home/vitaly/p/Prime-World/pw/branches/r1117/Src/PF_GameLogic/LuaScript.cpp:503:3: note: in expansion of macro ‘_START_LUA2CPP_FUNCTION_HEAD’
  503 |   _START_LUA2CPP_FUNCTION_HEAD( name, 0 )
      |   ^~~~~~~~~~~~~~~~~~~~~~~~~~~~
/home/vitaly/p/Prime-World/pw/branches/r1117/Src/PF_GameLogic/LuaScript.cpp:2766:1: note: in expansion of macro ‘START_LUA2CPP_FUNCTION’
 2766 | START_LUA2CPP_FUNCTION( LuaBeginBlockSection )
      | ^~~~~~~~~~~~~~~~~~~~~~
/home/vitaly/p/Prime-World/pw/branches/r1117/Src/PF_GameLogic/LuaScript.cpp:481:3: error: pasting "AddScriptFunction___LINE___LuaAddNonBlockedElement" and "(" does not give a valid preprocessing token
  481 |   AddScriptFunction_##__LINE__##_##name##()                                                                                  \
      |   ^~~~~~~~~~~~~~~~~~
/home/vitaly/p/Prime-World/pw/branches/r1117/Src/PF_GameLogic/LuaScript.cpp:491:1: note: in expansion of macro ‘ADD_LUA2CPP_FUNCTION’
  491 | ADD_LUA2CPP_FUNCTION(name)                                                                                                   \
      | ^~~~~~~~~~~~~~~~~~~~
/home/vitaly/p/Prime-World/pw/branches/r1117/Src/PF_GameLogic/LuaScript.cpp:512:3: note: in expansion of macro ‘_START_LUA2CPP_FUNCTION_HEAD’
  512 |   _START_LUA2CPP_FUNCTION_HEAD( name, 2 )                                                                                    \
      |   ^~~~~~~~~~~~~~~~~~~~~~~~~~~~
/home/vitaly/p/Prime-World/pw/branches/r1117/Src/PF_GameLogic/LuaScript.cpp:2779:1: note: in expansion of macro ‘START_LUA2CPP_FUNCTION_ARG2’
 2779 | START_LUA2CPP_FUNCTION_ARG2( LuaAddNonBlockedElement, const char*, bool );
      | ^~~~~~~~~~~~~~~~~~~~~~~~~~~
/home/vitaly/p/Prime-World/pw/branches/r1117/Src/PF_GameLogic/LuaScript.cpp:485:3: error: pasting "addScriptFunction___LINE___LuaAddNonBlockedElement" and ";" does not give a valid preprocessing token
  485 | } addScriptFunction_##__LINE__##_##name##;
      |   ^~~~~~~~~~~~~~~~~~
/home/vitaly/p/Prime-World/pw/branches/r1117/Src/PF_GameLogic/LuaScript.cpp:491:1: note: in expansion of macro ‘ADD_LUA2CPP_FUNCTION’
  491 | ADD_LUA2CPP_FUNCTION(name)                                                                                                   \
      | ^~~~~~~~~~~~~~~~~~~~
/home/vitaly/p/Prime-World/pw/branches/r1117/Src/PF_GameLogic/LuaScript.cpp:512:3: note: in expansion of macro ‘_START_LUA2CPP_FUNCTION_HEAD’
  512 |   _START_LUA2CPP_FUNCTION_HEAD( name, 2 )                                                                                    \
      |   ^~~~~~~~~~~~~~~~~~~~~~~~~~~~
/home/vitaly/p/Prime-World/pw/branches/r1117/Src/PF_GameLogic/LuaScript.cpp:2779:1: note: in expansion of macro ‘START_LUA2CPP_FUNCTION_ARG2’
 2779 | START_LUA2CPP_FUNCTION_ARG2( LuaAddNonBlockedElement, const char*, bool );
      | ^~~~~~~~~~~~~~~~~~~~~~~~~~~
/home/vitaly/p/Prime-World/pw/branches/r1117/Src/PF_GameLogic/LuaScript.cpp:481:3: error: pasting "AddScriptFunction___LINE___LuaAddNonBlockedElementTalentBar" and "(" does not give a valid preprocessing token
  481 |   AddScriptFunction_##__LINE__##_##name##()                                                                                  \
      |   ^~~~~~~~~~~~~~~~~~
/home/vitaly/p/Prime-World/pw/branches/r1117/Src/PF_GameLogic/LuaScript.cpp:491:1: note: in expansion of macro ‘ADD_LUA2CPP_FUNCTION’
  491 | ADD_LUA2CPP_FUNCTION(name)                                                                                                   \
      | ^~~~~~~~~~~~~~~~~~~~
/home/vitaly/p/Prime-World/pw/branches/r1117/Src/PF_GameLogic/LuaScript.cpp:518:3: note: in expansion of macro ‘_START_LUA2CPP_FUNCTION_HEAD’
  518 |   _START_LUA2CPP_FUNCTION_HEAD( name, 3 )                                                                                    \
      |   ^~~~~~~~~~~~~~~~~~~~~~~~~~~~
/home/vitaly/p/Prime-World/pw/branches/r1117/Src/PF_GameLogic/LuaScript.cpp:2788:1: note: in expansion of macro ‘START_LUA2CPP_FUNCTION_ARG3’
 2788 | START_LUA2CPP_FUNCTION_ARG3( LuaAddNonBlockedElementTalentBar, int, int, bool );
      | ^~~~~~~~~~~~~~~~~~~~~~~~~~~
/home/vitaly/p/Prime-World/pw/branches/r1117/Src/PF_GameLogic/LuaScript.cpp:485:3: error: pasting "addScriptFunction___LINE___LuaAddNonBlockedElementTalentBar" and ";" does not give a valid preprocessing token
  485 | } addScriptFunction_##__LINE__##_##name##;
      |   ^~~~~~~~~~~~~~~~~~
/home/vitaly/p/Prime-World/pw/branches/r1117/Src/PF_GameLogic/LuaScript.cpp:491:1: note: in expansion of macro ‘ADD_LUA2CPP_FUNCTION’
  491 | ADD_LUA2CPP_FUNCTION(name)                                                                                                   \
      | ^~~~~~~~~~~~~~~~~~~~
/home/vitaly/p/Prime-World/pw/branches/r1117/Src/PF_GameLogic/LuaScript.cpp:518:3: note: in expansion of macro ‘_START_LUA2CPP_FUNCTION_HEAD’
  518 |   _START_LUA2CPP_FUNCTION_HEAD( name, 3 )                                                                                    \
      |   ^~~~~~~~~~~~~~~~~~~~~~~~~~~~
/home/vitaly/p/Prime-World/pw/branches/r1117/Src/PF_GameLogic/LuaScript.cpp:2788:1: note: in expansion of macro ‘START_LUA2CPP_FUNCTION_ARG3’
 2788 | START_LUA2CPP_FUNCTION_ARG3( LuaAddNonBlockedElementTalentBar, int, int, bool );
      | ^~~~~~~~~~~~~~~~~~~~~~~~~~~
/home/vitaly/p/Prime-World/pw/branches/r1117/Src/PF_GameLogic/LuaScript.cpp:481:3: error: pasting "AddScriptFunction___LINE___LuaAddNonBlockedElementActionBar" and "(" does not give a valid preprocessing token
  481 |   AddScriptFunction_##__LINE__##_##name##()                                                                                  \
      |   ^~~~~~~~~~~~~~~~~~
/home/vitaly/p/Prime-World/pw/branches/r1117/Src/PF_GameLogic/LuaScript.cpp:491:1: note: in expansion of macro ‘ADD_LUA2CPP_FUNCTION’
  491 | ADD_LUA2CPP_FUNCTION(name)                                                                                                   \
      | ^~~~~~~~~~~~~~~~~~~~
/home/vitaly/p/Prime-World/pw/branches/r1117/Src/PF_GameLogic/LuaScript.cpp:512:3: note: in expansion of macro ‘_START_LUA2CPP_FUNCTION_HEAD’
  512 |   _START_LUA2CPP_FUNCTION_HEAD( name, 2 )                                                                                    \
      |   ^~~~~~~~~~~~~~~~~~~~~~~~~~~~
/home/vitaly/p/Prime-World/pw/branches/r1117/Src/PF_GameLogic/LuaScript.cpp:2797:1: note: in expansion of macro ‘START_LUA2CPP_FUNCTION_ARG2’
 2797 | START_LUA2CPP_FUNCTION_ARG2( LuaAddNonBlockedElementActionBar, int, bool );
      | ^~~~~~~~~~~~~~~~~~~~~~~~~~~
/home/vitaly/p/Prime-World/pw/branches/r1117/Src/PF_GameLogic/LuaScript.cpp:485:3: error: pasting "addScriptFunction___LINE___LuaAddNonBlockedElementActionBar" and ";" does not give a valid preprocessing token
  485 | } addScriptFunction_##__LINE__##_##name##;
      |   ^~~~~~~~~~~~~~~~~~
/home/vitaly/p/Prime-World/pw/branches/r1117/Src/PF_GameLogic/LuaScript.cpp:491:1: note: in expansion of macro ‘ADD_LUA2CPP_FUNCTION’
  491 | ADD_LUA2CPP_FUNCTION(name)                                                                                                   \
      | ^~~~~~~~~~~~~~~~~~~~
/home/vitaly/p/Prime-World/pw/branches/r1117/Src/PF_GameLogic/LuaScript.cpp:512:3: note: in expansion of macro ‘_START_LUA2CPP_FUNCTION_HEAD’
  512 |   _START_LUA2CPP_FUNCTION_HEAD( name, 2 )                                                                                    \
      |   ^~~~~~~~~~~~~~~~~~~~~~~~~~~~
/home/vitaly/p/Prime-World/pw/branches/r1117/Src/PF_GameLogic/LuaScript.cpp:2797:1: note: in expansion of macro ‘START_LUA2CPP_FUNCTION_ARG2’
 2797 | START_LUA2CPP_FUNCTION_ARG2( LuaAddNonBlockedElementActionBar, int, bool );
      | ^~~~~~~~~~~~~~~~~~~~~~~~~~~
/home/vitaly/p/Prime-World/pw/branches/r1117/Src/PF_GameLogic/LuaScript.cpp:481:3: error: pasting "AddScriptFunction___LINE___LuaAddNonBlockedElementHero" and "(" does not give a valid preprocessing token
  481 |   AddScriptFunction_##__LINE__##_##name##()                                                                                  \
      |   ^~~~~~~~~~~~~~~~~~
/home/vitaly/p/Prime-World/pw/branches/r1117/Src/PF_GameLogic/LuaScript.cpp:491:1: note: in expansion of macro ‘ADD_LUA2CPP_FUNCTION’
  491 | ADD_LUA2CPP_FUNCTION(name)                                                                                                   \
      | ^~~~~~~~~~~~~~~~~~~~
/home/vitaly/p/Prime-World/pw/branches/r1117/Src/PF_GameLogic/LuaScript.cpp:512:3: note: in expansion of macro ‘_START_LUA2CPP_FUNCTION_HEAD’
  512 |   _START_LUA2CPP_FUNCTION_HEAD( name, 2 )                                                                                    \
      |   ^~~~~~~~~~~~~~~~~~~~~~~~~~~~
/home/vitaly/p/Prime-World/pw/branches/r1117/Src/PF_GameLogic/LuaScript.cpp:2806:1: note: in expansion of macro ‘START_LUA2CPP_FUNCTION_ARG2’
 2806 | START_LUA2CPP_FUNCTION_ARG2( LuaAddNonBlockedElementHero, const char*, bool );
      | ^~~~~~~~~~~~~~~~~~~~~~~~~~~
/home/vitaly/p/Prime-World/pw/branches/r1117/Src/PF_GameLogic/LuaScript.cpp:485:3: error: pasting "addScriptFunction___LINE___LuaAddNonBlockedElementHero" and ";" does not give a valid preprocessing token
  485 | } addScriptFunction_##__LINE__##_##name##;
      |   ^~~~~~~~~~~~~~~~~~
/home/vitaly/p/Prime-World/pw/branches/r1117/Src/PF_GameLogic/LuaScript.cpp:491:1: note: in expansion of macro ‘ADD_LUA2CPP_FUNCTION’
  491 | ADD_LUA2CPP_FUNCTION(name)                                                                                                   \
      | ^~~~~~~~~~~~~~~~~~~~
/home/vitaly/p/Prime-World/pw/branches/r1117/Src/PF_GameLogic/LuaScript.cpp:512:3: note: in expansion of macro ‘_START_LUA2CPP_FUNCTION_HEAD’
  512 |   _START_LUA2CPP_FUNCTION_HEAD( name, 2 )                                                                                    \
      |   ^~~~~~~~~~~~~~~~~~~~~~~~~~~~
/home/vitaly/p/Prime-World/pw/branches/r1117/Src/PF_GameLogic/LuaScript.cpp:2806:1: note: in expansion of macro ‘START_LUA2CPP_FUNCTION_ARG2’
 2806 | START_LUA2CPP_FUNCTION_ARG2( LuaAddNonBlockedElementHero, const char*, bool );
      | ^~~~~~~~~~~~~~~~~~~~~~~~~~~
/home/vitaly/p/Prime-World/pw/branches/r1117/Src/PF_GameLogic/LuaScript.cpp:481:3: error: pasting "AddScriptFunction___LINE___LuaAddNonBlockedElementBubble" and "(" does not give a valid preprocessing token
  481 |   AddScriptFunction_##__LINE__##_##name##()                                                                                  \
      |   ^~~~~~~~~~~~~~~~~~
/home/vitaly/p/Prime-World/pw/branches/r1117/Src/PF_GameLogic/LuaScript.cpp:491:1: note: in expansion of macro ‘ADD_LUA2CPP_FUNCTION’
  491 | ADD_LUA2CPP_FUNCTION(name)                                                                                                   \
      | ^~~~~~~~~~~~~~~~~~~~
/home/vitaly/p/Prime-World/pw/branches/r1117/Src/PF_GameLogic/LuaScript.cpp:512:3: note: in expansion of macro ‘_START_LUA2CPP_FUNCTION_HEAD’
  512 |   _START_LUA2CPP_FUNCTION_HEAD( name, 2 )                                                                                    \
      |   ^~~~~~~~~~~~~~~~~~~~~~~~~~~~
/home/vitaly/p/Prime-World/pw/branches/r1117/Src/PF_GameLogic/LuaScript.cpp:2818:1: note: in expansion of macro ‘START_LUA2CPP_FUNCTION_ARG2’
 2818 | START_LUA2CPP_FUNCTION_ARG2( LuaAddNonBlockedElementBubble, const char*, bool );
      | ^~~~~~~~~~~~~~~~~~~~~~~~~~~
/home/vitaly/p/Prime-World/pw/branches/r1117/Src/PF_GameLogic/LuaScript.cpp:485:3: error: pasting "addScriptFunction___LINE___LuaAddNonBlockedElementBubble" and ";" does not give a valid preprocessing token
  485 | } addScriptFunction_##__LINE__##_##name##;
      |   ^~~~~~~~~~~~~~~~~~
/home/vitaly/p/Prime-World/pw/branches/r1117/Src/PF_GameLogic/LuaScript.cpp:491:1: note: in expansion of macro ‘ADD_LUA2CPP_FUNCTION’
  491 | ADD_LUA2CPP_FUNCTION(name)                                                                                                   \
      | ^~~~~~~~~~~~~~~~~~~~
/home/vitaly/p/Prime-World/pw/branches/r1117/Src/PF_GameLogic/LuaScript.cpp:512:3: note: in expansion of macro ‘_START_LUA2CPP_FUNCTION_HEAD’
  512 |   _START_LUA2CPP_FUNCTION_HEAD( name, 2 )                                                                                    \
      |   ^~~~~~~~~~~~~~~~~~~~~~~~~~~~
/home/vitaly/p/Prime-World/pw/branches/r1117/Src/PF_GameLogic/LuaScript.cpp:2818:1: note: in expansion of macro ‘START_LUA2CPP_FUNCTION_ARG2’
 2818 | START_LUA2CPP_FUNCTION_ARG2( LuaAddNonBlockedElementBubble, const char*, bool );
      | ^~~~~~~~~~~~~~~~~~~~~~~~~~~
/home/vitaly/p/Prime-World/pw/branches/r1117/Src/PF_GameLogic/LuaScript.cpp:481:3: error: pasting "AddScriptFunction___LINE___LuaAddNonBlockedElementTalentBarBubble" and "(" does not give a valid preprocessing token
  481 |   AddScriptFunction_##__LINE__##_##name##()                                                                                  \
      |   ^~~~~~~~~~~~~~~~~~
/home/vitaly/p/Prime-World/pw/branches/r1117/Src/PF_GameLogic/LuaScript.cpp:491:1: note: in expansion of macro ‘ADD_LUA2CPP_FUNCTION’
  491 | ADD_LUA2CPP_FUNCTION(name)                                                                                                   \
      | ^~~~~~~~~~~~~~~~~~~~
/home/vitaly/p/Prime-World/pw/branches/r1117/Src/PF_GameLogic/LuaScript.cpp:518:3: note: in expansion of macro ‘_START_LUA2CPP_FUNCTION_HEAD’
  518 |   _START_LUA2CPP_FUNCTION_HEAD( name, 3 )                                                                                    \
      |   ^~~~~~~~~~~~~~~~~~~~~~~~~~~~
/home/vitaly/p/Prime-World/pw/branches/r1117/Src/PF_GameLogic/LuaScript.cpp:2827:1: note: in expansion of macro ‘START_LUA2CPP_FUNCTION_ARG3’
 2827 | START_LUA2CPP_FUNCTION_ARG3( LuaAddNonBlockedElementTalentBarBubble, int, int, bool );
      | ^~~~~~~~~~~~~~~~~~~~~~~~~~~
/home/vitaly/p/Prime-World/pw/branches/r1117/Src/PF_GameLogic/LuaScript.cpp:485:3: error: pasting "addScriptFunction___LINE___LuaAddNonBlockedElementTalentBarBubble" and ";" does not give a valid preprocessing token
  485 | } addScriptFunction_##__LINE__##_##name##;
      |   ^~~~~~~~~~~~~~~~~~
/home/vitaly/p/Prime-World/pw/branches/r1117/Src/PF_GameLogic/LuaScript.cpp:491:1: note: in expansion of macro ‘ADD_LUA2CPP_FUNCTION’
  491 | ADD_LUA2CPP_FUNCTION(name)                                                                                                   \
      | ^~~~~~~~~~~~~~~~~~~~
/home/vitaly/p/Prime-World/pw/branches/r1117/Src/PF_GameLogic/LuaScript.cpp:518:3: note: in expansion of macro ‘_START_LUA2CPP_FUNCTION_HEAD’
  518 |   _START_LUA2CPP_FUNCTION_HEAD( name, 3 )                                                                                    \
      |   ^~~~~~~~~~~~~~~~~~~~~~~~~~~~
/home/vitaly/p/Prime-World/pw/branches/r1117/Src/PF_GameLogic/LuaScript.cpp:2827:1: note: in expansion of macro ‘START_LUA2CPP_FUNCTION_ARG3’
 2827 | START_LUA2CPP_FUNCTION_ARG3( LuaAddNonBlockedElementTalentBarBubble, int, int, bool );
      | ^~~~~~~~~~~~~~~~~~~~~~~~~~~
/home/vitaly/p/Prime-World/pw/branches/r1117/Src/PF_GameLogic/LuaScript.cpp:481:3: error: pasting "AddScriptFunction___LINE___LuaAddNonBlockedElementActionBarBubble" and "(" does not give a valid preprocessing token
  481 |   AddScriptFunction_##__LINE__##_##name##()                                                                                  \
      |   ^~~~~~~~~~~~~~~~~~
/home/vitaly/p/Prime-World/pw/branches/r1117/Src/PF_GameLogic/LuaScript.cpp:491:1: note: in expansion of macro ‘ADD_LUA2CPP_FUNCTION’
  491 | ADD_LUA2CPP_FUNCTION(name)                                                                                                   \
      | ^~~~~~~~~~~~~~~~~~~~
/home/vitaly/p/Prime-World/pw/branches/r1117/Src/PF_GameLogic/LuaScript.cpp:512:3: note: in expansion of macro ‘_START_LUA2CPP_FUNCTION_HEAD’
  512 |   _START_LUA2CPP_FUNCTION_HEAD( name, 2 )                                                                                    \
      |   ^~~~~~~~~~~~~~~~~~~~~~~~~~~~
/home/vitaly/p/Prime-World/pw/branches/r1117/Src/PF_GameLogic/LuaScript.cpp:2836:1: note: in expansion of macro ‘START_LUA2CPP_FUNCTION_ARG2’
 2836 | START_LUA2CPP_FUNCTION_ARG2( LuaAddNonBlockedElementActionBarBubble, int, bool );
      | ^~~~~~~~~~~~~~~~~~~~~~~~~~~
/home/vitaly/p/Prime-World/pw/branches/r1117/Src/PF_GameLogic/LuaScript.cpp:485:3: error: pasting "addScriptFunction___LINE___LuaAddNonBlockedElementActionBarBubble" and ";" does not give a valid preprocessing token
  485 | } addScriptFunction_##__LINE__##_##name##;
      |   ^~~~~~~~~~~~~~~~~~
/home/vitaly/p/Prime-World/pw/branches/r1117/Src/PF_GameLogic/LuaScript.cpp:491:1: note: in expansion of macro ‘ADD_LUA2CPP_FUNCTION’
  491 | ADD_LUA2CPP_FUNCTION(name)                                                                                                   \
      | ^~~~~~~~~~~~~~~~~~~~
/home/vitaly/p/Prime-World/pw/branches/r1117/Src/PF_GameLogic/LuaScript.cpp:512:3: note: in expansion of macro ‘_START_LUA2CPP_FUNCTION_HEAD’
  512 |   _START_LUA2CPP_FUNCTION_HEAD( name, 2 )                                                                                    \
      |   ^~~~~~~~~~~~~~~~~~~~~~~~~~~~
/home/vitaly/p/Prime-World/pw/branches/r1117/Src/PF_GameLogic/LuaScript.cpp:2836:1: note: in expansion of macro ‘START_LUA2CPP_FUNCTION_ARG2’
 2836 | START_LUA2CPP_FUNCTION_ARG2( LuaAddNonBlockedElementActionBarBubble, int, bool );
      | ^~~~~~~~~~~~~~~~~~~~~~~~~~~
/home/vitaly/p/Prime-World/pw/branches/r1117/Src/PF_GameLogic/LuaScript.cpp:481:3: error: pasting "AddScriptFunction___LINE___LuaAddNonBlockedElementInventoryBarBubble" and "(" does not give a valid preprocessing token
  481 |   AddScriptFunction_##__LINE__##_##name##()                                                                                  \
      |   ^~~~~~~~~~~~~~~~~~
/home/vitaly/p/Prime-World/pw/branches/r1117/Src/PF_GameLogic/LuaScript.cpp:491:1: note: in expansion of macro ‘ADD_LUA2CPP_FUNCTION’
  491 | ADD_LUA2CPP_FUNCTION(name)                                                                                                   \
      | ^~~~~~~~~~~~~~~~~~~~
/home/vitaly/p/Prime-World/pw/branches/r1117/Src/PF_GameLogic/LuaScript.cpp:512:3: note: in expansion of macro ‘_START_LUA2CPP_FUNCTION_HEAD’
  512 |   _START_LUA2CPP_FUNCTION_HEAD( name, 2 )                                                                                    \
      |   ^~~~~~~~~~~~~~~~~~~~~~~~~~~~
/home/vitaly/p/Prime-World/pw/branches/r1117/Src/PF_GameLogic/LuaScript.cpp:2844:1: note: in expansion of macro ‘START_LUA2CPP_FUNCTION_ARG2’
 2844 | START_LUA2CPP_FUNCTION_ARG2( LuaAddNonBlockedElementInventoryBarBubble, int, bool );
      | ^~~~~~~~~~~~~~~~~~~~~~~~~~~
/home/vitaly/p/Prime-World/pw/branches/r1117/Src/PF_GameLogic/LuaScript.cpp:485:3: error: pasting "addScriptFunction___LINE___LuaAddNonBlockedElementInventoryBarBubble" and ";" does not give a valid preprocessing token
  485 | } addScriptFunction_##__LINE__##_##name##;
      |   ^~~~~~~~~~~~~~~~~~
/home/vitaly/p/Prime-World/pw/branches/r1117/Src/PF_GameLogic/LuaScript.cpp:491:1: note: in expansion of macro ‘ADD_LUA2CPP_FUNCTION’
  491 | ADD_LUA2CPP_FUNCTION(name)                                                                                                   \
      | ^~~~~~~~~~~~~~~~~~~~
/home/vitaly/p/Prime-World/pw/branches/r1117/Src/PF_GameLogic/LuaScript.cpp:512:3: note: in expansion of macro ‘_START_LUA2CPP_FUNCTION_HEAD’
  512 |   _START_LUA2CPP_FUNCTION_HEAD( name, 2 )                                                                                    \
      |   ^~~~~~~~~~~~~~~~~~~~~~~~~~~~
/home/vitaly/p/Prime-World/pw/branches/r1117/Src/PF_GameLogic/LuaScript.cpp:2844:1: note: in expansion of macro ‘START_LUA2CPP_FUNCTION_ARG2’
 2844 | START_LUA2CPP_FUNCTION_ARG2( LuaAddNonBlockedElementInventoryBarBubble, int, bool );
      | ^~~~~~~~~~~~~~~~~~~~~~~~~~~
/home/vitaly/p/Prime-World/pw/branches/r1117/Src/PF_GameLogic/LuaScript.cpp:481:3: error: pasting "AddScriptFunction___LINE___LuaAddNonBlockedElementShopBarBubble" and "(" does not give a valid preprocessing token
  481 |   AddScriptFunction_##__LINE__##_##name##()                                                                                  \
      |   ^~~~~~~~~~~~~~~~~~
/home/vitaly/p/Prime-World/pw/branches/r1117/Src/PF_GameLogic/LuaScript.cpp:491:1: note: in expansion of macro ‘ADD_LUA2CPP_FUNCTION’
  491 | ADD_LUA2CPP_FUNCTION(name)                                                                                                   \
      | ^~~~~~~~~~~~~~~~~~~~
/home/vitaly/p/Prime-World/pw/branches/r1117/Src/PF_GameLogic/LuaScript.cpp:512:3: note: in expansion of macro ‘_START_LUA2CPP_FUNCTION_HEAD’
  512 |   _START_LUA2CPP_FUNCTION_HEAD( name, 2 )                                                                                    \
      |   ^~~~~~~~~~~~~~~~~~~~~~~~~~~~
/home/vitaly/p/Prime-World/pw/branches/r1117/Src/PF_GameLogic/LuaScript.cpp:2852:1: note: in expansion of macro ‘START_LUA2CPP_FUNCTION_ARG2’
 2852 | START_LUA2CPP_FUNCTION_ARG2( LuaAddNonBlockedElementShopBarBubble, int, bool );
      | ^~~~~~~~~~~~~~~~~~~~~~~~~~~
/home/vitaly/p/Prime-World/pw/branches/r1117/Src/PF_GameLogic/LuaScript.cpp:485:3: error: pasting "addScriptFunction___LINE___LuaAddNonBlockedElementShopBarBubble" and ";" does not give a valid preprocessing token
  485 | } addScriptFunction_##__LINE__##_##name##;
      |   ^~~~~~~~~~~~~~~~~~
/home/vitaly/p/Prime-World/pw/branches/r1117/Src/PF_GameLogic/LuaScript.cpp:491:1: note: in expansion of macro ‘ADD_LUA2CPP_FUNCTION’
  491 | ADD_LUA2CPP_FUNCTION(name)                                                                                                   \
      | ^~~~~~~~~~~~~~~~~~~~
/home/vitaly/p/Prime-World/pw/branches/r1117/Src/PF_GameLogic/LuaScript.cpp:512:3: note: in expansion of macro ‘_START_LUA2CPP_FUNCTION_HEAD’
  512 |   _START_LUA2CPP_FUNCTION_HEAD( name, 2 )                                                                                    \
      |   ^~~~~~~~~~~~~~~~~~~~~~~~~~~~
/home/vitaly/p/Prime-World/pw/branches/r1117/Src/PF_GameLogic/LuaScript.cpp:2852:1: note: in expansion of macro ‘START_LUA2CPP_FUNCTION_ARG2’
 2852 | START_LUA2CPP_FUNCTION_ARG2( LuaAddNonBlockedElementShopBarBubble, int, bool );
      | ^~~~~~~~~~~~~~~~~~~~~~~~~~~
/home/vitaly/p/Prime-World/pw/branches/r1117/Src/PF_GameLogic/LuaScript.cpp:481:3: error: pasting "AddScriptFunction___LINE___LuaAddNonBlockedElementHeroBubble" and "(" does not give a valid preprocessing token
  481 |   AddScriptFunction_##__LINE__##_##name##()                                                                                  \
      |   ^~~~~~~~~~~~~~~~~~
/home/vitaly/p/Prime-World/pw/branches/r1117/Src/PF_GameLogic/LuaScript.cpp:491:1: note: in expansion of macro ‘ADD_LUA2CPP_FUNCTION’
  491 | ADD_LUA2CPP_FUNCTION(name)                                                                                                   \
      | ^~~~~~~~~~~~~~~~~~~~
/home/vitaly/p/Prime-World/pw/branches/r1117/Src/PF_GameLogic/LuaScript.cpp:512:3: note: in expansion of macro ‘_START_LUA2CPP_FUNCTION_HEAD’
  512 |   _START_LUA2CPP_FUNCTION_HEAD( name, 2 )                                                                                    \
      |   ^~~~~~~~~~~~~~~~~~~~~~~~~~~~
/home/vitaly/p/Prime-World/pw/branches/r1117/Src/PF_GameLogic/LuaScript.cpp:2862:1: note: in expansion of macro ‘START_LUA2CPP_FUNCTION_ARG2’
 2862 | START_LUA2CPP_FUNCTION_ARG2( LuaAddNonBlockedElementHeroBubble, const char*, bool );
      | ^~~~~~~~~~~~~~~~~~~~~~~~~~~
/home/vitaly/p/Prime-World/pw/branches/r1117/Src/PF_GameLogic/LuaScript.cpp:485:3: error: pasting "addScriptFunction___LINE___LuaAddNonBlockedElementHeroBubble" and ";" does not give a valid preprocessing token
  485 | } addScriptFunction_##__LINE__##_##name##;
      |   ^~~~~~~~~~~~~~~~~~
/home/vitaly/p/Prime-World/pw/branches/r1117/Src/PF_GameLogic/LuaScript.cpp:491:1: note: in expansion of macro ‘ADD_LUA2CPP_FUNCTION’
  491 | ADD_LUA2CPP_FUNCTION(name)                                                                                                   \
      | ^~~~~~~~~~~~~~~~~~~~
/home/vitaly/p/Prime-World/pw/branches/r1117/Src/PF_GameLogic/LuaScript.cpp:512:3: note: in expansion of macro ‘_START_LUA2CPP_FUNCTION_HEAD’
  512 |   _START_LUA2CPP_FUNCTION_HEAD( name, 2 )                                                                                    \
      |   ^~~~~~~~~~~~~~~~~~~~~~~~~~~~
/home/vitaly/p/Prime-World/pw/branches/r1117/Src/PF_GameLogic/LuaScript.cpp:2862:1: note: in expansion of macro ‘START_LUA2CPP_FUNCTION_ARG2’
 2862 | START_LUA2CPP_FUNCTION_ARG2( LuaAddNonBlockedElementHeroBubble, const char*, bool );
      | ^~~~~~~~~~~~~~~~~~~~~~~~~~~
/home/vitaly/p/Prime-World/pw/branches/r1117/Src/PF_GameLogic/LuaScript.cpp:481:3: error: pasting "AddScriptFunction___LINE___LuaEndBlockSection" and "(" does not give a valid preprocessing token
  481 |   AddScriptFunction_##__LINE__##_##name##()                                                                                  \
      |   ^~~~~~~~~~~~~~~~~~
/home/vitaly/p/Prime-World/pw/branches/r1117/Src/PF_GameLogic/LuaScript.cpp:491:1: note: in expansion of macro ‘ADD_LUA2CPP_FUNCTION’
  491 | ADD_LUA2CPP_FUNCTION(name)                                                                                                   \
      | ^~~~~~~~~~~~~~~~~~~~
/home/vitaly/p/Prime-World/pw/branches/r1117/Src/PF_GameLogic/LuaScript.cpp:507:3: note: in expansion of macro ‘_START_LUA2CPP_FUNCTION_HEAD’
  507 |   _START_LUA2CPP_FUNCTION_HEAD( name, 1 )                                                                                    \
      |   ^~~~~~~~~~~~~~~~~~~~~~~~~~~~
/home/vitaly/p/Prime-World/pw/branches/r1117/Src/PF_GameLogic/LuaScript.cpp:2874:1: note: in expansion of macro ‘START_LUA2CPP_FUNCTION_ARG1’
 2874 | START_LUA2CPP_FUNCTION_ARG1( LuaEndBlockSection, float )
      | ^~~~~~~~~~~~~~~~~~~~~~~~~~~
/home/vitaly/p/Prime-World/pw/branches/r1117/Src/PF_GameLogic/LuaScript.cpp:485:3: error: pasting "addScriptFunction___LINE___LuaEndBlockSection" and ";" does not give a valid preprocessing token
  485 | } addScriptFunction_##__LINE__##_##name##;
      |   ^~~~~~~~~~~~~~~~~~
/home/vitaly/p/Prime-World/pw/branches/r1117/Src/PF_GameLogic/LuaScript.cpp:491:1: note: in expansion of macro ‘ADD_LUA2CPP_FUNCTION’
  491 | ADD_LUA2CPP_FUNCTION(name)                                                                                                   \
      | ^~~~~~~~~~~~~~~~~~~~
/home/vitaly/p/Prime-World/pw/branches/r1117/Src/PF_GameLogic/LuaScript.cpp:507:3: note: in expansion of macro ‘_START_LUA2CPP_FUNCTION_HEAD’
  507 |   _START_LUA2CPP_FUNCTION_HEAD( name, 1 )                                                                                    \
      |   ^~~~~~~~~~~~~~~~~~~~~~~~~~~~
/home/vitaly/p/Prime-World/pw/branches/r1117/Src/PF_GameLogic/LuaScript.cpp:2874:1: note: in expansion of macro ‘START_LUA2CPP_FUNCTION_ARG1’
 2874 | START_LUA2CPP_FUNCTION_ARG1( LuaEndBlockSection, float )
      | ^~~~~~~~~~~~~~~~~~~~~~~~~~~
/home/vitaly/p/Prime-World/pw/branches/r1117/Src/PF_GameLogic/LuaScript.cpp:481:3: error: pasting "AddScriptFunction___LINE___LuaClearBlocking" and "(" does not give a valid preprocessing token
  481 |   AddScriptFunction_##__LINE__##_##name##()                                                                                  \
      |   ^~~~~~~~~~~~~~~~~~
/home/vitaly/p/Prime-World/pw/branches/r1117/Src/PF_GameLogic/LuaScript.cpp:491:1: note: in expansion of macro ‘ADD_LUA2CPP_FUNCTION’
  491 | ADD_LUA2CPP_FUNCTION(name)                                                                                                   \
      | ^~~~~~~~~~~~~~~~~~~~
/home/vitaly/p/Prime-World/pw/branches/r1117/Src/PF_GameLogic/LuaScript.cpp:507:3: note: in expansion of macro ‘_START_LUA2CPP_FUNCTION_HEAD’
  507 |   _START_LUA2CPP_FUNCTION_HEAD( name, 1 )                                                                                    \
      |   ^~~~~~~~~~~~~~~~~~~~~~~~~~~~
/home/vitaly/p/Prime-World/pw/branches/r1117/Src/PF_GameLogic/LuaScript.cpp:2885:1: note: in expansion of macro ‘START_LUA2CPP_FUNCTION_ARG1’
 2885 | START_LUA2CPP_FUNCTION_ARG1( LuaClearBlocking, float )
      | ^~~~~~~~~~~~~~~~~~~~~~~~~~~
/home/vitaly/p/Prime-World/pw/branches/r1117/Src/PF_GameLogic/LuaScript.cpp:485:3: error: pasting "addScriptFunction___LINE___LuaClearBlocking" and ";" does not give a valid preprocessing token
  485 | } addScriptFunction_##__LINE__##_##name##;
      |   ^~~~~~~~~~~~~~~~~~
/home/vitaly/p/Prime-World/pw/branches/r1117/Src/PF_GameLogic/LuaScript.cpp:491:1: note: in expansion of macro ‘ADD_LUA2CPP_FUNCTION’
  491 | ADD_LUA2CPP_FUNCTION(name)                                                                                                   \
      | ^~~~~~~~~~~~~~~~~~~~
/home/vitaly/p/Prime-World/pw/branches/r1117/Src/PF_GameLogic/LuaScript.cpp:507:3: note: in expansion of macro ‘_START_LUA2CPP_FUNCTION_HEAD’
  507 |   _START_LUA2CPP_FUNCTION_HEAD( name, 1 )                                                                                    \
      |   ^~~~~~~~~~~~~~~~~~~~~~~~~~~~
/home/vitaly/p/Prime-World/pw/branches/r1117/Src/PF_GameLogic/LuaScript.cpp:2885:1: note: in expansion of macro ‘START_LUA2CPP_FUNCTION_ARG1’
 2885 | START_LUA2CPP_FUNCTION_ARG1( LuaClearBlocking, float )
      | ^~~~~~~~~~~~~~~~~~~~~~~~~~~
/home/vitaly/p/Prime-World/pw/branches/r1117/Src/PF_GameLogic/LuaScript.cpp:481:3: error: pasting "AddScriptFunction___LINE___LuaAddSessionQuest" and "(" does not give a valid preprocessing token
  481 |   AddScriptFunction_##__LINE__##_##name##()                                                                                  \
      |   ^~~~~~~~~~~~~~~~~~
/home/vitaly/p/Prime-World/pw/branches/r1117/Src/PF_GameLogic/LuaScript.cpp:491:1: note: in expansion of macro ‘ADD_LUA2CPP_FUNCTION’
  491 | ADD_LUA2CPP_FUNCTION(name)                                                                                                   \
      | ^~~~~~~~~~~~~~~~~~~~
/home/vitaly/p/Prime-World/pw/branches/r1117/Src/PF_GameLogic/LuaScript.cpp:507:3: note: in expansion of macro ‘_START_LUA2CPP_FUNCTION_HEAD’
  507 |   _START_LUA2CPP_FUNCTION_HEAD( name, 1 )                                                                                    \
      |   ^~~~~~~~~~~~~~~~~~~~~~~~~~~~
/home/vitaly/p/Prime-World/pw/branches/r1117/Src/PF_GameLogic/LuaScript.cpp:2896:1: note: in expansion of macro ‘START_LUA2CPP_FUNCTION_ARG1’
 2896 | START_LUA2CPP_FUNCTION_ARG1( LuaAddSessionQuest, const char* )
      | ^~~~~~~~~~~~~~~~~~~~~~~~~~~
/home/vitaly/p/Prime-World/pw/branches/r1117/Src/PF_GameLogic/LuaScript.cpp:485:3: error: pasting "addScriptFunction___LINE___LuaAddSessionQuest" and ";" does not give a valid preprocessing token
  485 | } addScriptFunction_##__LINE__##_##name##;
      |   ^~~~~~~~~~~~~~~~~~
/home/vitaly/p/Prime-World/pw/branches/r1117/Src/PF_GameLogic/LuaScript.cpp:491:1: note: in expansion of macro ‘ADD_LUA2CPP_FUNCTION’
  491 | ADD_LUA2CPP_FUNCTION(name)                                                                                                   \
      | ^~~~~~~~~~~~~~~~~~~~
/home/vitaly/p/Prime-World/pw/branches/r1117/Src/PF_GameLogic/LuaScript.cpp:507:3: note: in expansion of macro ‘_START_LUA2CPP_FUNCTION_HEAD’
  507 |   _START_LUA2CPP_FUNCTION_HEAD( name, 1 )                                                                                    \
      |   ^~~~~~~~~~~~~~~~~~~~~~~~~~~~
/home/vitaly/p/Prime-World/pw/branches/r1117/Src/PF_GameLogic/LuaScript.cpp:2896:1: note: in expansion of macro ‘START_LUA2CPP_FUNCTION_ARG1’
 2896 | START_LUA2CPP_FUNCTION_ARG1( LuaAddSessionQuest, const char* )
      | ^~~~~~~~~~~~~~~~~~~~~~~~~~~
/home/vitaly/p/Prime-World/pw/branches/r1117/Src/PF_GameLogic/LuaScript.cpp:481:3: error: pasting "AddScriptFunction___LINE___LuaUpdateSessionQuest" and "(" does not give a valid preprocessing token
  481 |   AddScriptFunction_##__LINE__##_##name##()                                                                                  \
      |   ^~~~~~~~~~~~~~~~~~
/home/vitaly/p/Prime-World/pw/branches/r1117/Src/PF_GameLogic/LuaScript.cpp:491:1: note: in expansion of macro ‘ADD_LUA2CPP_FUNCTION’
  491 | ADD_LUA2CPP_FUNCTION(name)                                                                                                   \
      | ^~~~~~~~~~~~~~~~~~~~
/home/vitaly/p/Prime-World/pw/branches/r1117/Src/PF_GameLogic/LuaScript.cpp:512:3: note: in expansion of macro ‘_START_LUA2CPP_FUNCTION_HEAD’
  512 |   _START_LUA2CPP_FUNCTION_HEAD( name, 2 )                                                                                    \
      |   ^~~~~~~~~~~~~~~~~~~~~~~~~~~~
/home/vitaly/p/Prime-World/pw/branches/r1117/Src/PF_GameLogic/LuaScript.cpp:2916:1: note: in expansion of macro ‘START_LUA2CPP_FUNCTION_ARG2’
 2916 | START_LUA2CPP_FUNCTION_ARG2( LuaUpdateSessionQuest, const char*, int )
      | ^~~~~~~~~~~~~~~~~~~~~~~~~~~
/home/vitaly/p/Prime-World/pw/branches/r1117/Src/PF_GameLogic/LuaScript.cpp:485:3: error: pasting "addScriptFunction___LINE___LuaUpdateSessionQuest" and ";" does not give a valid preprocessing token
  485 | } addScriptFunction_##__LINE__##_##name##;
      |   ^~~~~~~~~~~~~~~~~~
/home/vitaly/p/Prime-World/pw/branches/r1117/Src/PF_GameLogic/LuaScript.cpp:491:1: note: in expansion of macro ‘ADD_LUA2CPP_FUNCTION’
  491 | ADD_LUA2CPP_FUNCTION(name)                                                                                                   \
      | ^~~~~~~~~~~~~~~~~~~~
/home/vitaly/p/Prime-World/pw/branches/r1117/Src/PF_GameLogic/LuaScript.cpp:512:3: note: in expansion of macro ‘_START_LUA2CPP_FUNCTION_HEAD’
  512 |   _START_LUA2CPP_FUNCTION_HEAD( name, 2 )                                                                                    \
      |   ^~~~~~~~~~~~~~~~~~~~~~~~~~~~
/home/vitaly/p/Prime-World/pw/branches/r1117/Src/PF_GameLogic/LuaScript.cpp:2916:1: note: in expansion of macro ‘START_LUA2CPP_FUNCTION_ARG2’
 2916 | START_LUA2CPP_FUNCTION_ARG2( LuaUpdateSessionQuest, const char*, int )
      | ^~~~~~~~~~~~~~~~~~~~~~~~~~~
/home/vitaly/p/Prime-World/pw/branches/r1117/Src/PF_GameLogic/LuaScript.cpp:481:3: error: pasting "AddScriptFunction___LINE___LuaRemoveSessionQuest" and "(" does not give a valid preprocessing token
  481 |   AddScriptFunction_##__LINE__##_##name##()                                                                                  \
      |   ^~~~~~~~~~~~~~~~~~
/home/vitaly/p/Prime-World/pw/branches/r1117/Src/PF_GameLogic/LuaScript.cpp:491:1: note: in expansion of macro ‘ADD_LUA2CPP_FUNCTION’
  491 | ADD_LUA2CPP_FUNCTION(name)                                                                                                   \
      | ^~~~~~~~~~~~~~~~~~~~
/home/vitaly/p/Prime-World/pw/branches/r1117/Src/PF_GameLogic/LuaScript.cpp:507:3: note: in expansion of macro ‘_START_LUA2CPP_FUNCTION_HEAD’
  507 |   _START_LUA2CPP_FUNCTION_HEAD( name, 1 )                                                                                    \
      |   ^~~~~~~~~~~~~~~~~~~~~~~~~~~~
/home/vitaly/p/Prime-World/pw/branches/r1117/Src/PF_GameLogic/LuaScript.cpp:2929:1: note: in expansion of macro ‘START_LUA2CPP_FUNCTION_ARG1’
 2929 | START_LUA2CPP_FUNCTION_ARG1( LuaRemoveSessionQuest, const char* )
      | ^~~~~~~~~~~~~~~~~~~~~~~~~~~
/home/vitaly/p/Prime-World/pw/branches/r1117/Src/PF_GameLogic/LuaScript.cpp:485:3: error: pasting "addScriptFunction___LINE___LuaRemoveSessionQuest" and ";" does not give a valid preprocessing token
  485 | } addScriptFunction_##__LINE__##_##name##;
      |   ^~~~~~~~~~~~~~~~~~
/home/vitaly/p/Prime-World/pw/branches/r1117/Src/PF_GameLogic/LuaScript.cpp:491:1: note: in expansion of macro ‘ADD_LUA2CPP_FUNCTION’
  491 | ADD_LUA2CPP_FUNCTION(name)                                                                                                   \
      | ^~~~~~~~~~~~~~~~~~~~
/home/vitaly/p/Prime-World/pw/branches/r1117/Src/PF_GameLogic/LuaScript.cpp:507:3: note: in expansion of macro ‘_START_LUA2CPP_FUNCTION_HEAD’
  507 |   _START_LUA2CPP_FUNCTION_HEAD( name, 1 )                                                                                    \
      |   ^~~~~~~~~~~~~~~~~~~~~~~~~~~~
/home/vitaly/p/Prime-World/pw/branches/r1117/Src/PF_GameLogic/LuaScript.cpp:2929:1: note: in expansion of macro ‘START_LUA2CPP_FUNCTION_ARG1’
 2929 | START_LUA2CPP_FUNCTION_ARG1( LuaRemoveSessionQuest, const char* )
      | ^~~~~~~~~~~~~~~~~~~~~~~~~~~
/home/vitaly/p/Prime-World/pw/branches/r1117/Src/PF_GameLogic/LuaScript.cpp:481:3: error: pasting "AddScriptFunction___LINE___LuaUpdateSessionQuestText" and "(" does not give a valid preprocessing token
  481 |   AddScriptFunction_##__LINE__##_##name##()                                                                                  \
      |   ^~~~~~~~~~~~~~~~~~
/home/vitaly/p/Prime-World/pw/branches/r1117/Src/PF_GameLogic/LuaScript.cpp:491:1: note: in expansion of macro ‘ADD_LUA2CPP_FUNCTION’
  491 | ADD_LUA2CPP_FUNCTION(name)                                                                                                   \
      | ^~~~~~~~~~~~~~~~~~~~
/home/vitaly/p/Prime-World/pw/branches/r1117/Src/PF_GameLogic/LuaScript.cpp:512:3: note: in expansion of macro ‘_START_LUA2CPP_FUNCTION_HEAD’
  512 |   _START_LUA2CPP_FUNCTION_HEAD( name, 2 )                                                                                    \
      |   ^~~~~~~~~~~~~~~~~~~~~~~~~~~~
/home/vitaly/p/Prime-World/pw/branches/r1117/Src/PF_GameLogic/LuaScript.cpp:2938:1: note: in expansion of macro ‘START_LUA2CPP_FUNCTION_ARG2’
 2938 | START_LUA2CPP_FUNCTION_ARG2( LuaUpdateSessionQuestText, const char*, OtherArgs )
      | ^~~~~~~~~~~~~~~~~~~~~~~~~~~
/home/vitaly/p/Prime-World/pw/branches/r1117/Src/PF_GameLogic/LuaScript.cpp:485:3: error: pasting "addScriptFunction___LINE___LuaUpdateSessionQuestText" and ";" does not give a valid preprocessing token
  485 | } addScriptFunction_##__LINE__##_##name##;
      |   ^~~~~~~~~~~~~~~~~~
/home/vitaly/p/Prime-World/pw/branches/r1117/Src/PF_GameLogic/LuaScript.cpp:491:1: note: in expansion of macro ‘ADD_LUA2CPP_FUNCTION’
  491 | ADD_LUA2CPP_FUNCTION(name)                                                                                                   \
      | ^~~~~~~~~~~~~~~~~~~~
/home/vitaly/p/Prime-World/pw/branches/r1117/Src/PF_GameLogic/LuaScript.cpp:512:3: note: in expansion of macro ‘_START_LUA2CPP_FUNCTION_HEAD’
  512 |   _START_LUA2CPP_FUNCTION_HEAD( name, 2 )                                                                                    \
      |   ^~~~~~~~~~~~~~~~~~~~~~~~~~~~
/home/vitaly/p/Prime-World/pw/branches/r1117/Src/PF_GameLogic/LuaScript.cpp:2938:1: note: in expansion of macro ‘START_LUA2CPP_FUNCTION_ARG2’
 2938 | START_LUA2CPP_FUNCTION_ARG2( LuaUpdateSessionQuestText, const char*, OtherArgs )
      | ^~~~~~~~~~~~~~~~~~~~~~~~~~~
/home/vitaly/p/Prime-World/pw/branches/r1117/Src/PF_GameLogic/LuaScript.cpp:481:3: error: pasting "AddScriptFunction___LINE___LuaSessionQuestRemoveSignal" and "(" does not give a valid preprocessing token
  481 |   AddScriptFunction_##__LINE__##_##name##()                                                                                  \
      |   ^~~~~~~~~~~~~~~~~~
/home/vitaly/p/Prime-World/pw/branches/r1117/Src/PF_GameLogic/LuaScript.cpp:491:1: note: in expansion of macro ‘ADD_LUA2CPP_FUNCTION’
  491 | ADD_LUA2CPP_FUNCTION(name)                                                                                                   \
      | ^~~~~~~~~~~~~~~~~~~~
/home/vitaly/p/Prime-World/pw/branches/r1117/Src/PF_GameLogic/LuaScript.cpp:512:3: note: in expansion of macro ‘_START_LUA2CPP_FUNCTION_HEAD’
  512 |   _START_LUA2CPP_FUNCTION_HEAD( name, 2 )                                                                                    \
      |   ^~~~~~~~~~~~~~~~~~~~~~~~~~~~
/home/vitaly/p/Prime-World/pw/branches/r1117/Src/PF_GameLogic/LuaScript.cpp:2950:1: note: in expansion of macro ‘START_LUA2CPP_FUNCTION_ARG2’
 2950 | START_LUA2CPP_FUNCTION_ARG2( LuaSessionQuestRemoveSignal, const char*, const char*  )
      | ^~~~~~~~~~~~~~~~~~~~~~~~~~~
/home/vitaly/p/Prime-World/pw/branches/r1117/Src/PF_GameLogic/LuaScript.cpp:485:3: error: pasting "addScriptFunction___LINE___LuaSessionQuestRemoveSignal" and ";" does not give a valid preprocessing token
  485 | } addScriptFunction_##__LINE__##_##name##;
      |   ^~~~~~~~~~~~~~~~~~
/home/vitaly/p/Prime-World/pw/branches/r1117/Src/PF_GameLogic/LuaScript.cpp:491:1: note: in expansion of macro ‘ADD_LUA2CPP_FUNCTION’
  491 | ADD_LUA2CPP_FUNCTION(name)                                                                                                   \
      | ^~~~~~~~~~~~~~~~~~~~
/home/vitaly/p/Prime-World/pw/branches/r1117/Src/PF_GameLogic/LuaScript.cpp:512:3: note: in expansion of macro ‘_START_LUA2CPP_FUNCTION_HEAD’
  512 |   _START_LUA2CPP_FUNCTION_HEAD( name, 2 )                                                                                    \
      |   ^~~~~~~~~~~~~~~~~~~~~~~~~~~~
/home/vitaly/p/Prime-World/pw/branches/r1117/Src/PF_GameLogic/LuaScript.cpp:2950:1: note: in expansion of macro ‘START_LUA2CPP_FUNCTION_ARG2’
 2950 | START_LUA2CPP_FUNCTION_ARG2( LuaSessionQuestRemoveSignal, const char*, const char*  )
      | ^~~~~~~~~~~~~~~~~~~~~~~~~~~
/home/vitaly/p/Prime-World/pw/branches/r1117/Src/PF_GameLogic/LuaScript.cpp:481:3: error: pasting "AddScriptFunction___LINE___LuaSessionQuestUpdateSignal" and "(" does not give a valid preprocessing token
  481 |   AddScriptFunction_##__LINE__##_##name##()                                                                                  \
      |   ^~~~~~~~~~~~~~~~~~
/home/vitaly/p/Prime-World/pw/branches/r1117/Src/PF_GameLogic/LuaScript.cpp:491:1: note: in expansion of macro ‘ADD_LUA2CPP_FUNCTION’
  491 | ADD_LUA2CPP_FUNCTION(name)                                                                                                   \
      | ^~~~~~~~~~~~~~~~~~~~
/home/vitaly/p/Prime-World/pw/branches/r1117/Src/PF_GameLogic/LuaScript.cpp:525:3: note: in expansion of macro ‘_START_LUA2CPP_FUNCTION_HEAD’
  525 |   _START_LUA2CPP_FUNCTION_HEAD( name, 4 )                                                                                    \
      |   ^~~~~~~~~~~~~~~~~~~~~~~~~~~~
/home/vitaly/p/Prime-World/pw/branches/r1117/Src/PF_GameLogic/LuaScript.cpp:2961:1: note: in expansion of macro ‘START_LUA2CPP_FUNCTION_ARG4’
 2961 | START_LUA2CPP_FUNCTION_ARG4( LuaSessionQuestUpdateSignal, const char*, const char*, float, float )
      | ^~~~~~~~~~~~~~~~~~~~~~~~~~~
/home/vitaly/p/Prime-World/pw/branches/r1117/Src/PF_GameLogic/LuaScript.cpp:485:3: error: pasting "addScriptFunction___LINE___LuaSessionQuestUpdateSignal" and ";" does not give a valid preprocessing token
  485 | } addScriptFunction_##__LINE__##_##name##;
      |   ^~~~~~~~~~~~~~~~~~
/home/vitaly/p/Prime-World/pw/branches/r1117/Src/PF_GameLogic/LuaScript.cpp:491:1: note: in expansion of macro ‘ADD_LUA2CPP_FUNCTION’
  491 | ADD_LUA2CPP_FUNCTION(name)                                                                                                   \
      | ^~~~~~~~~~~~~~~~~~~~
/home/vitaly/p/Prime-World/pw/branches/r1117/Src/PF_GameLogic/LuaScript.cpp:525:3: note: in expansion of macro ‘_START_LUA2CPP_FUNCTION_HEAD’
  525 |   _START_LUA2CPP_FUNCTION_HEAD( name, 4 )                                                                                    \
      |   ^~~~~~~~~~~~~~~~~~~~~~~~~~~~
/home/vitaly/p/Prime-World/pw/branches/r1117/Src/PF_GameLogic/LuaScript.cpp:2961:1: note: in expansion of macro ‘START_LUA2CPP_FUNCTION_ARG4’
 2961 | START_LUA2CPP_FUNCTION_ARG4( LuaSessionQuestUpdateSignal, const char*, const char*, float, float )
      | ^~~~~~~~~~~~~~~~~~~~~~~~~~~
/home/vitaly/p/Prime-World/pw/branches/r1117/Src/PF_GameLogic/LuaScript.cpp:481:3: error: pasting "AddScriptFunction___LINE___LuaShowUIBlock" and "(" does not give a valid preprocessing token
  481 |   AddScriptFunction_##__LINE__##_##name##()                                                                                  \
      |   ^~~~~~~~~~~~~~~~~~
/home/vitaly/p/Prime-World/pw/branches/r1117/Src/PF_GameLogic/LuaScript.cpp:491:1: note: in expansion of macro ‘ADD_LUA2CPP_FUNCTION’
  491 | ADD_LUA2CPP_FUNCTION(name)                                                                                                   \
      | ^~~~~~~~~~~~~~~~~~~~
/home/vitaly/p/Prime-World/pw/branches/r1117/Src/PF_GameLogic/LuaScript.cpp:512:3: note: in expansion of macro ‘_START_LUA2CPP_FUNCTION_HEAD’
  512 |   _START_LUA2CPP_FUNCTION_HEAD( name, 2 )                                                                                    \
      |   ^~~~~~~~~~~~~~~~~~~~~~~~~~~~
/home/vitaly/p/Prime-World/pw/branches/r1117/Src/PF_GameLogic/LuaScript.cpp:2972:1: note: in expansion of macro ‘START_LUA2CPP_FUNCTION_ARG2’
 2972 | START_LUA2CPP_FUNCTION_ARG2( LuaShowUIBlock, const char*, bool )
      | ^~~~~~~~~~~~~~~~~~~~~~~~~~~
/home/vitaly/p/Prime-World/pw/branches/r1117/Src/PF_GameLogic/LuaScript.cpp:485:3: error: pasting "addScriptFunction___LINE___LuaShowUIBlock" and ";" does not give a valid preprocessing token
  485 | } addScriptFunction_##__LINE__##_##name##;
      |   ^~~~~~~~~~~~~~~~~~
/home/vitaly/p/Prime-World/pw/branches/r1117/Src/PF_GameLogic/LuaScript.cpp:491:1: note: in expansion of macro ‘ADD_LUA2CPP_FUNCTION’
  491 | ADD_LUA2CPP_FUNCTION(name)                                                                                                   \
      | ^~~~~~~~~~~~~~~~~~~~
/home/vitaly/p/Prime-World/pw/branches/r1117/Src/PF_GameLogic/LuaScript.cpp:512:3: note: in expansion of macro ‘_START_LUA2CPP_FUNCTION_HEAD’
  512 |   _START_LUA2CPP_FUNCTION_HEAD( name, 2 )                                                                                    \
      |   ^~~~~~~~~~~~~~~~~~~~~~~~~~~~
/home/vitaly/p/Prime-World/pw/branches/r1117/Src/PF_GameLogic/LuaScript.cpp:2972:1: note: in expansion of macro ‘START_LUA2CPP_FUNCTION_ARG2’
 2972 | START_LUA2CPP_FUNCTION_ARG2( LuaShowUIBlock, const char*, bool )
      | ^~~~~~~~~~~~~~~~~~~~~~~~~~~
/home/vitaly/p/Prime-World/pw/branches/r1117/Src/PF_GameLogic/LuaScript.cpp:481:3: error: pasting "AddScriptFunction___LINE___LuaShowAllUIBlocks" and "(" does not give a valid preprocessing token
  481 |   AddScriptFunction_##__LINE__##_##name##()                                                                                  \
      |   ^~~~~~~~~~~~~~~~~~
/home/vitaly/p/Prime-World/pw/branches/r1117/Src/PF_GameLogic/LuaScript.cpp:491:1: note: in expansion of macro ‘ADD_LUA2CPP_FUNCTION’
  491 | ADD_LUA2CPP_FUNCTION(name)                                                                                                   \
      | ^~~~~~~~~~~~~~~~~~~~
/home/vitaly/p/Prime-World/pw/branches/r1117/Src/PF_GameLogic/LuaScript.cpp:507:3: note: in expansion of macro ‘_START_LUA2CPP_FUNCTION_HEAD’
  507 |   _START_LUA2CPP_FUNCTION_HEAD( name, 1 )                                                                                    \
      |   ^~~~~~~~~~~~~~~~~~~~~~~~~~~~
/home/vitaly/p/Prime-World/pw/branches/r1117/Src/PF_GameLogic/LuaScript.cpp:2983:1: note: in expansion of macro ‘START_LUA2CPP_FUNCTION_ARG1’
 2983 | START_LUA2CPP_FUNCTION_ARG1( LuaShowAllUIBlocks, bool )
      | ^~~~~~~~~~~~~~~~~~~~~~~~~~~
/home/vitaly/p/Prime-World/pw/branches/r1117/Src/PF_GameLogic/LuaScript.cpp:485:3: error: pasting "addScriptFunction___LINE___LuaShowAllUIBlocks" and ";" does not give a valid preprocessing token
  485 | } addScriptFunction_##__LINE__##_##name##;
      |   ^~~~~~~~~~~~~~~~~~
/home/vitaly/p/Prime-World/pw/branches/r1117/Src/PF_GameLogic/LuaScript.cpp:491:1: note: in expansion of macro ‘ADD_LUA2CPP_FUNCTION’
  491 | ADD_LUA2CPP_FUNCTION(name)                                                                                                   \
      | ^~~~~~~~~~~~~~~~~~~~
/home/vitaly/p/Prime-World/pw/branches/r1117/Src/PF_GameLogic/LuaScript.cpp:507:3: note: in expansion of macro ‘_START_LUA2CPP_FUNCTION_HEAD’
  507 |   _START_LUA2CPP_FUNCTION_HEAD( name, 1 )                                                                                    \
      |   ^~~~~~~~~~~~~~~~~~~~~~~~~~~~
/home/vitaly/p/Prime-World/pw/branches/r1117/Src/PF_GameLogic/LuaScript.cpp:2983:1: note: in expansion of macro ‘START_LUA2CPP_FUNCTION_ARG1’
 2983 | START_LUA2CPP_FUNCTION_ARG1( LuaShowAllUIBlocks, bool )
      | ^~~~~~~~~~~~~~~~~~~~~~~~~~~
/home/vitaly/p/Prime-World/pw/branches/r1117/Src/PF_GameLogic/LuaScript.cpp:481:3: error: pasting "AddScriptFunction___LINE___LuaBlockActionBarChange" and "(" does not give a valid preprocessing token
  481 |   AddScriptFunction_##__LINE__##_##name##()                                                                                  \
      |   ^~~~~~~~~~~~~~~~~~
/home/vitaly/p/Prime-World/pw/branches/r1117/Src/PF_GameLogic/LuaScript.cpp:491:1: note: in expansion of macro ‘ADD_LUA2CPP_FUNCTION’
  491 | ADD_LUA2CPP_FUNCTION(name)                                                                                                   \
      | ^~~~~~~~~~~~~~~~~~~~
/home/vitaly/p/Prime-World/pw/branches/r1117/Src/PF_GameLogic/LuaScript.cpp:507:3: note: in expansion of macro ‘_START_LUA2CPP_FUNCTION_HEAD’
  507 |   _START_LUA2CPP_FUNCTION_HEAD( name, 1 )                                                                                    \
      |   ^~~~~~~~~~~~~~~~~~~~~~~~~~~~
/home/vitaly/p/Prime-World/pw/branches/r1117/Src/PF_GameLogic/LuaScript.cpp:2994:1: note: in expansion of macro ‘START_LUA2CPP_FUNCTION_ARG1’
 2994 | START_LUA2CPP_FUNCTION_ARG1( LuaBlockActionBarChange, bool )
      | ^~~~~~~~~~~~~~~~~~~~~~~~~~~
/home/vitaly/p/Prime-World/pw/branches/r1117/Src/PF_GameLogic/LuaScript.cpp:485:3: error: pasting "addScriptFunction___LINE___LuaBlockActionBarChange" and ";" does not give a valid preprocessing token
  485 | } addScriptFunction_##__LINE__##_##name##;
      |   ^~~~~~~~~~~~~~~~~~
/home/vitaly/p/Prime-World/pw/branches/r1117/Src/PF_GameLogic/LuaScript.cpp:491:1: note: in expansion of macro ‘ADD_LUA2CPP_FUNCTION’
  491 | ADD_LUA2CPP_FUNCTION(name)                                                                                                   \
      | ^~~~~~~~~~~~~~~~~~~~
/home/vitaly/p/Prime-World/pw/branches/r1117/Src/PF_GameLogic/LuaScript.cpp:507:3: note: in expansion of macro ‘_START_LUA2CPP_FUNCTION_HEAD’
  507 |   _START_LUA2CPP_FUNCTION_HEAD( name, 1 )                                                                                    \
      |   ^~~~~~~~~~~~~~~~~~~~~~~~~~~~
/home/vitaly/p/Prime-World/pw/branches/r1117/Src/PF_GameLogic/LuaScript.cpp:2994:1: note: in expansion of macro ‘START_LUA2CPP_FUNCTION_ARG1’
 2994 | START_LUA2CPP_FUNCTION_ARG1( LuaBlockActionBarChange, bool )
      | ^~~~~~~~~~~~~~~~~~~~~~~~~~~
/home/vitaly/p/Prime-World/pw/branches/r1117/Src/PF_GameLogic/LuaScript.cpp:481:3: error: pasting "AddScriptFunction___LINE___LuaShowHintDialog" and "(" does not give a valid preprocessing token
  481 |   AddScriptFunction_##__LINE__##_##name##()                                                                                  \
      |   ^~~~~~~~~~~~~~~~~~
/home/vitaly/p/Prime-World/pw/branches/r1117/Src/PF_GameLogic/LuaScript.cpp:491:1: note: in expansion of macro ‘ADD_LUA2CPP_FUNCTION’
  491 | ADD_LUA2CPP_FUNCTION(name)                                                                                                   \
      | ^~~~~~~~~~~~~~~~~~~~
/home/vitaly/p/Prime-World/pw/branches/r1117/Src/PF_GameLogic/LuaScript.cpp:518:3: note: in expansion of macro ‘_START_LUA2CPP_FUNCTION_HEAD’
  518 |   _START_LUA2CPP_FUNCTION_HEAD( name, 3 )                                                                                    \
      |   ^~~~~~~~~~~~~~~~~~~~~~~~~~~~
/home/vitaly/p/Prime-World/pw/branches/r1117/Src/PF_GameLogic/LuaScript.cpp:3008:1: note: in expansion of macro ‘START_LUA2CPP_FUNCTION_ARG3’
 3008 | START_LUA2CPP_FUNCTION_ARG3( LuaShowHintDialog, const char*, const char*, const char*)
      | ^~~~~~~~~~~~~~~~~~~~~~~~~~~
/home/vitaly/p/Prime-World/pw/branches/r1117/Src/PF_GameLogic/LuaScript.cpp:485:3: error: pasting "addScriptFunction___LINE___LuaShowHintDialog" and ";" does not give a valid preprocessing token
  485 | } addScriptFunction_##__LINE__##_##name##;
      |   ^~~~~~~~~~~~~~~~~~
/home/vitaly/p/Prime-World/pw/branches/r1117/Src/PF_GameLogic/LuaScript.cpp:491:1: note: in expansion of macro ‘ADD_LUA2CPP_FUNCTION’
  491 | ADD_LUA2CPP_FUNCTION(name)                                                                                                   \
      | ^~~~~~~~~~~~~~~~~~~~
/home/vitaly/p/Prime-World/pw/branches/r1117/Src/PF_GameLogic/LuaScript.cpp:518:3: note: in expansion of macro ‘_START_LUA2CPP_FUNCTION_HEAD’
  518 |   _START_LUA2CPP_FUNCTION_HEAD( name, 3 )                                                                                    \
      |   ^~~~~~~~~~~~~~~~~~~~~~~~~~~~
/home/vitaly/p/Prime-World/pw/branches/r1117/Src/PF_GameLogic/LuaScript.cpp:3008:1: note: in expansion of macro ‘START_LUA2CPP_FUNCTION_ARG3’
 3008 | START_LUA2CPP_FUNCTION_ARG3( LuaShowHintDialog, const char*, const char*, const char*)
      | ^~~~~~~~~~~~~~~~~~~~~~~~~~~
/home/vitaly/p/Prime-World/pw/branches/r1117/Src/PF_GameLogic/LuaScript.cpp:481:3: error: pasting "AddScriptFunction___LINE___LuaStartDialog" and "(" does not give a valid preprocessing token
  481 |   AddScriptFunction_##__LINE__##_##name##()                                                                                  \
      |   ^~~~~~~~~~~~~~~~~~
/home/vitaly/p/Prime-World/pw/branches/r1117/Src/PF_GameLogic/LuaScript.cpp:491:1: note: in expansion of macro ‘ADD_LUA2CPP_FUNCTION’
  491 | ADD_LUA2CPP_FUNCTION(name)                                                                                                   \
      | ^~~~~~~~~~~~~~~~~~~~
/home/vitaly/p/Prime-World/pw/branches/r1117/Src/PF_GameLogic/LuaScript.cpp:507:3: note: in expansion of macro ‘_START_LUA2CPP_FUNCTION_HEAD’
  507 |   _START_LUA2CPP_FUNCTION_HEAD( name, 1 )                                                                                    \
      |   ^~~~~~~~~~~~~~~~~~~~~~~~~~~~
/home/vitaly/p/Prime-World/pw/branches/r1117/Src/PF_GameLogic/LuaScript.cpp:3030:1: note: in expansion of macro ‘START_LUA2CPP_FUNCTION_ARG1’
 3030 | START_LUA2CPP_FUNCTION_ARG1( LuaStartDialog, const char* )
      | ^~~~~~~~~~~~~~~~~~~~~~~~~~~
/home/vitaly/p/Prime-World/pw/branches/r1117/Src/PF_GameLogic/LuaScript.cpp:485:3: error: pasting "addScriptFunction___LINE___LuaStartDialog" and ";" does not give a valid preprocessing token
  485 | } addScriptFunction_##__LINE__##_##name##;
      |   ^~~~~~~~~~~~~~~~~~
/home/vitaly/p/Prime-World/pw/branches/r1117/Src/PF_GameLogic/LuaScript.cpp:491:1: note: in expansion of macro ‘ADD_LUA2CPP_FUNCTION’
  491 | ADD_LUA2CPP_FUNCTION(name)                                                                                                   \
      | ^~~~~~~~~~~~~~~~~~~~
/home/vitaly/p/Prime-World/pw/branches/r1117/Src/PF_GameLogic/LuaScript.cpp:507:3: note: in expansion of macro ‘_START_LUA2CPP_FUNCTION_HEAD’
  507 |   _START_LUA2CPP_FUNCTION_HEAD( name, 1 )                                                                                    \
      |   ^~~~~~~~~~~~~~~~~~~~~~~~~~~~
/home/vitaly/p/Prime-World/pw/branches/r1117/Src/PF_GameLogic/LuaScript.cpp:3030:1: note: in expansion of macro ‘START_LUA2CPP_FUNCTION_ARG1’
 3030 | START_LUA2CPP_FUNCTION_ARG1( LuaStartDialog, const char* )
      | ^~~~~~~~~~~~~~~~~~~~~~~~~~~
/home/vitaly/p/Prime-World/pw/branches/r1117/Src/PF_GameLogic/LuaScript.cpp:481:3: error: pasting "AddScriptFunction___LINE___LuaIsDialogFinished" and "(" does not give a valid preprocessing token
  481 |   AddScriptFunction_##__LINE__##_##name##()                                                                                  \
      |   ^~~~~~~~~~~~~~~~~~
/home/vitaly/p/Prime-World/pw/branches/r1117/Src/PF_GameLogic/LuaScript.cpp:491:1: note: in expansion of macro ‘ADD_LUA2CPP_FUNCTION’
  491 | ADD_LUA2CPP_FUNCTION(name)                                                                                                   \
      | ^~~~~~~~~~~~~~~~~~~~
/home/vitaly/p/Prime-World/pw/branches/r1117/Src/PF_GameLogic/LuaScript.cpp:507:3: note: in expansion of macro ‘_START_LUA2CPP_FUNCTION_HEAD’
  507 |   _START_LUA2CPP_FUNCTION_HEAD( name, 1 )                                                                                    \
      |   ^~~~~~~~~~~~~~~~~~~~~~~~~~~~
/home/vitaly/p/Prime-World/pw/branches/r1117/Src/PF_GameLogic/LuaScript.cpp:3048:1: note: in expansion of macro ‘START_LUA2CPP_FUNCTION_ARG1’
 3048 | START_LUA2CPP_FUNCTION_ARG1( LuaIsDialogFinished, const char* )
      | ^~~~~~~~~~~~~~~~~~~~~~~~~~~
/home/vitaly/p/Prime-World/pw/branches/r1117/Src/PF_GameLogic/LuaScript.cpp:485:3: error: pasting "addScriptFunction___LINE___LuaIsDialogFinished" and ";" does not give a valid preprocessing token
  485 | } addScriptFunction_##__LINE__##_##name##;
      |   ^~~~~~~~~~~~~~~~~~
/home/vitaly/p/Prime-World/pw/branches/r1117/Src/PF_GameLogic/LuaScript.cpp:491:1: note: in expansion of macro ‘ADD_LUA2CPP_FUNCTION’
  491 | ADD_LUA2CPP_FUNCTION(name)                                                                                                   \
      | ^~~~~~~~~~~~~~~~~~~~
/home/vitaly/p/Prime-World/pw/branches/r1117/Src/PF_GameLogic/LuaScript.cpp:507:3: note: in expansion of macro ‘_START_LUA2CPP_FUNCTION_HEAD’
  507 |   _START_LUA2CPP_FUNCTION_HEAD( name, 1 )                                                                                    \
      |   ^~~~~~~~~~~~~~~~~~~~~~~~~~~~
/home/vitaly/p/Prime-World/pw/branches/r1117/Src/PF_GameLogic/LuaScript.cpp:3048:1: note: in expansion of macro ‘START_LUA2CPP_FUNCTION_ARG1’
 3048 | START_LUA2CPP_FUNCTION_ARG1( LuaIsDialogFinished, const char* )
      | ^~~~~~~~~~~~~~~~~~~~~~~~~~~
/home/vitaly/p/Prime-World/pw/branches/r1117/Src/PF_GameLogic/LuaScript.cpp:481:3: error: pasting "AddScriptFunction___LINE___LuaIsPhraseFinished" and "(" does not give a valid preprocessing token
  481 |   AddScriptFunction_##__LINE__##_##name##()                                                                                  \
      |   ^~~~~~~~~~~~~~~~~~
/home/vitaly/p/Prime-World/pw/branches/r1117/Src/PF_GameLogic/LuaScript.cpp:491:1: note: in expansion of macro ‘ADD_LUA2CPP_FUNCTION’
  491 | ADD_LUA2CPP_FUNCTION(name)                                                                                                   \
      | ^~~~~~~~~~~~~~~~~~~~
/home/vitaly/p/Prime-World/pw/branches/r1117/Src/PF_GameLogic/LuaScript.cpp:507:3: note: in expansion of macro ‘_START_LUA2CPP_FUNCTION_HEAD’
  507 |   _START_LUA2CPP_FUNCTION_HEAD( name, 1 )                                                                                    \
      |   ^~~~~~~~~~~~~~~~~~~~~~~~~~~~
/home/vitaly/p/Prime-World/pw/branches/r1117/Src/PF_GameLogic/LuaScript.cpp:3060:1: note: in expansion of macro ‘START_LUA2CPP_FUNCTION_ARG1’
 3060 | START_LUA2CPP_FUNCTION_ARG1( LuaIsPhraseFinished, const char* )
      | ^~~~~~~~~~~~~~~~~~~~~~~~~~~
/home/vitaly/p/Prime-World/pw/branches/r1117/Src/PF_GameLogic/LuaScript.cpp:485:3: error: pasting "addScriptFunction___LINE___LuaIsPhraseFinished" and ";" does not give a valid preprocessing token
  485 | } addScriptFunction_##__LINE__##_##name##;
      |   ^~~~~~~~~~~~~~~~~~
/home/vitaly/p/Prime-World/pw/branches/r1117/Src/PF_GameLogic/LuaScript.cpp:491:1: note: in expansion of macro ‘ADD_LUA2CPP_FUNCTION’
  491 | ADD_LUA2CPP_FUNCTION(name)                                                                                                   \
      | ^~~~~~~~~~~~~~~~~~~~
/home/vitaly/p/Prime-World/pw/branches/r1117/Src/PF_GameLogic/LuaScript.cpp:507:3: note: in expansion of macro ‘_START_LUA2CPP_FUNCTION_HEAD’
  507 |   _START_LUA2CPP_FUNCTION_HEAD( name, 1 )                                                                                    \
      |   ^~~~~~~~~~~~~~~~~~~~~~~~~~~~
/home/vitaly/p/Prime-World/pw/branches/r1117/Src/PF_GameLogic/LuaScript.cpp:3060:1: note: in expansion of macro ‘START_LUA2CPP_FUNCTION_ARG1’
 3060 | START_LUA2CPP_FUNCTION_ARG1( LuaIsPhraseFinished, const char* )
      | ^~~~~~~~~~~~~~~~~~~~~~~~~~~
/home/vitaly/p/Prime-World/pw/branches/r1117/Src/PF_GameLogic/LuaScript.cpp:481:3: error: pasting "AddScriptFunction___LINE___LuaPauseDialog" and "(" does not give a valid preprocessing token
  481 |   AddScriptFunction_##__LINE__##_##name##()                                                                                  \
      |   ^~~~~~~~~~~~~~~~~~
/home/vitaly/p/Prime-World/pw/branches/r1117/Src/PF_GameLogic/LuaScript.cpp:491:1: note: in expansion of macro ‘ADD_LUA2CPP_FUNCTION’
  491 | ADD_LUA2CPP_FUNCTION(name)                                                                                                   \
      | ^~~~~~~~~~~~~~~~~~~~
/home/vitaly/p/Prime-World/pw/branches/r1117/Src/PF_GameLogic/LuaScript.cpp:507:3: note: in expansion of macro ‘_START_LUA2CPP_FUNCTION_HEAD’
  507 |   _START_LUA2CPP_FUNCTION_HEAD( name, 1 )                                                                                    \
      |   ^~~~~~~~~~~~~~~~~~~~~~~~~~~~
/home/vitaly/p/Prime-World/pw/branches/r1117/Src/PF_GameLogic/LuaScript.cpp:3072:1: note: in expansion of macro ‘START_LUA2CPP_FUNCTION_ARG1’
 3072 | START_LUA2CPP_FUNCTION_ARG1( LuaPauseDialog, bool )
      | ^~~~~~~~~~~~~~~~~~~~~~~~~~~
/home/vitaly/p/Prime-World/pw/branches/r1117/Src/PF_GameLogic/LuaScript.cpp:485:3: error: pasting "addScriptFunction___LINE___LuaPauseDialog" and ";" does not give a valid preprocessing token
  485 | } addScriptFunction_##__LINE__##_##name##;
      |   ^~~~~~~~~~~~~~~~~~
/home/vitaly/p/Prime-World/pw/branches/r1117/Src/PF_GameLogic/LuaScript.cpp:491:1: note: in expansion of macro ‘ADD_LUA2CPP_FUNCTION’
  491 | ADD_LUA2CPP_FUNCTION(name)                                                                                                   \
      | ^~~~~~~~~~~~~~~~~~~~
/home/vitaly/p/Prime-World/pw/branches/r1117/Src/PF_GameLogic/LuaScript.cpp:507:3: note: in expansion of macro ‘_START_LUA2CPP_FUNCTION_HEAD’
  507 |   _START_LUA2CPP_FUNCTION_HEAD( name, 1 )                                                                                    \
      |   ^~~~~~~~~~~~~~~~~~~~~~~~~~~~
/home/vitaly/p/Prime-World/pw/branches/r1117/Src/PF_GameLogic/LuaScript.cpp:3072:1: note: in expansion of macro ‘START_LUA2CPP_FUNCTION_ARG1’
 3072 | START_LUA2CPP_FUNCTION_ARG1( LuaPauseDialog, bool )
      | ^~~~~~~~~~~~~~~~~~~~~~~~~~~
/home/vitaly/p/Prime-World/pw/branches/r1117/Src/PF_GameLogic/LuaScript.cpp:481:3: error: pasting "AddScriptFunction___LINE___LuaStartCinematic" and "(" does not give a valid preprocessing token
  481 |   AddScriptFunction_##__LINE__##_##name##()                                                                                  \
      |   ^~~~~~~~~~~~~~~~~~
/home/vitaly/p/Prime-World/pw/branches/r1117/Src/PF_GameLogic/LuaScript.cpp:491:1: note: in expansion of macro ‘ADD_LUA2CPP_FUNCTION’
  491 | ADD_LUA2CPP_FUNCTION(name)                                                                                                   \
      | ^~~~~~~~~~~~~~~~~~~~
/home/vitaly/p/Prime-World/pw/branches/r1117/Src/PF_GameLogic/LuaScript.cpp:507:3: note: in expansion of macro ‘_START_LUA2CPP_FUNCTION_HEAD’
  507 |   _START_LUA2CPP_FUNCTION_HEAD( name, 1 )                                                                                    \
      |   ^~~~~~~~~~~~~~~~~~~~~~~~~~~~
/home/vitaly/p/Prime-World/pw/branches/r1117/Src/PF_GameLogic/LuaScript.cpp:3083:1: note: in expansion of macro ‘START_LUA2CPP_FUNCTION_ARG1’
 3083 | START_LUA2CPP_FUNCTION_ARG1( LuaStartCinematic, const char* )
      | ^~~~~~~~~~~~~~~~~~~~~~~~~~~
/home/vitaly/p/Prime-World/pw/branches/r1117/Src/PF_GameLogic/LuaScript.cpp:485:3: error: pasting "addScriptFunction___LINE___LuaStartCinematic" and ";" does not give a valid preprocessing token
  485 | } addScriptFunction_##__LINE__##_##name##;
      |   ^~~~~~~~~~~~~~~~~~
/home/vitaly/p/Prime-World/pw/branches/r1117/Src/PF_GameLogic/LuaScript.cpp:491:1: note: in expansion of macro ‘ADD_LUA2CPP_FUNCTION’
  491 | ADD_LUA2CPP_FUNCTION(name)                                                                                                   \
      | ^~~~~~~~~~~~~~~~~~~~
/home/vitaly/p/Prime-World/pw/branches/r1117/Src/PF_GameLogic/LuaScript.cpp:507:3: note: in expansion of macro ‘_START_LUA2CPP_FUNCTION_HEAD’
  507 |   _START_LUA2CPP_FUNCTION_HEAD( name, 1 )                                                                                    \
      |   ^~~~~~~~~~~~~~~~~~~~~~~~~~~~
/home/vitaly/p/Prime-World/pw/branches/r1117/Src/PF_GameLogic/LuaScript.cpp:3083:1: note: in expansion of macro ‘START_LUA2CPP_FUNCTION_ARG1’
 3083 | START_LUA2CPP_FUNCTION_ARG1( LuaStartCinematic, const char* )
      | ^~~~~~~~~~~~~~~~~~~~~~~~~~~
/home/vitaly/p/Prime-World/pw/branches/r1117/Src/PF_GameLogic/LuaScript.cpp:481:3: error: pasting "AddScriptFunction___LINE___LuaZoomCamera" and "(" does not give a valid preprocessing token
  481 |   AddScriptFunction_##__LINE__##_##name##()                                                                                  \
      |   ^~~~~~~~~~~~~~~~~~
/home/vitaly/p/Prime-World/pw/branches/r1117/Src/PF_GameLogic/LuaScript.cpp:491:1: note: in expansion of macro ‘ADD_LUA2CPP_FUNCTION’
  491 | ADD_LUA2CPP_FUNCTION(name)                                                                                                   \
      | ^~~~~~~~~~~~~~~~~~~~
/home/vitaly/p/Prime-World/pw/branches/r1117/Src/PF_GameLogic/LuaScript.cpp:512:3: note: in expansion of macro ‘_START_LUA2CPP_FUNCTION_HEAD’
  512 |   _START_LUA2CPP_FUNCTION_HEAD( name, 2 )                                                                                    \
      |   ^~~~~~~~~~~~~~~~~~~~~~~~~~~~
/home/vitaly/p/Prime-World/pw/branches/r1117/Src/PF_GameLogic/LuaScript.cpp:3101:1: note: in expansion of macro ‘START_LUA2CPP_FUNCTION_ARG2’
 3101 | START_LUA2CPP_FUNCTION_ARG2( LuaZoomCamera, float, float  )
      | ^~~~~~~~~~~~~~~~~~~~~~~~~~~
/home/vitaly/p/Prime-World/pw/branches/r1117/Src/PF_GameLogic/LuaScript.cpp:485:3: error: pasting "addScriptFunction___LINE___LuaZoomCamera" and ";" does not give a valid preprocessing token
  485 | } addScriptFunction_##__LINE__##_##name##;
      |   ^~~~~~~~~~~~~~~~~~
/home/vitaly/p/Prime-World/pw/branches/r1117/Src/PF_GameLogic/LuaScript.cpp:491:1: note: in expansion of macro ‘ADD_LUA2CPP_FUNCTION’
  491 | ADD_LUA2CPP_FUNCTION(name)                                                                                                   \
      | ^~~~~~~~~~~~~~~~~~~~
/home/vitaly/p/Prime-World/pw/branches/r1117/Src/PF_GameLogic/LuaScript.cpp:512:3: note: in expansion of macro ‘_START_LUA2CPP_FUNCTION_HEAD’
  512 |   _START_LUA2CPP_FUNCTION_HEAD( name, 2 )                                                                                    \
      |   ^~~~~~~~~~~~~~~~~~~~~~~~~~~~
/home/vitaly/p/Prime-World/pw/branches/r1117/Src/PF_GameLogic/LuaScript.cpp:3101:1: note: in expansion of macro ‘START_LUA2CPP_FUNCTION_ARG2’
 3101 | START_LUA2CPP_FUNCTION_ARG2( LuaZoomCamera, float, float  )
      | ^~~~~~~~~~~~~~~~~~~~~~~~~~~
/home/vitaly/p/Prime-World/pw/branches/r1117/Src/PF_GameLogic/LuaScript.cpp:481:3: error: pasting "AddScriptFunction___LINE___LuaSplineCameraTimed" and "(" does not give a valid preprocessing token
  481 |   AddScriptFunction_##__LINE__##_##name##()                                                                                  \
      |   ^~~~~~~~~~~~~~~~~~
/home/vitaly/p/Prime-World/pw/branches/r1117/Src/PF_GameLogic/LuaScript.cpp:491:1: note: in expansion of macro ‘ADD_LUA2CPP_FUNCTION’
  491 | ADD_LUA2CPP_FUNCTION(name)                                                                                                   \
      | ^~~~~~~~~~~~~~~~~~~~
/home/vitaly/p/Prime-World/pw/branches/r1117/Src/PF_GameLogic/LuaScript.cpp:512:3: note: in expansion of macro ‘_START_LUA2CPP_FUNCTION_HEAD’
  512 |   _START_LUA2CPP_FUNCTION_HEAD( name, 2 )                                                                                    \
      |   ^~~~~~~~~~~~~~~~~~~~~~~~~~~~
/home/vitaly/p/Prime-World/pw/branches/r1117/Src/PF_GameLogic/LuaScript.cpp:3203:1: note: in expansion of macro ‘START_LUA2CPP_FUNCTION_ARG2’
 3203 | START_LUA2CPP_FUNCTION_ARG2( LuaSplineCameraTimed, const char*, float )
      | ^~~~~~~~~~~~~~~~~~~~~~~~~~~
/home/vitaly/p/Prime-World/pw/branches/r1117/Src/PF_GameLogic/LuaScript.cpp:485:3: error: pasting "addScriptFunction___LINE___LuaSplineCameraTimed" and ";" does not give a valid preprocessing token
  485 | } addScriptFunction_##__LINE__##_##name##;
      |   ^~~~~~~~~~~~~~~~~~
/home/vitaly/p/Prime-World/pw/branches/r1117/Src/PF_GameLogic/LuaScript.cpp:491:1: note: in expansion of macro ‘ADD_LUA2CPP_FUNCTION’
  491 | ADD_LUA2CPP_FUNCTION(name)                                                                                                   \
      | ^~~~~~~~~~~~~~~~~~~~
/home/vitaly/p/Prime-World/pw/branches/r1117/Src/PF_GameLogic/LuaScript.cpp:512:3: note: in expansion of macro ‘_START_LUA2CPP_FUNCTION_HEAD’
  512 |   _START_LUA2CPP_FUNCTION_HEAD( name, 2 )                                                                                    \
      |   ^~~~~~~~~~~~~~~~~~~~~~~~~~~~
/home/vitaly/p/Prime-World/pw/branches/r1117/Src/PF_GameLogic/LuaScript.cpp:3203:1: note: in expansion of macro ‘START_LUA2CPP_FUNCTION_ARG2’
 3203 | START_LUA2CPP_FUNCTION_ARG2( LuaSplineCameraTimed, const char*, float )
      | ^~~~~~~~~~~~~~~~~~~~~~~~~~~
/home/vitaly/p/Prime-World/pw/branches/r1117/Src/PF_GameLogic/LuaScript.cpp:481:3: error: pasting "AddScriptFunction___LINE___LuaSplineCameraTimedNew" and "(" does not give a valid preprocessing token
  481 |   AddScriptFunction_##__LINE__##_##name##()                                                                                  \
      |   ^~~~~~~~~~~~~~~~~~
/home/vitaly/p/Prime-World/pw/branches/r1117/Src/PF_GameLogic/LuaScript.cpp:491:1: note: in expansion of macro ‘ADD_LUA2CPP_FUNCTION’
  491 | ADD_LUA2CPP_FUNCTION(name)                                                                                                   \
      | ^~~~~~~~~~~~~~~~~~~~
/home/vitaly/p/Prime-World/pw/branches/r1117/Src/PF_GameLogic/LuaScript.cpp:512:3: note: in expansion of macro ‘_START_LUA2CPP_FUNCTION_HEAD’
  512 |   _START_LUA2CPP_FUNCTION_HEAD( name, 2 )                                                                                    \
      |   ^~~~~~~~~~~~~~~~~~~~~~~~~~~~
/home/vitaly/p/Prime-World/pw/branches/r1117/Src/PF_GameLogic/LuaScript.cpp:3221:1: note: in expansion of macro ‘START_LUA2CPP_FUNCTION_ARG2’
 3221 | START_LUA2CPP_FUNCTION_ARG2( LuaSplineCameraTimedNew, const char*, float )
      | ^~~~~~~~~~~~~~~~~~~~~~~~~~~
/home/vitaly/p/Prime-World/pw/branches/r1117/Src/PF_GameLogic/LuaScript.cpp:485:3: error: pasting "addScriptFunction___LINE___LuaSplineCameraTimedNew" and ";" does not give a valid preprocessing token
  485 | } addScriptFunction_##__LINE__##_##name##;
      |   ^~~~~~~~~~~~~~~~~~
/home/vitaly/p/Prime-World/pw/branches/r1117/Src/PF_GameLogic/LuaScript.cpp:491:1: note: in expansion of macro ‘ADD_LUA2CPP_FUNCTION’
  491 | ADD_LUA2CPP_FUNCTION(name)                                                                                                   \
      | ^~~~~~~~~~~~~~~~~~~~
/home/vitaly/p/Prime-World/pw/branches/r1117/Src/PF_GameLogic/LuaScript.cpp:512:3: note: in expansion of macro ‘_START_LUA2CPP_FUNCTION_HEAD’
  512 |   _START_LUA2CPP_FUNCTION_HEAD( name, 2 )                                                                                    \
      |   ^~~~~~~~~~~~~~~~~~~~~~~~~~~~
/home/vitaly/p/Prime-World/pw/branches/r1117/Src/PF_GameLogic/LuaScript.cpp:3221:1: note: in expansion of macro ‘START_LUA2CPP_FUNCTION_ARG2’
 3221 | START_LUA2CPP_FUNCTION_ARG2( LuaSplineCameraTimedNew, const char*, float )
      | ^~~~~~~~~~~~~~~~~~~~~~~~~~~
/home/vitaly/p/Prime-World/pw/branches/r1117/Src/PF_GameLogic/LuaScript.cpp:481:3: error: pasting "AddScriptFunction___LINE___LuaIsSplineCameraActive" and "(" does not give a valid preprocessing token
  481 |   AddScriptFunction_##__LINE__##_##name##()                                                                                  \
      |   ^~~~~~~~~~~~~~~~~~
/home/vitaly/p/Prime-World/pw/branches/r1117/Src/PF_GameLogic/LuaScript.cpp:491:1: note: in expansion of macro ‘ADD_LUA2CPP_FUNCTION’
  491 | ADD_LUA2CPP_FUNCTION(name)                                                                                                   \
      | ^~~~~~~~~~~~~~~~~~~~
/home/vitaly/p/Prime-World/pw/branches/r1117/Src/PF_GameLogic/LuaScript.cpp:503:3: note: in expansion of macro ‘_START_LUA2CPP_FUNCTION_HEAD’
  503 |   _START_LUA2CPP_FUNCTION_HEAD( name, 0 )
      |   ^~~~~~~~~~~~~~~~~~~~~~~~~~~~
/home/vitaly/p/Prime-World/pw/branches/r1117/Src/PF_GameLogic/LuaScript.cpp:3239:1: note: in expansion of macro ‘START_LUA2CPP_FUNCTION’
 3239 | START_LUA2CPP_FUNCTION( LuaIsSplineCameraActive)
      | ^~~~~~~~~~~~~~~~~~~~~~
/home/vitaly/p/Prime-World/pw/branches/r1117/Src/PF_GameLogic/LuaScript.cpp:485:3: error: pasting "addScriptFunction___LINE___LuaIsSplineCameraActive" and ";" does not give a valid preprocessing token
  485 | } addScriptFunction_##__LINE__##_##name##;
      |   ^~~~~~~~~~~~~~~~~~
/home/vitaly/p/Prime-World/pw/branches/r1117/Src/PF_GameLogic/LuaScript.cpp:491:1: note: in expansion of macro ‘ADD_LUA2CPP_FUNCTION’
  491 | ADD_LUA2CPP_FUNCTION(name)                                                                                                   \
      | ^~~~~~~~~~~~~~~~~~~~
/home/vitaly/p/Prime-World/pw/branches/r1117/Src/PF_GameLogic/LuaScript.cpp:503:3: note: in expansion of macro ‘_START_LUA2CPP_FUNCTION_HEAD’
  503 |   _START_LUA2CPP_FUNCTION_HEAD( name, 0 )
      |   ^~~~~~~~~~~~~~~~~~~~~~~~~~~~
/home/vitaly/p/Prime-World/pw/branches/r1117/Src/PF_GameLogic/LuaScript.cpp:3239:1: note: in expansion of macro ‘START_LUA2CPP_FUNCTION’
 3239 | START_LUA2CPP_FUNCTION( LuaIsSplineCameraActive)
      | ^~~~~~~~~~~~~~~~~~~~~~
/home/vitaly/p/Prime-World/pw/branches/r1117/Src/PF_GameLogic/LuaScript.cpp:481:3: error: pasting "AddScriptFunction___LINE___LuaSplineCameraShutdown" and "(" does not give a valid preprocessing token
  481 |   AddScriptFunction_##__LINE__##_##name##()                                                                                  \
      |   ^~~~~~~~~~~~~~~~~~
/home/vitaly/p/Prime-World/pw/branches/r1117/Src/PF_GameLogic/LuaScript.cpp:491:1: note: in expansion of macro ‘ADD_LUA2CPP_FUNCTION’
  491 | ADD_LUA2CPP_FUNCTION(name)                                                                                                   \
      | ^~~~~~~~~~~~~~~~~~~~
/home/vitaly/p/Prime-World/pw/branches/r1117/Src/PF_GameLogic/LuaScript.cpp:503:3: note: in expansion of macro ‘_START_LUA2CPP_FUNCTION_HEAD’
  503 |   _START_LUA2CPP_FUNCTION_HEAD( name, 0 )
      |   ^~~~~~~~~~~~~~~~~~~~~~~~~~~~
/home/vitaly/p/Prime-World/pw/branches/r1117/Src/PF_GameLogic/LuaScript.cpp:3254:1: note: in expansion of macro ‘START_LUA2CPP_FUNCTION’
 3254 | START_LUA2CPP_FUNCTION( LuaSplineCameraShutdown )
      | ^~~~~~~~~~~~~~~~~~~~~~
/home/vitaly/p/Prime-World/pw/branches/r1117/Src/PF_GameLogic/LuaScript.cpp:485:3: error: pasting "addScriptFunction___LINE___LuaSplineCameraShutdown" and ";" does not give a valid preprocessing token
  485 | } addScriptFunction_##__LINE__##_##name##;
      |   ^~~~~~~~~~~~~~~~~~
/home/vitaly/p/Prime-World/pw/branches/r1117/Src/PF_GameLogic/LuaScript.cpp:491:1: note: in expansion of macro ‘ADD_LUA2CPP_FUNCTION’
  491 | ADD_LUA2CPP_FUNCTION(name)                                                                                                   \
      | ^~~~~~~~~~~~~~~~~~~~
/home/vitaly/p/Prime-World/pw/branches/r1117/Src/PF_GameLogic/LuaScript.cpp:503:3: note: in expansion of macro ‘_START_LUA2CPP_FUNCTION_HEAD’
  503 |   _START_LUA2CPP_FUNCTION_HEAD( name, 0 )
      |   ^~~~~~~~~~~~~~~~~~~~~~~~~~~~
/home/vitaly/p/Prime-World/pw/branches/r1117/Src/PF_GameLogic/LuaScript.cpp:3254:1: note: in expansion of macro ‘START_LUA2CPP_FUNCTION’
 3254 | START_LUA2CPP_FUNCTION( LuaSplineCameraShutdown )
      | ^~~~~~~~~~~~~~~~~~~~~~
/home/vitaly/p/Prime-World/pw/branches/r1117/Src/PF_GameLogic/LuaScript.cpp:481:3: error: pasting "AddScriptFunction___LINE___LuaSetHintLine" and "(" does not give a valid preprocessing token
  481 |   AddScriptFunction_##__LINE__##_##name##()                                                                                  \
      |   ^~~~~~~~~~~~~~~~~~
/home/vitaly/p/Prime-World/pw/branches/r1117/Src/PF_GameLogic/LuaScript.cpp:491:1: note: in expansion of macro ‘ADD_LUA2CPP_FUNCTION’
  491 | ADD_LUA2CPP_FUNCTION(name)                                                                                                   \
      | ^~~~~~~~~~~~~~~~~~~~
/home/vitaly/p/Prime-World/pw/branches/r1117/Src/PF_GameLogic/LuaScript.cpp:512:3: note: in expansion of macro ‘_START_LUA2CPP_FUNCTION_HEAD’
  512 |   _START_LUA2CPP_FUNCTION_HEAD( name, 2 )                                                                                    \
      |   ^~~~~~~~~~~~~~~~~~~~~~~~~~~~
/home/vitaly/p/Prime-World/pw/branches/r1117/Src/PF_GameLogic/LuaScript.cpp:3271:1: note: in expansion of macro ‘START_LUA2CPP_FUNCTION_ARG2’
 3271 | START_LUA2CPP_FUNCTION_ARG2( LuaSetHintLine, const char*, const char* )
      | ^~~~~~~~~~~~~~~~~~~~~~~~~~~
/home/vitaly/p/Prime-World/pw/branches/r1117/Src/PF_GameLogic/LuaScript.cpp:485:3: error: pasting "addScriptFunction___LINE___LuaSetHintLine" and ";" does not give a valid preprocessing token
  485 | } addScriptFunction_##__LINE__##_##name##;
      |   ^~~~~~~~~~~~~~~~~~
/home/vitaly/p/Prime-World/pw/branches/r1117/Src/PF_GameLogic/LuaScript.cpp:491:1: note: in expansion of macro ‘ADD_LUA2CPP_FUNCTION’
  491 | ADD_LUA2CPP_FUNCTION(name)                                                                                                   \
      | ^~~~~~~~~~~~~~~~~~~~
/home/vitaly/p/Prime-World/pw/branches/r1117/Src/PF_GameLogic/LuaScript.cpp:512:3: note: in expansion of macro ‘_START_LUA2CPP_FUNCTION_HEAD’
  512 |   _START_LUA2CPP_FUNCTION_HEAD( name, 2 )                                                                                    \
      |   ^~~~~~~~~~~~~~~~~~~~~~~~~~~~
/home/vitaly/p/Prime-World/pw/branches/r1117/Src/PF_GameLogic/LuaScript.cpp:3271:1: note: in expansion of macro ‘START_LUA2CPP_FUNCTION_ARG2’
 3271 | START_LUA2CPP_FUNCTION_ARG2( LuaSetHintLine, const char*, const char* )
      | ^~~~~~~~~~~~~~~~~~~~~~~~~~~
/home/vitaly/p/Prime-World/pw/branches/r1117/Src/PF_GameLogic/LuaScript.cpp:481:3: error: pasting "AddScriptFunction___LINE___LuaShowMessageBox" and "(" does not give a valid preprocessing token
  481 |   AddScriptFunction_##__LINE__##_##name##()                                                                                  \
      |   ^~~~~~~~~~~~~~~~~~
/home/vitaly/p/Prime-World/pw/branches/r1117/Src/PF_GameLogic/LuaScript.cpp:491:1: note: in expansion of macro ‘ADD_LUA2CPP_FUNCTION’
  491 | ADD_LUA2CPP_FUNCTION(name)                                                                                                   \
      | ^~~~~~~~~~~~~~~~~~~~
/home/vitaly/p/Prime-World/pw/branches/r1117/Src/PF_GameLogic/LuaScript.cpp:512:3: note: in expansion of macro ‘_START_LUA2CPP_FUNCTION_HEAD’
  512 |   _START_LUA2CPP_FUNCTION_HEAD( name, 2 )                                                                                    \
      |   ^~~~~~~~~~~~~~~~~~~~~~~~~~~~
/home/vitaly/p/Prime-World/pw/branches/r1117/Src/PF_GameLogic/LuaScript.cpp:3282:1: note: in expansion of macro ‘START_LUA2CPP_FUNCTION_ARG2’
 3282 | START_LUA2CPP_FUNCTION_ARG2( LuaShowMessageBox, const char*, const char* )
      | ^~~~~~~~~~~~~~~~~~~~~~~~~~~
/home/vitaly/p/Prime-World/pw/branches/r1117/Src/PF_GameLogic/LuaScript.cpp:485:3: error: pasting "addScriptFunction___LINE___LuaShowMessageBox" and ";" does not give a valid preprocessing token
  485 | } addScriptFunction_##__LINE__##_##name##;
      |   ^~~~~~~~~~~~~~~~~~
/home/vitaly/p/Prime-World/pw/branches/r1117/Src/PF_GameLogic/LuaScript.cpp:491:1: note: in expansion of macro ‘ADD_LUA2CPP_FUNCTION’
  491 | ADD_LUA2CPP_FUNCTION(name)                                                                                                   \
      | ^~~~~~~~~~~~~~~~~~~~
/home/vitaly/p/Prime-World/pw/branches/r1117/Src/PF_GameLogic/LuaScript.cpp:512:3: note: in expansion of macro ‘_START_LUA2CPP_FUNCTION_HEAD’
  512 |   _START_LUA2CPP_FUNCTION_HEAD( name, 2 )                                                                                    \
      |   ^~~~~~~~~~~~~~~~~~~~~~~~~~~~
/home/vitaly/p/Prime-World/pw/branches/r1117/Src/PF_GameLogic/LuaScript.cpp:3282:1: note: in expansion of macro ‘START_LUA2CPP_FUNCTION_ARG2’
 3282 | START_LUA2CPP_FUNCTION_ARG2( LuaShowMessageBox, const char*, const char* )
      | ^~~~~~~~~~~~~~~~~~~~~~~~~~~
/home/vitaly/p/Prime-World/pw/branches/r1117/Src/PF_GameLogic/LuaScript.cpp:481:3: error: pasting "AddScriptFunction___LINE___LuaGetMessageBoxResult" and "(" does not give a valid preprocessing token
  481 |   AddScriptFunction_##__LINE__##_##name##()                                                                                  \
      |   ^~~~~~~~~~~~~~~~~~
/home/vitaly/p/Prime-World/pw/branches/r1117/Src/PF_GameLogic/LuaScript.cpp:491:1: note: in expansion of macro ‘ADD_LUA2CPP_FUNCTION’
  491 | ADD_LUA2CPP_FUNCTION(name)                                                                                                   \
      | ^~~~~~~~~~~~~~~~~~~~
/home/vitaly/p/Prime-World/pw/branches/r1117/Src/PF_GameLogic/LuaScript.cpp:503:3: note: in expansion of macro ‘_START_LUA2CPP_FUNCTION_HEAD’
  503 |   _START_LUA2CPP_FUNCTION_HEAD( name, 0 )
      |   ^~~~~~~~~~~~~~~~~~~~~~~~~~~~
/home/vitaly/p/Prime-World/pw/branches/r1117/Src/PF_GameLogic/LuaScript.cpp:3292:1: note: in expansion of macro ‘START_LUA2CPP_FUNCTION’
 3292 | START_LUA2CPP_FUNCTION( LuaGetMessageBoxResult )
      | ^~~~~~~~~~~~~~~~~~~~~~
/home/vitaly/p/Prime-World/pw/branches/r1117/Src/PF_GameLogic/LuaScript.cpp:485:3: error: pasting "addScriptFunction___LINE___LuaGetMessageBoxResult" and ";" does not give a valid preprocessing token
  485 | } addScriptFunction_##__LINE__##_##name##;
      |   ^~~~~~~~~~~~~~~~~~
/home/vitaly/p/Prime-World/pw/branches/r1117/Src/PF_GameLogic/LuaScript.cpp:491:1: note: in expansion of macro ‘ADD_LUA2CPP_FUNCTION’
  491 | ADD_LUA2CPP_FUNCTION(name)                                                                                                   \
      | ^~~~~~~~~~~~~~~~~~~~
/home/vitaly/p/Prime-World/pw/branches/r1117/Src/PF_GameLogic/LuaScript.cpp:503:3: note: in expansion of macro ‘_START_LUA2CPP_FUNCTION_HEAD’
  503 |   _START_LUA2CPP_FUNCTION_HEAD( name, 0 )
      |   ^~~~~~~~~~~~~~~~~~~~~~~~~~~~
/home/vitaly/p/Prime-World/pw/branches/r1117/Src/PF_GameLogic/LuaScript.cpp:3292:1: note: in expansion of macro ‘START_LUA2CPP_FUNCTION’
 3292 | START_LUA2CPP_FUNCTION( LuaGetMessageBoxResult )
      | ^~~~~~~~~~~~~~~~~~~~~~
/home/vitaly/p/Prime-World/pw/branches/r1117/Src/PF_GameLogic/LuaScript.cpp:481:3: error: pasting "AddScriptFunction___LINE___LuaRotateHero" and "(" does not give a valid preprocessing token
  481 |   AddScriptFunction_##__LINE__##_##name##()                                                                                  \
      |   ^~~~~~~~~~~~~~~~~~
/home/vitaly/p/Prime-World/pw/branches/r1117/Src/PF_GameLogic/LuaScript.cpp:491:1: note: in expansion of macro ‘ADD_LUA2CPP_FUNCTION’
  491 | ADD_LUA2CPP_FUNCTION(name)                                                                                                   \
      | ^~~~~~~~~~~~~~~~~~~~
/home/vitaly/p/Prime-World/pw/branches/r1117/Src/PF_GameLogic/LuaScript.cpp:533:3: note: in expansion of macro ‘_START_LUA2CPP_FUNCTION_HEAD’
  533 |   _START_LUA2CPP_FUNCTION_HEAD( name, 5 )                                                                                    \
      |   ^~~~~~~~~~~~~~~~~~~~~~~~~~~~
/home/vitaly/p/Prime-World/pw/branches/r1117/Src/PF_GameLogic/LuaScript.cpp:3302:1: note: in expansion of macro ‘START_LUA2CPP_FUNCTION_ARG5’
 3302 | START_LUA2CPP_FUNCTION_ARG5( LuaRotateHero, const char*, float, float, float, bool )
      | ^~~~~~~~~~~~~~~~~~~~~~~~~~~
/home/vitaly/p/Prime-World/pw/branches/r1117/Src/PF_GameLogic/LuaScript.cpp:485:3: error: pasting "addScriptFunction___LINE___LuaRotateHero" and ";" does not give a valid preprocessing token
  485 | } addScriptFunction_##__LINE__##_##name##;
      |   ^~~~~~~~~~~~~~~~~~
/home/vitaly/p/Prime-World/pw/branches/r1117/Src/PF_GameLogic/LuaScript.cpp:491:1: note: in expansion of macro ‘ADD_LUA2CPP_FUNCTION’
  491 | ADD_LUA2CPP_FUNCTION(name)                                                                                                   \
      | ^~~~~~~~~~~~~~~~~~~~
/home/vitaly/p/Prime-World/pw/branches/r1117/Src/PF_GameLogic/LuaScript.cpp:533:3: note: in expansion of macro ‘_START_LUA2CPP_FUNCTION_HEAD’
  533 |   _START_LUA2CPP_FUNCTION_HEAD( name, 5 )                                                                                    \
      |   ^~~~~~~~~~~~~~~~~~~~~~~~~~~~
/home/vitaly/p/Prime-World/pw/branches/r1117/Src/PF_GameLogic/LuaScript.cpp:3302:1: note: in expansion of macro ‘START_LUA2CPP_FUNCTION_ARG5’
 3302 | START_LUA2CPP_FUNCTION_ARG5( LuaRotateHero, const char*, float, float, float, bool )
      | ^~~~~~~~~~~~~~~~~~~~~~~~~~~
/home/vitaly/p/Prime-World/pw/branches/r1117/Src/PF_GameLogic/LuaScript.cpp:481:3: error: pasting "AddScriptFunction___LINE___LuaIsHeroMale" and "(" does not give a valid preprocessing token
  481 |   AddScriptFunction_##__LINE__##_##name##()                                                                                  \
      |   ^~~~~~~~~~~~~~~~~~
/home/vitaly/p/Prime-World/pw/branches/r1117/Src/PF_GameLogic/LuaScript.cpp:491:1: note: in expansion of macro ‘ADD_LUA2CPP_FUNCTION’
  491 | ADD_LUA2CPP_FUNCTION(name)                                                                                                   \
      | ^~~~~~~~~~~~~~~~~~~~
/home/vitaly/p/Prime-World/pw/branches/r1117/Src/PF_GameLogic/LuaScript.cpp:507:3: note: in expansion of macro ‘_START_LUA2CPP_FUNCTION_HEAD’
  507 |   _START_LUA2CPP_FUNCTION_HEAD( name, 1 )                                                                                    \
      |   ^~~~~~~~~~~~~~~~~~~~~~~~~~~~
/home/vitaly/p/Prime-World/pw/branches/r1117/Src/PF_GameLogic/LuaScript.cpp:3357:1: note: in expansion of macro ‘START_LUA2CPP_FUNCTION_ARG1’
 3357 | START_LUA2CPP_FUNCTION_ARG1( LuaIsHeroMale, const char* )
      | ^~~~~~~~~~~~~~~~~~~~~~~~~~~
/home/vitaly/p/Prime-World/pw/branches/r1117/Src/PF_GameLogic/LuaScript.cpp:485:3: error: pasting "addScriptFunction___LINE___LuaIsHeroMale" and ";" does not give a valid preprocessing token
  485 | } addScriptFunction_##__LINE__##_##name##;
      |   ^~~~~~~~~~~~~~~~~~
/home/vitaly/p/Prime-World/pw/branches/r1117/Src/PF_GameLogic/LuaScript.cpp:491:1: note: in expansion of macro ‘ADD_LUA2CPP_FUNCTION’
  491 | ADD_LUA2CPP_FUNCTION(name)                                                                                                   \
      | ^~~~~~~~~~~~~~~~~~~~
/home/vitaly/p/Prime-World/pw/branches/r1117/Src/PF_GameLogic/LuaScript.cpp:507:3: note: in expansion of macro ‘_START_LUA2CPP_FUNCTION_HEAD’
  507 |   _START_LUA2CPP_FUNCTION_HEAD( name, 1 )                                                                                    \
      |   ^~~~~~~~~~~~~~~~~~~~~~~~~~~~
/home/vitaly/p/Prime-World/pw/branches/r1117/Src/PF_GameLogic/LuaScript.cpp:3357:1: note: in expansion of macro ‘START_LUA2CPP_FUNCTION_ARG1’
 3357 | START_LUA2CPP_FUNCTION_ARG1( LuaIsHeroMale, const char* )
      | ^~~~~~~~~~~~~~~~~~~~~~~~~~~
/home/vitaly/p/Prime-World/pw/branches/r1117/Src/PF_GameLogic/LuaScript.cpp:481:3: error: pasting "AddScriptFunction___LINE___LuaSetAdventureControlsEnabled" and "(" does not give a valid preprocessing token
  481 |   AddScriptFunction_##__LINE__##_##name##()                                                                                  \
      |   ^~~~~~~~~~~~~~~~~~
/home/vitaly/p/Prime-World/pw/branches/r1117/Src/PF_GameLogic/LuaScript.cpp:491:1: note: in expansion of macro ‘ADD_LUA2CPP_FUNCTION’
  491 | ADD_LUA2CPP_FUNCTION(name)                                                                                                   \
      | ^~~~~~~~~~~~~~~~~~~~
/home/vitaly/p/Prime-World/pw/branches/r1117/Src/PF_GameLogic/LuaScript.cpp:512:3: note: in expansion of macro ‘_START_LUA2CPP_FUNCTION_HEAD’
  512 |   _START_LUA2CPP_FUNCTION_HEAD( name, 2 )                                                                                    \
      |   ^~~~~~~~~~~~~~~~~~~~~~~~~~~~
/home/vitaly/p/Prime-World/pw/branches/r1117/Src/PF_GameLogic/LuaScript.cpp:3368:1: note: in expansion of macro ‘START_LUA2CPP_FUNCTION_ARG2’
 3368 | START_LUA2CPP_FUNCTION_ARG2( LuaSetAdventureControlsEnabled, bool, bool )
      | ^~~~~~~~~~~~~~~~~~~~~~~~~~~
/home/vitaly/p/Prime-World/pw/branches/r1117/Src/PF_GameLogic/LuaScript.cpp:485:3: error: pasting "addScriptFunction___LINE___LuaSetAdventureControlsEnabled" and ";" does not give a valid preprocessing token
  485 | } addScriptFunction_##__LINE__##_##name##;
      |   ^~~~~~~~~~~~~~~~~~
/home/vitaly/p/Prime-World/pw/branches/r1117/Src/PF_GameLogic/LuaScript.cpp:491:1: note: in expansion of macro ‘ADD_LUA2CPP_FUNCTION’
  491 | ADD_LUA2CPP_FUNCTION(name)                                                                                                   \
      | ^~~~~~~~~~~~~~~~~~~~
/home/vitaly/p/Prime-World/pw/branches/r1117/Src/PF_GameLogic/LuaScript.cpp:512:3: note: in expansion of macro ‘_START_LUA2CPP_FUNCTION_HEAD’
  512 |   _START_LUA2CPP_FUNCTION_HEAD( name, 2 )                                                                                    \
      |   ^~~~~~~~~~~~~~~~~~~~~~~~~~~~
/home/vitaly/p/Prime-World/pw/branches/r1117/Src/PF_GameLogic/LuaScript.cpp:3368:1: note: in expansion of macro ‘START_LUA2CPP_FUNCTION_ARG2’
 3368 | START_LUA2CPP_FUNCTION_ARG2( LuaSetAdventureControlsEnabled, bool, bool )
      | ^~~~~~~~~~~~~~~~~~~~~~~~~~~
/home/vitaly/p/Prime-World/pw/branches/r1117/Src/PF_GameLogic/LuaScript.cpp:481:3: error: pasting "AddScriptFunction___LINE___LuaHeroGetPrime" and "(" does not give a valid preprocessing token
  481 |   AddScriptFunction_##__LINE__##_##name##()                                                                                  \
      |   ^~~~~~~~~~~~~~~~~~
/home/vitaly/p/Prime-World/pw/branches/r1117/Src/PF_GameLogic/LuaScript.cpp:491:1: note: in expansion of macro ‘ADD_LUA2CPP_FUNCTION’
  491 | ADD_LUA2CPP_FUNCTION(name)                                                                                                   \
      | ^~~~~~~~~~~~~~~~~~~~
/home/vitaly/p/Prime-World/pw/branches/r1117/Src/PF_GameLogic/LuaScript.cpp:507:3: note: in expansion of macro ‘_START_LUA2CPP_FUNCTION_HEAD’
  507 |   _START_LUA2CPP_FUNCTION_HEAD( name, 1 )                                                                                    \
      |   ^~~~~~~~~~~~~~~~~~~~~~~~~~~~
/home/vitaly/p/Prime-World/pw/branches/r1117/Src/PF_GameLogic/LuaScript.cpp:3379:1: note: in expansion of macro ‘START_LUA2CPP_FUNCTION_ARG1’
 3379 | START_LUA2CPP_FUNCTION_ARG1( LuaHeroGetPrime, const char* )
      | ^~~~~~~~~~~~~~~~~~~~~~~~~~~
/home/vitaly/p/Prime-World/pw/branches/r1117/Src/PF_GameLogic/LuaScript.cpp:485:3: error: pasting "addScriptFunction___LINE___LuaHeroGetPrime" and ";" does not give a valid preprocessing token
  485 | } addScriptFunction_##__LINE__##_##name##;
      |   ^~~~~~~~~~~~~~~~~~
/home/vitaly/p/Prime-World/pw/branches/r1117/Src/PF_GameLogic/LuaScript.cpp:491:1: note: in expansion of macro ‘ADD_LUA2CPP_FUNCTION’
  491 | ADD_LUA2CPP_FUNCTION(name)                                                                                                   \
      | ^~~~~~~~~~~~~~~~~~~~
/home/vitaly/p/Prime-World/pw/branches/r1117/Src/PF_GameLogic/LuaScript.cpp:507:3: note: in expansion of macro ‘_START_LUA2CPP_FUNCTION_HEAD’
  507 |   _START_LUA2CPP_FUNCTION_HEAD( name, 1 )                                                                                    \
      |   ^~~~~~~~~~~~~~~~~~~~~~~~~~~~
/home/vitaly/p/Prime-World/pw/branches/r1117/Src/PF_GameLogic/LuaScript.cpp:3379:1: note: in expansion of macro ‘START_LUA2CPP_FUNCTION_ARG1’
 3379 | START_LUA2CPP_FUNCTION_ARG1( LuaHeroGetPrime, const char* )
      | ^~~~~~~~~~~~~~~~~~~~~~~~~~~
/home/vitaly/p/Prime-World/pw/branches/r1117/Src/PF_GameLogic/LuaScript.cpp:481:3: error: pasting "AddScriptFunction___LINE___LuaHeroAddPrime" and "(" does not give a valid preprocessing token
  481 |   AddScriptFunction_##__LINE__##_##name##()                                                                                  \
      |   ^~~~~~~~~~~~~~~~~~
/home/vitaly/p/Prime-World/pw/branches/r1117/Src/PF_GameLogic/LuaScript.cpp:491:1: note: in expansion of macro ‘ADD_LUA2CPP_FUNCTION’
  491 | ADD_LUA2CPP_FUNCTION(name)                                                                                                   \
      | ^~~~~~~~~~~~~~~~~~~~
/home/vitaly/p/Prime-World/pw/branches/r1117/Src/PF_GameLogic/LuaScript.cpp:512:3: note: in expansion of macro ‘_START_LUA2CPP_FUNCTION_HEAD’
  512 |   _START_LUA2CPP_FUNCTION_HEAD( name, 2 )                                                                                    \
      |   ^~~~~~~~~~~~~~~~~~~~~~~~~~~~
/home/vitaly/p/Prime-World/pw/branches/r1117/Src/PF_GameLogic/LuaScript.cpp:3390:1: note: in expansion of macro ‘START_LUA2CPP_FUNCTION_ARG2’
 3390 | START_LUA2CPP_FUNCTION_ARG2( LuaHeroAddPrime, const char*, int )
      | ^~~~~~~~~~~~~~~~~~~~~~~~~~~
/home/vitaly/p/Prime-World/pw/branches/r1117/Src/PF_GameLogic/LuaScript.cpp:485:3: error: pasting "addScriptFunction___LINE___LuaHeroAddPrime" and ";" does not give a valid preprocessing token
  485 | } addScriptFunction_##__LINE__##_##name##;
      |   ^~~~~~~~~~~~~~~~~~
/home/vitaly/p/Prime-World/pw/branches/r1117/Src/PF_GameLogic/LuaScript.cpp:491:1: note: in expansion of macro ‘ADD_LUA2CPP_FUNCTION’
  491 | ADD_LUA2CPP_FUNCTION(name)                                                                                                   \
      | ^~~~~~~~~~~~~~~~~~~~
/home/vitaly/p/Prime-World/pw/branches/r1117/Src/PF_GameLogic/LuaScript.cpp:512:3: note: in expansion of macro ‘_START_LUA2CPP_FUNCTION_HEAD’
  512 |   _START_LUA2CPP_FUNCTION_HEAD( name, 2 )                                                                                    \
      |   ^~~~~~~~~~~~~~~~~~~~~~~~~~~~
/home/vitaly/p/Prime-World/pw/branches/r1117/Src/PF_GameLogic/LuaScript.cpp:3390:1: note: in expansion of macro ‘START_LUA2CPP_FUNCTION_ARG2’
 3390 | START_LUA2CPP_FUNCTION_ARG2( LuaHeroAddPrime, const char*, int )
      | ^~~~~~~~~~~~~~~~~~~~~~~~~~~
/home/vitaly/p/Prime-World/pw/branches/r1117/Src/PF_GameLogic/LuaScript.cpp:481:3: error: pasting "AddScriptFunction___LINE___LuaShowTalentBubble" and "(" does not give a valid preprocessing token
  481 |   AddScriptFunction_##__LINE__##_##name##()                                                                                  \
      |   ^~~~~~~~~~~~~~~~~~
/home/vitaly/p/Prime-World/pw/branches/r1117/Src/PF_GameLogic/LuaScript.cpp:491:1: note: in expansion of macro ‘ADD_LUA2CPP_FUNCTION’
  491 | ADD_LUA2CPP_FUNCTION(name)                                                                                                   \
      | ^~~~~~~~~~~~~~~~~~~~
/home/vitaly/p/Prime-World/pw/branches/r1117/Src/PF_GameLogic/LuaScript.cpp:542:3: note: in expansion of macro ‘_START_LUA2CPP_FUNCTION_HEAD’
  542 |   _START_LUA2CPP_FUNCTION_HEAD( name, 6 )                                                                                    \
      |   ^~~~~~~~~~~~~~~~~~~~~~~~~~~~
/home/vitaly/p/Prime-World/pw/branches/r1117/Src/PF_GameLogic/LuaScript.cpp:3401:1: note: in expansion of macro ‘START_LUA2CPP_FUNCTION_ARG6’
 3401 | START_LUA2CPP_FUNCTION_ARG6( LuaShowTalentBubble, int, int, bool, const char*, const char*, int )
      | ^~~~~~~~~~~~~~~~~~~~~~~~~~~
/home/vitaly/p/Prime-World/pw/branches/r1117/Src/PF_GameLogic/LuaScript.cpp:485:3: error: pasting "addScriptFunction___LINE___LuaShowTalentBubble" and ";" does not give a valid preprocessing token
  485 | } addScriptFunction_##__LINE__##_##name##;
      |   ^~~~~~~~~~~~~~~~~~
/home/vitaly/p/Prime-World/pw/branches/r1117/Src/PF_GameLogic/LuaScript.cpp:491:1: note: in expansion of macro ‘ADD_LUA2CPP_FUNCTION’
  491 | ADD_LUA2CPP_FUNCTION(name)                                                                                                   \
      | ^~~~~~~~~~~~~~~~~~~~
/home/vitaly/p/Prime-World/pw/branches/r1117/Src/PF_GameLogic/LuaScript.cpp:542:3: note: in expansion of macro ‘_START_LUA2CPP_FUNCTION_HEAD’
  542 |   _START_LUA2CPP_FUNCTION_HEAD( name, 6 )                                                                                    \
      |   ^~~~~~~~~~~~~~~~~~~~~~~~~~~~
/home/vitaly/p/Prime-World/pw/branches/r1117/Src/PF_GameLogic/LuaScript.cpp:3401:1: note: in expansion of macro ‘START_LUA2CPP_FUNCTION_ARG6’
 3401 | START_LUA2CPP_FUNCTION_ARG6( LuaShowTalentBubble, int, int, bool, const char*, const char*, int )
      | ^~~~~~~~~~~~~~~~~~~~~~~~~~~
/home/vitaly/p/Prime-World/pw/branches/r1117/Src/PF_GameLogic/LuaScript.cpp:481:3: error: pasting "AddScriptFunction___LINE___LuaShowActionBarButtonBubble" and "(" does not give a valid preprocessing token
  481 |   AddScriptFunction_##__LINE__##_##name##()                                                                                  \
      |   ^~~~~~~~~~~~~~~~~~
/home/vitaly/p/Prime-World/pw/branches/r1117/Src/PF_GameLogic/LuaScript.cpp:491:1: note: in expansion of macro ‘ADD_LUA2CPP_FUNCTION’
  491 | ADD_LUA2CPP_FUNCTION(name)                                                                                                   \
      | ^~~~~~~~~~~~~~~~~~~~
/home/vitaly/p/Prime-World/pw/branches/r1117/Src/PF_GameLogic/LuaScript.cpp:533:3: note: in expansion of macro ‘_START_LUA2CPP_FUNCTION_HEAD’
  533 |   _START_LUA2CPP_FUNCTION_HEAD( name, 5 )                                                                                    \
      |   ^~~~~~~~~~~~~~~~~~~~~~~~~~~~
/home/vitaly/p/Prime-World/pw/branches/r1117/Src/PF_GameLogic/LuaScript.cpp:3412:1: note: in expansion of macro ‘START_LUA2CPP_FUNCTION_ARG5’
 3412 | START_LUA2CPP_FUNCTION_ARG5( LuaShowActionBarButtonBubble, int, bool, const char*, const char*, int )
      | ^~~~~~~~~~~~~~~~~~~~~~~~~~~
/home/vitaly/p/Prime-World/pw/branches/r1117/Src/PF_GameLogic/LuaScript.cpp:485:3: error: pasting "addScriptFunction___LINE___LuaShowActionBarButtonBubble" and ";" does not give a valid preprocessing token
  485 | } addScriptFunction_##__LINE__##_##name##;
      |   ^~~~~~~~~~~~~~~~~~
/home/vitaly/p/Prime-World/pw/branches/r1117/Src/PF_GameLogic/LuaScript.cpp:491:1: note: in expansion of macro ‘ADD_LUA2CPP_FUNCTION’
  491 | ADD_LUA2CPP_FUNCTION(name)                                                                                                   \
      | ^~~~~~~~~~~~~~~~~~~~
/home/vitaly/p/Prime-World/pw/branches/r1117/Src/PF_GameLogic/LuaScript.cpp:533:3: note: in expansion of macro ‘_START_LUA2CPP_FUNCTION_HEAD’
  533 |   _START_LUA2CPP_FUNCTION_HEAD( name, 5 )                                                                                    \
      |   ^~~~~~~~~~~~~~~~~~~~~~~~~~~~
/home/vitaly/p/Prime-World/pw/branches/r1117/Src/PF_GameLogic/LuaScript.cpp:3412:1: note: in expansion of macro ‘START_LUA2CPP_FUNCTION_ARG5’
 3412 | START_LUA2CPP_FUNCTION_ARG5( LuaShowActionBarButtonBubble, int, bool, const char*, const char*, int )
      | ^~~~~~~~~~~~~~~~~~~~~~~~~~~
/home/vitaly/p/Prime-World/pw/branches/r1117/Src/PF_GameLogic/LuaScript.cpp:481:3: error: pasting "AddScriptFunction___LINE___LuaShowInventoryBarButtonBubble" and "(" does not give a valid preprocessing token
  481 |   AddScriptFunction_##__LINE__##_##name##()                                                                                  \
      |   ^~~~~~~~~~~~~~~~~~
/home/vitaly/p/Prime-World/pw/branches/r1117/Src/PF_GameLogic/LuaScript.cpp:491:1: note: in expansion of macro ‘ADD_LUA2CPP_FUNCTION’
  491 | ADD_LUA2CPP_FUNCTION(name)                                                                                                   \
      | ^~~~~~~~~~~~~~~~~~~~
/home/vitaly/p/Prime-World/pw/branches/r1117/Src/PF_GameLogic/LuaScript.cpp:533:3: note: in expansion of macro ‘_START_LUA2CPP_FUNCTION_HEAD’
  533 |   _START_LUA2CPP_FUNCTION_HEAD( name, 5 )                                                                                    \
      |   ^~~~~~~~~~~~~~~~~~~~~~~~~~~~
/home/vitaly/p/Prime-World/pw/branches/r1117/Src/PF_GameLogic/LuaScript.cpp:3423:1: note: in expansion of macro ‘START_LUA2CPP_FUNCTION_ARG5’
 3423 | START_LUA2CPP_FUNCTION_ARG5( LuaShowInventoryBarButtonBubble, int, bool, const char*, const char*, int )
      | ^~~~~~~~~~~~~~~~~~~~~~~~~~~
/home/vitaly/p/Prime-World/pw/branches/r1117/Src/PF_GameLogic/LuaScript.cpp:485:3: error: pasting "addScriptFunction___LINE___LuaShowInventoryBarButtonBubble" and ";" does not give a valid preprocessing token
  485 | } addScriptFunction_##__LINE__##_##name##;
      |   ^~~~~~~~~~~~~~~~~~
/home/vitaly/p/Prime-World/pw/branches/r1117/Src/PF_GameLogic/LuaScript.cpp:491:1: note: in expansion of macro ‘ADD_LUA2CPP_FUNCTION’
  491 | ADD_LUA2CPP_FUNCTION(name)                                                                                                   \
      | ^~~~~~~~~~~~~~~~~~~~
/home/vitaly/p/Prime-World/pw/branches/r1117/Src/PF_GameLogic/LuaScript.cpp:533:3: note: in expansion of macro ‘_START_LUA2CPP_FUNCTION_HEAD’
  533 |   _START_LUA2CPP_FUNCTION_HEAD( name, 5 )                                                                                    \
      |   ^~~~~~~~~~~~~~~~~~~~~~~~~~~~
/home/vitaly/p/Prime-World/pw/branches/r1117/Src/PF_GameLogic/LuaScript.cpp:3423:1: note: in expansion of macro ‘START_LUA2CPP_FUNCTION_ARG5’
 3423 | START_LUA2CPP_FUNCTION_ARG5( LuaShowInventoryBarButtonBubble, int, bool, const char*, const char*, int )
      | ^~~~~~~~~~~~~~~~~~~~~~~~~~~
/home/vitaly/p/Prime-World/pw/branches/r1117/Src/PF_GameLogic/LuaScript.cpp:481:3: error: pasting "AddScriptFunction___LINE___LuaShowShopBarButtonBubble" and "(" does not give a valid preprocessing token
  481 |   AddScriptFunction_##__LINE__##_##name##()                                                                                  \
      |   ^~~~~~~~~~~~~~~~~~
/home/vitaly/p/Prime-World/pw/branches/r1117/Src/PF_GameLogic/LuaScript.cpp:491:1: note: in expansion of macro ‘ADD_LUA2CPP_FUNCTION’
  491 | ADD_LUA2CPP_FUNCTION(name)                                                                                                   \
      | ^~~~~~~~~~~~~~~~~~~~
/home/vitaly/p/Prime-World/pw/branches/r1117/Src/PF_GameLogic/LuaScript.cpp:533:3: note: in expansion of macro ‘_START_LUA2CPP_FUNCTION_HEAD’
  533 |   _START_LUA2CPP_FUNCTION_HEAD( name, 5 )                                                                                    \
      |   ^~~~~~~~~~~~~~~~~~~~~~~~~~~~
/home/vitaly/p/Prime-World/pw/branches/r1117/Src/PF_GameLogic/LuaScript.cpp:3434:1: note: in expansion of macro ‘START_LUA2CPP_FUNCTION_ARG5’
 3434 | START_LUA2CPP_FUNCTION_ARG5( LuaShowShopBarButtonBubble, int, bool, const char*, const char*, int )
      | ^~~~~~~~~~~~~~~~~~~~~~~~~~~
/home/vitaly/p/Prime-World/pw/branches/r1117/Src/PF_GameLogic/LuaScript.cpp:485:3: error: pasting "addScriptFunction___LINE___LuaShowShopBarButtonBubble" and ";" does not give a valid preprocessing token
  485 | } addScriptFunction_##__LINE__##_##name##;
      |   ^~~~~~~~~~~~~~~~~~
/home/vitaly/p/Prime-World/pw/branches/r1117/Src/PF_GameLogic/LuaScript.cpp:491:1: note: in expansion of macro ‘ADD_LUA2CPP_FUNCTION’
  491 | ADD_LUA2CPP_FUNCTION(name)                                                                                                   \
      | ^~~~~~~~~~~~~~~~~~~~
/home/vitaly/p/Prime-World/pw/branches/r1117/Src/PF_GameLogic/LuaScript.cpp:533:3: note: in expansion of macro ‘_START_LUA2CPP_FUNCTION_HEAD’
  533 |   _START_LUA2CPP_FUNCTION_HEAD( name, 5 )                                                                                    \
      |   ^~~~~~~~~~~~~~~~~~~~~~~~~~~~
/home/vitaly/p/Prime-World/pw/branches/r1117/Src/PF_GameLogic/LuaScript.cpp:3434:1: note: in expansion of macro ‘START_LUA2CPP_FUNCTION_ARG5’
 3434 | START_LUA2CPP_FUNCTION_ARG5( LuaShowShopBarButtonBubble, int, bool, const char*, const char*, int )
      | ^~~~~~~~~~~~~~~~~~~~~~~~~~~
/home/vitaly/p/Prime-World/pw/branches/r1117/Src/PF_GameLogic/LuaScript.cpp:481:3: error: pasting "AddScriptFunction___LINE___LuaShowHeroBubble" and "(" does not give a valid preprocessing token
  481 |   AddScriptFunction_##__LINE__##_##name##()                                                                                  \
      |   ^~~~~~~~~~~~~~~~~~
/home/vitaly/p/Prime-World/pw/branches/r1117/Src/PF_GameLogic/LuaScript.cpp:491:1: note: in expansion of macro ‘ADD_LUA2CPP_FUNCTION’
  491 | ADD_LUA2CPP_FUNCTION(name)                                                                                                   \
      | ^~~~~~~~~~~~~~~~~~~~
/home/vitaly/p/Prime-World/pw/branches/r1117/Src/PF_GameLogic/LuaScript.cpp:533:3: note: in expansion of macro ‘_START_LUA2CPP_FUNCTION_HEAD’
  533 |   _START_LUA2CPP_FUNCTION_HEAD( name, 5 )                                                                                    \
      |   ^~~~~~~~~~~~~~~~~~~~~~~~~~~~
/home/vitaly/p/Prime-World/pw/branches/r1117/Src/PF_GameLogic/LuaScript.cpp:3445:1: note: in expansion of macro ‘START_LUA2CPP_FUNCTION_ARG5’
 3445 | START_LUA2CPP_FUNCTION_ARG5( LuaShowHeroBubble, const char*, bool, const char*, const char*, int )
      | ^~~~~~~~~~~~~~~~~~~~~~~~~~~
/home/vitaly/p/Prime-World/pw/branches/r1117/Src/PF_GameLogic/LuaScript.cpp:485:3: error: pasting "addScriptFunction___LINE___LuaShowHeroBubble" and ";" does not give a valid preprocessing token
  485 | } addScriptFunction_##__LINE__##_##name##;
      |   ^~~~~~~~~~~~~~~~~~
/home/vitaly/p/Prime-World/pw/branches/r1117/Src/PF_GameLogic/LuaScript.cpp:491:1: note: in expansion of macro ‘ADD_LUA2CPP_FUNCTION’
  491 | ADD_LUA2CPP_FUNCTION(name)                                                                                                   \
      | ^~~~~~~~~~~~~~~~~~~~
/home/vitaly/p/Prime-World/pw/branches/r1117/Src/PF_GameLogic/LuaScript.cpp:533:3: note: in expansion of macro ‘_START_LUA2CPP_FUNCTION_HEAD’
  533 |   _START_LUA2CPP_FUNCTION_HEAD( name, 5 )                                                                                    \
      |   ^~~~~~~~~~~~~~~~~~~~~~~~~~~~
/home/vitaly/p/Prime-World/pw/branches/r1117/Src/PF_GameLogic/LuaScript.cpp:3445:1: note: in expansion of macro ‘START_LUA2CPP_FUNCTION_ARG5’
 3445 | START_LUA2CPP_FUNCTION_ARG5( LuaShowHeroBubble, const char*, bool, const char*, const char*, int )
      | ^~~~~~~~~~~~~~~~~~~~~~~~~~~
/home/vitaly/p/Prime-World/pw/branches/r1117/Src/PF_GameLogic/LuaScript.cpp:481:3: error: pasting "AddScriptFunction___LINE___LuaShowBubble" and "(" does not give a valid preprocessing token
  481 |   AddScriptFunction_##__LINE__##_##name##()                                                                                  \
      |   ^~~~~~~~~~~~~~~~~~
/home/vitaly/p/Prime-World/pw/branches/r1117/Src/PF_GameLogic/LuaScript.cpp:491:1: note: in expansion of macro ‘ADD_LUA2CPP_FUNCTION’
  491 | ADD_LUA2CPP_FUNCTION(name)                                                                                                   \
      | ^~~~~~~~~~~~~~~~~~~~
/home/vitaly/p/Prime-World/pw/branches/r1117/Src/PF_GameLogic/LuaScript.cpp:533:3: note: in expansion of macro ‘_START_LUA2CPP_FUNCTION_HEAD’
  533 |   _START_LUA2CPP_FUNCTION_HEAD( name, 5 )                                                                                    \
      |   ^~~~~~~~~~~~~~~~~~~~~~~~~~~~
/home/vitaly/p/Prime-World/pw/branches/r1117/Src/PF_GameLogic/LuaScript.cpp:3459:1: note: in expansion of macro ‘START_LUA2CPP_FUNCTION_ARG5’
 3459 | START_LUA2CPP_FUNCTION_ARG5( LuaShowBubble, const char*, bool, const char*, const char*, int )
      | ^~~~~~~~~~~~~~~~~~~~~~~~~~~
/home/vitaly/p/Prime-World/pw/branches/r1117/Src/PF_GameLogic/LuaScript.cpp:485:3: error: pasting "addScriptFunction___LINE___LuaShowBubble" and ";" does not give a valid preprocessing token
  485 | } addScriptFunction_##__LINE__##_##name##;
      |   ^~~~~~~~~~~~~~~~~~
/home/vitaly/p/Prime-World/pw/branches/r1117/Src/PF_GameLogic/LuaScript.cpp:491:1: note: in expansion of macro ‘ADD_LUA2CPP_FUNCTION’
  491 | ADD_LUA2CPP_FUNCTION(name)                                                                                                   \
      | ^~~~~~~~~~~~~~~~~~~~
/home/vitaly/p/Prime-World/pw/branches/r1117/Src/PF_GameLogic/LuaScript.cpp:533:3: note: in expansion of macro ‘_START_LUA2CPP_FUNCTION_HEAD’
  533 |   _START_LUA2CPP_FUNCTION_HEAD( name, 5 )                                                                                    \
      |   ^~~~~~~~~~~~~~~~~~~~~~~~~~~~
/home/vitaly/p/Prime-World/pw/branches/r1117/Src/PF_GameLogic/LuaScript.cpp:3459:1: note: in expansion of macro ‘START_LUA2CPP_FUNCTION_ARG5’
 3459 | START_LUA2CPP_FUNCTION_ARG5( LuaShowBubble, const char*, bool, const char*, const char*, int )
      | ^~~~~~~~~~~~~~~~~~~~~~~~~~~
/home/vitaly/p/Prime-World/pw/branches/r1117/Src/PF_GameLogic/LuaScript.cpp:481:3: error: pasting "AddScriptFunction___LINE___LuaKillUnit" and "(" does not give a valid preprocessing token
  481 |   AddScriptFunction_##__LINE__##_##name##()                                                                                  \
      |   ^~~~~~~~~~~~~~~~~~
/home/vitaly/p/Prime-World/pw/branches/r1117/Src/PF_GameLogic/LuaScript.cpp:491:1: note: in expansion of macro ‘ADD_LUA2CPP_FUNCTION’
  491 | ADD_LUA2CPP_FUNCTION(name)                                                                                                   \
      | ^~~~~~~~~~~~~~~~~~~~
/home/vitaly/p/Prime-World/pw/branches/r1117/Src/PF_GameLogic/LuaScript.cpp:507:3: note: in expansion of macro ‘_START_LUA2CPP_FUNCTION_HEAD’
  507 |   _START_LUA2CPP_FUNCTION_HEAD( name, 1 )                                                                                    \
      |   ^~~~~~~~~~~~~~~~~~~~~~~~~~~~
/home/vitaly/p/Prime-World/pw/branches/r1117/Src/PF_GameLogic/LuaScript.cpp:3470:1: note: in expansion of macro ‘START_LUA2CPP_FUNCTION_ARG1’
 3470 | START_LUA2CPP_FUNCTION_ARG1( LuaKillUnit, LuaUnitIdParam )
      | ^~~~~~~~~~~~~~~~~~~~~~~~~~~
/home/vitaly/p/Prime-World/pw/branches/r1117/Src/PF_GameLogic/LuaScript.cpp:485:3: error: pasting "addScriptFunction___LINE___LuaKillUnit" and ";" does not give a valid preprocessing token
  485 | } addScriptFunction_##__LINE__##_##name##;
      |   ^~~~~~~~~~~~~~~~~~
/home/vitaly/p/Prime-World/pw/branches/r1117/Src/PF_GameLogic/LuaScript.cpp:491:1: note: in expansion of macro ‘ADD_LUA2CPP_FUNCTION’
  491 | ADD_LUA2CPP_FUNCTION(name)                                                                                                   \
      | ^~~~~~~~~~~~~~~~~~~~
/home/vitaly/p/Prime-World/pw/branches/r1117/Src/PF_GameLogic/LuaScript.cpp:507:3: note: in expansion of macro ‘_START_LUA2CPP_FUNCTION_HEAD’
  507 |   _START_LUA2CPP_FUNCTION_HEAD( name, 1 )                                                                                    \
      |   ^~~~~~~~~~~~~~~~~~~~~~~~~~~~
/home/vitaly/p/Prime-World/pw/branches/r1117/Src/PF_GameLogic/LuaScript.cpp:3470:1: note: in expansion of macro ‘START_LUA2CPP_FUNCTION_ARG1’
 3470 | START_LUA2CPP_FUNCTION_ARG1( LuaKillUnit, LuaUnitIdParam )
      | ^~~~~~~~~~~~~~~~~~~~~~~~~~~
/home/vitaly/p/Prime-World/pw/branches/r1117/Src/PF_GameLogic/LuaScript.cpp:481:3: error: pasting "AddScriptFunction___LINE___LuaIsWindowVisible" and "(" does not give a valid preprocessing token
  481 |   AddScriptFunction_##__LINE__##_##name##()                                                                                  \
      |   ^~~~~~~~~~~~~~~~~~
/home/vitaly/p/Prime-World/pw/branches/r1117/Src/PF_GameLogic/LuaScript.cpp:491:1: note: in expansion of macro ‘ADD_LUA2CPP_FUNCTION’
  491 | ADD_LUA2CPP_FUNCTION(name)                                                                                                   \
      | ^~~~~~~~~~~~~~~~~~~~
/home/vitaly/p/Prime-World/pw/branches/r1117/Src/PF_GameLogic/LuaScript.cpp:507:3: note: in expansion of macro ‘_START_LUA2CPP_FUNCTION_HEAD’
  507 |   _START_LUA2CPP_FUNCTION_HEAD( name, 1 )                                                                                    \
      |   ^~~~~~~~~~~~~~~~~~~~~~~~~~~~
/home/vitaly/p/Prime-World/pw/branches/r1117/Src/PF_GameLogic/LuaScript.cpp:3481:1: note: in expansion of macro ‘START_LUA2CPP_FUNCTION_ARG1’
 3481 | START_LUA2CPP_FUNCTION_ARG1( LuaIsWindowVisible, int )
      | ^~~~~~~~~~~~~~~~~~~~~~~~~~~
/home/vitaly/p/Prime-World/pw/branches/r1117/Src/PF_GameLogic/LuaScript.cpp:485:3: error: pasting "addScriptFunction___LINE___LuaIsWindowVisible" and ";" does not give a valid preprocessing token
  485 | } addScriptFunction_##__LINE__##_##name##;
      |   ^~~~~~~~~~~~~~~~~~
/home/vitaly/p/Prime-World/pw/branches/r1117/Src/PF_GameLogic/LuaScript.cpp:491:1: note: in expansion of macro ‘ADD_LUA2CPP_FUNCTION’
  491 | ADD_LUA2CPP_FUNCTION(name)                                                                                                   \
      | ^~~~~~~~~~~~~~~~~~~~
/home/vitaly/p/Prime-World/pw/branches/r1117/Src/PF_GameLogic/LuaScript.cpp:507:3: note: in expansion of macro ‘_START_LUA2CPP_FUNCTION_HEAD’
  507 |   _START_LUA2CPP_FUNCTION_HEAD( name, 1 )                                                                                    \
      |   ^~~~~~~~~~~~~~~~~~~~~~~~~~~~
/home/vitaly/p/Prime-World/pw/branches/r1117/Src/PF_GameLogic/LuaScript.cpp:3481:1: note: in expansion of macro ‘START_LUA2CPP_FUNCTION_ARG1’
 3481 | START_LUA2CPP_FUNCTION_ARG1( LuaIsWindowVisible, int )
      | ^~~~~~~~~~~~~~~~~~~~~~~~~~~
/home/vitaly/p/Prime-World/pw/branches/r1117/Src/PF_GameLogic/LuaScript.cpp:481:3: error: pasting "AddScriptFunction___LINE___LuaGetTalentActionBarIndex" and "(" does not give a valid preprocessing token
  481 |   AddScriptFunction_##__LINE__##_##name##()                                                                                  \
      |   ^~~~~~~~~~~~~~~~~~
/home/vitaly/p/Prime-World/pw/branches/r1117/Src/PF_GameLogic/LuaScript.cpp:491:1: note: in expansion of macro ‘ADD_LUA2CPP_FUNCTION’
  491 | ADD_LUA2CPP_FUNCTION(name)                                                                                                   \
      | ^~~~~~~~~~~~~~~~~~~~
/home/vitaly/p/Prime-World/pw/branches/r1117/Src/PF_GameLogic/LuaScript.cpp:512:3: note: in expansion of macro ‘_START_LUA2CPP_FUNCTION_HEAD’
  512 |   _START_LUA2CPP_FUNCTION_HEAD( name, 2 )                                                                                    \
      |   ^~~~~~~~~~~~~~~~~~~~~~~~~~~~
/home/vitaly/p/Prime-World/pw/branches/r1117/Src/PF_GameLogic/LuaScript.cpp:3493:1: note: in expansion of macro ‘START_LUA2CPP_FUNCTION_ARG2’
 3493 | START_LUA2CPP_FUNCTION_ARG2( LuaGetTalentActionBarIndex, int, int )
      | ^~~~~~~~~~~~~~~~~~~~~~~~~~~
/home/vitaly/p/Prime-World/pw/branches/r1117/Src/PF_GameLogic/LuaScript.cpp:485:3: error: pasting "addScriptFunction___LINE___LuaGetTalentActionBarIndex" and ";" does not give a valid preprocessing token
  485 | } addScriptFunction_##__LINE__##_##name##;
      |   ^~~~~~~~~~~~~~~~~~
/home/vitaly/p/Prime-World/pw/branches/r1117/Src/PF_GameLogic/LuaScript.cpp:491:1: note: in expansion of macro ‘ADD_LUA2CPP_FUNCTION’
  491 | ADD_LUA2CPP_FUNCTION(name)                                                                                                   \
      | ^~~~~~~~~~~~~~~~~~~~
/home/vitaly/p/Prime-World/pw/branches/r1117/Src/PF_GameLogic/LuaScript.cpp:512:3: note: in expansion of macro ‘_START_LUA2CPP_FUNCTION_HEAD’
  512 |   _START_LUA2CPP_FUNCTION_HEAD( name, 2 )                                                                                    \
      |   ^~~~~~~~~~~~~~~~~~~~~~~~~~~~
/home/vitaly/p/Prime-World/pw/branches/r1117/Src/PF_GameLogic/LuaScript.cpp:3493:1: note: in expansion of macro ‘START_LUA2CPP_FUNCTION_ARG2’
 3493 | START_LUA2CPP_FUNCTION_ARG2( LuaGetTalentActionBarIndex, int, int )
      | ^~~~~~~~~~~~~~~~~~~~~~~~~~~
/home/vitaly/p/Prime-World/pw/branches/r1117/Src/PF_GameLogic/LuaScript.cpp:481:3: error: pasting "AddScriptFunction___LINE___LuaGetInventoryItemActionBarIndex" and "(" does not give a valid preprocessing token
  481 |   AddScriptFunction_##__LINE__##_##name##()                                                                                  \
      |   ^~~~~~~~~~~~~~~~~~
/home/vitaly/p/Prime-World/pw/branches/r1117/Src/PF_GameLogic/LuaScript.cpp:491:1: note: in expansion of macro ‘ADD_LUA2CPP_FUNCTION’
  491 | ADD_LUA2CPP_FUNCTION(name)                                                                                                   \
      | ^~~~~~~~~~~~~~~~~~~~
/home/vitaly/p/Prime-World/pw/branches/r1117/Src/PF_GameLogic/LuaScript.cpp:507:3: note: in expansion of macro ‘_START_LUA2CPP_FUNCTION_HEAD’
  507 |   _START_LUA2CPP_FUNCTION_HEAD( name, 1 )                                                                                    \
      |   ^~~~~~~~~~~~~~~~~~~~~~~~~~~~
/home/vitaly/p/Prime-World/pw/branches/r1117/Src/PF_GameLogic/LuaScript.cpp:3505:1: note: in expansion of macro ‘START_LUA2CPP_FUNCTION_ARG1’
 3505 | START_LUA2CPP_FUNCTION_ARG1( LuaGetInventoryItemActionBarIndex, const char* )
      | ^~~~~~~~~~~~~~~~~~~~~~~~~~~
/home/vitaly/p/Prime-World/pw/branches/r1117/Src/PF_GameLogic/LuaScript.cpp:485:3: error: pasting "addScriptFunction___LINE___LuaGetInventoryItemActionBarIndex" and ";" does not give a valid preprocessing token
  485 | } addScriptFunction_##__LINE__##_##name##;
      |   ^~~~~~~~~~~~~~~~~~
/home/vitaly/p/Prime-World/pw/branches/r1117/Src/PF_GameLogic/LuaScript.cpp:491:1: note: in expansion of macro ‘ADD_LUA2CPP_FUNCTION’
  491 | ADD_LUA2CPP_FUNCTION(name)                                                                                                   \
      | ^~~~~~~~~~~~~~~~~~~~
/home/vitaly/p/Prime-World/pw/branches/r1117/Src/PF_GameLogic/LuaScript.cpp:507:3: note: in expansion of macro ‘_START_LUA2CPP_FUNCTION_HEAD’
  507 |   _START_LUA2CPP_FUNCTION_HEAD( name, 1 )                                                                                    \
      |   ^~~~~~~~~~~~~~~~~~~~~~~~~~~~
/home/vitaly/p/Prime-World/pw/branches/r1117/Src/PF_GameLogic/LuaScript.cpp:3505:1: note: in expansion of macro ‘START_LUA2CPP_FUNCTION_ARG1’
 3505 | START_LUA2CPP_FUNCTION_ARG1( LuaGetInventoryItemActionBarIndex, const char* )
      | ^~~~~~~~~~~~~~~~~~~~~~~~~~~
/home/vitaly/p/Prime-World/pw/branches/r1117/Src/PF_GameLogic/LuaScript.cpp:481:3: error: pasting "AddScriptFunction___LINE___LuaSetHeroRespawnParams" and "(" does not give a valid preprocessing token
  481 |   AddScriptFunction_##__LINE__##_##name##()                                                                                  \
      |   ^~~~~~~~~~~~~~~~~~
/home/vitaly/p/Prime-World/pw/branches/r1117/Src/PF_GameLogic/LuaScript.cpp:491:1: note: in expansion of macro ‘ADD_LUA2CPP_FUNCTION’
  491 | ADD_LUA2CPP_FUNCTION(name)                                                                                                   \
      | ^~~~~~~~~~~~~~~~~~~~
/home/vitaly/p/Prime-World/pw/branches/r1117/Src/PF_GameLogic/LuaScript.cpp:507:3: note: in expansion of macro ‘_START_LUA2CPP_FUNCTION_HEAD’
  507 |   _START_LUA2CPP_FUNCTION_HEAD( name, 1 )                                                                                    \
      |   ^~~~~~~~~~~~~~~~~~~~~~~~~~~~
/home/vitaly/p/Prime-World/pw/branches/r1117/Src/PF_GameLogic/LuaScript.cpp:3533:1: note: in expansion of macro ‘START_LUA2CPP_FUNCTION_ARG1’
 3533 | START_LUA2CPP_FUNCTION_ARG1( LuaSetHeroRespawnParams, const char* )
      | ^~~~~~~~~~~~~~~~~~~~~~~~~~~
/home/vitaly/p/Prime-World/pw/branches/r1117/Src/PF_GameLogic/LuaScript.cpp:485:3: error: pasting "addScriptFunction___LINE___LuaSetHeroRespawnParams" and ";" does not give a valid preprocessing token
  485 | } addScriptFunction_##__LINE__##_##name##;
      |   ^~~~~~~~~~~~~~~~~~
/home/vitaly/p/Prime-World/pw/branches/r1117/Src/PF_GameLogic/LuaScript.cpp:491:1: note: in expansion of macro ‘ADD_LUA2CPP_FUNCTION’
  491 | ADD_LUA2CPP_FUNCTION(name)                                                                                                   \
      | ^~~~~~~~~~~~~~~~~~~~
/home/vitaly/p/Prime-World/pw/branches/r1117/Src/PF_GameLogic/LuaScript.cpp:507:3: note: in expansion of macro ‘_START_LUA2CPP_FUNCTION_HEAD’
  507 |   _START_LUA2CPP_FUNCTION_HEAD( name, 1 )                                                                                    \
      |   ^~~~~~~~~~~~~~~~~~~~~~~~~~~~
/home/vitaly/p/Prime-World/pw/branches/r1117/Src/PF_GameLogic/LuaScript.cpp:3533:1: note: in expansion of macro ‘START_LUA2CPP_FUNCTION_ARG1’
 3533 | START_LUA2CPP_FUNCTION_ARG1( LuaSetHeroRespawnParams, const char* )
      | ^~~~~~~~~~~~~~~~~~~~~~~~~~~
/home/vitaly/p/Prime-World/pw/branches/r1117/Src/PF_GameLogic/LuaScript.cpp:481:3: error: pasting "AddScriptFunction___LINE___LuaSubscribeUnitEvent" and "(" does not give a valid preprocessing token
  481 |   AddScriptFunction_##__LINE__##_##name##()                                                                                  \
      |   ^~~~~~~~~~~~~~~~~~
/home/vitaly/p/Prime-World/pw/branches/r1117/Src/PF_GameLogic/LuaScript.cpp:491:1: note: in expansion of macro ‘ADD_LUA2CPP_FUNCTION’
  491 | ADD_LUA2CPP_FUNCTION(name)                                                                                                   \
      | ^~~~~~~~~~~~~~~~~~~~
/home/vitaly/p/Prime-World/pw/branches/r1117/Src/PF_GameLogic/LuaScript.cpp:518:3: note: in expansion of macro ‘_START_LUA2CPP_FUNCTION_HEAD’
  518 |   _START_LUA2CPP_FUNCTION_HEAD( name, 3 )                                                                                    \
      |   ^~~~~~~~~~~~~~~~~~~~~~~~~~~~
/home/vitaly/p/Prime-World/pw/branches/r1117/Src/PF_GameLogic/LuaScript.cpp:3552:1: note: in expansion of macro ‘START_LUA2CPP_FUNCTION_ARG3’
 3552 | START_LUA2CPP_FUNCTION_ARG3( LuaSubscribeUnitEvent, const char*, int, const char* )
      | ^~~~~~~~~~~~~~~~~~~~~~~~~~~
/home/vitaly/p/Prime-World/pw/branches/r1117/Src/PF_GameLogic/LuaScript.cpp:485:3: error: pasting "addScriptFunction___LINE___LuaSubscribeUnitEvent" and ";" does not give a valid preprocessing token
  485 | } addScriptFunction_##__LINE__##_##name##;
      |   ^~~~~~~~~~~~~~~~~~
/home/vitaly/p/Prime-World/pw/branches/r1117/Src/PF_GameLogic/LuaScript.cpp:491:1: note: in expansion of macro ‘ADD_LUA2CPP_FUNCTION’
  491 | ADD_LUA2CPP_FUNCTION(name)                                                                                                   \
      | ^~~~~~~~~~~~~~~~~~~~
/home/vitaly/p/Prime-World/pw/branches/r1117/Src/PF_GameLogic/LuaScript.cpp:518:3: note: in expansion of macro ‘_START_LUA2CPP_FUNCTION_HEAD’
  518 |   _START_LUA2CPP_FUNCTION_HEAD( name, 3 )                                                                                    \
      |   ^~~~~~~~~~~~~~~~~~~~~~~~~~~~
/home/vitaly/p/Prime-World/pw/branches/r1117/Src/PF_GameLogic/LuaScript.cpp:3552:1: note: in expansion of macro ‘START_LUA2CPP_FUNCTION_ARG3’
 3552 | START_LUA2CPP_FUNCTION_ARG3( LuaSubscribeUnitEvent, const char*, int, const char* )
      | ^~~~~~~~~~~~~~~~~~~~~~~~~~~
/home/vitaly/p/Prime-World/pw/branches/r1117/Src/PF_GameLogic/LuaScript.cpp:481:3: error: pasting "AddScriptFunction___LINE___LuaUnsubscribeUnitEvent" and "(" does not give a valid preprocessing token
  481 |   AddScriptFunction_##__LINE__##_##name##()                                                                                  \
      |   ^~~~~~~~~~~~~~~~~~
/home/vitaly/p/Prime-World/pw/branches/r1117/Src/PF_GameLogic/LuaScript.cpp:491:1: note: in expansion of macro ‘ADD_LUA2CPP_FUNCTION’
  491 | ADD_LUA2CPP_FUNCTION(name)                                                                                                   \
      | ^~~~~~~~~~~~~~~~~~~~
/home/vitaly/p/Prime-World/pw/branches/r1117/Src/PF_GameLogic/LuaScript.cpp:512:3: note: in expansion of macro ‘_START_LUA2CPP_FUNCTION_HEAD’
  512 |   _START_LUA2CPP_FUNCTION_HEAD( name, 2 )                                                                                    \
      |   ^~~~~~~~~~~~~~~~~~~~~~~~~~~~
/home/vitaly/p/Prime-World/pw/branches/r1117/Src/PF_GameLogic/LuaScript.cpp:3558:1: note: in expansion of macro ‘START_LUA2CPP_FUNCTION_ARG2’
 3558 | START_LUA2CPP_FUNCTION_ARG2( LuaUnsubscribeUnitEvent, const char*, int )
      | ^~~~~~~~~~~~~~~~~~~~~~~~~~~
/home/vitaly/p/Prime-World/pw/branches/r1117/Src/PF_GameLogic/LuaScript.cpp:485:3: error: pasting "addScriptFunction___LINE___LuaUnsubscribeUnitEvent" and ";" does not give a valid preprocessing token
  485 | } addScriptFunction_##__LINE__##_##name##;
      |   ^~~~~~~~~~~~~~~~~~
/home/vitaly/p/Prime-World/pw/branches/r1117/Src/PF_GameLogic/LuaScript.cpp:491:1: note: in expansion of macro ‘ADD_LUA2CPP_FUNCTION’
  491 | ADD_LUA2CPP_FUNCTION(name)                                                                                                   \
      | ^~~~~~~~~~~~~~~~~~~~
/home/vitaly/p/Prime-World/pw/branches/r1117/Src/PF_GameLogic/LuaScript.cpp:512:3: note: in expansion of macro ‘_START_LUA2CPP_FUNCTION_HEAD’
  512 |   _START_LUA2CPP_FUNCTION_HEAD( name, 2 )                                                                                    \
      |   ^~~~~~~~~~~~~~~~~~~~~~~~~~~~
/home/vitaly/p/Prime-World/pw/branches/r1117/Src/PF_GameLogic/LuaScript.cpp:3558:1: note: in expansion of macro ‘START_LUA2CPP_FUNCTION_ARG2’
 3558 | START_LUA2CPP_FUNCTION_ARG2( LuaUnsubscribeUnitEvent, const char*, int )
      | ^~~~~~~~~~~~~~~~~~~~~~~~~~~
/home/vitaly/p/Prime-World/pw/branches/r1117/Src/PF_GameLogic/LuaScript.cpp:481:3: error: pasting "AddScriptFunction___LINE___LuaApplyPassiveAbility" and "(" does not give a valid preprocessing token
  481 |   AddScriptFunction_##__LINE__##_##name##()                                                                                  \
      |   ^~~~~~~~~~~~~~~~~~
/home/vitaly/p/Prime-World/pw/branches/r1117/Src/PF_GameLogic/LuaScript.cpp:491:1: note: in expansion of macro ‘ADD_LUA2CPP_FUNCTION’
  491 | ADD_LUA2CPP_FUNCTION(name)                                                                                                   \
      | ^~~~~~~~~~~~~~~~~~~~
/home/vitaly/p/Prime-World/pw/branches/r1117/Src/PF_GameLogic/LuaScript.cpp:512:3: note: in expansion of macro ‘_START_LUA2CPP_FUNCTION_HEAD’
  512 |   _START_LUA2CPP_FUNCTION_HEAD( name, 2 )                                                                                    \
      |   ^~~~~~~~~~~~~~~~~~~~~~~~~~~~
/home/vitaly/p/Prime-World/pw/branches/r1117/Src/PF_GameLogic/LuaScript.cpp:3565:1: note: in expansion of macro ‘START_LUA2CPP_FUNCTION_ARG2’
 3565 | START_LUA2CPP_FUNCTION_ARG2( LuaApplyPassiveAbility, const char*, const char* )
      | ^~~~~~~~~~~~~~~~~~~~~~~~~~~
/home/vitaly/p/Prime-World/pw/branches/r1117/Src/PF_GameLogic/LuaScript.cpp:485:3: error: pasting "addScriptFunction___LINE___LuaApplyPassiveAbility" and ";" does not give a valid preprocessing token
  485 | } addScriptFunction_##__LINE__##_##name##;
      |   ^~~~~~~~~~~~~~~~~~
/home/vitaly/p/Prime-World/pw/branches/r1117/Src/PF_GameLogic/LuaScript.cpp:491:1: note: in expansion of macro ‘ADD_LUA2CPP_FUNCTION’
  491 | ADD_LUA2CPP_FUNCTION(name)                                                                                                   \
      | ^~~~~~~~~~~~~~~~~~~~
/home/vitaly/p/Prime-World/pw/branches/r1117/Src/PF_GameLogic/LuaScript.cpp:512:3: note: in expansion of macro ‘_START_LUA2CPP_FUNCTION_HEAD’
  512 |   _START_LUA2CPP_FUNCTION_HEAD( name, 2 )                                                                                    \
      |   ^~~~~~~~~~~~~~~~~~~~~~~~~~~~
/home/vitaly/p/Prime-World/pw/branches/r1117/Src/PF_GameLogic/LuaScript.cpp:3565:1: note: in expansion of macro ‘START_LUA2CPP_FUNCTION_ARG2’
 3565 | START_LUA2CPP_FUNCTION_ARG2( LuaApplyPassiveAbility, const char*, const char* )
      | ^~~~~~~~~~~~~~~~~~~~~~~~~~~
/home/vitaly/p/Prime-World/pw/branches/r1117/Src/PF_GameLogic/LuaScript.cpp:481:3: error: pasting "AddScriptFunction___LINE___LuaRemovePassiveAbility" and "(" does not give a valid preprocessing token
  481 |   AddScriptFunction_##__LINE__##_##name##()                                                                                  \
      |   ^~~~~~~~~~~~~~~~~~
/home/vitaly/p/Prime-World/pw/branches/r1117/Src/PF_GameLogic/LuaScript.cpp:491:1: note: in expansion of macro ‘ADD_LUA2CPP_FUNCTION’
  491 | ADD_LUA2CPP_FUNCTION(name)                                                                                                   \
      | ^~~~~~~~~~~~~~~~~~~~
/home/vitaly/p/Prime-World/pw/branches/r1117/Src/PF_GameLogic/LuaScript.cpp:512:3: note: in expansion of macro ‘_START_LUA2CPP_FUNCTION_HEAD’
  512 |   _START_LUA2CPP_FUNCTION_HEAD( name, 2 )                                                                                    \
      |   ^~~~~~~~~~~~~~~~~~~~~~~~~~~~
/home/vitaly/p/Prime-World/pw/branches/r1117/Src/PF_GameLogic/LuaScript.cpp:3581:1: note: in expansion of macro ‘START_LUA2CPP_FUNCTION_ARG2’
 3581 | START_LUA2CPP_FUNCTION_ARG2( LuaRemovePassiveAbility, const char*, int )
      | ^~~~~~~~~~~~~~~~~~~~~~~~~~~
/home/vitaly/p/Prime-World/pw/branches/r1117/Src/PF_GameLogic/LuaScript.cpp:485:3: error: pasting "addScriptFunction___LINE___LuaRemovePassiveAbility" and ";" does not give a valid preprocessing token
  485 | } addScriptFunction_##__LINE__##_##name##;
      |   ^~~~~~~~~~~~~~~~~~
/home/vitaly/p/Prime-World/pw/branches/r1117/Src/PF_GameLogic/LuaScript.cpp:491:1: note: in expansion of macro ‘ADD_LUA2CPP_FUNCTION’
  491 | ADD_LUA2CPP_FUNCTION(name)                                                                                                   \
      | ^~~~~~~~~~~~~~~~~~~~
/home/vitaly/p/Prime-World/pw/branches/r1117/Src/PF_GameLogic/LuaScript.cpp:512:3: note: in expansion of macro ‘_START_LUA2CPP_FUNCTION_HEAD’
  512 |   _START_LUA2CPP_FUNCTION_HEAD( name, 2 )                                                                                    \
      |   ^~~~~~~~~~~~~~~~~~~~~~~~~~~~
/home/vitaly/p/Prime-World/pw/branches/r1117/Src/PF_GameLogic/LuaScript.cpp:3581:1: note: in expansion of macro ‘START_LUA2CPP_FUNCTION_ARG2’
 3581 | START_LUA2CPP_FUNCTION_ARG2( LuaRemovePassiveAbility, const char*, int )
      | ^~~~~~~~~~~~~~~~~~~~~~~~~~~
/home/vitaly/p/Prime-World/pw/branches/r1117/Src/PF_GameLogic/LuaScript.cpp:481:3: error: pasting "AddScriptFunction___LINE___LuaUnitInvokeItsAbility" and "(" does not give a valid preprocessing token
  481 |   AddScriptFunction_##__LINE__##_##name##()                                                                                  \
      |   ^~~~~~~~~~~~~~~~~~
/home/vitaly/p/Prime-World/pw/branches/r1117/Src/PF_GameLogic/LuaScript.cpp:491:1: note: in expansion of macro ‘ADD_LUA2CPP_FUNCTION’
  491 | ADD_LUA2CPP_FUNCTION(name)                                                                                                   \
      | ^~~~~~~~~~~~~~~~~~~~
/home/vitaly/p/Prime-World/pw/branches/r1117/Src/PF_GameLogic/LuaScript.cpp:518:3: note: in expansion of macro ‘_START_LUA2CPP_FUNCTION_HEAD’
  518 |   _START_LUA2CPP_FUNCTION_HEAD( name, 3 )                                                                                    \
      |   ^~~~~~~~~~~~~~~~~~~~~~~~~~~~
/home/vitaly/p/Prime-World/pw/branches/r1117/Src/PF_GameLogic/LuaScript.cpp:3597:1: note: in expansion of macro ‘START_LUA2CPP_FUNCTION_ARG3’
 3597 | START_LUA2CPP_FUNCTION_ARG3( LuaUnitInvokeItsAbility, const char*, int, const char* )
      | ^~~~~~~~~~~~~~~~~~~~~~~~~~~
/home/vitaly/p/Prime-World/pw/branches/r1117/Src/PF_GameLogic/LuaScript.cpp:485:3: error: pasting "addScriptFunction___LINE___LuaUnitInvokeItsAbility" and ";" does not give a valid preprocessing token
  485 | } addScriptFunction_##__LINE__##_##name##;
      |   ^~~~~~~~~~~~~~~~~~
/home/vitaly/p/Prime-World/pw/branches/r1117/Src/PF_GameLogic/LuaScript.cpp:491:1: note: in expansion of macro ‘ADD_LUA2CPP_FUNCTION’
  491 | ADD_LUA2CPP_FUNCTION(name)                                                                                                   \
      | ^~~~~~~~~~~~~~~~~~~~
/home/vitaly/p/Prime-World/pw/branches/r1117/Src/PF_GameLogic/LuaScript.cpp:518:3: note: in expansion of macro ‘_START_LUA2CPP_FUNCTION_HEAD’
  518 |   _START_LUA2CPP_FUNCTION_HEAD( name, 3 )                                                                                    \
      |   ^~~~~~~~~~~~~~~~~~~~~~~~~~~~
/home/vitaly/p/Prime-World/pw/branches/r1117/Src/PF_GameLogic/LuaScript.cpp:3597:1: note: in expansion of macro ‘START_LUA2CPP_FUNCTION_ARG3’
 3597 | START_LUA2CPP_FUNCTION_ARG3( LuaUnitInvokeItsAbility, const char*, int, const char* )
      | ^~~~~~~~~~~~~~~~~~~~~~~~~~~
/home/vitaly/p/Prime-World/pw/branches/r1117/Src/PF_GameLogic/LuaScript.cpp:481:3: error: pasting "AddScriptFunction___LINE___LuaChangeNatureMap" and "(" does not give a valid preprocessing token
  481 |   AddScriptFunction_##__LINE__##_##name##()                                                                                  \
      |   ^~~~~~~~~~~~~~~~~~
/home/vitaly/p/Prime-World/pw/branches/r1117/Src/PF_GameLogic/LuaScript.cpp:491:1: note: in expansion of macro ‘ADD_LUA2CPP_FUNCTION’
  491 | ADD_LUA2CPP_FUNCTION(name)                                                                                                   \
      | ^~~~~~~~~~~~~~~~~~~~
/home/vitaly/p/Prime-World/pw/branches/r1117/Src/PF_GameLogic/LuaScript.cpp:518:3: note: in expansion of macro ‘_START_LUA2CPP_FUNCTION_HEAD’
  518 |   _START_LUA2CPP_FUNCTION_HEAD( name, 3 )                                                                                    \
      |   ^~~~~~~~~~~~~~~~~~~~~~~~~~~~
/home/vitaly/p/Prime-World/pw/branches/r1117/Src/PF_GameLogic/LuaScript.cpp:3615:1: note: in expansion of macro ‘START_LUA2CPP_FUNCTION_ARG3’
 3615 | START_LUA2CPP_FUNCTION_ARG3( LuaChangeNatureMap, const char*, int, int )
      | ^~~~~~~~~~~~~~~~~~~~~~~~~~~
/home/vitaly/p/Prime-World/pw/branches/r1117/Src/PF_GameLogic/LuaScript.cpp:485:3: error: pasting "addScriptFunction___LINE___LuaChangeNatureMap" and ";" does not give a valid preprocessing token
  485 | } addScriptFunction_##__LINE__##_##name##;
      |   ^~~~~~~~~~~~~~~~~~
/home/vitaly/p/Prime-World/pw/branches/r1117/Src/PF_GameLogic/LuaScript.cpp:491:1: note: in expansion of macro ‘ADD_LUA2CPP_FUNCTION’
  491 | ADD_LUA2CPP_FUNCTION(name)                                                                                                   \
      | ^~~~~~~~~~~~~~~~~~~~
/home/vitaly/p/Prime-World/pw/branches/r1117/Src/PF_GameLogic/LuaScript.cpp:518:3: note: in expansion of macro ‘_START_LUA2CPP_FUNCTION_HEAD’
  518 |   _START_LUA2CPP_FUNCTION_HEAD( name, 3 )                                                                                    \
      |   ^~~~~~~~~~~~~~~~~~~~~~~~~~~~
/home/vitaly/p/Prime-World/pw/branches/r1117/Src/PF_GameLogic/LuaScript.cpp:3615:1: note: in expansion of macro ‘START_LUA2CPP_FUNCTION_ARG3’
 3615 | START_LUA2CPP_FUNCTION_ARG3( LuaChangeNatureMap, const char*, int, int )
      | ^~~~~~~~~~~~~~~~~~~~~~~~~~~
/home/vitaly/p/Prime-World/pw/branches/r1117/Src/PF_GameLogic/LuaScript.cpp:481:3: error: pasting "AddScriptFunction___LINE___LuaChangeNatureMapXY" and "(" does not give a valid preprocessing token
  481 |   AddScriptFunction_##__LINE__##_##name##()                                                                                  \
      |   ^~~~~~~~~~~~~~~~~~
/home/vitaly/p/Prime-World/pw/branches/r1117/Src/PF_GameLogic/LuaScript.cpp:491:1: note: in expansion of macro ‘ADD_LUA2CPP_FUNCTION’
  491 | ADD_LUA2CPP_FUNCTION(name)                                                                                                   \
      | ^~~~~~~~~~~~~~~~~~~~
/home/vitaly/p/Prime-World/pw/branches/r1117/Src/PF_GameLogic/LuaScript.cpp:533:3: note: in expansion of macro ‘_START_LUA2CPP_FUNCTION_HEAD’
  533 |   _START_LUA2CPP_FUNCTION_HEAD( name, 5 )                                                                                    \
      |   ^~~~~~~~~~~~~~~~~~~~~~~~~~~~
/home/vitaly/p/Prime-World/pw/branches/r1117/Src/PF_GameLogic/LuaScript.cpp:3627:1: note: in expansion of macro ‘START_LUA2CPP_FUNCTION_ARG5’
 3627 | START_LUA2CPP_FUNCTION_ARG5( LuaChangeNatureMapXY, float, float, float, int, int )
      | ^~~~~~~~~~~~~~~~~~~~~~~~~~~
/home/vitaly/p/Prime-World/pw/branches/r1117/Src/PF_GameLogic/LuaScript.cpp:485:3: error: pasting "addScriptFunction___LINE___LuaChangeNatureMapXY" and ";" does not give a valid preprocessing token
  485 | } addScriptFunction_##__LINE__##_##name##;
      |   ^~~~~~~~~~~~~~~~~~
/home/vitaly/p/Prime-World/pw/branches/r1117/Src/PF_GameLogic/LuaScript.cpp:491:1: note: in expansion of macro ‘ADD_LUA2CPP_FUNCTION’
  491 | ADD_LUA2CPP_FUNCTION(name)                                                                                                   \
      | ^~~~~~~~~~~~~~~~~~~~
/home/vitaly/p/Prime-World/pw/branches/r1117/Src/PF_GameLogic/LuaScript.cpp:533:3: note: in expansion of macro ‘_START_LUA2CPP_FUNCTION_HEAD’
  533 |   _START_LUA2CPP_FUNCTION_HEAD( name, 5 )                                                                                    \
      |   ^~~~~~~~~~~~~~~~~~~~~~~~~~~~
/home/vitaly/p/Prime-World/pw/branches/r1117/Src/PF_GameLogic/LuaScript.cpp:3627:1: note: in expansion of macro ‘START_LUA2CPP_FUNCTION_ARG5’
 3627 | START_LUA2CPP_FUNCTION_ARG5( LuaChangeNatureMapXY, float, float, float, int, int )
      | ^~~~~~~~~~~~~~~~~~~~~~~~~~~
/home/vitaly/p/Prime-World/pw/branches/r1117/Src/PF_GameLogic/LuaScript.cpp:481:3: error: pasting "AddScriptFunction___LINE___LuaChangeNatureMapPolyArea" and "(" does not give a valid preprocessing token
  481 |   AddScriptFunction_##__LINE__##_##name##()                                                                                  \
      |   ^~~~~~~~~~~~~~~~~~
/home/vitaly/p/Prime-World/pw/branches/r1117/Src/PF_GameLogic/LuaScript.cpp:491:1: note: in expansion of macro ‘ADD_LUA2CPP_FUNCTION’
  491 | ADD_LUA2CPP_FUNCTION(name)                                                                                                   \
      | ^~~~~~~~~~~~~~~~~~~~
/home/vitaly/p/Prime-World/pw/branches/r1117/Src/PF_GameLogic/LuaScript.cpp:525:3: note: in expansion of macro ‘_START_LUA2CPP_FUNCTION_HEAD’
  525 |   _START_LUA2CPP_FUNCTION_HEAD( name, 4 )                                                                                    \
      |   ^~~~~~~~~~~~~~~~~~~~~~~~~~~~
/home/vitaly/p/Prime-World/pw/branches/r1117/Src/PF_GameLogic/LuaScript.cpp:3637:1: note: in expansion of macro ‘START_LUA2CPP_FUNCTION_ARG4’
 3637 | START_LUA2CPP_FUNCTION_ARG4( LuaChangeNatureMapPolyArea, const char*, const char*, int, int )
      | ^~~~~~~~~~~~~~~~~~~~~~~~~~~
/home/vitaly/p/Prime-World/pw/branches/r1117/Src/PF_GameLogic/LuaScript.cpp:485:3: error: pasting "addScriptFunction___LINE___LuaChangeNatureMapPolyArea" and ";" does not give a valid preprocessing token
  485 | } addScriptFunction_##__LINE__##_##name##;
      |   ^~~~~~~~~~~~~~~~~~
/home/vitaly/p/Prime-World/pw/branches/r1117/Src/PF_GameLogic/LuaScript.cpp:491:1: note: in expansion of macro ‘ADD_LUA2CPP_FUNCTION’
  491 | ADD_LUA2CPP_FUNCTION(name)                                                                                                   \
      | ^~~~~~~~~~~~~~~~~~~~
/home/vitaly/p/Prime-World/pw/branches/r1117/Src/PF_GameLogic/LuaScript.cpp:525:3: note: in expansion of macro ‘_START_LUA2CPP_FUNCTION_HEAD’
  525 |   _START_LUA2CPP_FUNCTION_HEAD( name, 4 )                                                                                    \
      |   ^~~~~~~~~~~~~~~~~~~~~~~~~~~~
/home/vitaly/p/Prime-World/pw/branches/r1117/Src/PF_GameLogic/LuaScript.cpp:3637:1: note: in expansion of macro ‘START_LUA2CPP_FUNCTION_ARG4’
 3637 | START_LUA2CPP_FUNCTION_ARG4( LuaChangeNatureMapPolyArea, const char*, const char*, int, int )
      | ^~~~~~~~~~~~~~~~~~~~~~~~~~~
/home/vitaly/p/Prime-World/pw/branches/r1117/Src/PF_GameLogic/LuaScript.cpp:481:3: error: pasting "AddScriptFunction___LINE___LuaSetHeroProgress" and "(" does not give a valid preprocessing token
  481 |   AddScriptFunction_##__LINE__##_##name##()                                                                                  \
      |   ^~~~~~~~~~~~~~~~~~
/home/vitaly/p/Prime-World/pw/branches/r1117/Src/PF_GameLogic/LuaScript.cpp:491:1: note: in expansion of macro ‘ADD_LUA2CPP_FUNCTION’
  491 | ADD_LUA2CPP_FUNCTION(name)                                                                                                   \
      | ^~~~~~~~~~~~~~~~~~~~
/home/vitaly/p/Prime-World/pw/branches/r1117/Src/PF_GameLogic/LuaScript.cpp:512:3: note: in expansion of macro ‘_START_LUA2CPP_FUNCTION_HEAD’
  512 |   _START_LUA2CPP_FUNCTION_HEAD( name, 2 )                                                                                    \
      |   ^~~~~~~~~~~~~~~~~~~~~~~~~~~~
/home/vitaly/p/Prime-World/pw/branches/r1117/Src/PF_GameLogic/LuaScript.cpp:3671:1: note: in expansion of macro ‘START_LUA2CPP_FUNCTION_ARG2’
 3671 | START_LUA2CPP_FUNCTION_ARG2( LuaSetHeroProgress, const char*, float )
      | ^~~~~~~~~~~~~~~~~~~~~~~~~~~
/home/vitaly/p/Prime-World/pw/branches/r1117/Src/PF_GameLogic/LuaScript.cpp:485:3: error: pasting "addScriptFunction___LINE___LuaSetHeroProgress" and ";" does not give a valid preprocessing token
  485 | } addScriptFunction_##__LINE__##_##name##;
      |   ^~~~~~~~~~~~~~~~~~
/home/vitaly/p/Prime-World/pw/branches/r1117/Src/PF_GameLogic/LuaScript.cpp:491:1: note: in expansion of macro ‘ADD_LUA2CPP_FUNCTION’
  491 | ADD_LUA2CPP_FUNCTION(name)                                                                                                   \
      | ^~~~~~~~~~~~~~~~~~~~
/home/vitaly/p/Prime-World/pw/branches/r1117/Src/PF_GameLogic/LuaScript.cpp:512:3: note: in expansion of macro ‘_START_LUA2CPP_FUNCTION_HEAD’
  512 |   _START_LUA2CPP_FUNCTION_HEAD( name, 2 )                                                                                    \
      |   ^~~~~~~~~~~~~~~~~~~~~~~~~~~~
/home/vitaly/p/Prime-World/pw/branches/r1117/Src/PF_GameLogic/LuaScript.cpp:3671:1: note: in expansion of macro ‘START_LUA2CPP_FUNCTION_ARG2’
 3671 | START_LUA2CPP_FUNCTION_ARG2( LuaSetHeroProgress, const char*, float )
      | ^~~~~~~~~~~~~~~~~~~~~~~~~~~
/home/vitaly/p/Prime-World/pw/branches/r1117/Src/PF_GameLogic/LuaScript.cpp:481:3: error: pasting "AddScriptFunction___LINE___LuaSetCreepFaction" and "(" does not give a valid preprocessing token
  481 |   AddScriptFunction_##__LINE__##_##name##()                                                                                  \
      |   ^~~~~~~~~~~~~~~~~~
/home/vitaly/p/Prime-World/pw/branches/r1117/Src/PF_GameLogic/LuaScript.cpp:491:1: note: in expansion of macro ‘ADD_LUA2CPP_FUNCTION’
  491 | ADD_LUA2CPP_FUNCTION(name)                                                                                                   \
      | ^~~~~~~~~~~~~~~~~~~~
/home/vitaly/p/Prime-World/pw/branches/r1117/Src/PF_GameLogic/LuaScript.cpp:512:3: note: in expansion of macro ‘_START_LUA2CPP_FUNCTION_HEAD’
  512 |   _START_LUA2CPP_FUNCTION_HEAD( name, 2 )                                                                                    \
      |   ^~~~~~~~~~~~~~~~~~~~~~~~~~~~
/home/vitaly/p/Prime-World/pw/branches/r1117/Src/PF_GameLogic/LuaScript.cpp:3682:1: note: in expansion of macro ‘START_LUA2CPP_FUNCTION_ARG2’
 3682 | START_LUA2CPP_FUNCTION_ARG2( LuaSetCreepFaction, const char*, int )
      | ^~~~~~~~~~~~~~~~~~~~~~~~~~~
/home/vitaly/p/Prime-World/pw/branches/r1117/Src/PF_GameLogic/LuaScript.cpp:485:3: error: pasting "addScriptFunction___LINE___LuaSetCreepFaction" and ";" does not give a valid preprocessing token
  485 | } addScriptFunction_##__LINE__##_##name##;
      |   ^~~~~~~~~~~~~~~~~~
/home/vitaly/p/Prime-World/pw/branches/r1117/Src/PF_GameLogic/LuaScript.cpp:491:1: note: in expansion of macro ‘ADD_LUA2CPP_FUNCTION’
  491 | ADD_LUA2CPP_FUNCTION(name)                                                                                                   \
      | ^~~~~~~~~~~~~~~~~~~~
/home/vitaly/p/Prime-World/pw/branches/r1117/Src/PF_GameLogic/LuaScript.cpp:512:3: note: in expansion of macro ‘_START_LUA2CPP_FUNCTION_HEAD’
  512 |   _START_LUA2CPP_FUNCTION_HEAD( name, 2 )                                                                                    \
      |   ^~~~~~~~~~~~~~~~~~~~~~~~~~~~
/home/vitaly/p/Prime-World/pw/branches/r1117/Src/PF_GameLogic/LuaScript.cpp:3682:1: note: in expansion of macro ‘START_LUA2CPP_FUNCTION_ARG2’
 3682 | START_LUA2CPP_FUNCTION_ARG2( LuaSetCreepFaction, const char*, int )
      | ^~~~~~~~~~~~~~~~~~~~~~~~~~~
/home/vitaly/p/Prime-World/pw/branches/r1117/Src/PF_GameLogic/LuaScript.cpp:481:3: error: pasting "AddScriptFunction___LINE___LuaSetCreepWarfogFaction" and "(" does not give a valid preprocessing token
  481 |   AddScriptFunction_##__LINE__##_##name##()                                                                                  \
      |   ^~~~~~~~~~~~~~~~~~
/home/vitaly/p/Prime-World/pw/branches/r1117/Src/PF_GameLogic/LuaScript.cpp:491:1: note: in expansion of macro ‘ADD_LUA2CPP_FUNCTION’
  491 | ADD_LUA2CPP_FUNCTION(name)                                                                                                   \
      | ^~~~~~~~~~~~~~~~~~~~
/home/vitaly/p/Prime-World/pw/branches/r1117/Src/PF_GameLogic/LuaScript.cpp:512:3: note: in expansion of macro ‘_START_LUA2CPP_FUNCTION_HEAD’
  512 |   _START_LUA2CPP_FUNCTION_HEAD( name, 2 )                                                                                    \
      |   ^~~~~~~~~~~~~~~~~~~~~~~~~~~~
/home/vitaly/p/Prime-World/pw/branches/r1117/Src/PF_GameLogic/LuaScript.cpp:3694:1: note: in expansion of macro ‘START_LUA2CPP_FUNCTION_ARG2’
 3694 | START_LUA2CPP_FUNCTION_ARG2( LuaSetCreepWarfogFaction, const char*, int )
      | ^~~~~~~~~~~~~~~~~~~~~~~~~~~
/home/vitaly/p/Prime-World/pw/branches/r1117/Src/PF_GameLogic/LuaScript.cpp:485:3: error: pasting "addScriptFunction___LINE___LuaSetCreepWarfogFaction" and ";" does not give a valid preprocessing token
  485 | } addScriptFunction_##__LINE__##_##name##;
      |   ^~~~~~~~~~~~~~~~~~
/home/vitaly/p/Prime-World/pw/branches/r1117/Src/PF_GameLogic/LuaScript.cpp:491:1: note: in expansion of macro ‘ADD_LUA2CPP_FUNCTION’
  491 | ADD_LUA2CPP_FUNCTION(name)                                                                                                   \
      | ^~~~~~~~~~~~~~~~~~~~
/home/vitaly/p/Prime-World/pw/branches/r1117/Src/PF_GameLogic/LuaScript.cpp:512:3: note: in expansion of macro ‘_START_LUA2CPP_FUNCTION_HEAD’
  512 |   _START_LUA2CPP_FUNCTION_HEAD( name, 2 )                                                                                    \
      |   ^~~~~~~~~~~~~~~~~~~~~~~~~~~~
/home/vitaly/p/Prime-World/pw/branches/r1117/Src/PF_GameLogic/LuaScript.cpp:3694:1: note: in expansion of macro ‘START_LUA2CPP_FUNCTION_ARG2’
 3694 | START_LUA2CPP_FUNCTION_ARG2( LuaSetCreepWarfogFaction, const char*, int )
      | ^~~~~~~~~~~~~~~~~~~~~~~~~~~
/home/vitaly/p/Prime-World/pw/branches/r1117/Src/PF_GameLogic/LuaScript.cpp:481:3: error: pasting "AddScriptFunction___LINE___LuaGetUnitFaction" and "(" does not give a valid preprocessing token
  481 |   AddScriptFunction_##__LINE__##_##name##()                                                                                  \
      |   ^~~~~~~~~~~~~~~~~~
/home/vitaly/p/Prime-World/pw/branches/r1117/Src/PF_GameLogic/LuaScript.cpp:491:1: note: in expansion of macro ‘ADD_LUA2CPP_FUNCTION’
  491 | ADD_LUA2CPP_FUNCTION(name)                                                                                                   \
      | ^~~~~~~~~~~~~~~~~~~~
/home/vitaly/p/Prime-World/pw/branches/r1117/Src/PF_GameLogic/LuaScript.cpp:507:3: note: in expansion of macro ‘_START_LUA2CPP_FUNCTION_HEAD’
  507 |   _START_LUA2CPP_FUNCTION_HEAD( name, 1 )                                                                                    \
      |   ^~~~~~~~~~~~~~~~~~~~~~~~~~~~
/home/vitaly/p/Prime-World/pw/branches/r1117/Src/PF_GameLogic/LuaScript.cpp:3703:1: note: in expansion of macro ‘START_LUA2CPP_FUNCTION_ARG1’
 3703 | START_LUA2CPP_FUNCTION_ARG1( LuaGetUnitFaction, const char* )
      | ^~~~~~~~~~~~~~~~~~~~~~~~~~~
/home/vitaly/p/Prime-World/pw/branches/r1117/Src/PF_GameLogic/LuaScript.cpp:485:3: error: pasting "addScriptFunction___LINE___LuaGetUnitFaction" and ";" does not give a valid preprocessing token
  485 | } addScriptFunction_##__LINE__##_##name##;
      |   ^~~~~~~~~~~~~~~~~~
/home/vitaly/p/Prime-World/pw/branches/r1117/Src/PF_GameLogic/LuaScript.cpp:491:1: note: in expansion of macro ‘ADD_LUA2CPP_FUNCTION’
  491 | ADD_LUA2CPP_FUNCTION(name)                                                                                                   \
      | ^~~~~~~~~~~~~~~~~~~~
/home/vitaly/p/Prime-World/pw/branches/r1117/Src/PF_GameLogic/LuaScript.cpp:507:3: note: in expansion of macro ‘_START_LUA2CPP_FUNCTION_HEAD’
  507 |   _START_LUA2CPP_FUNCTION_HEAD( name, 1 )                                                                                    \
      |   ^~~~~~~~~~~~~~~~~~~~~~~~~~~~
/home/vitaly/p/Prime-World/pw/branches/r1117/Src/PF_GameLogic/LuaScript.cpp:3703:1: note: in expansion of macro ‘START_LUA2CPP_FUNCTION_ARG1’
 3703 | START_LUA2CPP_FUNCTION_ARG1( LuaGetUnitFaction, const char* )
      | ^~~~~~~~~~~~~~~~~~~~~~~~~~~
/home/vitaly/p/Prime-World/pw/branches/r1117/Src/PF_GameLogic/LuaScript.cpp:481:3: error: pasting "AddScriptFunction___LINE___LuaGetUnitFactionById" and "(" does not give a valid preprocessing token
  481 |   AddScriptFunction_##__LINE__##_##name##()                                                                                  \
      |   ^~~~~~~~~~~~~~~~~~
/home/vitaly/p/Prime-World/pw/branches/r1117/Src/PF_GameLogic/LuaScript.cpp:491:1: note: in expansion of macro ‘ADD_LUA2CPP_FUNCTION’
  491 | ADD_LUA2CPP_FUNCTION(name)                                                                                                   \
      | ^~~~~~~~~~~~~~~~~~~~
/home/vitaly/p/Prime-World/pw/branches/r1117/Src/PF_GameLogic/LuaScript.cpp:507:3: note: in expansion of macro ‘_START_LUA2CPP_FUNCTION_HEAD’
  507 |   _START_LUA2CPP_FUNCTION_HEAD( name, 1 )                                                                                    \
      |   ^~~~~~~~~~~~~~~~~~~~~~~~~~~~
/home/vitaly/p/Prime-World/pw/branches/r1117/Src/PF_GameLogic/LuaScript.cpp:3714:1: note: in expansion of macro ‘START_LUA2CPP_FUNCTION_ARG1’
 3714 | START_LUA2CPP_FUNCTION_ARG1( LuaGetUnitFactionById, int )
      | ^~~~~~~~~~~~~~~~~~~~~~~~~~~
/home/vitaly/p/Prime-World/pw/branches/r1117/Src/PF_GameLogic/LuaScript.cpp:485:3: error: pasting "addScriptFunction___LINE___LuaGetUnitFactionById" and ";" does not give a valid preprocessing token
  485 | } addScriptFunction_##__LINE__##_##name##;
      |   ^~~~~~~~~~~~~~~~~~
/home/vitaly/p/Prime-World/pw/branches/r1117/Src/PF_GameLogic/LuaScript.cpp:491:1: note: in expansion of macro ‘ADD_LUA2CPP_FUNCTION’
  491 | ADD_LUA2CPP_FUNCTION(name)                                                                                                   \
      | ^~~~~~~~~~~~~~~~~~~~
/home/vitaly/p/Prime-World/pw/branches/r1117/Src/PF_GameLogic/LuaScript.cpp:507:3: note: in expansion of macro ‘_START_LUA2CPP_FUNCTION_HEAD’
  507 |   _START_LUA2CPP_FUNCTION_HEAD( name, 1 )                                                                                    \
      |   ^~~~~~~~~~~~~~~~~~~~~~~~~~~~
/home/vitaly/p/Prime-World/pw/branches/r1117/Src/PF_GameLogic/LuaScript.cpp:3714:1: note: in expansion of macro ‘START_LUA2CPP_FUNCTION_ARG1’
 3714 | START_LUA2CPP_FUNCTION_ARG1( LuaGetUnitFactionById, int )
      | ^~~~~~~~~~~~~~~~~~~~~~~~~~~
/home/vitaly/p/Prime-World/pw/branches/r1117/Src/PF_GameLogic/LuaScript.cpp:481:3: error: pasting "AddScriptFunction___LINE___LuaForceAnimation" and "(" does not give a valid preprocessing token
  481 |   AddScriptFunction_##__LINE__##_##name##()                                                                                  \
      |   ^~~~~~~~~~~~~~~~~~
/home/vitaly/p/Prime-World/pw/branches/r1117/Src/PF_GameLogic/LuaScript.cpp:491:1: note: in expansion of macro ‘ADD_LUA2CPP_FUNCTION’
  491 | ADD_LUA2CPP_FUNCTION(name)                                                                                                   \
      | ^~~~~~~~~~~~~~~~~~~~
/home/vitaly/p/Prime-World/pw/branches/r1117/Src/PF_GameLogic/LuaScript.cpp:518:3: note: in expansion of macro ‘_START_LUA2CPP_FUNCTION_HEAD’
  518 |   _START_LUA2CPP_FUNCTION_HEAD( name, 3 )                                                                                    \
      |   ^~~~~~~~~~~~~~~~~~~~~~~~~~~~
/home/vitaly/p/Prime-World/pw/branches/r1117/Src/PF_GameLogic/LuaScript.cpp:3723:1: note: in expansion of macro ‘START_LUA2CPP_FUNCTION_ARG3’
 3723 | START_LUA2CPP_FUNCTION_ARG3( LuaForceAnimation, const char*, const char*, int )
      | ^~~~~~~~~~~~~~~~~~~~~~~~~~~
/home/vitaly/p/Prime-World/pw/branches/r1117/Src/PF_GameLogic/LuaScript.cpp:485:3: error: pasting "addScriptFunction___LINE___LuaForceAnimation" and ";" does not give a valid preprocessing token
  485 | } addScriptFunction_##__LINE__##_##name##;
      |   ^~~~~~~~~~~~~~~~~~
/home/vitaly/p/Prime-World/pw/branches/r1117/Src/PF_GameLogic/LuaScript.cpp:491:1: note: in expansion of macro ‘ADD_LUA2CPP_FUNCTION’
  491 | ADD_LUA2CPP_FUNCTION(name)                                                                                                   \
      | ^~~~~~~~~~~~~~~~~~~~
/home/vitaly/p/Prime-World/pw/branches/r1117/Src/PF_GameLogic/LuaScript.cpp:518:3: note: in expansion of macro ‘_START_LUA2CPP_FUNCTION_HEAD’
  518 |   _START_LUA2CPP_FUNCTION_HEAD( name, 3 )                                                                                    \
      |   ^~~~~~~~~~~~~~~~~~~~~~~~~~~~
/home/vitaly/p/Prime-World/pw/branches/r1117/Src/PF_GameLogic/LuaScript.cpp:3723:1: note: in expansion of macro ‘START_LUA2CPP_FUNCTION_ARG3’
 3723 | START_LUA2CPP_FUNCTION_ARG3( LuaForceAnimation, const char*, const char*, int )
      | ^~~~~~~~~~~~~~~~~~~~~~~~~~~
/home/vitaly/p/Prime-World/pw/branches/r1117/Src/PF_GameLogic/LuaScript.cpp:481:3: error: pasting "AddScriptFunction___LINE___LuaStopForcedAnimation" and "(" does not give a valid preprocessing token
  481 |   AddScriptFunction_##__LINE__##_##name##()                                                                                  \
      |   ^~~~~~~~~~~~~~~~~~
/home/vitaly/p/Prime-World/pw/branches/r1117/Src/PF_GameLogic/LuaScript.cpp:491:1: note: in expansion of macro ‘ADD_LUA2CPP_FUNCTION’
  491 | ADD_LUA2CPP_FUNCTION(name)                                                                                                   \
      | ^~~~~~~~~~~~~~~~~~~~
/home/vitaly/p/Prime-World/pw/branches/r1117/Src/PF_GameLogic/LuaScript.cpp:507:3: note: in expansion of macro ‘_START_LUA2CPP_FUNCTION_HEAD’
  507 |   _START_LUA2CPP_FUNCTION_HEAD( name, 1 )                                                                                    \
      |   ^~~~~~~~~~~~~~~~~~~~~~~~~~~~
/home/vitaly/p/Prime-World/pw/branches/r1117/Src/PF_GameLogic/LuaScript.cpp:3732:1: note: in expansion of macro ‘START_LUA2CPP_FUNCTION_ARG1’
 3732 | START_LUA2CPP_FUNCTION_ARG1( LuaStopForcedAnimation, const char* )
      | ^~~~~~~~~~~~~~~~~~~~~~~~~~~
/home/vitaly/p/Prime-World/pw/branches/r1117/Src/PF_GameLogic/LuaScript.cpp:485:3: error: pasting "addScriptFunction___LINE___LuaStopForcedAnimation" and ";" does not give a valid preprocessing token
  485 | } addScriptFunction_##__LINE__##_##name##;
      |   ^~~~~~~~~~~~~~~~~~
/home/vitaly/p/Prime-World/pw/branches/r1117/Src/PF_GameLogic/LuaScript.cpp:491:1: note: in expansion of macro ‘ADD_LUA2CPP_FUNCTION’
  491 | ADD_LUA2CPP_FUNCTION(name)                                                                                                   \
      | ^~~~~~~~~~~~~~~~~~~~
/home/vitaly/p/Prime-World/pw/branches/r1117/Src/PF_GameLogic/LuaScript.cpp:507:3: note: in expansion of macro ‘_START_LUA2CPP_FUNCTION_HEAD’
  507 |   _START_LUA2CPP_FUNCTION_HEAD( name, 1 )                                                                                    \
      |   ^~~~~~~~~~~~~~~~~~~~~~~~~~~~
/home/vitaly/p/Prime-World/pw/branches/r1117/Src/PF_GameLogic/LuaScript.cpp:3732:1: note: in expansion of macro ‘START_LUA2CPP_FUNCTION_ARG1’
 3732 | START_LUA2CPP_FUNCTION_ARG1( LuaStopForcedAnimation, const char* )
      | ^~~~~~~~~~~~~~~~~~~~~~~~~~~
/home/vitaly/p/Prime-World/pw/branches/r1117/Src/PF_GameLogic/LuaScript.cpp:481:3: error: pasting "AddScriptFunction___LINE___LuaHeroAIPushPath" and "(" does not give a valid preprocessing token
  481 |   AddScriptFunction_##__LINE__##_##name##()                                                                                  \
      |   ^~~~~~~~~~~~~~~~~~
/home/vitaly/p/Prime-World/pw/branches/r1117/Src/PF_GameLogic/LuaScript.cpp:491:1: note: in expansion of macro ‘ADD_LUA2CPP_FUNCTION’
  491 | ADD_LUA2CPP_FUNCTION(name)                                                                                                   \
      | ^~~~~~~~~~~~~~~~~~~~
/home/vitaly/p/Prime-World/pw/branches/r1117/Src/PF_GameLogic/LuaScript.cpp:518:3: note: in expansion of macro ‘_START_LUA2CPP_FUNCTION_HEAD’
  518 |   _START_LUA2CPP_FUNCTION_HEAD( name, 3 )                                                                                    \
      |   ^~~~~~~~~~~~~~~~~~~~~~~~~~~~
/home/vitaly/p/Prime-World/pw/branches/r1117/Src/PF_GameLogic/LuaScript.cpp:3741:1: note: in expansion of macro ‘START_LUA2CPP_FUNCTION_ARG3’
 3741 | START_LUA2CPP_FUNCTION_ARG3( LuaHeroAIPushPath, const char*, const char*, bool )
      | ^~~~~~~~~~~~~~~~~~~~~~~~~~~
/home/vitaly/p/Prime-World/pw/branches/r1117/Src/PF_GameLogic/LuaScript.cpp:485:3: error: pasting "addScriptFunction___LINE___LuaHeroAIPushPath" and ";" does not give a valid preprocessing token
  485 | } addScriptFunction_##__LINE__##_##name##;
      |   ^~~~~~~~~~~~~~~~~~
/home/vitaly/p/Prime-World/pw/branches/r1117/Src/PF_GameLogic/LuaScript.cpp:491:1: note: in expansion of macro ‘ADD_LUA2CPP_FUNCTION’
  491 | ADD_LUA2CPP_FUNCTION(name)                                                                                                   \
      | ^~~~~~~~~~~~~~~~~~~~
/home/vitaly/p/Prime-World/pw/branches/r1117/Src/PF_GameLogic/LuaScript.cpp:518:3: note: in expansion of macro ‘_START_LUA2CPP_FUNCTION_HEAD’
  518 |   _START_LUA2CPP_FUNCTION_HEAD( name, 3 )                                                                                    \
      |   ^~~~~~~~~~~~~~~~~~~~~~~~~~~~
/home/vitaly/p/Prime-World/pw/branches/r1117/Src/PF_GameLogic/LuaScript.cpp:3741:1: note: in expansion of macro ‘START_LUA2CPP_FUNCTION_ARG3’
 3741 | START_LUA2CPP_FUNCTION_ARG3( LuaHeroAIPushPath, const char*, const char*, bool )
      | ^~~~~~~~~~~~~~~~~~~~~~~~~~~
/home/vitaly/p/Prime-World/pw/branches/r1117/Src/PF_GameLogic/LuaScript.cpp:481:3: error: pasting "AddScriptFunction___LINE___LuaHeroAIFollowHero" and "(" does not give a valid preprocessing token
  481 |   AddScriptFunction_##__LINE__##_##name##()                                                                                  \
      |   ^~~~~~~~~~~~~~~~~~
/home/vitaly/p/Prime-World/pw/branches/r1117/Src/PF_GameLogic/LuaScript.cpp:491:1: note: in expansion of macro ‘ADD_LUA2CPP_FUNCTION’
  491 | ADD_LUA2CPP_FUNCTION(name)                                                                                                   \
      | ^~~~~~~~~~~~~~~~~~~~
/home/vitaly/p/Prime-World/pw/branches/r1117/Src/PF_GameLogic/LuaScript.cpp:512:3: note: in expansion of macro ‘_START_LUA2CPP_FUNCTION_HEAD’
  512 |   _START_LUA2CPP_FUNCTION_HEAD( name, 2 )                                                                                    \
      |   ^~~~~~~~~~~~~~~~~~~~~~~~~~~~
/home/vitaly/p/Prime-World/pw/branches/r1117/Src/PF_GameLogic/LuaScript.cpp:3753:1: note: in expansion of macro ‘START_LUA2CPP_FUNCTION_ARG2’
 3753 | START_LUA2CPP_FUNCTION_ARG2( LuaHeroAIFollowHero, const char*, const char* )
      | ^~~~~~~~~~~~~~~~~~~~~~~~~~~
/home/vitaly/p/Prime-World/pw/branches/r1117/Src/PF_GameLogic/LuaScript.cpp:485:3: error: pasting "addScriptFunction___LINE___LuaHeroAIFollowHero" and ";" does not give a valid preprocessing token
  485 | } addScriptFunction_##__LINE__##_##name##;
      |   ^~~~~~~~~~~~~~~~~~
/home/vitaly/p/Prime-World/pw/branches/r1117/Src/PF_GameLogic/LuaScript.cpp:491:1: note: in expansion of macro ‘ADD_LUA2CPP_FUNCTION’
  491 | ADD_LUA2CPP_FUNCTION(name)                                                                                                   \
      | ^~~~~~~~~~~~~~~~~~~~
/home/vitaly/p/Prime-World/pw/branches/r1117/Src/PF_GameLogic/LuaScript.cpp:512:3: note: in expansion of macro ‘_START_LUA2CPP_FUNCTION_HEAD’
  512 |   _START_LUA2CPP_FUNCTION_HEAD( name, 2 )                                                                                    \
      |   ^~~~~~~~~~~~~~~~~~~~~~~~~~~~
/home/vitaly/p/Prime-World/pw/branches/r1117/Src/PF_GameLogic/LuaScript.cpp:3753:1: note: in expansion of macro ‘START_LUA2CPP_FUNCTION_ARG2’
 3753 | START_LUA2CPP_FUNCTION_ARG2( LuaHeroAIFollowHero, const char*, const char* )
      | ^~~~~~~~~~~~~~~~~~~~~~~~~~~
/home/vitaly/p/Prime-World/pw/branches/r1117/Src/PF_GameLogic/LuaScript.cpp:481:3: error: pasting "AddScriptFunction___LINE___LuaHeroAIGuardScriptArea" and "(" does not give a valid preprocessing token
  481 |   AddScriptFunction_##__LINE__##_##name##()                                                                                  \
      |   ^~~~~~~~~~~~~~~~~~
/home/vitaly/p/Prime-World/pw/branches/r1117/Src/PF_GameLogic/LuaScript.cpp:491:1: note: in expansion of macro ‘ADD_LUA2CPP_FUNCTION’
  491 | ADD_LUA2CPP_FUNCTION(name)                                                                                                   \
      | ^~~~~~~~~~~~~~~~~~~~
/home/vitaly/p/Prime-World/pw/branches/r1117/Src/PF_GameLogic/LuaScript.cpp:518:3: note: in expansion of macro ‘_START_LUA2CPP_FUNCTION_HEAD’
  518 |   _START_LUA2CPP_FUNCTION_HEAD( name, 3 )                                                                                    \
      |   ^~~~~~~~~~~~~~~~~~~~~~~~~~~~
/home/vitaly/p/Prime-World/pw/branches/r1117/Src/PF_GameLogic/LuaScript.cpp:3764:1: note: in expansion of macro ‘START_LUA2CPP_FUNCTION_ARG3’
 3764 | START_LUA2CPP_FUNCTION_ARG3( LuaHeroAIGuardScriptArea, const char*, const char*, bool )
      | ^~~~~~~~~~~~~~~~~~~~~~~~~~~
/home/vitaly/p/Prime-World/pw/branches/r1117/Src/PF_GameLogic/LuaScript.cpp:485:3: error: pasting "addScriptFunction___LINE___LuaHeroAIGuardScriptArea" and ";" does not give a valid preprocessing token
  485 | } addScriptFunction_##__LINE__##_##name##;
      |   ^~~~~~~~~~~~~~~~~~
/home/vitaly/p/Prime-World/pw/branches/r1117/Src/PF_GameLogic/LuaScript.cpp:491:1: note: in expansion of macro ‘ADD_LUA2CPP_FUNCTION’
  491 | ADD_LUA2CPP_FUNCTION(name)                                                                                                   \
      | ^~~~~~~~~~~~~~~~~~~~
/home/vitaly/p/Prime-World/pw/branches/r1117/Src/PF_GameLogic/LuaScript.cpp:518:3: note: in expansion of macro ‘_START_LUA2CPP_FUNCTION_HEAD’
  518 |   _START_LUA2CPP_FUNCTION_HEAD( name, 3 )                                                                                    \
      |   ^~~~~~~~~~~~~~~~~~~~~~~~~~~~
/home/vitaly/p/Prime-World/pw/branches/r1117/Src/PF_GameLogic/LuaScript.cpp:3764:1: note: in expansion of macro ‘START_LUA2CPP_FUNCTION_ARG3’
 3764 | START_LUA2CPP_FUNCTION_ARG3( LuaHeroAIGuardScriptArea, const char*, const char*, bool )
      | ^~~~~~~~~~~~~~~~~~~~~~~~~~~
/home/vitaly/p/Prime-World/pw/branches/r1117/Src/PF_GameLogic/LuaScript.cpp:481:3: error: pasting "AddScriptFunction___LINE___LuaHeroAIGuardArea2" and "(" does not give a valid preprocessing token
  481 |   AddScriptFunction_##__LINE__##_##name##()                                                                                  \
      |   ^~~~~~~~~~~~~~~~~~
/home/vitaly/p/Prime-World/pw/branches/r1117/Src/PF_GameLogic/LuaScript.cpp:491:1: note: in expansion of macro ‘ADD_LUA2CPP_FUNCTION’
  491 | ADD_LUA2CPP_FUNCTION(name)                                                                                                   \
      | ^~~~~~~~~~~~~~~~~~~~
/home/vitaly/p/Prime-World/pw/branches/r1117/Src/PF_GameLogic/LuaScript.cpp:533:3: note: in expansion of macro ‘_START_LUA2CPP_FUNCTION_HEAD’
  533 |   _START_LUA2CPP_FUNCTION_HEAD( name, 5 )                                                                                    \
      |   ^~~~~~~~~~~~~~~~~~~~~~~~~~~~
/home/vitaly/p/Prime-World/pw/branches/r1117/Src/PF_GameLogic/LuaScript.cpp:3776:1: note: in expansion of macro ‘START_LUA2CPP_FUNCTION_ARG5’
 3776 | START_LUA2CPP_FUNCTION_ARG5( LuaHeroAIGuardArea2, const char*, float, float, float, float )
      | ^~~~~~~~~~~~~~~~~~~~~~~~~~~
/home/vitaly/p/Prime-World/pw/branches/r1117/Src/PF_GameLogic/LuaScript.cpp:485:3: error: pasting "addScriptFunction___LINE___LuaHeroAIGuardArea2" and ";" does not give a valid preprocessing token
  485 | } addScriptFunction_##__LINE__##_##name##;
      |   ^~~~~~~~~~~~~~~~~~
/home/vitaly/p/Prime-World/pw/branches/r1117/Src/PF_GameLogic/LuaScript.cpp:491:1: note: in expansion of macro ‘ADD_LUA2CPP_FUNCTION’
  491 | ADD_LUA2CPP_FUNCTION(name)                                                                                                   \
      | ^~~~~~~~~~~~~~~~~~~~
/home/vitaly/p/Prime-World/pw/branches/r1117/Src/PF_GameLogic/LuaScript.cpp:533:3: note: in expansion of macro ‘_START_LUA2CPP_FUNCTION_HEAD’
  533 |   _START_LUA2CPP_FUNCTION_HEAD( name, 5 )                                                                                    \
      |   ^~~~~~~~~~~~~~~~~~~~~~~~~~~~
/home/vitaly/p/Prime-World/pw/branches/r1117/Src/PF_GameLogic/LuaScript.cpp:3776:1: note: in expansion of macro ‘START_LUA2CPP_FUNCTION_ARG5’
 3776 | START_LUA2CPP_FUNCTION_ARG5( LuaHeroAIGuardArea2, const char*, float, float, float, float )
      | ^~~~~~~~~~~~~~~~~~~~~~~~~~~
/home/vitaly/p/Prime-World/pw/branches/r1117/Src/PF_GameLogic/LuaScript.cpp:481:3: error: pasting "AddScriptFunction___LINE___LuaHeroAIDisable" and "(" does not give a valid preprocessing token
  481 |   AddScriptFunction_##__LINE__##_##name##()                                                                                  \
      |   ^~~~~~~~~~~~~~~~~~
/home/vitaly/p/Prime-World/pw/branches/r1117/Src/PF_GameLogic/LuaScript.cpp:491:1: note: in expansion of macro ‘ADD_LUA2CPP_FUNCTION’
  491 | ADD_LUA2CPP_FUNCTION(name)                                                                                                   \
      | ^~~~~~~~~~~~~~~~~~~~
/home/vitaly/p/Prime-World/pw/branches/r1117/Src/PF_GameLogic/LuaScript.cpp:507:3: note: in expansion of macro ‘_START_LUA2CPP_FUNCTION_HEAD’
  507 |   _START_LUA2CPP_FUNCTION_HEAD( name, 1 )                                                                                    \
      |   ^~~~~~~~~~~~~~~~~~~~~~~~~~~~
/home/vitaly/p/Prime-World/pw/branches/r1117/Src/PF_GameLogic/LuaScript.cpp:3785:1: note: in expansion of macro ‘START_LUA2CPP_FUNCTION_ARG1’
 3785 | START_LUA2CPP_FUNCTION_ARG1( LuaHeroAIDisable, const char* )
      | ^~~~~~~~~~~~~~~~~~~~~~~~~~~
/home/vitaly/p/Prime-World/pw/branches/r1117/Src/PF_GameLogic/LuaScript.cpp:485:3: error: pasting "addScriptFunction___LINE___LuaHeroAIDisable" and ";" does not give a valid preprocessing token
  485 | } addScriptFunction_##__LINE__##_##name##;
      |   ^~~~~~~~~~~~~~~~~~
/home/vitaly/p/Prime-World/pw/branches/r1117/Src/PF_GameLogic/LuaScript.cpp:491:1: note: in expansion of macro ‘ADD_LUA2CPP_FUNCTION’
  491 | ADD_LUA2CPP_FUNCTION(name)                                                                                                   \
      | ^~~~~~~~~~~~~~~~~~~~
/home/vitaly/p/Prime-World/pw/branches/r1117/Src/PF_GameLogic/LuaScript.cpp:507:3: note: in expansion of macro ‘_START_LUA2CPP_FUNCTION_HEAD’
  507 |   _START_LUA2CPP_FUNCTION_HEAD( name, 1 )                                                                                    \
      |   ^~~~~~~~~~~~~~~~~~~~~~~~~~~~
/home/vitaly/p/Prime-World/pw/branches/r1117/Src/PF_GameLogic/LuaScript.cpp:3785:1: note: in expansion of macro ‘START_LUA2CPP_FUNCTION_ARG1’
 3785 | START_LUA2CPP_FUNCTION_ARG1( LuaHeroAIDisable, const char* )
      | ^~~~~~~~~~~~~~~~~~~~~~~~~~~
/home/vitaly/p/Prime-World/pw/branches/r1117/Src/PF_GameLogic/LuaScript.cpp:481:3: error: pasting "AddScriptFunction___LINE___LuaHeroAIReceiveMinimapSignals" and "(" does not give a valid preprocessing token
  481 |   AddScriptFunction_##__LINE__##_##name##()                                                                                  \
      |   ^~~~~~~~~~~~~~~~~~
/home/vitaly/p/Prime-World/pw/branches/r1117/Src/PF_GameLogic/LuaScript.cpp:491:1: note: in expansion of macro ‘ADD_LUA2CPP_FUNCTION’
  491 | ADD_LUA2CPP_FUNCTION(name)                                                                                                   \
      | ^~~~~~~~~~~~~~~~~~~~
/home/vitaly/p/Prime-World/pw/branches/r1117/Src/PF_GameLogic/LuaScript.cpp:512:3: note: in expansion of macro ‘_START_LUA2CPP_FUNCTION_HEAD’
  512 |   _START_LUA2CPP_FUNCTION_HEAD( name, 2 )                                                                                    \
      |   ^~~~~~~~~~~~~~~~~~~~~~~~~~~~
/home/vitaly/p/Prime-World/pw/branches/r1117/Src/PF_GameLogic/LuaScript.cpp:3793:1: note: in expansion of macro ‘START_LUA2CPP_FUNCTION_ARG2’
 3793 | START_LUA2CPP_FUNCTION_ARG2( LuaHeroAIReceiveMinimapSignals, const char*, bool )
      | ^~~~~~~~~~~~~~~~~~~~~~~~~~~
/home/vitaly/p/Prime-World/pw/branches/r1117/Src/PF_GameLogic/LuaScript.cpp:485:3: error: pasting "addScriptFunction___LINE___LuaHeroAIReceiveMinimapSignals" and ";" does not give a valid preprocessing token
  485 | } addScriptFunction_##__LINE__##_##name##;
      |   ^~~~~~~~~~~~~~~~~~
/home/vitaly/p/Prime-World/pw/branches/r1117/Src/PF_GameLogic/LuaScript.cpp:491:1: note: in expansion of macro ‘ADD_LUA2CPP_FUNCTION’
  491 | ADD_LUA2CPP_FUNCTION(name)                                                                                                   \
      | ^~~~~~~~~~~~~~~~~~~~
/home/vitaly/p/Prime-World/pw/branches/r1117/Src/PF_GameLogic/LuaScript.cpp:512:3: note: in expansion of macro ‘_START_LUA2CPP_FUNCTION_HEAD’
  512 |   _START_LUA2CPP_FUNCTION_HEAD( name, 2 )                                                                                    \
      |   ^~~~~~~~~~~~~~~~~~~~~~~~~~~~
/home/vitaly/p/Prime-World/pw/branches/r1117/Src/PF_GameLogic/LuaScript.cpp:3793:1: note: in expansion of macro ‘START_LUA2CPP_FUNCTION_ARG2’
 3793 | START_LUA2CPP_FUNCTION_ARG2( LuaHeroAIReceiveMinimapSignals, const char*, bool )
      | ^~~~~~~~~~~~~~~~~~~~~~~~~~~
/home/vitaly/p/Prime-World/pw/branches/r1117/Src/PF_GameLogic/LuaScript.cpp:481:3: error: pasting "AddScriptFunction___LINE___LuaGetCreepsInArea" and "(" does not give a valid preprocessing token
  481 |   AddScriptFunction_##__LINE__##_##name##()                                                                                  \
      |   ^~~~~~~~~~~~~~~~~~
/home/vitaly/p/Prime-World/pw/branches/r1117/Src/PF_GameLogic/LuaScript.cpp:491:1: note: in expansion of macro ‘ADD_LUA2CPP_FUNCTION’
  491 | ADD_LUA2CPP_FUNCTION(name)                                                                                                   \
      | ^~~~~~~~~~~~~~~~~~~~
/home/vitaly/p/Prime-World/pw/branches/r1117/Src/PF_GameLogic/LuaScript.cpp:525:3: note: in expansion of macro ‘_START_LUA2CPP_FUNCTION_HEAD’
  525 |   _START_LUA2CPP_FUNCTION_HEAD( name, 4 )                                                                                    \
      |   ^~~~~~~~~~~~~~~~~~~~~~~~~~~~
/home/vitaly/p/Prime-World/pw/branches/r1117/Src/PF_GameLogic/LuaScript.cpp:3816:1: note: in expansion of macro ‘START_LUA2CPP_FUNCTION_ARG4’
 3816 | START_LUA2CPP_FUNCTION_ARG4( LuaGetCreepsInArea, float, float, float, int )
      | ^~~~~~~~~~~~~~~~~~~~~~~~~~~
/home/vitaly/p/Prime-World/pw/branches/r1117/Src/PF_GameLogic/LuaScript.cpp:485:3: error: pasting "addScriptFunction___LINE___LuaGetCreepsInArea" and ";" does not give a valid preprocessing token
  485 | } addScriptFunction_##__LINE__##_##name##;
      |   ^~~~~~~~~~~~~~~~~~
/home/vitaly/p/Prime-World/pw/branches/r1117/Src/PF_GameLogic/LuaScript.cpp:491:1: note: in expansion of macro ‘ADD_LUA2CPP_FUNCTION’
  491 | ADD_LUA2CPP_FUNCTION(name)                                                                                                   \
      | ^~~~~~~~~~~~~~~~~~~~
/home/vitaly/p/Prime-World/pw/branches/r1117/Src/PF_GameLogic/LuaScript.cpp:525:3: note: in expansion of macro ‘_START_LUA2CPP_FUNCTION_HEAD’
  525 |   _START_LUA2CPP_FUNCTION_HEAD( name, 4 )                                                                                    \
      |   ^~~~~~~~~~~~~~~~~~~~~~~~~~~~
/home/vitaly/p/Prime-World/pw/branches/r1117/Src/PF_GameLogic/LuaScript.cpp:3816:1: note: in expansion of macro ‘START_LUA2CPP_FUNCTION_ARG4’
 3816 | START_LUA2CPP_FUNCTION_ARG4( LuaGetCreepsInArea, float, float, float, int )
      | ^~~~~~~~~~~~~~~~~~~~~~~~~~~
/home/vitaly/p/Prime-World/pw/branches/r1117/Src/PF_GameLogic/LuaScript.cpp:481:3: error: pasting "AddScriptFunction___LINE___LuaIsUnitVisible" and "(" does not give a valid preprocessing token
  481 |   AddScriptFunction_##__LINE__##_##name##()                                                                                  \
      |   ^~~~~~~~~~~~~~~~~~
/home/vitaly/p/Prime-World/pw/branches/r1117/Src/PF_GameLogic/LuaScript.cpp:491:1: note: in expansion of macro ‘ADD_LUA2CPP_FUNCTION’
  491 | ADD_LUA2CPP_FUNCTION(name)                                                                                                   \
      | ^~~~~~~~~~~~~~~~~~~~
/home/vitaly/p/Prime-World/pw/branches/r1117/Src/PF_GameLogic/LuaScript.cpp:507:3: note: in expansion of macro ‘_START_LUA2CPP_FUNCTION_HEAD’
  507 |   _START_LUA2CPP_FUNCTION_HEAD( name, 1 )                                                                                    \
      |   ^~~~~~~~~~~~~~~~~~~~~~~~~~~~
/home/vitaly/p/Prime-World/pw/branches/r1117/Src/PF_GameLogic/LuaScript.cpp:3836:1: note: in expansion of macro ‘START_LUA2CPP_FUNCTION_ARG1’
 3836 | START_LUA2CPP_FUNCTION_ARG1( LuaIsUnitVisible, const char* )
      | ^~~~~~~~~~~~~~~~~~~~~~~~~~~
/home/vitaly/p/Prime-World/pw/branches/r1117/Src/PF_GameLogic/LuaScript.cpp:485:3: error: pasting "addScriptFunction___LINE___LuaIsUnitVisible" and ";" does not give a valid preprocessing token
  485 | } addScriptFunction_##__LINE__##_##name##;
      |   ^~~~~~~~~~~~~~~~~~
/home/vitaly/p/Prime-World/pw/branches/r1117/Src/PF_GameLogic/LuaScript.cpp:491:1: note: in expansion of macro ‘ADD_LUA2CPP_FUNCTION’
  491 | ADD_LUA2CPP_FUNCTION(name)                                                                                                   \
      | ^~~~~~~~~~~~~~~~~~~~
/home/vitaly/p/Prime-World/pw/branches/r1117/Src/PF_GameLogic/LuaScript.cpp:507:3: note: in expansion of macro ‘_START_LUA2CPP_FUNCTION_HEAD’
  507 |   _START_LUA2CPP_FUNCTION_HEAD( name, 1 )                                                                                    \
      |   ^~~~~~~~~~~~~~~~~~~~~~~~~~~~
/home/vitaly/p/Prime-World/pw/branches/r1117/Src/PF_GameLogic/LuaScript.cpp:3836:1: note: in expansion of macro ‘START_LUA2CPP_FUNCTION_ARG1’
 3836 | START_LUA2CPP_FUNCTION_ARG1( LuaIsUnitVisible, const char* )
      | ^~~~~~~~~~~~~~~~~~~~~~~~~~~
/home/vitaly/p/Prime-World/pw/branches/r1117/Src/PF_GameLogic/LuaScript.cpp:481:3: error: pasting "AddScriptFunction___LINE___LuaCreateMinimapSignal" and "(" does not give a valid preprocessing token
  481 |   AddScriptFunction_##__LINE__##_##name##()                                                                                  \
      |   ^~~~~~~~~~~~~~~~~~
/home/vitaly/p/Prime-World/pw/branches/r1117/Src/PF_GameLogic/LuaScript.cpp:491:1: note: in expansion of macro ‘ADD_LUA2CPP_FUNCTION’
  491 | ADD_LUA2CPP_FUNCTION(name)                                                                                                   \
      | ^~~~~~~~~~~~~~~~~~~~
/home/vitaly/p/Prime-World/pw/branches/r1117/Src/PF_GameLogic/LuaScript.cpp:512:3: note: in expansion of macro ‘_START_LUA2CPP_FUNCTION_HEAD’
  512 |   _START_LUA2CPP_FUNCTION_HEAD( name, 2 )                                                                                    \
      |   ^~~~~~~~~~~~~~~~~~~~~~~~~~~~
/home/vitaly/p/Prime-World/pw/branches/r1117/Src/PF_GameLogic/LuaScript.cpp:3850:1: note: in expansion of macro ‘START_LUA2CPP_FUNCTION_ARG2’
 3850 | START_LUA2CPP_FUNCTION_ARG2( LuaCreateMinimapSignal, float, float )
      | ^~~~~~~~~~~~~~~~~~~~~~~~~~~
/home/vitaly/p/Prime-World/pw/branches/r1117/Src/PF_GameLogic/LuaScript.cpp:485:3: error: pasting "addScriptFunction___LINE___LuaCreateMinimapSignal" and ";" does not give a valid preprocessing token
  485 | } addScriptFunction_##__LINE__##_##name##;
      |   ^~~~~~~~~~~~~~~~~~
/home/vitaly/p/Prime-World/pw/branches/r1117/Src/PF_GameLogic/LuaScript.cpp:491:1: note: in expansion of macro ‘ADD_LUA2CPP_FUNCTION’
  491 | ADD_LUA2CPP_FUNCTION(name)                                                                                                   \
      | ^~~~~~~~~~~~~~~~~~~~
/home/vitaly/p/Prime-World/pw/branches/r1117/Src/PF_GameLogic/LuaScript.cpp:512:3: note: in expansion of macro ‘_START_LUA2CPP_FUNCTION_HEAD’
  512 |   _START_LUA2CPP_FUNCTION_HEAD( name, 2 )                                                                                    \
      |   ^~~~~~~~~~~~~~~~~~~~~~~~~~~~
/home/vitaly/p/Prime-World/pw/branches/r1117/Src/PF_GameLogic/LuaScript.cpp:3850:1: note: in expansion of macro ‘START_LUA2CPP_FUNCTION_ARG2’
 3850 | START_LUA2CPP_FUNCTION_ARG2( LuaCreateMinimapSignal, float, float )
      | ^~~~~~~~~~~~~~~~~~~~~~~~~~~
/home/vitaly/p/Prime-World/pw/branches/r1117/Src/PF_GameLogic/LuaScript.cpp:481:3: error: pasting "AddScriptFunction___LINE___LuaGetUnitType" and "(" does not give a valid preprocessing token
  481 |   AddScriptFunction_##__LINE__##_##name##()                                                                                  \
      |   ^~~~~~~~~~~~~~~~~~
/home/vitaly/p/Prime-World/pw/branches/r1117/Src/PF_GameLogic/LuaScript.cpp:491:1: note: in expansion of macro ‘ADD_LUA2CPP_FUNCTION’
  491 | ADD_LUA2CPP_FUNCTION(name)                                                                                                   \
      | ^~~~~~~~~~~~~~~~~~~~
/home/vitaly/p/Prime-World/pw/branches/r1117/Src/PF_GameLogic/LuaScript.cpp:507:3: note: in expansion of macro ‘_START_LUA2CPP_FUNCTION_HEAD’
  507 |   _START_LUA2CPP_FUNCTION_HEAD( name, 1 )                                                                                    \
      |   ^~~~~~~~~~~~~~~~~~~~~~~~~~~~
/home/vitaly/p/Prime-World/pw/branches/r1117/Src/PF_GameLogic/LuaScript.cpp:3867:1: note: in expansion of macro ‘START_LUA2CPP_FUNCTION_ARG1’
 3867 | START_LUA2CPP_FUNCTION_ARG1( LuaGetUnitType, const char* )
      | ^~~~~~~~~~~~~~~~~~~~~~~~~~~
/home/vitaly/p/Prime-World/pw/branches/r1117/Src/PF_GameLogic/LuaScript.cpp:485:3: error: pasting "addScriptFunction___LINE___LuaGetUnitType" and ";" does not give a valid preprocessing token
  485 | } addScriptFunction_##__LINE__##_##name##;
      |   ^~~~~~~~~~~~~~~~~~
/home/vitaly/p/Prime-World/pw/branches/r1117/Src/PF_GameLogic/LuaScript.cpp:491:1: note: in expansion of macro ‘ADD_LUA2CPP_FUNCTION’
  491 | ADD_LUA2CPP_FUNCTION(name)                                                                                                   \
      | ^~~~~~~~~~~~~~~~~~~~
/home/vitaly/p/Prime-World/pw/branches/r1117/Src/PF_GameLogic/LuaScript.cpp:507:3: note: in expansion of macro ‘_START_LUA2CPP_FUNCTION_HEAD’
  507 |   _START_LUA2CPP_FUNCTION_HEAD( name, 1 )                                                                                    \
      |   ^~~~~~~~~~~~~~~~~~~~~~~~~~~~
/home/vitaly/p/Prime-World/pw/branches/r1117/Src/PF_GameLogic/LuaScript.cpp:3867:1: note: in expansion of macro ‘START_LUA2CPP_FUNCTION_ARG1’
 3867 | START_LUA2CPP_FUNCTION_ARG1( LuaGetUnitType, const char* )
      | ^~~~~~~~~~~~~~~~~~~~~~~~~~~
/home/vitaly/p/Prime-World/pw/branches/r1117/Src/PF_GameLogic/LuaScript.cpp:481:3: error: pasting "AddScriptFunction___LINE___LuaGetUnitTypeById" and "(" does not give a valid preprocessing token
  481 |   AddScriptFunction_##__LINE__##_##name##()                                                                                  \
      |   ^~~~~~~~~~~~~~~~~~
/home/vitaly/p/Prime-World/pw/branches/r1117/Src/PF_GameLogic/LuaScript.cpp:491:1: note: in expansion of macro ‘ADD_LUA2CPP_FUNCTION’
  491 | ADD_LUA2CPP_FUNCTION(name)                                                                                                   \
      | ^~~~~~~~~~~~~~~~~~~~
/home/vitaly/p/Prime-World/pw/branches/r1117/Src/PF_GameLogic/LuaScript.cpp:507:3: note: in expansion of macro ‘_START_LUA2CPP_FUNCTION_HEAD’
  507 |   _START_LUA2CPP_FUNCTION_HEAD( name, 1 )                                                                                    \
      |   ^~~~~~~~~~~~~~~~~~~~~~~~~~~~
/home/vitaly/p/Prime-World/pw/branches/r1117/Src/PF_GameLogic/LuaScript.cpp:3876:1: note: in expansion of macro ‘START_LUA2CPP_FUNCTION_ARG1’
 3876 | START_LUA2CPP_FUNCTION_ARG1( LuaGetUnitTypeById, int )
      | ^~~~~~~~~~~~~~~~~~~~~~~~~~~
/home/vitaly/p/Prime-World/pw/branches/r1117/Src/PF_GameLogic/LuaScript.cpp:485:3: error: pasting "addScriptFunction___LINE___LuaGetUnitTypeById" and ";" does not give a valid preprocessing token
  485 | } addScriptFunction_##__LINE__##_##name##;
      |   ^~~~~~~~~~~~~~~~~~
/home/vitaly/p/Prime-World/pw/branches/r1117/Src/PF_GameLogic/LuaScript.cpp:491:1: note: in expansion of macro ‘ADD_LUA2CPP_FUNCTION’
  491 | ADD_LUA2CPP_FUNCTION(name)                                                                                                   \
      | ^~~~~~~~~~~~~~~~~~~~
/home/vitaly/p/Prime-World/pw/branches/r1117/Src/PF_GameLogic/LuaScript.cpp:507:3: note: in expansion of macro ‘_START_LUA2CPP_FUNCTION_HEAD’
  507 |   _START_LUA2CPP_FUNCTION_HEAD( name, 1 )                                                                                    \
      |   ^~~~~~~~~~~~~~~~~~~~~~~~~~~~
/home/vitaly/p/Prime-World/pw/branches/r1117/Src/PF_GameLogic/LuaScript.cpp:3876:1: note: in expansion of macro ‘START_LUA2CPP_FUNCTION_ARG1’
 3876 | START_LUA2CPP_FUNCTION_ARG1( LuaGetUnitTypeById, int )
      | ^~~~~~~~~~~~~~~~~~~~~~~~~~~
/home/vitaly/p/Prime-World/pw/branches/r1117/Src/PF_GameLogic/LuaScript.cpp:481:3: error: pasting "AddScriptFunction___LINE___LuaIsUnitAttacked" and "(" does not give a valid preprocessing token
  481 |   AddScriptFunction_##__LINE__##_##name##()                                                                                  \
      |   ^~~~~~~~~~~~~~~~~~
/home/vitaly/p/Prime-World/pw/branches/r1117/Src/PF_GameLogic/LuaScript.cpp:491:1: note: in expansion of macro ‘ADD_LUA2CPP_FUNCTION’
  491 | ADD_LUA2CPP_FUNCTION(name)                                                                                                   \
      | ^~~~~~~~~~~~~~~~~~~~
/home/vitaly/p/Prime-World/pw/branches/r1117/Src/PF_GameLogic/LuaScript.cpp:507:3: note: in expansion of macro ‘_START_LUA2CPP_FUNCTION_HEAD’
  507 |   _START_LUA2CPP_FUNCTION_HEAD( name, 1 )                                                                                    \
      |   ^~~~~~~~~~~~~~~~~~~~~~~~~~~~
/home/vitaly/p/Prime-World/pw/branches/r1117/Src/PF_GameLogic/LuaScript.cpp:3885:1: note: in expansion of macro ‘START_LUA2CPP_FUNCTION_ARG1’
 3885 | START_LUA2CPP_FUNCTION_ARG1( LuaIsUnitAttacked, const char* )
      | ^~~~~~~~~~~~~~~~~~~~~~~~~~~
/home/vitaly/p/Prime-World/pw/branches/r1117/Src/PF_GameLogic/LuaScript.cpp:485:3: error: pasting "addScriptFunction___LINE___LuaIsUnitAttacked" and ";" does not give a valid preprocessing token
  485 | } addScriptFunction_##__LINE__##_##name##;
      |   ^~~~~~~~~~~~~~~~~~
/home/vitaly/p/Prime-World/pw/branches/r1117/Src/PF_GameLogic/LuaScript.cpp:491:1: note: in expansion of macro ‘ADD_LUA2CPP_FUNCTION’
  491 | ADD_LUA2CPP_FUNCTION(name)                                                                                                   \
      | ^~~~~~~~~~~~~~~~~~~~
/home/vitaly/p/Prime-World/pw/branches/r1117/Src/PF_GameLogic/LuaScript.cpp:507:3: note: in expansion of macro ‘_START_LUA2CPP_FUNCTION_HEAD’
  507 |   _START_LUA2CPP_FUNCTION_HEAD( name, 1 )                                                                                    \
      |   ^~~~~~~~~~~~~~~~~~~~~~~~~~~~
/home/vitaly/p/Prime-World/pw/branches/r1117/Src/PF_GameLogic/LuaScript.cpp:3885:1: note: in expansion of macro ‘START_LUA2CPP_FUNCTION_ARG1’
 3885 | START_LUA2CPP_FUNCTION_ARG1( LuaIsUnitAttacked, const char* )
      | ^~~~~~~~~~~~~~~~~~~~~~~~~~~
/home/vitaly/p/Prime-World/pw/branches/r1117/Src/PF_GameLogic/LuaScript.cpp:481:3: error: pasting "AddScriptFunction___LINE___LuaIsUnitAttackedByObject" and "(" does not give a valid preprocessing token
  481 |   AddScriptFunction_##__LINE__##_##name##()                                                                                  \
      |   ^~~~~~~~~~~~~~~~~~
/home/vitaly/p/Prime-World/pw/branches/r1117/Src/PF_GameLogic/LuaScript.cpp:491:1: note: in expansion of macro ‘ADD_LUA2CPP_FUNCTION’
  491 | ADD_LUA2CPP_FUNCTION(name)                                                                                                   \
      | ^~~~~~~~~~~~~~~~~~~~
/home/vitaly/p/Prime-World/pw/branches/r1117/Src/PF_GameLogic/LuaScript.cpp:512:3: note: in expansion of macro ‘_START_LUA2CPP_FUNCTION_HEAD’
  512 |   _START_LUA2CPP_FUNCTION_HEAD( name, 2 )                                                                                    \
      |   ^~~~~~~~~~~~~~~~~~~~~~~~~~~~
/home/vitaly/p/Prime-World/pw/branches/r1117/Src/PF_GameLogic/LuaScript.cpp:3904:1: note: in expansion of macro ‘START_LUA2CPP_FUNCTION_ARG2’
 3904 | START_LUA2CPP_FUNCTION_ARG2( LuaIsUnitAttackedByObject, const char*, const char*  )
      | ^~~~~~~~~~~~~~~~~~~~~~~~~~~
/home/vitaly/p/Prime-World/pw/branches/r1117/Src/PF_GameLogic/LuaScript.cpp:485:3: error: pasting "addScriptFunction___LINE___LuaIsUnitAttackedByObject" and ";" does not give a valid preprocessing token
  485 | } addScriptFunction_##__LINE__##_##name##;
      |   ^~~~~~~~~~~~~~~~~~
/home/vitaly/p/Prime-World/pw/branches/r1117/Src/PF_GameLogic/LuaScript.cpp:491:1: note: in expansion of macro ‘ADD_LUA2CPP_FUNCTION’
  491 | ADD_LUA2CPP_FUNCTION(name)                                                                                                   \
      | ^~~~~~~~~~~~~~~~~~~~
/home/vitaly/p/Prime-World/pw/branches/r1117/Src/PF_GameLogic/LuaScript.cpp:512:3: note: in expansion of macro ‘_START_LUA2CPP_FUNCTION_HEAD’
  512 |   _START_LUA2CPP_FUNCTION_HEAD( name, 2 )                                                                                    \
      |   ^~~~~~~~~~~~~~~~~~~~~~~~~~~~
/home/vitaly/p/Prime-World/pw/branches/r1117/Src/PF_GameLogic/LuaScript.cpp:3904:1: note: in expansion of macro ‘START_LUA2CPP_FUNCTION_ARG2’
 3904 | START_LUA2CPP_FUNCTION_ARG2( LuaIsUnitAttackedByObject, const char*, const char*  )
      | ^~~~~~~~~~~~~~~~~~~~~~~~~~~
/home/vitaly/p/Prime-World/pw/branches/r1117/Src/PF_GameLogic/LuaScript.cpp:481:3: error: pasting "AddScriptFunction___LINE___LuaCreateGlyph" and "(" does not give a valid preprocessing token
  481 |   AddScriptFunction_##__LINE__##_##name##()                                                                                  \
      |   ^~~~~~~~~~~~~~~~~~
/home/vitaly/p/Prime-World/pw/branches/r1117/Src/PF_GameLogic/LuaScript.cpp:491:1: note: in expansion of macro ‘ADD_LUA2CPP_FUNCTION’
  491 | ADD_LUA2CPP_FUNCTION(name)                                                                                                   \
      | ^~~~~~~~~~~~~~~~~~~~
/home/vitaly/p/Prime-World/pw/branches/r1117/Src/PF_GameLogic/LuaScript.cpp:525:3: note: in expansion of macro ‘_START_LUA2CPP_FUNCTION_HEAD’
  525 |   _START_LUA2CPP_FUNCTION_HEAD( name, 4 )                                                                                    \
      |   ^~~~~~~~~~~~~~~~~~~~~~~~~~~~
/home/vitaly/p/Prime-World/pw/branches/r1117/Src/PF_GameLogic/LuaScript.cpp:3931:1: note: in expansion of macro ‘START_LUA2CPP_FUNCTION_ARG4’
 3931 | START_LUA2CPP_FUNCTION_ARG4( LuaCreateGlyph, const char*, const char*, float, float )
      | ^~~~~~~~~~~~~~~~~~~~~~~~~~~
/home/vitaly/p/Prime-World/pw/branches/r1117/Src/PF_GameLogic/LuaScript.cpp:485:3: error: pasting "addScriptFunction___LINE___LuaCreateGlyph" and ";" does not give a valid preprocessing token
  485 | } addScriptFunction_##__LINE__##_##name##;
      |   ^~~~~~~~~~~~~~~~~~
/home/vitaly/p/Prime-World/pw/branches/r1117/Src/PF_GameLogic/LuaScript.cpp:491:1: note: in expansion of macro ‘ADD_LUA2CPP_FUNCTION’
  491 | ADD_LUA2CPP_FUNCTION(name)                                                                                                   \
      | ^~~~~~~~~~~~~~~~~~~~
/home/vitaly/p/Prime-World/pw/branches/r1117/Src/PF_GameLogic/LuaScript.cpp:525:3: note: in expansion of macro ‘_START_LUA2CPP_FUNCTION_HEAD’
  525 |   _START_LUA2CPP_FUNCTION_HEAD( name, 4 )                                                                                    \
      |   ^~~~~~~~~~~~~~~~~~~~~~~~~~~~
/home/vitaly/p/Prime-World/pw/branches/r1117/Src/PF_GameLogic/LuaScript.cpp:3931:1: note: in expansion of macro ‘START_LUA2CPP_FUNCTION_ARG4’
 3931 | START_LUA2CPP_FUNCTION_ARG4( LuaCreateGlyph, const char*, const char*, float, float )
      | ^~~~~~~~~~~~~~~~~~~~~~~~~~~
/home/vitaly/p/Prime-World/pw/branches/r1117/Src/PF_GameLogic/LuaScript.cpp:481:3: error: pasting "AddScriptFunction___LINE___LuaEnableGlyph" and "(" does not give a valid preprocessing token
  481 |   AddScriptFunction_##__LINE__##_##name##()                                                                                  \
      |   ^~~~~~~~~~~~~~~~~~
/home/vitaly/p/Prime-World/pw/branches/r1117/Src/PF_GameLogic/LuaScript.cpp:491:1: note: in expansion of macro ‘ADD_LUA2CPP_FUNCTION’
  491 | ADD_LUA2CPP_FUNCTION(name)                                                                                                   \
      | ^~~~~~~~~~~~~~~~~~~~
/home/vitaly/p/Prime-World/pw/branches/r1117/Src/PF_GameLogic/LuaScript.cpp:512:3: note: in expansion of macro ‘_START_LUA2CPP_FUNCTION_HEAD’
  512 |   _START_LUA2CPP_FUNCTION_HEAD( name, 2 )                                                                                    \
      |   ^~~~~~~~~~~~~~~~~~~~~~~~~~~~
/home/vitaly/p/Prime-World/pw/branches/r1117/Src/PF_GameLogic/LuaScript.cpp:3945:1: note: in expansion of macro ‘START_LUA2CPP_FUNCTION_ARG2’
 3945 | START_LUA2CPP_FUNCTION_ARG2( LuaEnableGlyph, const char*, bool )
      | ^~~~~~~~~~~~~~~~~~~~~~~~~~~
/home/vitaly/p/Prime-World/pw/branches/r1117/Src/PF_GameLogic/LuaScript.cpp:485:3: error: pasting "addScriptFunction___LINE___LuaEnableGlyph" and ";" does not give a valid preprocessing token
  485 | } addScriptFunction_##__LINE__##_##name##;
      |   ^~~~~~~~~~~~~~~~~~
/home/vitaly/p/Prime-World/pw/branches/r1117/Src/PF_GameLogic/LuaScript.cpp:491:1: note: in expansion of macro ‘ADD_LUA2CPP_FUNCTION’
  491 | ADD_LUA2CPP_FUNCTION(name)                                                                                                   \
      | ^~~~~~~~~~~~~~~~~~~~
/home/vitaly/p/Prime-World/pw/branches/r1117/Src/PF_GameLogic/LuaScript.cpp:512:3: note: in expansion of macro ‘_START_LUA2CPP_FUNCTION_HEAD’
  512 |   _START_LUA2CPP_FUNCTION_HEAD( name, 2 )                                                                                    \
      |   ^~~~~~~~~~~~~~~~~~~~~~~~~~~~
/home/vitaly/p/Prime-World/pw/branches/r1117/Src/PF_GameLogic/LuaScript.cpp:3945:1: note: in expansion of macro ‘START_LUA2CPP_FUNCTION_ARG2’
 3945 | START_LUA2CPP_FUNCTION_ARG2( LuaEnableGlyph, const char*, bool )
      | ^~~~~~~~~~~~~~~~~~~~~~~~~~~
/home/vitaly/p/Prime-World/pw/branches/r1117/Src/PF_GameLogic/LuaScript.cpp:481:3: error: pasting "AddScriptFunction___LINE___LuaIsObjectExists" and "(" does not give a valid preprocessing token
  481 |   AddScriptFunction_##__LINE__##_##name##()                                                                                  \
      |   ^~~~~~~~~~~~~~~~~~
/home/vitaly/p/Prime-World/pw/branches/r1117/Src/PF_GameLogic/LuaScript.cpp:491:1: note: in expansion of macro ‘ADD_LUA2CPP_FUNCTION’
  491 | ADD_LUA2CPP_FUNCTION(name)                                                                                                   \
      | ^~~~~~~~~~~~~~~~~~~~
/home/vitaly/p/Prime-World/pw/branches/r1117/Src/PF_GameLogic/LuaScript.cpp:507:3: note: in expansion of macro ‘_START_LUA2CPP_FUNCTION_HEAD’
  507 |   _START_LUA2CPP_FUNCTION_HEAD( name, 1 )                                                                                    \
      |   ^~~~~~~~~~~~~~~~~~~~~~~~~~~~
/home/vitaly/p/Prime-World/pw/branches/r1117/Src/PF_GameLogic/LuaScript.cpp:3956:1: note: in expansion of macro ‘START_LUA2CPP_FUNCTION_ARG1’
 3956 | START_LUA2CPP_FUNCTION_ARG1( LuaIsObjectExists, const char* )
      | ^~~~~~~~~~~~~~~~~~~~~~~~~~~
/home/vitaly/p/Prime-World/pw/branches/r1117/Src/PF_GameLogic/LuaScript.cpp:485:3: error: pasting "addScriptFunction___LINE___LuaIsObjectExists" and ";" does not give a valid preprocessing token
  485 | } addScriptFunction_##__LINE__##_##name##;
      |   ^~~~~~~~~~~~~~~~~~
/home/vitaly/p/Prime-World/pw/branches/r1117/Src/PF_GameLogic/LuaScript.cpp:491:1: note: in expansion of macro ‘ADD_LUA2CPP_FUNCTION’
  491 | ADD_LUA2CPP_FUNCTION(name)                                                                                                   \
      | ^~~~~~~~~~~~~~~~~~~~
/home/vitaly/p/Prime-World/pw/branches/r1117/Src/PF_GameLogic/LuaScript.cpp:507:3: note: in expansion of macro ‘_START_LUA2CPP_FUNCTION_HEAD’
  507 |   _START_LUA2CPP_FUNCTION_HEAD( name, 1 )                                                                                    \
      |   ^~~~~~~~~~~~~~~~~~~~~~~~~~~~
/home/vitaly/p/Prime-World/pw/branches/r1117/Src/PF_GameLogic/LuaScript.cpp:3956:1: note: in expansion of macro ‘START_LUA2CPP_FUNCTION_ARG1’
 3956 | START_LUA2CPP_FUNCTION_ARG1( LuaIsObjectExists, const char* )
      | ^~~~~~~~~~~~~~~~~~~~~~~~~~~
/home/vitaly/p/Prime-World/pw/branches/r1117/Src/PF_GameLogic/LuaScript.cpp:481:3: error: pasting "AddScriptFunction___LINE___LuaAddHeroToInfoPanel" and "(" does not give a valid preprocessing token
  481 |   AddScriptFunction_##__LINE__##_##name##()                                                                                  \
      |   ^~~~~~~~~~~~~~~~~~
/home/vitaly/p/Prime-World/pw/branches/r1117/Src/PF_GameLogic/LuaScript.cpp:491:1: note: in expansion of macro ‘ADD_LUA2CPP_FUNCTION’
  491 | ADD_LUA2CPP_FUNCTION(name)                                                                                                   \
      | ^~~~~~~~~~~~~~~~~~~~
/home/vitaly/p/Prime-World/pw/branches/r1117/Src/PF_GameLogic/LuaScript.cpp:507:3: note: in expansion of macro ‘_START_LUA2CPP_FUNCTION_HEAD’
  507 |   _START_LUA2CPP_FUNCTION_HEAD( name, 1 )                                                                                    \
      |   ^~~~~~~~~~~~~~~~~~~~~~~~~~~~
/home/vitaly/p/Prime-World/pw/branches/r1117/Src/PF_GameLogic/LuaScript.cpp:3966:1: note: in expansion of macro ‘START_LUA2CPP_FUNCTION_ARG1’
 3966 | START_LUA2CPP_FUNCTION_ARG1( LuaAddHeroToInfoPanel, const char* )
      | ^~~~~~~~~~~~~~~~~~~~~~~~~~~
/home/vitaly/p/Prime-World/pw/branches/r1117/Src/PF_GameLogic/LuaScript.cpp:485:3: error: pasting "addScriptFunction___LINE___LuaAddHeroToInfoPanel" and ";" does not give a valid preprocessing token
  485 | } addScriptFunction_##__LINE__##_##name##;
      |   ^~~~~~~~~~~~~~~~~~
/home/vitaly/p/Prime-World/pw/branches/r1117/Src/PF_GameLogic/LuaScript.cpp:491:1: note: in expansion of macro ‘ADD_LUA2CPP_FUNCTION’
  491 | ADD_LUA2CPP_FUNCTION(name)                                                                                                   \
      | ^~~~~~~~~~~~~~~~~~~~
/home/vitaly/p/Prime-World/pw/branches/r1117/Src/PF_GameLogic/LuaScript.cpp:507:3: note: in expansion of macro ‘_START_LUA2CPP_FUNCTION_HEAD’
  507 |   _START_LUA2CPP_FUNCTION_HEAD( name, 1 )                                                                                    \
      |   ^~~~~~~~~~~~~~~~~~~~~~~~~~~~
/home/vitaly/p/Prime-World/pw/branches/r1117/Src/PF_GameLogic/LuaScript.cpp:3966:1: note: in expansion of macro ‘START_LUA2CPP_FUNCTION_ARG1’
 3966 | START_LUA2CPP_FUNCTION_ARG1( LuaAddHeroToInfoPanel, const char* )
      | ^~~~~~~~~~~~~~~~~~~~~~~~~~~
/home/vitaly/p/Prime-World/pw/branches/r1117/Src/PF_GameLogic/LuaScript.cpp:481:3: error: pasting "AddScriptFunction___LINE___LuaFadeScene" and "(" does not give a valid preprocessing token
  481 |   AddScriptFunction_##__LINE__##_##name##()                                                                                  \
      |   ^~~~~~~~~~~~~~~~~~
/home/vitaly/p/Prime-World/pw/branches/r1117/Src/PF_GameLogic/LuaScript.cpp:491:1: note: in expansion of macro ‘ADD_LUA2CPP_FUNCTION’
  491 | ADD_LUA2CPP_FUNCTION(name)                                                                                                   \
      | ^~~~~~~~~~~~~~~~~~~~
/home/vitaly/p/Prime-World/pw/branches/r1117/Src/PF_GameLogic/LuaScript.cpp:512:3: note: in expansion of macro ‘_START_LUA2CPP_FUNCTION_HEAD’
  512 |   _START_LUA2CPP_FUNCTION_HEAD( name, 2 )                                                                                    \
      |   ^~~~~~~~~~~~~~~~~~~~~~~~~~~~
/home/vitaly/p/Prime-World/pw/branches/r1117/Src/PF_GameLogic/LuaScript.cpp:3978:1: note: in expansion of macro ‘START_LUA2CPP_FUNCTION_ARG2’
 3978 | START_LUA2CPP_FUNCTION_ARG2( LuaFadeScene, int, float )
      | ^~~~~~~~~~~~~~~~~~~~~~~~~~~
/home/vitaly/p/Prime-World/pw/branches/r1117/Src/PF_GameLogic/LuaScript.cpp:485:3: error: pasting "addScriptFunction___LINE___LuaFadeScene" and ";" does not give a valid preprocessing token
  485 | } addScriptFunction_##__LINE__##_##name##;
      |   ^~~~~~~~~~~~~~~~~~
/home/vitaly/p/Prime-World/pw/branches/r1117/Src/PF_GameLogic/LuaScript.cpp:491:1: note: in expansion of macro ‘ADD_LUA2CPP_FUNCTION’
  491 | ADD_LUA2CPP_FUNCTION(name)                                                                                                   \
      | ^~~~~~~~~~~~~~~~~~~~
/home/vitaly/p/Prime-World/pw/branches/r1117/Src/PF_GameLogic/LuaScript.cpp:512:3: note: in expansion of macro ‘_START_LUA2CPP_FUNCTION_HEAD’
  512 |   _START_LUA2CPP_FUNCTION_HEAD( name, 2 )                                                                                    \
      |   ^~~~~~~~~~~~~~~~~~~~~~~~~~~~
/home/vitaly/p/Prime-World/pw/branches/r1117/Src/PF_GameLogic/LuaScript.cpp:3978:1: note: in expansion of macro ‘START_LUA2CPP_FUNCTION_ARG2’
 3978 | START_LUA2CPP_FUNCTION_ARG2( LuaFadeScene, int, float )
      | ^~~~~~~~~~~~~~~~~~~~~~~~~~~
/home/vitaly/p/Prime-World/pw/branches/r1117/Src/PF_GameLogic/LuaScript.cpp:481:3: error: pasting "AddScriptFunction___LINE___LuaSetCreepBasePlace" and "(" does not give a valid preprocessing token
  481 |   AddScriptFunction_##__LINE__##_##name##()                                                                                  \
      |   ^~~~~~~~~~~~~~~~~~
/home/vitaly/p/Prime-World/pw/branches/r1117/Src/PF_GameLogic/LuaScript.cpp:491:1: note: in expansion of macro ‘ADD_LUA2CPP_FUNCTION’
  491 | ADD_LUA2CPP_FUNCTION(name)                                                                                                   \
      | ^~~~~~~~~~~~~~~~~~~~
/home/vitaly/p/Prime-World/pw/branches/r1117/Src/PF_GameLogic/LuaScript.cpp:518:3: note: in expansion of macro ‘_START_LUA2CPP_FUNCTION_HEAD’
  518 |   _START_LUA2CPP_FUNCTION_HEAD( name, 3 )                                                                                    \
      |   ^~~~~~~~~~~~~~~~~~~~~~~~~~~~
/home/vitaly/p/Prime-World/pw/branches/r1117/Src/PF_GameLogic/LuaScript.cpp:3988:1: note: in expansion of macro ‘START_LUA2CPP_FUNCTION_ARG3’
 3988 | START_LUA2CPP_FUNCTION_ARG3( LuaSetCreepBasePlace, const char*, float, float )
      | ^~~~~~~~~~~~~~~~~~~~~~~~~~~
/home/vitaly/p/Prime-World/pw/branches/r1117/Src/PF_GameLogic/LuaScript.cpp:485:3: error: pasting "addScriptFunction___LINE___LuaSetCreepBasePlace" and ";" does not give a valid preprocessing token
  485 | } addScriptFunction_##__LINE__##_##name##;
      |   ^~~~~~~~~~~~~~~~~~
/home/vitaly/p/Prime-World/pw/branches/r1117/Src/PF_GameLogic/LuaScript.cpp:491:1: note: in expansion of macro ‘ADD_LUA2CPP_FUNCTION’
  491 | ADD_LUA2CPP_FUNCTION(name)                                                                                                   \
      | ^~~~~~~~~~~~~~~~~~~~
/home/vitaly/p/Prime-World/pw/branches/r1117/Src/PF_GameLogic/LuaScript.cpp:518:3: note: in expansion of macro ‘_START_LUA2CPP_FUNCTION_HEAD’
  518 |   _START_LUA2CPP_FUNCTION_HEAD( name, 3 )                                                                                    \
      |   ^~~~~~~~~~~~~~~~~~~~~~~~~~~~
/home/vitaly/p/Prime-World/pw/branches/r1117/Src/PF_GameLogic/LuaScript.cpp:3988:1: note: in expansion of macro ‘START_LUA2CPP_FUNCTION_ARG3’
 3988 | START_LUA2CPP_FUNCTION_ARG3( LuaSetCreepBasePlace, const char*, float, float )
      | ^~~~~~~~~~~~~~~~~~~~~~~~~~~
/home/vitaly/p/Prime-World/pw/branches/r1117/Src/PF_GameLogic/LuaScript.cpp:481:3: error: pasting "AddScriptFunction___LINE___LuaIsUnitInPolyArea" and "(" does not give a valid preprocessing token
  481 |   AddScriptFunction_##__LINE__##_##name##()                                                                                  \
      |   ^~~~~~~~~~~~~~~~~~
/home/vitaly/p/Prime-World/pw/branches/r1117/Src/PF_GameLogic/LuaScript.cpp:491:1: note: in expansion of macro ‘ADD_LUA2CPP_FUNCTION’
  491 | ADD_LUA2CPP_FUNCTION(name)                                                                                                   \
      | ^~~~~~~~~~~~~~~~~~~~
/home/vitaly/p/Prime-World/pw/branches/r1117/Src/PF_GameLogic/LuaScript.cpp:518:3: note: in expansion of macro ‘_START_LUA2CPP_FUNCTION_HEAD’
  518 |   _START_LUA2CPP_FUNCTION_HEAD( name, 3 )                                                                                    \
      |   ^~~~~~~~~~~~~~~~~~~~~~~~~~~~
/home/vitaly/p/Prime-World/pw/branches/r1117/Src/PF_GameLogic/LuaScript.cpp:4008:1: note: in expansion of macro ‘START_LUA2CPP_FUNCTION_ARG3’
 4008 | START_LUA2CPP_FUNCTION_ARG3( LuaIsUnitInPolyArea, const char*, const char*, const char* )
      | ^~~~~~~~~~~~~~~~~~~~~~~~~~~
/home/vitaly/p/Prime-World/pw/branches/r1117/Src/PF_GameLogic/LuaScript.cpp:485:3: error: pasting "addScriptFunction___LINE___LuaIsUnitInPolyArea" and ";" does not give a valid preprocessing token
  485 | } addScriptFunction_##__LINE__##_##name##;
      |   ^~~~~~~~~~~~~~~~~~
/home/vitaly/p/Prime-World/pw/branches/r1117/Src/PF_GameLogic/LuaScript.cpp:491:1: note: in expansion of macro ‘ADD_LUA2CPP_FUNCTION’
  491 | ADD_LUA2CPP_FUNCTION(name)                                                                                                   \
      | ^~~~~~~~~~~~~~~~~~~~
/home/vitaly/p/Prime-World/pw/branches/r1117/Src/PF_GameLogic/LuaScript.cpp:518:3: note: in expansion of macro ‘_START_LUA2CPP_FUNCTION_HEAD’
  518 |   _START_LUA2CPP_FUNCTION_HEAD( name, 3 )                                                                                    \
      |   ^~~~~~~~~~~~~~~~~~~~~~~~~~~~
/home/vitaly/p/Prime-World/pw/branches/r1117/Src/PF_GameLogic/LuaScript.cpp:4008:1: note: in expansion of macro ‘START_LUA2CPP_FUNCTION_ARG3’
 4008 | START_LUA2CPP_FUNCTION_ARG3( LuaIsUnitInPolyArea, const char*, const char*, const char* )
      | ^~~~~~~~~~~~~~~~~~~~~~~~~~~
/home/vitaly/p/Prime-World/pw/branches/r1117/Src/PF_GameLogic/LuaScript.cpp:481:3: error: pasting "AddScriptFunction___LINE___LuaCreateFlagpoleChain" and "(" does not give a valid preprocessing token
  481 |   AddScriptFunction_##__LINE__##_##name##()                                                                                  \
      |   ^~~~~~~~~~~~~~~~~~
/home/vitaly/p/Prime-World/pw/branches/r1117/Src/PF_GameLogic/LuaScript.cpp:491:1: note: in expansion of macro ‘ADD_LUA2CPP_FUNCTION’
  491 | ADD_LUA2CPP_FUNCTION(name)                                                                                                   \
      | ^~~~~~~~~~~~~~~~~~~~
/home/vitaly/p/Prime-World/pw/branches/r1117/Src/PF_GameLogic/LuaScript.cpp:512:3: note: in expansion of macro ‘_START_LUA2CPP_FUNCTION_HEAD’
  512 |   _START_LUA2CPP_FUNCTION_HEAD( name, 2 )                                                                                    \
      |   ^~~~~~~~~~~~~~~~~~~~~~~~~~~~
/home/vitaly/p/Prime-World/pw/branches/r1117/Src/PF_GameLogic/LuaScript.cpp:4029:1: note: in expansion of macro ‘START_LUA2CPP_FUNCTION_ARG2’
 4029 | START_LUA2CPP_FUNCTION_ARG2( LuaCreateFlagpoleChain, const char*, vector<const char*> )
      | ^~~~~~~~~~~~~~~~~~~~~~~~~~~
/home/vitaly/p/Prime-World/pw/branches/r1117/Src/PF_GameLogic/LuaScript.cpp:485:3: error: pasting "addScriptFunction___LINE___LuaCreateFlagpoleChain" and ";" does not give a valid preprocessing token
  485 | } addScriptFunction_##__LINE__##_##name##;
      |   ^~~~~~~~~~~~~~~~~~
/home/vitaly/p/Prime-World/pw/branches/r1117/Src/PF_GameLogic/LuaScript.cpp:491:1: note: in expansion of macro ‘ADD_LUA2CPP_FUNCTION’
  491 | ADD_LUA2CPP_FUNCTION(name)                                                                                                   \
      | ^~~~~~~~~~~~~~~~~~~~
/home/vitaly/p/Prime-World/pw/branches/r1117/Src/PF_GameLogic/LuaScript.cpp:512:3: note: in expansion of macro ‘_START_LUA2CPP_FUNCTION_HEAD’
  512 |   _START_LUA2CPP_FUNCTION_HEAD( name, 2 )                                                                                    \
      |   ^~~~~~~~~~~~~~~~~~~~~~~~~~~~
/home/vitaly/p/Prime-World/pw/branches/r1117/Src/PF_GameLogic/LuaScript.cpp:4029:1: note: in expansion of macro ‘START_LUA2CPP_FUNCTION_ARG2’
 4029 | START_LUA2CPP_FUNCTION_ARG2( LuaCreateFlagpoleChain, const char*, vector<const char*> )
      | ^~~~~~~~~~~~~~~~~~~~~~~~~~~
/home/vitaly/p/Prime-World/pw/branches/r1117/Src/PF_GameLogic/LuaScript.cpp:481:3: error: pasting "AddScriptFunction___LINE___LuaGetRaisedFlagpolesInChain" and "(" does not give a valid preprocessing token
  481 |   AddScriptFunction_##__LINE__##_##name##()                                                                                  \
      |   ^~~~~~~~~~~~~~~~~~
/home/vitaly/p/Prime-World/pw/branches/r1117/Src/PF_GameLogic/LuaScript.cpp:491:1: note: in expansion of macro ‘ADD_LUA2CPP_FUNCTION’
  491 | ADD_LUA2CPP_FUNCTION(name)                                                                                                   \
      | ^~~~~~~~~~~~~~~~~~~~
/home/vitaly/p/Prime-World/pw/branches/r1117/Src/PF_GameLogic/LuaScript.cpp:507:3: note: in expansion of macro ‘_START_LUA2CPP_FUNCTION_HEAD’
  507 |   _START_LUA2CPP_FUNCTION_HEAD( name, 1 )                                                                                    \
      |   ^~~~~~~~~~~~~~~~~~~~~~~~~~~~
/home/vitaly/p/Prime-World/pw/branches/r1117/Src/PF_GameLogic/LuaScript.cpp:4043:1: note: in expansion of macro ‘START_LUA2CPP_FUNCTION_ARG1’
 4043 | START_LUA2CPP_FUNCTION_ARG1( LuaGetRaisedFlagpolesInChain, const char* )
      | ^~~~~~~~~~~~~~~~~~~~~~~~~~~
/home/vitaly/p/Prime-World/pw/branches/r1117/Src/PF_GameLogic/LuaScript.cpp:485:3: error: pasting "addScriptFunction___LINE___LuaGetRaisedFlagpolesInChain" and ";" does not give a valid preprocessing token
  485 | } addScriptFunction_##__LINE__##_##name##;
      |   ^~~~~~~~~~~~~~~~~~
/home/vitaly/p/Prime-World/pw/branches/r1117/Src/PF_GameLogic/LuaScript.cpp:491:1: note: in expansion of macro ‘ADD_LUA2CPP_FUNCTION’
  491 | ADD_LUA2CPP_FUNCTION(name)                                                                                                   \
      | ^~~~~~~~~~~~~~~~~~~~
/home/vitaly/p/Prime-World/pw/branches/r1117/Src/PF_GameLogic/LuaScript.cpp:507:3: note: in expansion of macro ‘_START_LUA2CPP_FUNCTION_HEAD’
  507 |   _START_LUA2CPP_FUNCTION_HEAD( name, 1 )                                                                                    \
      |   ^~~~~~~~~~~~~~~~~~~~~~~~~~~~
/home/vitaly/p/Prime-World/pw/branches/r1117/Src/PF_GameLogic/LuaScript.cpp:4043:1: note: in expansion of macro ‘START_LUA2CPP_FUNCTION_ARG1’
 4043 | START_LUA2CPP_FUNCTION_ARG1( LuaGetRaisedFlagpolesInChain, const char* )
      | ^~~~~~~~~~~~~~~~~~~~~~~~~~~
/home/vitaly/p/Prime-World/pw/branches/r1117/Src/PF_GameLogic/LuaScript.cpp:481:3: error: pasting "AddScriptFunction___LINE___LuaSetRaisedFlagpolesInChain" and "(" does not give a valid preprocessing token
  481 |   AddScriptFunction_##__LINE__##_##name##()                                                                                  \
      |   ^~~~~~~~~~~~~~~~~~
/home/vitaly/p/Prime-World/pw/branches/r1117/Src/PF_GameLogic/LuaScript.cpp:491:1: note: in expansion of macro ‘ADD_LUA2CPP_FUNCTION’
  491 | ADD_LUA2CPP_FUNCTION(name)                                                                                                   \
      | ^~~~~~~~~~~~~~~~~~~~
/home/vitaly/p/Prime-World/pw/branches/r1117/Src/PF_GameLogic/LuaScript.cpp:518:3: note: in expansion of macro ‘_START_LUA2CPP_FUNCTION_HEAD’
  518 |   _START_LUA2CPP_FUNCTION_HEAD( name, 3 )                                                                                    \
      |   ^~~~~~~~~~~~~~~~~~~~~~~~~~~~
/home/vitaly/p/Prime-World/pw/branches/r1117/Src/PF_GameLogic/LuaScript.cpp:4048:1: note: in expansion of macro ‘START_LUA2CPP_FUNCTION_ARG3’
 4048 | START_LUA2CPP_FUNCTION_ARG3( LuaSetRaisedFlagpolesInChain, const char*, int, const char* )
      | ^~~~~~~~~~~~~~~~~~~~~~~~~~~
/home/vitaly/p/Prime-World/pw/branches/r1117/Src/PF_GameLogic/LuaScript.cpp:485:3: error: pasting "addScriptFunction___LINE___LuaSetRaisedFlagpolesInChain" and ";" does not give a valid preprocessing token
  485 | } addScriptFunction_##__LINE__##_##name##;
      |   ^~~~~~~~~~~~~~~~~~
/home/vitaly/p/Prime-World/pw/branches/r1117/Src/PF_GameLogic/LuaScript.cpp:491:1: note: in expansion of macro ‘ADD_LUA2CPP_FUNCTION’
  491 | ADD_LUA2CPP_FUNCTION(name)                                                                                                   \
      | ^~~~~~~~~~~~~~~~~~~~
/home/vitaly/p/Prime-World/pw/branches/r1117/Src/PF_GameLogic/LuaScript.cpp:518:3: note: in expansion of macro ‘_START_LUA2CPP_FUNCTION_HEAD’
  518 |   _START_LUA2CPP_FUNCTION_HEAD( name, 3 )                                                                                    \
      |   ^~~~~~~~~~~~~~~~~~~~~~~~~~~~
/home/vitaly/p/Prime-World/pw/branches/r1117/Src/PF_GameLogic/LuaScript.cpp:4048:1: note: in expansion of macro ‘START_LUA2CPP_FUNCTION_ARG3’
 4048 | START_LUA2CPP_FUNCTION_ARG3( LuaSetRaisedFlagpolesInChain, const char*, int, const char* )
      | ^~~~~~~~~~~~~~~~~~~~~~~~~~~
/home/vitaly/p/Prime-World/pw/branches/r1117/Src/PF_GameLogic/LuaScript.cpp:481:3: error: pasting "AddScriptFunction___LINE___LuaSetNatureProgress" and "(" does not give a valid preprocessing token
  481 |   AddScriptFunction_##__LINE__##_##name##()                                                                                  \
      |   ^~~~~~~~~~~~~~~~~~
/home/vitaly/p/Prime-World/pw/branches/r1117/Src/PF_GameLogic/LuaScript.cpp:491:1: note: in expansion of macro ‘ADD_LUA2CPP_FUNCTION’
  491 | ADD_LUA2CPP_FUNCTION(name)                                                                                                   \
      | ^~~~~~~~~~~~~~~~~~~~
/home/vitaly/p/Prime-World/pw/branches/r1117/Src/PF_GameLogic/LuaScript.cpp:512:3: note: in expansion of macro ‘_START_LUA2CPP_FUNCTION_HEAD’
  512 |   _START_LUA2CPP_FUNCTION_HEAD( name, 2 )                                                                                    \
      |   ^~~~~~~~~~~~~~~~~~~~~~~~~~~~
/home/vitaly/p/Prime-World/pw/branches/r1117/Src/PF_GameLogic/LuaScript.cpp:4055:1: note: in expansion of macro ‘START_LUA2CPP_FUNCTION_ARG2’
 4055 | START_LUA2CPP_FUNCTION_ARG2( LuaSetNatureProgress, float, float )
      | ^~~~~~~~~~~~~~~~~~~~~~~~~~~
/home/vitaly/p/Prime-World/pw/branches/r1117/Src/PF_GameLogic/LuaScript.cpp:485:3: error: pasting "addScriptFunction___LINE___LuaSetNatureProgress" and ";" does not give a valid preprocessing token
  485 | } addScriptFunction_##__LINE__##_##name##;
      |   ^~~~~~~~~~~~~~~~~~
/home/vitaly/p/Prime-World/pw/branches/r1117/Src/PF_GameLogic/LuaScript.cpp:491:1: note: in expansion of macro ‘ADD_LUA2CPP_FUNCTION’
  491 | ADD_LUA2CPP_FUNCTION(name)                                                                                                   \
      | ^~~~~~~~~~~~~~~~~~~~
/home/vitaly/p/Prime-World/pw/branches/r1117/Src/PF_GameLogic/LuaScript.cpp:512:3: note: in expansion of macro ‘_START_LUA2CPP_FUNCTION_HEAD’
  512 |   _START_LUA2CPP_FUNCTION_HEAD( name, 2 )                                                                                    \
      |   ^~~~~~~~~~~~~~~~~~~~~~~~~~~~
/home/vitaly/p/Prime-World/pw/branches/r1117/Src/PF_GameLogic/LuaScript.cpp:4055:1: note: in expansion of macro ‘START_LUA2CPP_FUNCTION_ARG2’
 4055 | START_LUA2CPP_FUNCTION_ARG2( LuaSetNatureProgress, float, float )
      | ^~~~~~~~~~~~~~~~~~~~~~~~~~~
/home/vitaly/p/Prime-World/pw/branches/r1117/Src/PF_GameLogic/LuaScript.cpp:481:3: error: pasting "AddScriptFunction___LINE___LuaCreateZombieById" and "(" does not give a valid preprocessing token
  481 |   AddScriptFunction_##__LINE__##_##name##()                                                                                  \
      |   ^~~~~~~~~~~~~~~~~~
/home/vitaly/p/Prime-World/pw/branches/r1117/Src/PF_GameLogic/LuaScript.cpp:491:1: note: in expansion of macro ‘ADD_LUA2CPP_FUNCTION’
  491 | ADD_LUA2CPP_FUNCTION(name)                                                                                                   \
      | ^~~~~~~~~~~~~~~~~~~~
/home/vitaly/p/Prime-World/pw/branches/r1117/Src/PF_GameLogic/LuaScript.cpp:518:3: note: in expansion of macro ‘_START_LUA2CPP_FUNCTION_HEAD’
  518 |   _START_LUA2CPP_FUNCTION_HEAD( name, 3 )                                                                                    \
      |   ^~~~~~~~~~~~~~~~~~~~~~~~~~~~
/home/vitaly/p/Prime-World/pw/branches/r1117/Src/PF_GameLogic/LuaScript.cpp:4084:1: note: in expansion of macro ‘START_LUA2CPP_FUNCTION_ARG3’
 4084 | START_LUA2CPP_FUNCTION_ARG3( LuaCreateZombieById, int, const char*, int )
      | ^~~~~~~~~~~~~~~~~~~~~~~~~~~
/home/vitaly/p/Prime-World/pw/branches/r1117/Src/PF_GameLogic/LuaScript.cpp:485:3: error: pasting "addScriptFunction___LINE___LuaCreateZombieById" and ";" does not give a valid preprocessing token
  485 | } addScriptFunction_##__LINE__##_##name##;
      |   ^~~~~~~~~~~~~~~~~~
/home/vitaly/p/Prime-World/pw/branches/r1117/Src/PF_GameLogic/LuaScript.cpp:491:1: note: in expansion of macro ‘ADD_LUA2CPP_FUNCTION’
  491 | ADD_LUA2CPP_FUNCTION(name)                                                                                                   \
      | ^~~~~~~~~~~~~~~~~~~~
/home/vitaly/p/Prime-World/pw/branches/r1117/Src/PF_GameLogic/LuaScript.cpp:518:3: note: in expansion of macro ‘_START_LUA2CPP_FUNCTION_HEAD’
  518 |   _START_LUA2CPP_FUNCTION_HEAD( name, 3 )                                                                                    \
      |   ^~~~~~~~~~~~~~~~~~~~~~~~~~~~
/home/vitaly/p/Prime-World/pw/branches/r1117/Src/PF_GameLogic/LuaScript.cpp:4084:1: note: in expansion of macro ‘START_LUA2CPP_FUNCTION_ARG3’
 4084 | START_LUA2CPP_FUNCTION_ARG3( LuaCreateZombieById, int, const char*, int )
      | ^~~~~~~~~~~~~~~~~~~~~~~~~~~
/home/vitaly/p/Prime-World/pw/branches/r1117/Src/PF_GameLogic/LuaScript.cpp:481:3: error: pasting "AddScriptFunction___LINE___LuaSetCreepBehavior" and "(" does not give a valid preprocessing token
  481 |   AddScriptFunction_##__LINE__##_##name##()                                                                                  \
      |   ^~~~~~~~~~~~~~~~~~
/home/vitaly/p/Prime-World/pw/branches/r1117/Src/PF_GameLogic/LuaScript.cpp:491:1: note: in expansion of macro ‘ADD_LUA2CPP_FUNCTION’
  491 | ADD_LUA2CPP_FUNCTION(name)                                                                                                   \
      | ^~~~~~~~~~~~~~~~~~~~
/home/vitaly/p/Prime-World/pw/branches/r1117/Src/PF_GameLogic/LuaScript.cpp:518:3: note: in expansion of macro ‘_START_LUA2CPP_FUNCTION_HEAD’
  518 |   _START_LUA2CPP_FUNCTION_HEAD( name, 3 )                                                                                    \
      |   ^~~~~~~~~~~~~~~~~~~~~~~~~~~~
/home/vitaly/p/Prime-World/pw/branches/r1117/Src/PF_GameLogic/LuaScript.cpp:4094:1: note: in expansion of macro ‘START_LUA2CPP_FUNCTION_ARG3’
 4094 | START_LUA2CPP_FUNCTION_ARG3( LuaSetCreepBehavior, const char*, const char*, OtherArgs )
      | ^~~~~~~~~~~~~~~~~~~~~~~~~~~
/home/vitaly/p/Prime-World/pw/branches/r1117/Src/PF_GameLogic/LuaScript.cpp:485:3: error: pasting "addScriptFunction___LINE___LuaSetCreepBehavior" and ";" does not give a valid preprocessing token
  485 | } addScriptFunction_##__LINE__##_##name##;
      |   ^~~~~~~~~~~~~~~~~~
/home/vitaly/p/Prime-World/pw/branches/r1117/Src/PF_GameLogic/LuaScript.cpp:491:1: note: in expansion of macro ‘ADD_LUA2CPP_FUNCTION’
  491 | ADD_LUA2CPP_FUNCTION(name)                                                                                                   \
      | ^~~~~~~~~~~~~~~~~~~~
/home/vitaly/p/Prime-World/pw/branches/r1117/Src/PF_GameLogic/LuaScript.cpp:518:3: note: in expansion of macro ‘_START_LUA2CPP_FUNCTION_HEAD’
  518 |   _START_LUA2CPP_FUNCTION_HEAD( name, 3 )                                                                                    \
      |   ^~~~~~~~~~~~~~~~~~~~~~~~~~~~
/home/vitaly/p/Prime-World/pw/branches/r1117/Src/PF_GameLogic/LuaScript.cpp:4094:1: note: in expansion of macro ‘START_LUA2CPP_FUNCTION_ARG3’
 4094 | START_LUA2CPP_FUNCTION_ARG3( LuaSetCreepBehavior, const char*, const char*, OtherArgs )
      | ^~~~~~~~~~~~~~~~~~~~~~~~~~~
/home/vitaly/p/Prime-World/pw/branches/r1117/Src/PF_GameLogic/LuaScript.cpp:481:3: error: pasting "AddScriptFunction___LINE___LuaGetDbid" and "(" does not give a valid preprocessing token
  481 |   AddScriptFunction_##__LINE__##_##name##()                                                                                  \
      |   ^~~~~~~~~~~~~~~~~~
/home/vitaly/p/Prime-World/pw/branches/r1117/Src/PF_GameLogic/LuaScript.cpp:491:1: note: in expansion of macro ‘ADD_LUA2CPP_FUNCTION’
  491 | ADD_LUA2CPP_FUNCTION(name)                                                                                                   \
      | ^~~~~~~~~~~~~~~~~~~~
/home/vitaly/p/Prime-World/pw/branches/r1117/Src/PF_GameLogic/LuaScript.cpp:507:3: note: in expansion of macro ‘_START_LUA2CPP_FUNCTION_HEAD’
  507 |   _START_LUA2CPP_FUNCTION_HEAD( name, 1 )                                                                                    \
      |   ^~~~~~~~~~~~~~~~~~~~~~~~~~~~
/home/vitaly/p/Prime-World/pw/branches/r1117/Src/PF_GameLogic/LuaScript.cpp:4104:1: note: in expansion of macro ‘START_LUA2CPP_FUNCTION_ARG1’
 4104 | START_LUA2CPP_FUNCTION_ARG1(LuaGetDbid, const char*)
      | ^~~~~~~~~~~~~~~~~~~~~~~~~~~
/home/vitaly/p/Prime-World/pw/branches/r1117/Src/PF_GameLogic/LuaScript.cpp:485:3: error: pasting "addScriptFunction___LINE___LuaGetDbid" and ";" does not give a valid preprocessing token
  485 | } addScriptFunction_##__LINE__##_##name##;
      |   ^~~~~~~~~~~~~~~~~~
/home/vitaly/p/Prime-World/pw/branches/r1117/Src/PF_GameLogic/LuaScript.cpp:491:1: note: in expansion of macro ‘ADD_LUA2CPP_FUNCTION’
  491 | ADD_LUA2CPP_FUNCTION(name)                                                                                                   \
      | ^~~~~~~~~~~~~~~~~~~~
/home/vitaly/p/Prime-World/pw/branches/r1117/Src/PF_GameLogic/LuaScript.cpp:507:3: note: in expansion of macro ‘_START_LUA2CPP_FUNCTION_HEAD’
  507 |   _START_LUA2CPP_FUNCTION_HEAD( name, 1 )                                                                                    \
      |   ^~~~~~~~~~~~~~~~~~~~~~~~~~~~
/home/vitaly/p/Prime-World/pw/branches/r1117/Src/PF_GameLogic/LuaScript.cpp:4104:1: note: in expansion of macro ‘START_LUA2CPP_FUNCTION_ARG1’
 4104 | START_LUA2CPP_FUNCTION_ARG1(LuaGetDbid, const char*)
      | ^~~~~~~~~~~~~~~~~~~~~~~~~~~
/home/vitaly/p/Prime-World/pw/branches/r1117/Src/PF_GameLogic/LuaScript.cpp:481:3: error: pasting "AddScriptFunction___LINE___LuaUnitGetDbid" and "(" does not give a valid preprocessing token
  481 |   AddScriptFunction_##__LINE__##_##name##()                                                                                  \
      |   ^~~~~~~~~~~~~~~~~~
/home/vitaly/p/Prime-World/pw/branches/r1117/Src/PF_GameLogic/LuaScript.cpp:491:1: note: in expansion of macro ‘ADD_LUA2CPP_FUNCTION’
  491 | ADD_LUA2CPP_FUNCTION(name)                                                                                                   \
      | ^~~~~~~~~~~~~~~~~~~~
/home/vitaly/p/Prime-World/pw/branches/r1117/Src/PF_GameLogic/LuaScript.cpp:507:3: note: in expansion of macro ‘_START_LUA2CPP_FUNCTION_HEAD’
  507 |   _START_LUA2CPP_FUNCTION_HEAD( name, 1 )                                                                                    \
      |   ^~~~~~~~~~~~~~~~~~~~~~~~~~~~
/home/vitaly/p/Prime-World/pw/branches/r1117/Src/PF_GameLogic/LuaScript.cpp:4109:1: note: in expansion of macro ‘START_LUA2CPP_FUNCTION_ARG1’
 4109 | START_LUA2CPP_FUNCTION_ARG1( LuaUnitGetDbid, const char* )
      | ^~~~~~~~~~~~~~~~~~~~~~~~~~~
/home/vitaly/p/Prime-World/pw/branches/r1117/Src/PF_GameLogic/LuaScript.cpp:485:3: error: pasting "addScriptFunction___LINE___LuaUnitGetDbid" and ";" does not give a valid preprocessing token
  485 | } addScriptFunction_##__LINE__##_##name##;
      |   ^~~~~~~~~~~~~~~~~~
/home/vitaly/p/Prime-World/pw/branches/r1117/Src/PF_GameLogic/LuaScript.cpp:491:1: note: in expansion of macro ‘ADD_LUA2CPP_FUNCTION’
  491 | ADD_LUA2CPP_FUNCTION(name)                                                                                                   \
      | ^~~~~~~~~~~~~~~~~~~~
/home/vitaly/p/Prime-World/pw/branches/r1117/Src/PF_GameLogic/LuaScript.cpp:507:3: note: in expansion of macro ‘_START_LUA2CPP_FUNCTION_HEAD’
  507 |   _START_LUA2CPP_FUNCTION_HEAD( name, 1 )                                                                                    \
      |   ^~~~~~~~~~~~~~~~~~~~~~~~~~~~
/home/vitaly/p/Prime-World/pw/branches/r1117/Src/PF_GameLogic/LuaScript.cpp:4109:1: note: in expansion of macro ‘START_LUA2CPP_FUNCTION_ARG1’
 4109 | START_LUA2CPP_FUNCTION_ARG1( LuaUnitGetDbid, const char* )
      | ^~~~~~~~~~~~~~~~~~~~~~~~~~~
/home/vitaly/p/Prime-World/pw/branches/r1117/Src/PF_GameLogic/LuaScript.cpp:481:3: error: pasting "AddScriptFunction___LINE___LuaMakeUnitLevelupsForTimeDelta" and "(" does not give a valid preprocessing token
  481 |   AddScriptFunction_##__LINE__##_##name##()                                                                                  \
      |   ^~~~~~~~~~~~~~~~~~
/home/vitaly/p/Prime-World/pw/branches/r1117/Src/PF_GameLogic/LuaScript.cpp:491:1: note: in expansion of macro ‘ADD_LUA2CPP_FUNCTION’
  491 | ADD_LUA2CPP_FUNCTION(name)                                                                                                   \
      | ^~~~~~~~~~~~~~~~~~~~
/home/vitaly/p/Prime-World/pw/branches/r1117/Src/PF_GameLogic/LuaScript.cpp:507:3: note: in expansion of macro ‘_START_LUA2CPP_FUNCTION_HEAD’
  507 |   _START_LUA2CPP_FUNCTION_HEAD( name, 1 )                                                                                    \
      |   ^~~~~~~~~~~~~~~~~~~~~~~~~~~~
/home/vitaly/p/Prime-World/pw/branches/r1117/Src/PF_GameLogic/LuaScript.cpp:4152:1: note: in expansion of macro ‘START_LUA2CPP_FUNCTION_ARG1’
 4152 | START_LUA2CPP_FUNCTION_ARG1( LuaMakeUnitLevelupsForTimeDelta, float )
      | ^~~~~~~~~~~~~~~~~~~~~~~~~~~
/home/vitaly/p/Prime-World/pw/branches/r1117/Src/PF_GameLogic/LuaScript.cpp:485:3: error: pasting "addScriptFunction___LINE___LuaMakeUnitLevelupsForTimeDelta" and ";" does not give a valid preprocessing token
  485 | } addScriptFunction_##__LINE__##_##name##;
      |   ^~~~~~~~~~~~~~~~~~
/home/vitaly/p/Prime-World/pw/branches/r1117/Src/PF_GameLogic/LuaScript.cpp:491:1: note: in expansion of macro ‘ADD_LUA2CPP_FUNCTION’
  491 | ADD_LUA2CPP_FUNCTION(name)                                                                                                   \
      | ^~~~~~~~~~~~~~~~~~~~
/home/vitaly/p/Prime-World/pw/branches/r1117/Src/PF_GameLogic/LuaScript.cpp:507:3: note: in expansion of macro ‘_START_LUA2CPP_FUNCTION_HEAD’
  507 |   _START_LUA2CPP_FUNCTION_HEAD( name, 1 )                                                                                    \
      |   ^~~~~~~~~~~~~~~~~~~~~~~~~~~~
/home/vitaly/p/Prime-World/pw/branches/r1117/Src/PF_GameLogic/LuaScript.cpp:4152:1: note: in expansion of macro ‘START_LUA2CPP_FUNCTION_ARG1’
 4152 | START_LUA2CPP_FUNCTION_ARG1( LuaMakeUnitLevelupsForTimeDelta, float )
      | ^~~~~~~~~~~~~~~~~~~~~~~~~~~
/home/vitaly/p/Prime-World/pw/branches/r1117/Src/PF_GameLogic/LuaScript.cpp:481:3: error: pasting "AddScriptFunction___LINE___LuaPlaceMinimapIcon" and "(" does not give a valid preprocessing token
  481 |   AddScriptFunction_##__LINE__##_##name##()                                                                                  \
      |   ^~~~~~~~~~~~~~~~~~
/home/vitaly/p/Prime-World/pw/branches/r1117/Src/PF_GameLogic/LuaScript.cpp:491:1: note: in expansion of macro ‘ADD_LUA2CPP_FUNCTION’
  491 | ADD_LUA2CPP_FUNCTION(name)                                                                                                   \
      | ^~~~~~~~~~~~~~~~~~~~
/home/vitaly/p/Prime-World/pw/branches/r1117/Src/PF_GameLogic/LuaScript.cpp:533:3: note: in expansion of macro ‘_START_LUA2CPP_FUNCTION_HEAD’
  533 |   _START_LUA2CPP_FUNCTION_HEAD( name, 5 )                                                                                    \
      |   ^~~~~~~~~~~~~~~~~~~~~~~~~~~~
/home/vitaly/p/Prime-World/pw/branches/r1117/Src/PF_GameLogic/LuaScript.cpp:4159:1: note: in expansion of macro ‘START_LUA2CPP_FUNCTION_ARG5’
 4159 | START_LUA2CPP_FUNCTION_ARG5( LuaPlaceMinimapIcon, const char*, int, float, float, int )
      | ^~~~~~~~~~~~~~~~~~~~~~~~~~~
/home/vitaly/p/Prime-World/pw/branches/r1117/Src/PF_GameLogic/LuaScript.cpp:485:3: error: pasting "addScriptFunction___LINE___LuaPlaceMinimapIcon" and ";" does not give a valid preprocessing token
  485 | } addScriptFunction_##__LINE__##_##name##;
      |   ^~~~~~~~~~~~~~~~~~
/home/vitaly/p/Prime-World/pw/branches/r1117/Src/PF_GameLogic/LuaScript.cpp:491:1: note: in expansion of macro ‘ADD_LUA2CPP_FUNCTION’
  491 | ADD_LUA2CPP_FUNCTION(name)                                                                                                   \
      | ^~~~~~~~~~~~~~~~~~~~
/home/vitaly/p/Prime-World/pw/branches/r1117/Src/PF_GameLogic/LuaScript.cpp:533:3: note: in expansion of macro ‘_START_LUA2CPP_FUNCTION_HEAD’
  533 |   _START_LUA2CPP_FUNCTION_HEAD( name, 5 )                                                                                    \
      |   ^~~~~~~~~~~~~~~~~~~~~~~~~~~~
/home/vitaly/p/Prime-World/pw/branches/r1117/Src/PF_GameLogic/LuaScript.cpp:4159:1: note: in expansion of macro ‘START_LUA2CPP_FUNCTION_ARG5’
 4159 | START_LUA2CPP_FUNCTION_ARG5( LuaPlaceMinimapIcon, const char*, int, float, float, int )
      | ^~~~~~~~~~~~~~~~~~~~~~~~~~~
/home/vitaly/p/Prime-World/pw/branches/r1117/Src/PF_GameLogic/LuaScript.cpp:481:3: error: pasting "AddScriptFunction___LINE___LuaRemoveMinimapIcon" and "(" does not give a valid preprocessing token
  481 |   AddScriptFunction_##__LINE__##_##name##()                                                                                  \
      |   ^~~~~~~~~~~~~~~~~~
/home/vitaly/p/Prime-World/pw/branches/r1117/Src/PF_GameLogic/LuaScript.cpp:491:1: note: in expansion of macro ‘ADD_LUA2CPP_FUNCTION’
  491 | ADD_LUA2CPP_FUNCTION(name)                                                                                                   \
      | ^~~~~~~~~~~~~~~~~~~~
/home/vitaly/p/Prime-World/pw/branches/r1117/Src/PF_GameLogic/LuaScript.cpp:507:3: note: in expansion of macro ‘_START_LUA2CPP_FUNCTION_HEAD’
  507 |   _START_LUA2CPP_FUNCTION_HEAD( name, 1 )                                                                                    \
      |   ^~~~~~~~~~~~~~~~~~~~~~~~~~~~
/home/vitaly/p/Prime-World/pw/branches/r1117/Src/PF_GameLogic/LuaScript.cpp:4174:1: note: in expansion of macro ‘START_LUA2CPP_FUNCTION_ARG1’
 4174 | START_LUA2CPP_FUNCTION_ARG1( LuaRemoveMinimapIcon, const char* )
      | ^~~~~~~~~~~~~~~~~~~~~~~~~~~
/home/vitaly/p/Prime-World/pw/branches/r1117/Src/PF_GameLogic/LuaScript.cpp:485:3: error: pasting "addScriptFunction___LINE___LuaRemoveMinimapIcon" and ";" does not give a valid preprocessing token
  485 | } addScriptFunction_##__LINE__##_##name##;
      |   ^~~~~~~~~~~~~~~~~~
/home/vitaly/p/Prime-World/pw/branches/r1117/Src/PF_GameLogic/LuaScript.cpp:491:1: note: in expansion of macro ‘ADD_LUA2CPP_FUNCTION’
  491 | ADD_LUA2CPP_FUNCTION(name)                                                                                                   \
      | ^~~~~~~~~~~~~~~~~~~~
/home/vitaly/p/Prime-World/pw/branches/r1117/Src/PF_GameLogic/LuaScript.cpp:507:3: note: in expansion of macro ‘_START_LUA2CPP_FUNCTION_HEAD’
  507 |   _START_LUA2CPP_FUNCTION_HEAD( name, 1 )                                                                                    \
      |   ^~~~~~~~~~~~~~~~~~~~~~~~~~~~
/home/vitaly/p/Prime-World/pw/branches/r1117/Src/PF_GameLogic/LuaScript.cpp:4174:1: note: in expansion of macro ‘START_LUA2CPP_FUNCTION_ARG1’
 4174 | START_LUA2CPP_FUNCTION_ARG1( LuaRemoveMinimapIcon, const char* )
      | ^~~~~~~~~~~~~~~~~~~~~~~~~~~
/home/vitaly/p/Prime-World/pw/branches/r1117/Src/PF_GameLogic/LuaScript.cpp:481:3: error: pasting "AddScriptFunction___LINE___LuaHeroIsCloneById" and "(" does not give a valid preprocessing token
  481 |   AddScriptFunction_##__LINE__##_##name##()                                                                                  \
      |   ^~~~~~~~~~~~~~~~~~
/home/vitaly/p/Prime-World/pw/branches/r1117/Src/PF_GameLogic/LuaScript.cpp:491:1: note: in expansion of macro ‘ADD_LUA2CPP_FUNCTION’
  491 | ADD_LUA2CPP_FUNCTION(name)                                                                                                   \
      | ^~~~~~~~~~~~~~~~~~~~
/home/vitaly/p/Prime-World/pw/branches/r1117/Src/PF_GameLogic/LuaScript.cpp:507:3: note: in expansion of macro ‘_START_LUA2CPP_FUNCTION_HEAD’
  507 |   _START_LUA2CPP_FUNCTION_HEAD( name, 1 )                                                                                    \
      |   ^~~~~~~~~~~~~~~~~~~~~~~~~~~~
/home/vitaly/p/Prime-World/pw/branches/r1117/Src/PF_GameLogic/LuaScript.cpp:4180:1: note: in expansion of macro ‘START_LUA2CPP_FUNCTION_ARG1’
 4180 | START_LUA2CPP_FUNCTION_ARG1( LuaHeroIsCloneById, int )
      | ^~~~~~~~~~~~~~~~~~~~~~~~~~~
/home/vitaly/p/Prime-World/pw/branches/r1117/Src/PF_GameLogic/LuaScript.cpp:485:3: error: pasting "addScriptFunction___LINE___LuaHeroIsCloneById" and ";" does not give a valid preprocessing token
  485 | } addScriptFunction_##__LINE__##_##name##;
      |   ^~~~~~~~~~~~~~~~~~
/home/vitaly/p/Prime-World/pw/branches/r1117/Src/PF_GameLogic/LuaScript.cpp:491:1: note: in expansion of macro ‘ADD_LUA2CPP_FUNCTION’
  491 | ADD_LUA2CPP_FUNCTION(name)                                                                                                   \
      | ^~~~~~~~~~~~~~~~~~~~
/home/vitaly/p/Prime-World/pw/branches/r1117/Src/PF_GameLogic/LuaScript.cpp:507:3: note: in expansion of macro ‘_START_LUA2CPP_FUNCTION_HEAD’
  507 |   _START_LUA2CPP_FUNCTION_HEAD( name, 1 )                                                                                    \
      |   ^~~~~~~~~~~~~~~~~~~~~~~~~~~~
/home/vitaly/p/Prime-World/pw/branches/r1117/Src/PF_GameLogic/LuaScript.cpp:4180:1: note: in expansion of macro ‘START_LUA2CPP_FUNCTION_ARG1’
 4180 | START_LUA2CPP_FUNCTION_ARG1( LuaHeroIsCloneById, int )
      | ^~~~~~~~~~~~~~~~~~~~~~~~~~~
/home/vitaly/p/Prime-World/pw/branches/r1117/Src/PF_GameLogic/LuaScript.cpp:481:3: error: pasting "AddScriptFunction___LINE___LuaUnitIsIdle" and "(" does not give a valid preprocessing token
  481 |   AddScriptFunction_##__LINE__##_##name##()                                                                                  \
      |   ^~~~~~~~~~~~~~~~~~
/home/vitaly/p/Prime-World/pw/branches/r1117/Src/PF_GameLogic/LuaScript.cpp:491:1: note: in expansion of macro ‘ADD_LUA2CPP_FUNCTION’
  491 | ADD_LUA2CPP_FUNCTION(name)                                                                                                   \
      | ^~~~~~~~~~~~~~~~~~~~
/home/vitaly/p/Prime-World/pw/branches/r1117/Src/PF_GameLogic/LuaScript.cpp:507:3: note: in expansion of macro ‘_START_LUA2CPP_FUNCTION_HEAD’
  507 |   _START_LUA2CPP_FUNCTION_HEAD( name, 1 )                                                                                    \
      |   ^~~~~~~~~~~~~~~~~~~~~~~~~~~~
/home/vitaly/p/Prime-World/pw/branches/r1117/Src/PF_GameLogic/LuaScript.cpp:4191:1: note: in expansion of macro ‘START_LUA2CPP_FUNCTION_ARG1’
 4191 | START_LUA2CPP_FUNCTION_ARG1( LuaUnitIsIdle, const char* )
      | ^~~~~~~~~~~~~~~~~~~~~~~~~~~
/home/vitaly/p/Prime-World/pw/branches/r1117/Src/PF_GameLogic/LuaScript.cpp:485:3: error: pasting "addScriptFunction___LINE___LuaUnitIsIdle" and ";" does not give a valid preprocessing token
  485 | } addScriptFunction_##__LINE__##_##name##;
      |   ^~~~~~~~~~~~~~~~~~
/home/vitaly/p/Prime-World/pw/branches/r1117/Src/PF_GameLogic/LuaScript.cpp:491:1: note: in expansion of macro ‘ADD_LUA2CPP_FUNCTION’
  491 | ADD_LUA2CPP_FUNCTION(name)                                                                                                   \
      | ^~~~~~~~~~~~~~~~~~~~
/home/vitaly/p/Prime-World/pw/branches/r1117/Src/PF_GameLogic/LuaScript.cpp:507:3: note: in expansion of macro ‘_START_LUA2CPP_FUNCTION_HEAD’
  507 |   _START_LUA2CPP_FUNCTION_HEAD( name, 1 )                                                                                    \
      |   ^~~~~~~~~~~~~~~~~~~~~~~~~~~~
/home/vitaly/p/Prime-World/pw/branches/r1117/Src/PF_GameLogic/LuaScript.cpp:4191:1: note: in expansion of macro ‘START_LUA2CPP_FUNCTION_ARG1’
 4191 | START_LUA2CPP_FUNCTION_ARG1( LuaUnitIsIdle, const char* )
      | ^~~~~~~~~~~~~~~~~~~~~~~~~~~
/home/vitaly/p/Prime-World/pw/branches/r1117/Src/PF_GameLogic/LuaScript.cpp:481:3: error: pasting "AddScriptFunction___LINE___LuaHeroRaiseFlag" and "(" does not give a valid preprocessing token
  481 |   AddScriptFunction_##__LINE__##_##name##()                                                                                  \
      |   ^~~~~~~~~~~~~~~~~~
/home/vitaly/p/Prime-World/pw/branches/r1117/Src/PF_GameLogic/LuaScript.cpp:491:1: note: in expansion of macro ‘ADD_LUA2CPP_FUNCTION’
  491 | ADD_LUA2CPP_FUNCTION(name)                                                                                                   \
      | ^~~~~~~~~~~~~~~~~~~~
/home/vitaly/p/Prime-World/pw/branches/r1117/Src/PF_GameLogic/LuaScript.cpp:512:3: note: in expansion of macro ‘_START_LUA2CPP_FUNCTION_HEAD’
  512 |   _START_LUA2CPP_FUNCTION_HEAD( name, 2 )                                                                                    \
      |   ^~~~~~~~~~~~~~~~~~~~~~~~~~~~
/home/vitaly/p/Prime-World/pw/branches/r1117/Src/PF_GameLogic/LuaScript.cpp:4200:1: note: in expansion of macro ‘START_LUA2CPP_FUNCTION_ARG2’
 4200 | START_LUA2CPP_FUNCTION_ARG2( LuaHeroRaiseFlag, const char*, const char* )
      | ^~~~~~~~~~~~~~~~~~~~~~~~~~~
/home/vitaly/p/Prime-World/pw/branches/r1117/Src/PF_GameLogic/LuaScript.cpp:485:3: error: pasting "addScriptFunction___LINE___LuaHeroRaiseFlag" and ";" does not give a valid preprocessing token
  485 | } addScriptFunction_##__LINE__##_##name##;
      |   ^~~~~~~~~~~~~~~~~~
/home/vitaly/p/Prime-World/pw/branches/r1117/Src/PF_GameLogic/LuaScript.cpp:491:1: note: in expansion of macro ‘ADD_LUA2CPP_FUNCTION’
  491 | ADD_LUA2CPP_FUNCTION(name)                                                                                                   \
      | ^~~~~~~~~~~~~~~~~~~~
/home/vitaly/p/Prime-World/pw/branches/r1117/Src/PF_GameLogic/LuaScript.cpp:512:3: note: in expansion of macro ‘_START_LUA2CPP_FUNCTION_HEAD’
  512 |   _START_LUA2CPP_FUNCTION_HEAD( name, 2 )                                                                                    \
      |   ^~~~~~~~~~~~~~~~~~~~~~~~~~~~
/home/vitaly/p/Prime-World/pw/branches/r1117/Src/PF_GameLogic/LuaScript.cpp:4200:1: note: in expansion of macro ‘START_LUA2CPP_FUNCTION_ARG2’
 4200 | START_LUA2CPP_FUNCTION_ARG2( LuaHeroRaiseFlag, const char*, const char* )
      | ^~~~~~~~~~~~~~~~~~~~~~~~~~~
/home/vitaly/p/Prime-World/pw/branches/r1117/Src/PF_GameLogic/LuaScript.cpp:481:3: error: pasting "AddScriptFunction___LINE___LuaGetDBIDByKey" and "(" does not give a valid preprocessing token
  481 |   AddScriptFunction_##__LINE__##_##name##()                                                                                  \
      |   ^~~~~~~~~~~~~~~~~~
/home/vitaly/p/Prime-World/pw/branches/r1117/Src/PF_GameLogic/LuaScript.cpp:491:1: note: in expansion of macro ‘ADD_LUA2CPP_FUNCTION’
  491 | ADD_LUA2CPP_FUNCTION(name)                                                                                                   \
      | ^~~~~~~~~~~~~~~~~~~~
/home/vitaly/p/Prime-World/pw/branches/r1117/Src/PF_GameLogic/LuaScript.cpp:507:3: note: in expansion of macro ‘_START_LUA2CPP_FUNCTION_HEAD’
  507 |   _START_LUA2CPP_FUNCTION_HEAD( name, 1 )                                                                                    \
      |   ^~~~~~~~~~~~~~~~~~~~~~~~~~~~
/home/vitaly/p/Prime-World/pw/branches/r1117/Src/PF_GameLogic/LuaScript.cpp:4208:1: note: in expansion of macro ‘START_LUA2CPP_FUNCTION_ARG1’
 4208 | START_LUA2CPP_FUNCTION_ARG1( LuaGetDBIDByKey, const char* )
      | ^~~~~~~~~~~~~~~~~~~~~~~~~~~
/home/vitaly/p/Prime-World/pw/branches/r1117/Src/PF_GameLogic/LuaScript.cpp:485:3: error: pasting "addScriptFunction___LINE___LuaGetDBIDByKey" and ";" does not give a valid preprocessing token
  485 | } addScriptFunction_##__LINE__##_##name##;
      |   ^~~~~~~~~~~~~~~~~~
/home/vitaly/p/Prime-World/pw/branches/r1117/Src/PF_GameLogic/LuaScript.cpp:491:1: note: in expansion of macro ‘ADD_LUA2CPP_FUNCTION’
  491 | ADD_LUA2CPP_FUNCTION(name)                                                                                                   \
      | ^~~~~~~~~~~~~~~~~~~~
/home/vitaly/p/Prime-World/pw/branches/r1117/Src/PF_GameLogic/LuaScript.cpp:507:3: note: in expansion of macro ‘_START_LUA2CPP_FUNCTION_HEAD’
  507 |   _START_LUA2CPP_FUNCTION_HEAD( name, 1 )                                                                                    \
      |   ^~~~~~~~~~~~~~~~~~~~~~~~~~~~
/home/vitaly/p/Prime-World/pw/branches/r1117/Src/PF_GameLogic/LuaScript.cpp:4208:1: note: in expansion of macro ‘START_LUA2CPP_FUNCTION_ARG1’
 4208 | START_LUA2CPP_FUNCTION_ARG1( LuaGetDBIDByKey, const char* )
      | ^~~~~~~~~~~~~~~~~~~~~~~~~~~
/home/vitaly/p/Prime-World/pw/branches/r1117/Src/PF_GameLogic/LuaScript.cpp:481:3: error: pasting "AddScriptFunction___LINE___LuaGetLastPlayerActivityStep" and "(" does not give a valid preprocessing token
  481 |   AddScriptFunction_##__LINE__##_##name##()                                                                                  \
      |   ^~~~~~~~~~~~~~~~~~
/home/vitaly/p/Prime-World/pw/branches/r1117/Src/PF_GameLogic/LuaScript.cpp:491:1: note: in expansion of macro ‘ADD_LUA2CPP_FUNCTION’
  491 | ADD_LUA2CPP_FUNCTION(name)                                                                                                   \
      | ^~~~~~~~~~~~~~~~~~~~
/home/vitaly/p/Prime-World/pw/branches/r1117/Src/PF_GameLogic/LuaScript.cpp:503:3: note: in expansion of macro ‘_START_LUA2CPP_FUNCTION_HEAD’
  503 |   _START_LUA2CPP_FUNCTION_HEAD( name, 0 )
      |   ^~~~~~~~~~~~~~~~~~~~~~~~~~~~
/home/vitaly/p/Prime-World/pw/branches/r1117/Src/PF_GameLogic/LuaScript.cpp:4213:1: note: in expansion of macro ‘START_LUA2CPP_FUNCTION’
 4213 | START_LUA2CPP_FUNCTION( LuaGetLastPlayerActivityStep )
      | ^~~~~~~~~~~~~~~~~~~~~~
/home/vitaly/p/Prime-World/pw/branches/r1117/Src/PF_GameLogic/LuaScript.cpp:485:3: error: pasting "addScriptFunction___LINE___LuaGetLastPlayerActivityStep" and ";" does not give a valid preprocessing token
  485 | } addScriptFunction_##__LINE__##_##name##;
      |   ^~~~~~~~~~~~~~~~~~
/home/vitaly/p/Prime-World/pw/branches/r1117/Src/PF_GameLogic/LuaScript.cpp:491:1: note: in expansion of macro ‘ADD_LUA2CPP_FUNCTION’
  491 | ADD_LUA2CPP_FUNCTION(name)                                                                                                   \
      | ^~~~~~~~~~~~~~~~~~~~
/home/vitaly/p/Prime-World/pw/branches/r1117/Src/PF_GameLogic/LuaScript.cpp:503:3: note: in expansion of macro ‘_START_LUA2CPP_FUNCTION_HEAD’
  503 |   _START_LUA2CPP_FUNCTION_HEAD( name, 0 )
      |   ^~~~~~~~~~~~~~~~~~~~~~~~~~~~
/home/vitaly/p/Prime-World/pw/branches/r1117/Src/PF_GameLogic/LuaScript.cpp:4213:1: note: in expansion of macro ‘START_LUA2CPP_FUNCTION’
 4213 | START_LUA2CPP_FUNCTION( LuaGetLastPlayerActivityStep )
      | ^~~~~~~~~~~~~~~~~~~~~~
/home/vitaly/p/Prime-World/pw/branches/r1117/Src/PF_GameLogic/LuaScript.cpp:481:3: error: pasting "AddScriptFunction___LINE___LuaSetCreepsLevelupPaused" and "(" does not give a valid preprocessing token
  481 |   AddScriptFunction_##__LINE__##_##name##()                                                                                  \
      |   ^~~~~~~~~~~~~~~~~~
/home/vitaly/p/Prime-World/pw/branches/r1117/Src/PF_GameLogic/LuaScript.cpp:491:1: note: in expansion of macro ‘ADD_LUA2CPP_FUNCTION’
  491 | ADD_LUA2CPP_FUNCTION(name)                                                                                                   \
      | ^~~~~~~~~~~~~~~~~~~~
/home/vitaly/p/Prime-World/pw/branches/r1117/Src/PF_GameLogic/LuaScript.cpp:507:3: note: in expansion of macro ‘_START_LUA2CPP_FUNCTION_HEAD’
  507 |   _START_LUA2CPP_FUNCTION_HEAD( name, 1 )                                                                                    \
      |   ^~~~~~~~~~~~~~~~~~~~~~~~~~~~
/home/vitaly/p/Prime-World/pw/branches/r1117/Src/PF_GameLogic/LuaScript.cpp:4222:1: note: in expansion of macro ‘START_LUA2CPP_FUNCTION_ARG1’
 4222 | START_LUA2CPP_FUNCTION_ARG1( LuaSetCreepsLevelupPaused, bool )
      | ^~~~~~~~~~~~~~~~~~~~~~~~~~~
/home/vitaly/p/Prime-World/pw/branches/r1117/Src/PF_GameLogic/LuaScript.cpp:485:3: error: pasting "addScriptFunction___LINE___LuaSetCreepsLevelupPaused" and ";" does not give a valid preprocessing token
  485 | } addScriptFunction_##__LINE__##_##name##;
      |   ^~~~~~~~~~~~~~~~~~
/home/vitaly/p/Prime-World/pw/branches/r1117/Src/PF_GameLogic/LuaScript.cpp:491:1: note: in expansion of macro ‘ADD_LUA2CPP_FUNCTION’
  491 | ADD_LUA2CPP_FUNCTION(name)                                                                                                   \
      | ^~~~~~~~~~~~~~~~~~~~
/home/vitaly/p/Prime-World/pw/branches/r1117/Src/PF_GameLogic/LuaScript.cpp:507:3: note: in expansion of macro ‘_START_LUA2CPP_FUNCTION_HEAD’
  507 |   _START_LUA2CPP_FUNCTION_HEAD( name, 1 )                                                                                    \
      |   ^~~~~~~~~~~~~~~~~~~~~~~~~~~~
/home/vitaly/p/Prime-World/pw/branches/r1117/Src/PF_GameLogic/LuaScript.cpp:4222:1: note: in expansion of macro ‘START_LUA2CPP_FUNCTION_ARG1’
 4222 | START_LUA2CPP_FUNCTION_ARG1( LuaSetCreepsLevelupPaused, bool )
      | ^~~~~~~~~~~~~~~~~~~~~~~~~~~
/home/vitaly/p/Prime-World/pw/branches/r1117/Src/PF_GameLogic/LuaScript.cpp:481:3: error: pasting "AddScriptFunction___LINE___LuaHeroReplace" and "(" does not give a valid preprocessing token
  481 |   AddScriptFunction_##__LINE__##_##name##()                                                                                  \
      |   ^~~~~~~~~~~~~~~~~~
/home/vitaly/p/Prime-World/pw/branches/r1117/Src/PF_GameLogic/LuaScript.cpp:491:1: note: in expansion of macro ‘ADD_LUA2CPP_FUNCTION’
  491 | ADD_LUA2CPP_FUNCTION(name)                                                                                                   \
      | ^~~~~~~~~~~~~~~~~~~~
/home/vitaly/p/Prime-World/pw/branches/r1117/Src/PF_GameLogic/LuaScript.cpp:512:3: note: in expansion of macro ‘_START_LUA2CPP_FUNCTION_HEAD’
  512 |   _START_LUA2CPP_FUNCTION_HEAD( name, 2 )                                                                                    \
      |   ^~~~~~~~~~~~~~~~~~~~~~~~~~~~
/home/vitaly/p/Prime-World/pw/branches/r1117/Src/PF_GameLogic/LuaScript.cpp:4230:1: note: in expansion of macro ‘START_LUA2CPP_FUNCTION_ARG2’
 4230 | START_LUA2CPP_FUNCTION_ARG2( LuaHeroReplace, const char*, const char* )
      | ^~~~~~~~~~~~~~~~~~~~~~~~~~~
/home/vitaly/p/Prime-World/pw/branches/r1117/Src/PF_GameLogic/LuaScript.cpp:485:3: error: pasting "addScriptFunction___LINE___LuaHeroReplace" and ";" does not give a valid preprocessing token
  485 | } addScriptFunction_##__LINE__##_##name##;
      |   ^~~~~~~~~~~~~~~~~~
/home/vitaly/p/Prime-World/pw/branches/r1117/Src/PF_GameLogic/LuaScript.cpp:491:1: note: in expansion of macro ‘ADD_LUA2CPP_FUNCTION’
  491 | ADD_LUA2CPP_FUNCTION(name)                                                                                                   \
      | ^~~~~~~~~~~~~~~~~~~~
/home/vitaly/p/Prime-World/pw/branches/r1117/Src/PF_GameLogic/LuaScript.cpp:512:3: note: in expansion of macro ‘_START_LUA2CPP_FUNCTION_HEAD’
  512 |   _START_LUA2CPP_FUNCTION_HEAD( name, 2 )                                                                                    \
      |   ^~~~~~~~~~~~~~~~~~~~~~~~~~~~
/home/vitaly/p/Prime-World/pw/branches/r1117/Src/PF_GameLogic/LuaScript.cpp:4230:1: note: in expansion of macro ‘START_LUA2CPP_FUNCTION_ARG2’
 4230 | START_LUA2CPP_FUNCTION_ARG2( LuaHeroReplace, const char*, const char* )
      | ^~~~~~~~~~~~~~~~~~~~~~~~~~~
/home/vitaly/p/Prime-World/pw/branches/r1117/Src/PF_GameLogic/LuaScript.cpp:481:3: error: pasting "AddScriptFunction___LINE___LuaCameraGetLock" and "(" does not give a valid preprocessing token
  481 |   AddScriptFunction_##__LINE__##_##name##()                                                                                  \
      |   ^~~~~~~~~~~~~~~~~~
/home/vitaly/p/Prime-World/pw/branches/r1117/Src/PF_GameLogic/LuaScript.cpp:491:1: note: in expansion of macro ‘ADD_LUA2CPP_FUNCTION’
  491 | ADD_LUA2CPP_FUNCTION(name)                                                                                                   \
      | ^~~~~~~~~~~~~~~~~~~~
/home/vitaly/p/Prime-World/pw/branches/r1117/Src/PF_GameLogic/LuaScript.cpp:503:3: note: in expansion of macro ‘_START_LUA2CPP_FUNCTION_HEAD’
  503 |   _START_LUA2CPP_FUNCTION_HEAD( name, 0 )
      |   ^~~~~~~~~~~~~~~~~~~~~~~~~~~~
/home/vitaly/p/Prime-World/pw/branches/r1117/Src/PF_GameLogic/LuaScript.cpp:4284:1: note: in expansion of macro ‘START_LUA2CPP_FUNCTION’
 4284 | START_LUA2CPP_FUNCTION( LuaCameraGetLock )
      | ^~~~~~~~~~~~~~~~~~~~~~
/home/vitaly/p/Prime-World/pw/branches/r1117/Src/PF_GameLogic/LuaScript.cpp:485:3: error: pasting "addScriptFunction___LINE___LuaCameraGetLock" and ";" does not give a valid preprocessing token
  485 | } addScriptFunction_##__LINE__##_##name##;
      |   ^~~~~~~~~~~~~~~~~~
/home/vitaly/p/Prime-World/pw/branches/r1117/Src/PF_GameLogic/LuaScript.cpp:491:1: note: in expansion of macro ‘ADD_LUA2CPP_FUNCTION’
  491 | ADD_LUA2CPP_FUNCTION(name)                                                                                                   \
      | ^~~~~~~~~~~~~~~~~~~~
/home/vitaly/p/Prime-World/pw/branches/r1117/Src/PF_GameLogic/LuaScript.cpp:503:3: note: in expansion of macro ‘_START_LUA2CPP_FUNCTION_HEAD’
  503 |   _START_LUA2CPP_FUNCTION_HEAD( name, 0 )
      |   ^~~~~~~~~~~~~~~~~~~~~~~~~~~~
/home/vitaly/p/Prime-World/pw/branches/r1117/Src/PF_GameLogic/LuaScript.cpp:4284:1: note: in expansion of macro ‘START_LUA2CPP_FUNCTION’
 4284 | START_LUA2CPP_FUNCTION( LuaCameraGetLock )
      | ^~~~~~~~~~~~~~~~~~~~~~
/home/vitaly/p/Prime-World/pw/branches/r1117/Src/PF_GameLogic/LuaScript.cpp:481:3: error: pasting "AddScriptFunction___LINE___LuaGetObjectId" and "(" does not give a valid preprocessing token
  481 |   AddScriptFunction_##__LINE__##_##name##()                                                                                  \
      |   ^~~~~~~~~~~~~~~~~~
/home/vitaly/p/Prime-World/pw/branches/r1117/Src/PF_GameLogic/LuaScript.cpp:491:1: note: in expansion of macro ‘ADD_LUA2CPP_FUNCTION’
  491 | ADD_LUA2CPP_FUNCTION(name)                                                                                                   \
      | ^~~~~~~~~~~~~~~~~~~~
/home/vitaly/p/Prime-World/pw/branches/r1117/Src/PF_GameLogic/LuaScript.cpp:507:3: note: in expansion of macro ‘_START_LUA2CPP_FUNCTION_HEAD’
  507 |   _START_LUA2CPP_FUNCTION_HEAD( name, 1 )                                                                                    \
      |   ^~~~~~~~~~~~~~~~~~~~~~~~~~~~
/home/vitaly/p/Prime-World/pw/branches/r1117/Src/PF_GameLogic/LuaScript.cpp:4295:1: note: in expansion of macro ‘START_LUA2CPP_FUNCTION_ARG1’
 4295 | START_LUA2CPP_FUNCTION_ARG1( LuaGetObjectId, const char* )
      | ^~~~~~~~~~~~~~~~~~~~~~~~~~~
/home/vitaly/p/Prime-World/pw/branches/r1117/Src/PF_GameLogic/LuaScript.cpp:485:3: error: pasting "addScriptFunction___LINE___LuaGetObjectId" and ";" does not give a valid preprocessing token
  485 | } addScriptFunction_##__LINE__##_##name##;
      |   ^~~~~~~~~~~~~~~~~~
/home/vitaly/p/Prime-World/pw/branches/r1117/Src/PF_GameLogic/LuaScript.cpp:491:1: note: in expansion of macro ‘ADD_LUA2CPP_FUNCTION’
  491 | ADD_LUA2CPP_FUNCTION(name)                                                                                                   \
      | ^~~~~~~~~~~~~~~~~~~~
/home/vitaly/p/Prime-World/pw/branches/r1117/Src/PF_GameLogic/LuaScript.cpp:507:3: note: in expansion of macro ‘_START_LUA2CPP_FUNCTION_HEAD’
  507 |   _START_LUA2CPP_FUNCTION_HEAD( name, 1 )                                                                                    \
      |   ^~~~~~~~~~~~~~~~~~~~~~~~~~~~
/home/vitaly/p/Prime-World/pw/branches/r1117/Src/PF_GameLogic/LuaScript.cpp:4295:1: note: in expansion of macro ‘START_LUA2CPP_FUNCTION_ARG1’
 4295 | START_LUA2CPP_FUNCTION_ARG1( LuaGetObjectId, const char* )
      | ^~~~~~~~~~~~~~~~~~~~~~~~~~~
/home/vitaly/p/Prime-World/pw/branches/r1117/Src/PF_GameLogic/LuaScript.cpp:481:3: error: pasting "AddScriptFunction___LINE___LuaGetAllUnits" and "(" does not give a valid preprocessing token
  481 |   AddScriptFunction_##__LINE__##_##name##()                                                                                  \
      |   ^~~~~~~~~~~~~~~~~~
/home/vitaly/p/Prime-World/pw/branches/r1117/Src/PF_GameLogic/LuaScript.cpp:491:1: note: in expansion of macro ‘ADD_LUA2CPP_FUNCTION’
  491 | ADD_LUA2CPP_FUNCTION(name)                                                                                                   \
      | ^~~~~~~~~~~~~~~~~~~~
/home/vitaly/p/Prime-World/pw/branches/r1117/Src/PF_GameLogic/LuaScript.cpp:512:3: note: in expansion of macro ‘_START_LUA2CPP_FUNCTION_HEAD’
  512 |   _START_LUA2CPP_FUNCTION_HEAD( name, 2 )                                                                                    \
      |   ^~~~~~~~~~~~~~~~~~~~~~~~~~~~
/home/vitaly/p/Prime-World/pw/branches/r1117/Src/PF_GameLogic/LuaScript.cpp:4305:1: note: in expansion of macro ‘START_LUA2CPP_FUNCTION_ARG2’
 4305 | START_LUA2CPP_FUNCTION_ARG2( LuaGetAllUnits, int, int )
      | ^~~~~~~~~~~~~~~~~~~~~~~~~~~
/home/vitaly/p/Prime-World/pw/branches/r1117/Src/PF_GameLogic/LuaScript.cpp:485:3: error: pasting "addScriptFunction___LINE___LuaGetAllUnits" and ";" does not give a valid preprocessing token
  485 | } addScriptFunction_##__LINE__##_##name##;
      |   ^~~~~~~~~~~~~~~~~~
/home/vitaly/p/Prime-World/pw/branches/r1117/Src/PF_GameLogic/LuaScript.cpp:491:1: note: in expansion of macro ‘ADD_LUA2CPP_FUNCTION’
  491 | ADD_LUA2CPP_FUNCTION(name)                                                                                                   \
      | ^~~~~~~~~~~~~~~~~~~~
/home/vitaly/p/Prime-World/pw/branches/r1117/Src/PF_GameLogic/LuaScript.cpp:512:3: note: in expansion of macro ‘_START_LUA2CPP_FUNCTION_HEAD’
  512 |   _START_LUA2CPP_FUNCTION_HEAD( name, 2 )                                                                                    \
      |   ^~~~~~~~~~~~~~~~~~~~~~~~~~~~
/home/vitaly/p/Prime-World/pw/branches/r1117/Src/PF_GameLogic/LuaScript.cpp:4305:1: note: in expansion of macro ‘START_LUA2CPP_FUNCTION_ARG2’
 4305 | START_LUA2CPP_FUNCTION_ARG2( LuaGetAllUnits, int, int )
      | ^~~~~~~~~~~~~~~~~~~~~~~~~~~
/home/vitaly/p/Prime-World/pw/branches/r1117/Src/PF_GameLogic/LuaScript.cpp:481:3: error: pasting "AddScriptFunction___LINE___LuaSetHeroSpecialPoints" and "(" does not give a valid preprocessing token
  481 |   AddScriptFunction_##__LINE__##_##name##()                                                                                  \
      |   ^~~~~~~~~~~~~~~~~~
/home/vitaly/p/Prime-World/pw/branches/r1117/Src/PF_GameLogic/LuaScript.cpp:491:1: note: in expansion of macro ‘ADD_LUA2CPP_FUNCTION’
  491 | ADD_LUA2CPP_FUNCTION(name)                                                                                                   \
      | ^~~~~~~~~~~~~~~~~~~~
/home/vitaly/p/Prime-World/pw/branches/r1117/Src/PF_GameLogic/LuaScript.cpp:512:3: note: in expansion of macro ‘_START_LUA2CPP_FUNCTION_HEAD’
  512 |   _START_LUA2CPP_FUNCTION_HEAD( name, 2 )                                                                                    \
      |   ^~~~~~~~~~~~~~~~~~~~~~~~~~~~
/home/vitaly/p/Prime-World/pw/branches/r1117/Src/PF_GameLogic/LuaScript.cpp:4326:1: note: in expansion of macro ‘START_LUA2CPP_FUNCTION_ARG2’
 4326 | START_LUA2CPP_FUNCTION_ARG2( LuaSetHeroSpecialPoints, LuaUnitIdParam, int )
      | ^~~~~~~~~~~~~~~~~~~~~~~~~~~
/home/vitaly/p/Prime-World/pw/branches/r1117/Src/PF_GameLogic/LuaScript.cpp:485:3: error: pasting "addScriptFunction___LINE___LuaSetHeroSpecialPoints" and ";" does not give a valid preprocessing token
  485 | } addScriptFunction_##__LINE__##_##name##;
      |   ^~~~~~~~~~~~~~~~~~
/home/vitaly/p/Prime-World/pw/branches/r1117/Src/PF_GameLogic/LuaScript.cpp:491:1: note: in expansion of macro ‘ADD_LUA2CPP_FUNCTION’
  491 | ADD_LUA2CPP_FUNCTION(name)                                                                                                   \
      | ^~~~~~~~~~~~~~~~~~~~
/home/vitaly/p/Prime-World/pw/branches/r1117/Src/PF_GameLogic/LuaScript.cpp:512:3: note: in expansion of macro ‘_START_LUA2CPP_FUNCTION_HEAD’
  512 |   _START_LUA2CPP_FUNCTION_HEAD( name, 2 )                                                                                    \
      |   ^~~~~~~~~~~~~~~~~~~~~~~~~~~~
/home/vitaly/p/Prime-World/pw/branches/r1117/Src/PF_GameLogic/LuaScript.cpp:4326:1: note: in expansion of macro ‘START_LUA2CPP_FUNCTION_ARG2’
 4326 | START_LUA2CPP_FUNCTION_ARG2( LuaSetHeroSpecialPoints, LuaUnitIdParam, int )
      | ^~~~~~~~~~~~~~~~~~~~~~~~~~~
/home/vitaly/p/Prime-World/pw/branches/r1117/Src/PF_GameLogic/LuaScript.cpp:481:3: error: pasting "AddScriptFunction___LINE___LuaGetGSLogicParam1" and "(" does not give a valid preprocessing token
  481 |   AddScriptFunction_##__LINE__##_##name##()                                                                                  \
      |   ^~~~~~~~~~~~~~~~~~
/home/vitaly/p/Prime-World/pw/branches/r1117/Src/PF_GameLogic/LuaScript.cpp:491:1: note: in expansion of macro ‘ADD_LUA2CPP_FUNCTION’
  491 | ADD_LUA2CPP_FUNCTION(name)                                                                                                   \
      | ^~~~~~~~~~~~~~~~~~~~
/home/vitaly/p/Prime-World/pw/branches/r1117/Src/PF_GameLogic/LuaScript.cpp:503:3: note: in expansion of macro ‘_START_LUA2CPP_FUNCTION_HEAD’
  503 |   _START_LUA2CPP_FUNCTION_HEAD( name, 0 )
      |   ^~~~~~~~~~~~~~~~~~~~~~~~~~~~
/home/vitaly/p/Prime-World/pw/branches/r1117/Src/PF_GameLogic/LuaScript.cpp:4344:1: note: in expansion of macro ‘START_LUA2CPP_FUNCTION’
 4344 | START_LUA2CPP_FUNCTION( LuaGetGSLogicParam1 )
      | ^~~~~~~~~~~~~~~~~~~~~~
/home/vitaly/p/Prime-World/pw/branches/r1117/Src/PF_GameLogic/LuaScript.cpp:485:3: error: pasting "addScriptFunction___LINE___LuaGetGSLogicParam1" and ";" does not give a valid preprocessing token
  485 | } addScriptFunction_##__LINE__##_##name##;
      |   ^~~~~~~~~~~~~~~~~~
/home/vitaly/p/Prime-World/pw/branches/r1117/Src/PF_GameLogic/LuaScript.cpp:491:1: note: in expansion of macro ‘ADD_LUA2CPP_FUNCTION’
  491 | ADD_LUA2CPP_FUNCTION(name)                                                                                                   \
      | ^~~~~~~~~~~~~~~~~~~~
/home/vitaly/p/Prime-World/pw/branches/r1117/Src/PF_GameLogic/LuaScript.cpp:503:3: note: in expansion of macro ‘_START_LUA2CPP_FUNCTION_HEAD’
  503 |   _START_LUA2CPP_FUNCTION_HEAD( name, 0 )
      |   ^~~~~~~~~~~~~~~~~~~~~~~~~~~~
/home/vitaly/p/Prime-World/pw/branches/r1117/Src/PF_GameLogic/LuaScript.cpp:4344:1: note: in expansion of macro ‘START_LUA2CPP_FUNCTION’
 4344 | START_LUA2CPP_FUNCTION( LuaGetGSLogicParam1 )
      | ^~~~~~~~~~~~~~~~~~~~~~
/home/vitaly/p/Prime-World/pw/branches/r1117/Src/PF_GameLogic/LuaScript.cpp:481:3: error: pasting "AddScriptFunction___LINE___LuaEnableEventLogging" and "(" does not give a valid preprocessing token
  481 |   AddScriptFunction_##__LINE__##_##name##()                                                                                  \
      |   ^~~~~~~~~~~~~~~~~~
/home/vitaly/p/Prime-World/pw/branches/r1117/Src/PF_GameLogic/LuaScript.cpp:491:1: note: in expansion of macro ‘ADD_LUA2CPP_FUNCTION’
  491 | ADD_LUA2CPP_FUNCTION(name)                                                                                                   \
      | ^~~~~~~~~~~~~~~~~~~~
/home/vitaly/p/Prime-World/pw/branches/r1117/Src/PF_GameLogic/LuaScript.cpp:507:3: note: in expansion of macro ‘_START_LUA2CPP_FUNCTION_HEAD’
  507 |   _START_LUA2CPP_FUNCTION_HEAD( name, 1 )                                                                                    \
      |   ^~~~~~~~~~~~~~~~~~~~~~~~~~~~
/home/vitaly/p/Prime-World/pw/branches/r1117/Src/PF_GameLogic/LuaScript.cpp:4356:1: note: in expansion of macro ‘START_LUA2CPP_FUNCTION_ARG1’
 4356 | START_LUA2CPP_FUNCTION_ARG1( LuaEnableEventLogging, bool )
      | ^~~~~~~~~~~~~~~~~~~~~~~~~~~
/home/vitaly/p/Prime-World/pw/branches/r1117/Src/PF_GameLogic/LuaScript.cpp:485:3: error: pasting "addScriptFunction___LINE___LuaEnableEventLogging" and ";" does not give a valid preprocessing token
  485 | } addScriptFunction_##__LINE__##_##name##;
      |   ^~~~~~~~~~~~~~~~~~
/home/vitaly/p/Prime-World/pw/branches/r1117/Src/PF_GameLogic/LuaScript.cpp:491:1: note: in expansion of macro ‘ADD_LUA2CPP_FUNCTION’
  491 | ADD_LUA2CPP_FUNCTION(name)                                                                                                   \
      | ^~~~~~~~~~~~~~~~~~~~
/home/vitaly/p/Prime-World/pw/branches/r1117/Src/PF_GameLogic/LuaScript.cpp:507:3: note: in expansion of macro ‘_START_LUA2CPP_FUNCTION_HEAD’
  507 |   _START_LUA2CPP_FUNCTION_HEAD( name, 1 )                                                                                    \
      |   ^~~~~~~~~~~~~~~~~~~~~~~~~~~~
/home/vitaly/p/Prime-World/pw/branches/r1117/Src/PF_GameLogic/LuaScript.cpp:4356:1: note: in expansion of macro ‘START_LUA2CPP_FUNCTION_ARG1’
 4356 | START_LUA2CPP_FUNCTION_ARG1( LuaEnableEventLogging, bool )
      | ^~~~~~~~~~~~~~~~~~~~~~~~~~~
/home/vitaly/p/Prime-World/pw/branches/r1117/Src/PF_GameLogic/LuaScript.cpp:481:3: error: pasting "AddScriptFunction___LINE___LuaPrintWorldSessionEventGuardStatistic" and "(" does not give a valid preprocessing token
  481 |   AddScriptFunction_##__LINE__##_##name##()                                                                                  \
      |   ^~~~~~~~~~~~~~~~~~
/home/vitaly/p/Prime-World/pw/branches/r1117/Src/PF_GameLogic/LuaScript.cpp:491:1: note: in expansion of macro ‘ADD_LUA2CPP_FUNCTION’
  491 | ADD_LUA2CPP_FUNCTION(name)                                                                                                   \
      | ^~~~~~~~~~~~~~~~~~~~
/home/vitaly/p/Prime-World/pw/branches/r1117/Src/PF_GameLogic/LuaScript.cpp:503:3: note: in expansion of macro ‘_START_LUA2CPP_FUNCTION_HEAD’
  503 |   _START_LUA2CPP_FUNCTION_HEAD( name, 0 )
      |   ^~~~~~~~~~~~~~~~~~~~~~~~~~~~
/home/vitaly/p/Prime-World/pw/branches/r1117/Src/PF_GameLogic/LuaScript.cpp:4363:1: note: in expansion of macro ‘START_LUA2CPP_FUNCTION’
 4363 | START_LUA2CPP_FUNCTION( LuaPrintWorldSessionEventGuardStatistic )
      | ^~~~~~~~~~~~~~~~~~~~~~
/home/vitaly/p/Prime-World/pw/branches/r1117/Src/PF_GameLogic/LuaScript.cpp:485:3: error: pasting "addScriptFunction___LINE___LuaPrintWorldSessionEventGuardStatistic" and ";" does not give a valid preprocessing token
  485 | } addScriptFunction_##__LINE__##_##name##;
      |   ^~~~~~~~~~~~~~~~~~
/home/vitaly/p/Prime-World/pw/branches/r1117/Src/PF_GameLogic/LuaScript.cpp:491:1: note: in expansion of macro ‘ADD_LUA2CPP_FUNCTION’
  491 | ADD_LUA2CPP_FUNCTION(name)                                                                                                   \
      | ^~~~~~~~~~~~~~~~~~~~
/home/vitaly/p/Prime-World/pw/branches/r1117/Src/PF_GameLogic/LuaScript.cpp:503:3: note: in expansion of macro ‘_START_LUA2CPP_FUNCTION_HEAD’
  503 |   _START_LUA2CPP_FUNCTION_HEAD( name, 0 )
      |   ^~~~~~~~~~~~~~~~~~~~~~~~~~~~
/home/vitaly/p/Prime-World/pw/branches/r1117/Src/PF_GameLogic/LuaScript.cpp:4363:1: note: in expansion of macro ‘START_LUA2CPP_FUNCTION’
 4363 | START_LUA2CPP_FUNCTION( LuaPrintWorldSessionEventGuardStatistic )
      | ^~~~~~~~~~~~~~~~~~~~~~
/home/vitaly/p/Prime-World/pw/branches/r1117/Src/PF_GameLogic/LuaScript.cpp:481:3: error: pasting "AddScriptFunction___LINE___LuaLogWorldSessionEvent" and "(" does not give a valid preprocessing token
  481 |   AddScriptFunction_##__LINE__##_##name##()                                                                                  \
      |   ^~~~~~~~~~~~~~~~~~
/home/vitaly/p/Prime-World/pw/branches/r1117/Src/PF_GameLogic/LuaScript.cpp:491:1: note: in expansion of macro ‘ADD_LUA2CPP_FUNCTION’
  491 | ADD_LUA2CPP_FUNCTION(name)                                                                                                   \
      | ^~~~~~~~~~~~~~~~~~~~
/home/vitaly/p/Prime-World/pw/branches/r1117/Src/PF_GameLogic/LuaScript.cpp:552:3: note: in expansion of macro ‘_START_LUA2CPP_FUNCTION_HEAD’
  552 |   _START_LUA2CPP_FUNCTION_HEAD( name, 7 )                                                                                    \
      |   ^~~~~~~~~~~~~~~~~~~~~~~~~~~~
/home/vitaly/p/Prime-World/pw/branches/r1117/Src/PF_GameLogic/LuaScript.cpp:4378:1: note: in expansion of macro ‘START_LUA2CPP_FUNCTION_ARG7’
 4378 | START_LUA2CPP_FUNCTION_ARG7( LuaLogWorldSessionEvent, const char*, const char*, int, int, int, int, int )
      | ^~~~~~~~~~~~~~~~~~~~~~~~~~~
/home/vitaly/p/Prime-World/pw/branches/r1117/Src/PF_GameLogic/LuaScript.cpp:485:3: error: pasting "addScriptFunction___LINE___LuaLogWorldSessionEvent" and ";" does not give a valid preprocessing token
  485 | } addScriptFunction_##__LINE__##_##name##;
      |   ^~~~~~~~~~~~~~~~~~
/home/vitaly/p/Prime-World/pw/branches/r1117/Src/PF_GameLogic/LuaScript.cpp:491:1: note: in expansion of macro ‘ADD_LUA2CPP_FUNCTION’
  491 | ADD_LUA2CPP_FUNCTION(name)                                                                                                   \
      | ^~~~~~~~~~~~~~~~~~~~
/home/vitaly/p/Prime-World/pw/branches/r1117/Src/PF_GameLogic/LuaScript.cpp:552:3: note: in expansion of macro ‘_START_LUA2CPP_FUNCTION_HEAD’
  552 |   _START_LUA2CPP_FUNCTION_HEAD( name, 7 )                                                                                    \
      |   ^~~~~~~~~~~~~~~~~~~~~~~~~~~~
/home/vitaly/p/Prime-World/pw/branches/r1117/Src/PF_GameLogic/LuaScript.cpp:4378:1: note: in expansion of macro ‘START_LUA2CPP_FUNCTION_ARG7’
 4378 | START_LUA2CPP_FUNCTION_ARG7( LuaLogWorldSessionEvent, const char*, const char*, int, int, int, int, int )
      | ^~~~~~~~~~~~~~~~~~~~~~~~~~~
/home/vitaly/p/Prime-World/pw/branches/r1117/Src/PF_GameLogic/LuaScript.cpp:481:3: error: pasting "AddScriptFunction___LINE___LuaDontGuardNextWorldSessionEvent" and "(" does not give a valid preprocessing token
  481 |   AddScriptFunction_##__LINE__##_##name##()                                                                                  \
      |   ^~~~~~~~~~~~~~~~~~
/home/vitaly/p/Prime-World/pw/branches/r1117/Src/PF_GameLogic/LuaScript.cpp:491:1: note: in expansion of macro ‘ADD_LUA2CPP_FUNCTION’
  491 | ADD_LUA2CPP_FUNCTION(name)                                                                                                   \
      | ^~~~~~~~~~~~~~~~~~~~
/home/vitaly/p/Prime-World/pw/branches/r1117/Src/PF_GameLogic/LuaScript.cpp:503:3: note: in expansion of macro ‘_START_LUA2CPP_FUNCTION_HEAD’
  503 |   _START_LUA2CPP_FUNCTION_HEAD( name, 0 )
      |   ^~~~~~~~~~~~~~~~~~~~~~~~~~~~
/home/vitaly/p/Prime-World/pw/branches/r1117/Src/PF_GameLogic/LuaScript.cpp:4419:1: note: in expansion of macro ‘START_LUA2CPP_FUNCTION’
 4419 | START_LUA2CPP_FUNCTION( LuaDontGuardNextWorldSessionEvent )
      | ^~~~~~~~~~~~~~~~~~~~~~
/home/vitaly/p/Prime-World/pw/branches/r1117/Src/PF_GameLogic/LuaScript.cpp:485:3: error: pasting "addScriptFunction___LINE___LuaDontGuardNextWorldSessionEvent" and ";" does not give a valid preprocessing token
  485 | } addScriptFunction_##__LINE__##_##name##;
      |   ^~~~~~~~~~~~~~~~~~
/home/vitaly/p/Prime-World/pw/branches/r1117/Src/PF_GameLogic/LuaScript.cpp:491:1: note: in expansion of macro ‘ADD_LUA2CPP_FUNCTION’
  491 | ADD_LUA2CPP_FUNCTION(name)                                                                                                   \
      | ^~~~~~~~~~~~~~~~~~~~
/home/vitaly/p/Prime-World/pw/branches/r1117/Src/PF_GameLogic/LuaScript.cpp:503:3: note: in expansion of macro ‘_START_LUA2CPP_FUNCTION_HEAD’
  503 |   _START_LUA2CPP_FUNCTION_HEAD( name, 0 )
      |   ^~~~~~~~~~~~~~~~~~~~~~~~~~~~
/home/vitaly/p/Prime-World/pw/branches/r1117/Src/PF_GameLogic/LuaScript.cpp:4419:1: note: in expansion of macro ‘START_LUA2CPP_FUNCTION’
 4419 | START_LUA2CPP_FUNCTION( LuaDontGuardNextWorldSessionEvent )
      | ^~~~~~~~~~~~~~~~~~~~~~
/home/vitaly/p/Prime-World/pw/branches/r1117/Src/PF_GameLogic/LuaScript.cpp:481:3: error: pasting "AddScriptFunction___LINE___LuaSetTimeScale" and "(" does not give a valid preprocessing token
  481 |   AddScriptFunction_##__LINE__##_##name##()                                                                                  \
      |   ^~~~~~~~~~~~~~~~~~
/home/vitaly/p/Prime-World/pw/branches/r1117/Src/PF_GameLogic/LuaScript.cpp:491:1: note: in expansion of macro ‘ADD_LUA2CPP_FUNCTION’
  491 | ADD_LUA2CPP_FUNCTION(name)                                                                                                   \
      | ^~~~~~~~~~~~~~~~~~~~
/home/vitaly/p/Prime-World/pw/branches/r1117/Src/PF_GameLogic/LuaScript.cpp:507:3: note: in expansion of macro ‘_START_LUA2CPP_FUNCTION_HEAD’
  507 |   _START_LUA2CPP_FUNCTION_HEAD( name, 1 )                                                                                    \
      |   ^~~~~~~~~~~~~~~~~~~~~~~~~~~~
/home/vitaly/p/Prime-World/pw/branches/r1117/Src/PF_GameLogic/LuaScript.cpp:4426:1: note: in expansion of macro ‘START_LUA2CPP_FUNCTION_ARG1’
 4426 | START_LUA2CPP_FUNCTION_ARG1( LuaSetTimeScale, float )
      | ^~~~~~~~~~~~~~~~~~~~~~~~~~~
/home/vitaly/p/Prime-World/pw/branches/r1117/Src/PF_GameLogic/LuaScript.cpp:485:3: error: pasting "addScriptFunction___LINE___LuaSetTimeScale" and ";" does not give a valid preprocessing token
  485 | } addScriptFunction_##__LINE__##_##name##;
      |   ^~~~~~~~~~~~~~~~~~
/home/vitaly/p/Prime-World/pw/branches/r1117/Src/PF_GameLogic/LuaScript.cpp:491:1: note: in expansion of macro ‘ADD_LUA2CPP_FUNCTION’
  491 | ADD_LUA2CPP_FUNCTION(name)                                                                                                   \
      | ^~~~~~~~~~~~~~~~~~~~
/home/vitaly/p/Prime-World/pw/branches/r1117/Src/PF_GameLogic/LuaScript.cpp:507:3: note: in expansion of macro ‘_START_LUA2CPP_FUNCTION_HEAD’
  507 |   _START_LUA2CPP_FUNCTION_HEAD( name, 1 )                                                                                    \
      |   ^~~~~~~~~~~~~~~~~~~~~~~~~~~~
/home/vitaly/p/Prime-World/pw/branches/r1117/Src/PF_GameLogic/LuaScript.cpp:4426:1: note: in expansion of macro ‘START_LUA2CPP_FUNCTION_ARG1’
 4426 | START_LUA2CPP_FUNCTION_ARG1( LuaSetTimeScale, float )
      | ^~~~~~~~~~~~~~~~~~~~~~~~~~~
/home/vitaly/p/Prime-World/pw/branches/r1117/Src/PF_GameLogic/LuaScript.cpp:481:3: error: pasting "AddScriptFunction___LINE___LuaCaptureTheFlag" and "(" does not give a valid preprocessing token
  481 |   AddScriptFunction_##__LINE__##_##name##()                                                                                  \
      |   ^~~~~~~~~~~~~~~~~~
/home/vitaly/p/Prime-World/pw/branches/r1117/Src/PF_GameLogic/LuaScript.cpp:491:1: note: in expansion of macro ‘ADD_LUA2CPP_FUNCTION’
  491 | ADD_LUA2CPP_FUNCTION(name)                                                                                                   \
      | ^~~~~~~~~~~~~~~~~~~~
/home/vitaly/p/Prime-World/pw/branches/r1117/Src/PF_GameLogic/LuaScript.cpp:518:3: note: in expansion of macro ‘_START_LUA2CPP_FUNCTION_HEAD’
  518 |   _START_LUA2CPP_FUNCTION_HEAD( name, 3 )                                                                                    \
      |   ^~~~~~~~~~~~~~~~~~~~~~~~~~~~
/home/vitaly/p/Prime-World/pw/branches/r1117/Src/PF_GameLogic/LuaScript.cpp:4438:1: note: in expansion of macro ‘START_LUA2CPP_FUNCTION_ARG3’
 4438 | START_LUA2CPP_FUNCTION_ARG3( LuaCaptureTheFlag, const char*, int, bool )
      | ^~~~~~~~~~~~~~~~~~~~~~~~~~~
/home/vitaly/p/Prime-World/pw/branches/r1117/Src/PF_GameLogic/LuaScript.cpp:485:3: error: pasting "addScriptFunction___LINE___LuaCaptureTheFlag" and ";" does not give a valid preprocessing token
  485 | } addScriptFunction_##__LINE__##_##name##;
      |   ^~~~~~~~~~~~~~~~~~
/home/vitaly/p/Prime-World/pw/branches/r1117/Src/PF_GameLogic/LuaScript.cpp:491:1: note: in expansion of macro ‘ADD_LUA2CPP_FUNCTION’
  491 | ADD_LUA2CPP_FUNCTION(name)                                                                                                   \
      | ^~~~~~~~~~~~~~~~~~~~
/home/vitaly/p/Prime-World/pw/branches/r1117/Src/PF_GameLogic/LuaScript.cpp:518:3: note: in expansion of macro ‘_START_LUA2CPP_FUNCTION_HEAD’
  518 |   _START_LUA2CPP_FUNCTION_HEAD( name, 3 )                                                                                    \
      |   ^~~~~~~~~~~~~~~~~~~~~~~~~~~~
/home/vitaly/p/Prime-World/pw/branches/r1117/Src/PF_GameLogic/LuaScript.cpp:4438:1: note: in expansion of macro ‘START_LUA2CPP_FUNCTION_ARG3’
 4438 | START_LUA2CPP_FUNCTION_ARG3( LuaCaptureTheFlag, const char*, int, bool )
      | ^~~~~~~~~~~~~~~~~~~~~~~~~~~
/home/vitaly/p/Prime-World/pw/branches/r1117/Src/PF_GameLogic/LuaScript.cpp:481:3: error: pasting "AddScriptFunction___LINE___LuaAISwitcher" and "(" does not give a valid preprocessing token
  481 |   AddScriptFunction_##__LINE__##_##name##()                                                                                  \
      |   ^~~~~~~~~~~~~~~~~~
/home/vitaly/p/Prime-World/pw/branches/r1117/Src/PF_GameLogic/LuaScript.cpp:491:1: note: in expansion of macro ‘ADD_LUA2CPP_FUNCTION’
  491 | ADD_LUA2CPP_FUNCTION(name)                                                                                                   \
      | ^~~~~~~~~~~~~~~~~~~~
/home/vitaly/p/Prime-World/pw/branches/r1117/Src/PF_GameLogic/LuaScript.cpp:518:3: note: in expansion of macro ‘_START_LUA2CPP_FUNCTION_HEAD’
  518 |   _START_LUA2CPP_FUNCTION_HEAD( name, 3 )                                                                                    \
      |   ^~~~~~~~~~~~~~~~~~~~~~~~~~~~
/home/vitaly/p/Prime-World/pw/branches/r1117/Src/PF_GameLogic/LuaScript.cpp:4451:1: note: in expansion of macro ‘START_LUA2CPP_FUNCTION_ARG3’
 4451 | START_LUA2CPP_FUNCTION_ARG3( LuaAISwitcher, const char*, bool, int )
      | ^~~~~~~~~~~~~~~~~~~~~~~~~~~
/home/vitaly/p/Prime-World/pw/branches/r1117/Src/PF_GameLogic/LuaScript.cpp:485:3: error: pasting "addScriptFunction___LINE___LuaAISwitcher" and ";" does not give a valid preprocessing token
  485 | } addScriptFunction_##__LINE__##_##name##;
      |   ^~~~~~~~~~~~~~~~~~
/home/vitaly/p/Prime-World/pw/branches/r1117/Src/PF_GameLogic/LuaScript.cpp:491:1: note: in expansion of macro ‘ADD_LUA2CPP_FUNCTION’
  491 | ADD_LUA2CPP_FUNCTION(name)                                                                                                   \
      | ^~~~~~~~~~~~~~~~~~~~
/home/vitaly/p/Prime-World/pw/branches/r1117/Src/PF_GameLogic/LuaScript.cpp:518:3: note: in expansion of macro ‘_START_LUA2CPP_FUNCTION_HEAD’
  518 |   _START_LUA2CPP_FUNCTION_HEAD( name, 3 )                                                                                    \
      |   ^~~~~~~~~~~~~~~~~~~~~~~~~~~~
/home/vitaly/p/Prime-World/pw/branches/r1117/Src/PF_GameLogic/LuaScript.cpp:4451:1: note: in expansion of macro ‘START_LUA2CPP_FUNCTION_ARG3’
 4451 | START_LUA2CPP_FUNCTION_ARG3( LuaAISwitcher, const char*, bool, int )
      | ^~~~~~~~~~~~~~~~~~~~~~~~~~~
In file included from /home/vitaly/p/Prime-World/pw/branches/r1117/Src/PF_GameLogic/../System/../System/Logger.h:7,
                 from /home/vitaly/p/Prime-World/pw/branches/r1117/Src/PF_GameLogic/../System/systemStdAfx.h:77,
                 from /home/vitaly/p/Prime-World/pw/branches/r1117/Src/PF_GameLogic/stdafx.h:3:
/home/vitaly/p/Prime-World/pw/branches/r1117/Src/PF_GameLogic/../System/../System/MultiReaderLock.h:22:14: warning: ‘template<class> class std::auto_ptr’ is deprecated: use 'std::unique_ptr' instead [-Wdeprecated-declarations]
   22 |   const std::auto_ptr< MultiReaderLockImpl > impl_;
      |              ^~~~~~~~
In file included from /usr/lib/gcc/x86_64-pc-linux-gnu/15/include/g++-v15/memory:80,
                 from /home/vitaly/p/Prime-World/pw/branches/r1117/Src/PF_GameLogic/../System/../System/MultiReaderLock.h:3:
/usr/lib/gcc/x86_64-pc-linux-gnu/15/include/g++-v15/bits/unique_ptr.h:58:28: note: declared here
   58 |   template<typename> class auto_ptr;
      |                            ^~~~~~~~
In file included from /home/vitaly/p/Prime-World/pw/branches/r1117/Src/PF_GameLogic/../System/systemStdAfx.h:162:
/home/vitaly/p/Prime-World/pw/branches/r1117/Src/PF_GameLogic/../System/../System/ncircular_buffer.h:293:15: warning: ‘template<class _Category, class _Tp, class _Distance, class _Pointer, class _Reference> struct std::iterator’ is deprecated [-Wdeprecated-declarations]
  293 | : public std::iterator<std::random_access_iterator_tag,
      |               ^~~~~~~~
In file included from /usr/lib/gcc/x86_64-pc-linux-gnu/15/include/g++-v15/bits/stl_algobase.h:65,
                 from /usr/lib/gcc/x86_64-pc-linux-gnu/15/include/g++-v15/bits/specfun.h:43,
                 from /usr/lib/gcc/x86_64-pc-linux-gnu/15/include/g++-v15/cmath:3913,
                 from /usr/lib/gcc/x86_64-pc-linux-gnu/15/include/g++-v15/math.h:36,
                 from /home/vitaly/p/Prime-World/pw/branches/r1117/Src/System/Win32_linux.h:9,
                 from /home/vitaly/p/Prime-World/pw/branches/r1117/Src/System/config.h:51,
                 from /home/vitaly/p/Prime-World/pw/branches/r1117/Src/PF_GameLogic/../System/systemStdAfx.h:4:
/usr/lib/gcc/x86_64-pc-linux-gnu/15/include/g++-v15/bits/stl_iterator_base_types.h:129:34: note: declared here
  129 |     struct _GLIBCXX17_DEPRECATED iterator
      |                                  ^~~~~~~~
In file included from /usr/include/iconv.h:23,
                 from /home/vitaly/p/Prime-World/pw/branches/r1117/Src/PF_GameLogic/../System/systemStdAfx.h:62:
/home/vitaly/p/Prime-World/pw/branches/r1117/Src/PF_GameLogic/../PF_Core/IUpdateable.h: In static member function ‘static PF_Core::IUpdateable* PF_Core::IUpdateable::ring_Ring_::obj(const ring::Ring<PF_Core::IUpdateable, PF_Core::IUpdateable::ring_Ring_, ring::CObjectBasePolicyWithPtr<PF_Core::IUpdateable> >::Part*)’:
/home/vitaly/p/Prime-World/pw/branches/r1117/Src/PF_GameLogic/../PF_Core/IUpdateable.h:43:29: warning: ‘offsetof’ within non-standard-layout type ‘PF_Core::IUpdateable’ is conditionally-supported [-Winvalid-offsetof]
   43 |         seDECLARE_COBJRING( IUpdateable, part, Ring );
/home/vitaly/p/Prime-World/pw/branches/r1117/Src/PF_GameLogic/../System/../System/Ring.h:690:55: note: in expansion of macro ‘seDECLARE_RING_CLASS_BASE’
  690 | #define seDECLARE_COBJRING_CLASS(cls, field, ringCls) seDECLARE_RING_CLASS_BASE(cls, field, ringCls, ring::CObjectBasePolicyWithPtr<cls>)
      |                                                       ^~~~~~~~~~~~~~~~~~~~~~~~~
/home/vitaly/p/Prime-World/pw/branches/r1117/Src/PF_GameLogic/../System/../System/Ring.h:740:9: note: in expansion of macro ‘seDECLARE_COBJRING_CLASS’
  740 |         seDECLARE_COBJRING_CLASS(cls, field, ringCls); \
      |         ^~~~~~~~~~~~~~~~~~~~~~~~
/home/vitaly/p/Prime-World/pw/branches/r1117/Src/PF_GameLogic/../PF_Core/IUpdateable.h:43:9: note: in expansion of macro ‘seDECLARE_COBJRING’
   43 |         seDECLARE_COBJRING( IUpdateable, part, Ring );
      |         ^~~~~~~~~~~~~~~~~~
/home/vitaly/p/Prime-World/pw/branches/r1117/Src/PF_GameLogic/../PF_Core/IUpdateable.h: In static member function ‘static PF_Core::IUpdateableAfterScene* PF_Core::IUpdateableAfterScene::ring_Ring_::obj(const ring::Ring<PF_Core::IUpdateableAfterScene, PF_Core::IUpdateableAfterScene::ring_Ring_, ring::DefaultSmartPtrPolicy<PF_Core::IUpdateableAfterScene> >::Part*)’:
/home/vitaly/p/Prime-World/pw/branches/r1117/Src/PF_GameLogic/../PF_Core/IUpdateable.h:62:25: warning: ‘offsetof’ within non-standard-layout type ‘PF_Core::IUpdateableAfterScene’ is conditionally-supported [-Winvalid-offsetof]
   62 |         seDECLARE_RING( IUpdateableAfterScene, part, Ring );
/home/vitaly/p/Prime-World/pw/branches/r1117/Src/PF_GameLogic/../System/../System/Ring.h:689:51: note: in expansion of macro ‘seDECLARE_RING_CLASS_BASE’
  689 | #define seDECLARE_RING_CLASS(cls, field, ringCls) seDECLARE_RING_CLASS_BASE(cls, field, ringCls, ring::DefaultSmartPtrPolicy<cls>)
      |                                                   ^~~~~~~~~~~~~~~~~~~~~~~~~
/home/vitaly/p/Prime-World/pw/branches/r1117/Src/PF_GameLogic/../System/../System/Ring.h:736:3: note: in expansion of macro ‘seDECLARE_RING_CLASS’
  736 |   seDECLARE_RING_CLASS(cls, field, ringCls); \
      |   ^~~~~~~~~~~~~~~~~~~~
/home/vitaly/p/Prime-World/pw/branches/r1117/Src/PF_GameLogic/../PF_Core/IUpdateable.h:62:9: note: in expansion of macro ‘seDECLARE_RING’
   62 |         seDECLARE_RING( IUpdateableAfterScene, part, Ring );
      |         ^~~~~~~~~~~~~~
/home/vitaly/p/Prime-World/pw/branches/r1117/Src/PF_GameLogic/../PF_Core/WorldObject.h: In static member function ‘static PF_Core::WorldObjectBase* PF_Core::WorldObjectBase::ring_Ring_::obj(const ring::Ring<PF_Core::WorldObjectBase, PF_Core::WorldObjectBase::ring_Ring_, ring::CObjectBasePolicyWithPtr<PF_Core::WorldObjectBase> >::Part*)’:
/home/vitaly/p/Prime-World/pw/branches/r1117/Src/PF_GameLogic/../PF_Core/WorldObject.h:213:30: warning: ‘offsetof’ within non-standard-layout type ‘PF_Core::WorldObjectBase’ is conditionally-supported [-Winvalid-offsetof]
  213 |     seDECLARE_COBJRING_CLASS(WorldObjectBase, ringPart, Ring);
/home/vitaly/p/Prime-World/pw/branches/r1117/Src/PF_GameLogic/../System/../System/Ring.h:690:55: note: in expansion of macro ‘seDECLARE_RING_CLASS_BASE’
  690 | #define seDECLARE_COBJRING_CLASS(cls, field, ringCls) seDECLARE_RING_CLASS_BASE(cls, field, ringCls, ring::CObjectBasePolicyWithPtr<cls>)
      |                                                       ^~~~~~~~~~~~~~~~~~~~~~~~~
/home/vitaly/p/Prime-World/pw/branches/r1117/Src/PF_GameLogic/../PF_Core/WorldObject.h:213:5: note: in expansion of macro ‘seDECLARE_COBJRING_CLASS’
  213 |     seDECLARE_COBJRING_CLASS(WorldObjectBase, ringPart, Ring);
      |     ^~~~~~~~~~~~~~~~~~~~~~~~
/home/vitaly/p/Prime-World/pw/branches/r1117/Src/PF_GameLogic/../Render/DeviceLost.h: In static member function ‘static Render::DeviceLostHandler* Render::DeviceLostHandler::ring_Ring_::obj(const ring::Ring<Render::DeviceLostHandler, Render::DeviceLostHandler::ring_Ring_, ring::DefaultSmartPtrPolicy<Render::DeviceLostHandler> >::Part*)’:
/home/vitaly/p/Prime-World/pw/branches/r1117/Src/PF_GameLogic/../Render/DeviceLost.h:39:18: warning: ‘offsetof’ within non-standard-layout type ‘Render::DeviceLostHandler’ is conditionally-supported [-Winvalid-offsetof]
   39 |   seDECLARE_RING(DeviceLostHandler, ringPart, Ring);
/home/vitaly/p/Prime-World/pw/branches/r1117/Src/PF_GameLogic/../System/../System/Ring.h:689:51: note: in expansion of macro ‘seDECLARE_RING_CLASS_BASE’
  689 | #define seDECLARE_RING_CLASS(cls, field, ringCls) seDECLARE_RING_CLASS_BASE(cls, field, ringCls, ring::DefaultSmartPtrPolicy<cls>)
      |                                                   ^~~~~~~~~~~~~~~~~~~~~~~~~
/home/vitaly/p/Prime-World/pw/branches/r1117/Src/PF_GameLogic/../System/../System/Ring.h:736:3: note: in expansion of macro ‘seDECLARE_RING_CLASS’
  736 |   seDECLARE_RING_CLASS(cls, field, ringCls); \
      |   ^~~~~~~~~~~~~~~~~~~~
/home/vitaly/p/Prime-World/pw/branches/r1117/Src/PF_GameLogic/../Render/DeviceLost.h:39:3: note: in expansion of macro ‘seDECLARE_RING’
   39 |   seDECLARE_RING(DeviceLostHandler, ringPart, Ring);
      |   ^~~~~~~~~~~~~~
/home/vitaly/p/Prime-World/pw/branches/r1117/Src/PF_GameLogic/../Render/DeviceLost.h: In static member function ‘static Render::DeviceDeleteHandler* Render::DeviceDeleteHandler::ring_Ring_::obj(const ring::Ring<Render::DeviceDeleteHandler, Render::DeviceDeleteHandler::ring_Ring_, ring::DefaultSmartPtrPolicy<Render::DeviceDeleteHandler> >::Part*)’:
/home/vitaly/p/Prime-World/pw/branches/r1117/Src/PF_GameLogic/../Render/DeviceLost.h:120:18: warning: ‘offsetof’ within non-standard-layout type ‘Render::DeviceDeleteHandler’ is conditionally-supported [-Winvalid-offsetof]
  120 |   seDECLARE_RING(DeviceDeleteHandler, ringPart, Ring);
/home/vitaly/p/Prime-World/pw/branches/r1117/Src/PF_GameLogic/../System/../System/Ring.h:689:51: note: in expansion of macro ‘seDECLARE_RING_CLASS_BASE’
  689 | #define seDECLARE_RING_CLASS(cls, field, ringCls) seDECLARE_RING_CLASS_BASE(cls, field, ringCls, ring::DefaultSmartPtrPolicy<cls>)
      |                                                   ^~~~~~~~~~~~~~~~~~~~~~~~~
/home/vitaly/p/Prime-World/pw/branches/r1117/Src/PF_GameLogic/../System/../System/Ring.h:736:3: note: in expansion of macro ‘seDECLARE_RING_CLASS’
  736 |   seDECLARE_RING_CLASS(cls, field, ringCls); \
      |   ^~~~~~~~~~~~~~~~~~~~
/home/vitaly/p/Prime-World/pw/branches/r1117/Src/PF_GameLogic/../Render/DeviceLost.h:120:3: note: in expansion of macro ‘seDECLARE_RING’
  120 |   seDECLARE_RING(DeviceDeleteHandler, ringPart, Ring);
      |   ^~~~~~~~~~~~~~
In file included from /home/vitaly/p/Prime-World/pw/branches/r1117/Src/PF_GameLogic/../Render/sampler.h:4,
                 from /home/vitaly/p/Prime-World/pw/branches/r1117/Src/PF_GameLogic/../Render/material.h:9,
                 from /home/vitaly/p/Prime-World/pw/branches/r1117/Src/PF_GameLogic/../Render/renderstatesmanager.h:5,
                 from /home/vitaly/p/Prime-World/pw/branches/r1117/Src/PF_GameLogic/../Render/renderer.h:7,
                 from /home/vitaly/p/Prime-World/pw/branches/r1117/Src/PF_GameLogic/specific.h:11:
/home/vitaly/p/Prime-World/pw/branches/r1117/Src/PF_GameLogic/../Render/states.h: In member function ‘Render::SamplerState& Render::SamplerState::CreateMask()’:
/home/vitaly/p/Prime-World/pw/branches/r1117/Src/PF_GameLogic/../Render/states.h:125:17: warning: conversion from ‘unsigned int’ to ‘unsigned char:3’ changes value from ‘4294967295’ to ‘7’ [-Woverflow]
  125 |     minFilter = UINT_MAX;
      |                 ^~~~~~~~
/home/vitaly/p/Prime-World/pw/branches/r1117/Src/PF_GameLogic/../Render/states.h:126:17: warning: conversion from ‘unsigned int’ to ‘unsigned char:1’ changes value from ‘4294967295’ to ‘1’ [-Woverflow]
  126 |     magFilter = UINT_MAX;
      |                 ^~~~~~~~
/home/vitaly/p/Prime-World/pw/branches/r1117/Src/PF_GameLogic/../Render/states.h:127:17: warning: conversion from ‘unsigned int’ to ‘unsigned char:2’ changes value from ‘4294967295’ to ‘3’ [-Woverflow]
  127 |     mipFilter = UINT_MAX;
      |                 ^~~~~~~~
/home/vitaly/p/Prime-World/pw/branches/r1117/Src/PF_GameLogic/../Render/states.h:128:17: warning: conversion from ‘unsigned int’ to ‘unsigned char:2’ changes value from ‘4294967295’ to ‘3’ [-Woverflow]
  128 |     addressU  = UINT_MAX;
      |                 ^~~~~~~~
/home/vitaly/p/Prime-World/pw/branches/r1117/Src/PF_GameLogic/../Render/states.h:129:17: warning: conversion from ‘unsigned int’ to ‘unsigned char:2’ changes value from ‘4294967295’ to ‘3’ [-Woverflow]
  129 |     addressV  = UINT_MAX;
      |                 ^~~~~~~~
/home/vitaly/p/Prime-World/pw/branches/r1117/Src/PF_GameLogic/../Render/states.h:130:25: warning: conversion from ‘unsigned int’ to ‘unsigned char:1’ changes value from ‘4294967295’ to ‘1’ [-Woverflow]
  130 |     alwaysFailCompare = UINT_MAX;
      |                         ^~~~~~~~
/home/vitaly/p/Prime-World/pw/branches/r1117/Src/PF_GameLogic/../Render/states.h: At global scope:
/home/vitaly/p/Prime-World/pw/branches/r1117/Src/PF_GameLogic/../Render/states.h:168:3: warning: converting ‘Render::SamplerState2’ to a base class ‘Render::SamplerState’ will never use a type conversion operator [-Wclass-conversion]
  168 |   operator SamplerState()
      |   ^~~~~~~~
/home/vitaly/p/Prime-World/pw/branches/r1117/Src/PF_GameLogic/../Render/material.h: In static member function ‘static Render::Material* Render::Material::ring_Ring_::obj(const ring::Ring<Render::Material, Render::Material::ring_Ring_, ring::DefaultSmartPtrPolicy<Render::Material> >::Part*)’:
/home/vitaly/p/Prime-World/pw/branches/r1117/Src/PF_GameLogic/../Render/material.h:128:30: warning: ‘offsetof’ within non-standard-layout type ‘Render::Material’ is conditionally-supported [-Winvalid-offsetof]
  128 |         seDECLARE_RING_CLASS(Material, ringPart, Ring);
/home/vitaly/p/Prime-World/pw/branches/r1117/Src/PF_GameLogic/../System/../System/Ring.h:689:51: note: in expansion of macro ‘seDECLARE_RING_CLASS_BASE’
  689 | #define seDECLARE_RING_CLASS(cls, field, ringCls) seDECLARE_RING_CLASS_BASE(cls, field, ringCls, ring::DefaultSmartPtrPolicy<cls>)
      |                                                   ^~~~~~~~~~~~~~~~~~~~~~~~~
/home/vitaly/p/Prime-World/pw/branches/r1117/Src/PF_GameLogic/../Render/material.h:128:9: note: in expansion of macro ‘seDECLARE_RING_CLASS’
  128 |         seDECLARE_RING_CLASS(Material, ringPart, Ring);
      |         ^~~~~~~~~~~~~~~~~~~~
In file included from /home/vitaly/p/Prime-World/pw/branches/r1117/Src/PF_GameLogic/../Render/LightsManager.h:5,
                 from /home/vitaly/p/Prime-World/pw/branches/r1117/Src/PF_GameLogic/../Render/renderer.h:16:
/home/vitaly/p/Prime-World/pw/branches/r1117/Src/PF_GameLogic/../Render/AABB.h: At global scope:
/home/vitaly/p/Prime-World/pw/branches/r1117/Src/PF_GameLogic/../Render/AABB.h:11:16: warning: attribute ignored in declaration of ‘struct Render::AABB’ [-Wattributes]
   11 |         struct AABB
      |                ^~~~
/home/vitaly/p/Prime-World/pw/branches/r1117/Src/PF_GameLogic/../Render/AABB.h:11:16: note: attribute for ‘struct Render::AABB’ must follow the ‘struct’ keyword
In file included from /home/vitaly/p/Prime-World/pw/branches/r1117/Src/PF_GameLogic/../Render/../Scene/VoxelGrid.h:3,
                 from /home/vitaly/p/Prime-World/pw/branches/r1117/Src/PF_GameLogic/../Render/../Scene/CollectionVG.h:6,
                 from /home/vitaly/p/Prime-World/pw/branches/r1117/Src/PF_GameLogic/../Render/../Scene/VoxelGridObj.h:3,
                 from /home/vitaly/p/Prime-World/pw/branches/r1117/Src/PF_GameLogic/../Render/light.h:4,
                 from /home/vitaly/p/Prime-World/pw/branches/r1117/Src/PF_GameLogic/../Render/LightsManager.h:6:
/home/vitaly/p/Prime-World/pw/branches/r1117/Src/Render/ConvexVolume.h:12:16: warning: attribute ignored in declaration of ‘struct Render::FPlane’ [-Wattributes]
   12 |         struct FPlane
      |                ^~~~~~
/home/vitaly/p/Prime-World/pw/branches/r1117/Src/Render/ConvexVolume.h:12:16: note: attribute for ‘struct Render::FPlane’ must follow the ‘struct’ keyword
/home/vitaly/p/Prime-World/pw/branches/r1117/Src/Render/ConvexVolume.h:28:15: warning: attribute ignored in declaration of ‘class Render::ConvexVolume’ [-Wattributes]
   28 |         class ConvexVolume
      |               ^~~~~~~~~~~~
/home/vitaly/p/Prime-World/pw/branches/r1117/Src/Render/ConvexVolume.h:28:15: note: attribute for ‘class Render::ConvexVolume’ must follow the ‘class’ keyword
In file included from /home/vitaly/p/Prime-World/pw/branches/r1117/Src/PF_GameLogic/../Scene/SceneComponent.h:8,
                 from /home/vitaly/p/Prime-World/pw/branches/r1117/Src/PF_GameLogic/../Scene/SceneObject.h:2,
                 from /home/vitaly/p/Prime-World/pw/branches/r1117/Src/PF_GameLogic/specific.h:19:
/home/vitaly/p/Prime-World/pw/branches/r1117/Src/PF_GameLogic/../Scene/../Render/RenderComponent.h:40:7: warning: attribute ignored in declaration of ‘class Render::RenderComponent’ [-Wattributes]
   40 | class RenderComponent : public NonCopyable
      |       ^~~~~~~~~~~~~~~
/home/vitaly/p/Prime-World/pw/branches/r1117/Src/PF_GameLogic/../Scene/../Render/RenderComponent.h:40:7: note: attribute for ‘class Render::RenderComponent’ must follow the ‘class’ keyword
/home/vitaly/p/Prime-World/pw/branches/r1117/Src/PF_GameLogic/../Scene/../Render/MaterialSpec.h: In member function ‘virtual int Render::AIGeometryMaterialType::SignificantPartLength() const’:
/home/vitaly/p/Prime-World/pw/branches/r1117/Src/PF_GameLogic/../Scene/../Render/MaterialSpec.h:208:70: warning: ‘offsetof’ within non-standard-layout type ‘Render::AIGeometryMaterialType’ is conditionally-supported [-Winvalid-offsetof]
  208 |         virtual int SignificantPartLength() const { return offsetof( AIGeometryMaterialType, renderState ) - offsetof( AIGeometryMaterialType, renderState ) + sizeof( renderState ); }
      |                                                                      ^
/home/vitaly/p/Prime-World/pw/branches/r1117/Src/PF_GameLogic/../Scene/../Render/MaterialSpec.h:208:120: warning: ‘offsetof’ within non-standard-layout type ‘Render::AIGeometryMaterialType’ is conditionally-supported [-Winvalid-offsetof]
  208 |         virtual int SignificantPartLength() const { return offsetof( AIGeometryMaterialType, renderState ) - offsetof( AIGeometryMaterialType, renderState ) + sizeof( renderState ); }
      |                                                                                                                        ^
/home/vitaly/p/Prime-World/pw/branches/r1117/Src/PF_GameLogic/../Scene/../Render/MaterialSpec.h: In member function ‘virtual int Render::AOEMaterial::SignificantPartLength() const’:
/home/vitaly/p/Prime-World/pw/branches/r1117/Src/PF_GameLogic/../Scene/../Render/MaterialSpec.h:307:70: warning: ‘offsetof’ within non-standard-layout type ‘Render::AOEMaterial’ is conditionally-supported [-Winvalid-offsetof]
  307 |         virtual int SignificantPartLength() const { return offsetof( AOEMaterial, aspectRatio ) - offsetof( AOEMaterial, renderState ) + sizeof( aspectRatio ); }
      |                                                                      ^
/home/vitaly/p/Prime-World/pw/branches/r1117/Src/PF_GameLogic/../Scene/../Render/MaterialSpec.h:307:109: warning: ‘offsetof’ within non-standard-layout type ‘Render::AOEMaterial’ is conditionally-supported [-Winvalid-offsetof]
  307 |         virtual int SignificantPartLength() const { return offsetof( AOEMaterial, aspectRatio ) - offsetof( AOEMaterial, renderState ) + sizeof( aspectRatio ); }
      |                                                                                                             ^
/home/vitaly/p/Prime-World/pw/branches/r1117/Src/PF_GameLogic/../Scene/../Render/MaterialSpec.h: In static member function ‘static void Render::AOEMaterial::InitSamplersOffsets()’:
/home/vitaly/p/Prime-World/pw/branches/r1117/Src/PF_GameLogic/../Scene/../Render/MaterialSpec.h:341:36: warning: ‘offsetof’ within non-standard-layout type ‘Render::AOEMaterial’ is conditionally-supported [-Winvalid-offsetof]
  341 |     samplersOffsets[0] = offsetof( AOEMaterial, DiffuseMap );
      |                                    ^
/home/vitaly/p/Prime-World/pw/branches/r1117/Src/PF_GameLogic/../Scene/../Render/MaterialSpec.h: In member function ‘virtual int Render::BasicFXMaterial::SignificantPartLength() const’:
/home/vitaly/p/Prime-World/pw/branches/r1117/Src/PF_GameLogic/../Scene/../Render/MaterialSpec.h:453:70: warning: ‘offsetof’ within non-standard-layout type ‘Render::BasicFXMaterial’ is conditionally-supported [-Winvalid-offsetof]
  453 |         virtual int SignificantPartLength() const { return offsetof( BasicFXMaterial, vOffset ) - offsetof( BasicFXMaterial, renderState ) + sizeof( vOffset ); }
      |                                                                      ^
/home/vitaly/p/Prime-World/pw/branches/r1117/Src/PF_GameLogic/../Scene/../Render/MaterialSpec.h:453:109: warning: ‘offsetof’ within non-standard-layout type ‘Render::BasicFXMaterial’ is conditionally-supported [-Winvalid-offsetof]
  453 |         virtual int SignificantPartLength() const { return offsetof( BasicFXMaterial, vOffset ) - offsetof( BasicFXMaterial, renderState ) + sizeof( vOffset ); }
      |                                                                                                             ^
/home/vitaly/p/Prime-World/pw/branches/r1117/Src/PF_GameLogic/../Scene/../Render/MaterialSpec.h: In static member function ‘static void Render::BasicFXMaterial::InitSamplersOffsets()’:
/home/vitaly/p/Prime-World/pw/branches/r1117/Src/PF_GameLogic/../Scene/../Render/MaterialSpec.h:507:36: warning: ‘offsetof’ within non-standard-layout type ‘Render::BasicFXMaterial’ is conditionally-supported [-Winvalid-offsetof]
  507 |     samplersOffsets[0] = offsetof( BasicFXMaterial, DiffuseMap );
      |                                    ^
/home/vitaly/p/Prime-World/pw/branches/r1117/Src/PF_GameLogic/../Scene/../Render/MaterialSpec.h: In member function ‘virtual int Render::BasicMaskMaterial::SignificantPartLength() const’:
/home/vitaly/p/Prime-World/pw/branches/r1117/Src/PF_GameLogic/../Scene/../Render/MaterialSpec.h:595:70: warning: ‘offsetof’ within non-standard-layout type ‘Render::BasicMaskMaterial’ is conditionally-supported [-Winvalid-offsetof]
  595 |         virtual int SignificantPartLength() const { return offsetof( BasicMaskMaterial, isBlendModeOverrided ) - offsetof( BasicMaskMaterial, renderState ) + sizeof( isBlendModeOverrided ); }
      |                                                                      ^
/home/vitaly/p/Prime-World/pw/branches/r1117/Src/PF_GameLogic/../Scene/../Render/MaterialSpec.h:595:124: warning: ‘offsetof’ within non-standard-layout type ‘Render::BasicMaskMaterial’ is conditionally-supported [-Winvalid-offsetof]
  595 |         virtual int SignificantPartLength() const { return offsetof( BasicMaskMaterial, isBlendModeOverrided ) - offsetof( BasicMaskMaterial, renderState ) + sizeof( isBlendModeOverrided ); }
      |                                                                                                                            ^
/home/vitaly/p/Prime-World/pw/branches/r1117/Src/PF_GameLogic/../Scene/../Render/MaterialSpec.h: In static member function ‘static void Render::BasicMaskMaterial::InitSamplersOffsets()’:
/home/vitaly/p/Prime-World/pw/branches/r1117/Src/PF_GameLogic/../Scene/../Render/MaterialSpec.h:628:36: warning: ‘offsetof’ within non-standard-layout type ‘Render::BasicMaskMaterial’ is conditionally-supported [-Winvalid-offsetof]
  628 |     samplersOffsets[0] = offsetof( BasicMaskMaterial, Diffuse );
      |                                    ^
/home/vitaly/p/Prime-World/pw/branches/r1117/Src/PF_GameLogic/../Scene/../Render/MaterialSpec.h:629:36: warning: ‘offsetof’ within non-standard-layout type ‘Render::BasicMaskMaterial’ is conditionally-supported [-Winvalid-offsetof]
  629 |     samplersOffsets[1] = offsetof( BasicMaskMaterial, Mask );
      |                                    ^
/home/vitaly/p/Prime-World/pw/branches/r1117/Src/PF_GameLogic/../Scene/../Render/MaterialSpec.h: In member function ‘virtual int Render::BasicMaterial::SignificantPartLength() const’:
/home/vitaly/p/Prime-World/pw/branches/r1117/Src/PF_GameLogic/../Scene/../Render/MaterialSpec.h:743:70: warning: ‘offsetof’ within non-standard-layout type ‘Render::BasicMaterial’ is conditionally-supported [-Winvalid-offsetof]
  743 |         virtual int SignificantPartLength() const { return offsetof( BasicMaterial, specialTransparency ) - offsetof( BasicMaterial, renderState ) + sizeof( specialTransparency ); }
      |                                                                      ^
/home/vitaly/p/Prime-World/pw/branches/r1117/Src/PF_GameLogic/../Scene/../Render/MaterialSpec.h:743:119: warning: ‘offsetof’ within non-standard-layout type ‘Render::BasicMaterial’ is conditionally-supported [-Winvalid-offsetof]
  743 |         virtual int SignificantPartLength() const { return offsetof( BasicMaterial, specialTransparency ) - offsetof( BasicMaterial, renderState ) + sizeof( specialTransparency ); }
      |                                                                                                                       ^
/home/vitaly/p/Prime-World/pw/branches/r1117/Src/PF_GameLogic/../Scene/../Render/MaterialSpec.h: In static member function ‘static void Render::BasicMaterial::InitSamplersOffsets()’:
/home/vitaly/p/Prime-World/pw/branches/r1117/Src/PF_GameLogic/../Scene/../Render/MaterialSpec.h:784:36: warning: ‘offsetof’ within non-standard-layout type ‘Render::BasicMaterial’ is conditionally-supported [-Winvalid-offsetof]
  784 |     samplersOffsets[0] = offsetof( BasicMaterial, DiffuseMap );
      |                                    ^
/home/vitaly/p/Prime-World/pw/branches/r1117/Src/PF_GameLogic/../Scene/../Render/MaterialSpec.h:785:36: warning: ‘offsetof’ within non-standard-layout type ‘Render::BasicMaterial’ is conditionally-supported [-Winvalid-offsetof]
  785 |     samplersOffsets[1] = offsetof( BasicMaterial, NormalMap );
      |                                    ^
/home/vitaly/p/Prime-World/pw/branches/r1117/Src/PF_GameLogic/../Scene/../Render/MaterialSpec.h:786:36: warning: ‘offsetof’ within non-standard-layout type ‘Render::BasicMaterial’ is conditionally-supported [-Winvalid-offsetof]
  786 |     samplersOffsets[2] = offsetof( BasicMaterial, SpecularMap );
      |                                    ^
/home/vitaly/p/Prime-World/pw/branches/r1117/Src/PF_GameLogic/../Scene/../Render/MaterialSpec.h:787:36: warning: ‘offsetof’ within non-standard-layout type ‘Render::BasicMaterial’ is conditionally-supported [-Winvalid-offsetof]
  787 |     samplersOffsets[3] = offsetof( BasicMaterial, ReflectionMap );
      |                                    ^
/home/vitaly/p/Prime-World/pw/branches/r1117/Src/PF_GameLogic/../Scene/../Render/MaterialSpec.h: In member function ‘virtual int Render::DecalMaterial::SignificantPartLength() const’:
/home/vitaly/p/Prime-World/pw/branches/r1117/Src/PF_GameLogic/../Scene/../Render/MaterialSpec.h:976:70: warning: ‘offsetof’ within non-standard-layout type ‘Render::DecalMaterial’ is conditionally-supported [-Winvalid-offsetof]
  976 |         virtual int SignificantPartLength() const { return offsetof( DecalMaterial, isBlendModeOverrided ) - offsetof( DecalMaterial, renderState ) + sizeof( isBlendModeOverrided ); }
      |                                                                      ^
/home/vitaly/p/Prime-World/pw/branches/r1117/Src/PF_GameLogic/../Scene/../Render/MaterialSpec.h:976:120: warning: ‘offsetof’ within non-standard-layout type ‘Render::DecalMaterial’ is conditionally-supported [-Winvalid-offsetof]
  976 |         virtual int SignificantPartLength() const { return offsetof( DecalMaterial, isBlendModeOverrided ) - offsetof( DecalMaterial, renderState ) + sizeof( isBlendModeOverrided ); }
      |                                                                                                                        ^
/home/vitaly/p/Prime-World/pw/branches/r1117/Src/PF_GameLogic/../Scene/../Render/MaterialSpec.h: In static member function ‘static void Render::DecalMaterial::InitSamplersOffsets()’:
/home/vitaly/p/Prime-World/pw/branches/r1117/Src/PF_GameLogic/../Scene/../Render/MaterialSpec.h:1020:36: warning: ‘offsetof’ within non-standard-layout type ‘Render::DecalMaterial’ is conditionally-supported [-Winvalid-offsetof]
 1020 |     samplersOffsets[0] = offsetof( DecalMaterial, DiffuseMap );
      |                                    ^
/home/vitaly/p/Prime-World/pw/branches/r1117/Src/PF_GameLogic/../Scene/../Render/MaterialSpec.h: In member function ‘virtual int Render::DecalTerrainMaterial::SignificantPartLength() const’:
/home/vitaly/p/Prime-World/pw/branches/r1117/Src/PF_GameLogic/../Scene/../Render/MaterialSpec.h:1140:70: warning: ‘offsetof’ within non-standard-layout type ‘Render::DecalTerrainMaterial’ is conditionally-supported [-Winvalid-offsetof]
 1140 |         virtual int SignificantPartLength() const { return offsetof( DecalTerrainMaterial, isBlendModeOverrided ) - offsetof( DecalTerrainMaterial, renderState ) + sizeof( isBlendModeOverrided ); }
      |                                                                      ^
/home/vitaly/p/Prime-World/pw/branches/r1117/Src/PF_GameLogic/../Scene/../Render/MaterialSpec.h:1140:127: warning: ‘offsetof’ within non-standard-layout type ‘Render::DecalTerrainMaterial’ is conditionally-supported [-Winvalid-offsetof]
 1140 |         virtual int SignificantPartLength() const { return offsetof( DecalTerrainMaterial, isBlendModeOverrided ) - offsetof( DecalTerrainMaterial, renderState ) + sizeof( isBlendModeOverrided ); }
      |                                                                                                                               ^
/home/vitaly/p/Prime-World/pw/branches/r1117/Src/PF_GameLogic/../Scene/../Render/MaterialSpec.h: In static member function ‘static void Render::DecalTerrainMaterial::InitSamplersOffsets()’:
/home/vitaly/p/Prime-World/pw/branches/r1117/Src/PF_GameLogic/../Scene/../Render/MaterialSpec.h:1185:36: warning: ‘offsetof’ within non-standard-layout type ‘Render::DecalTerrainMaterial’ is conditionally-supported [-Winvalid-offsetof]
 1185 |     samplersOffsets[0] = offsetof( DecalTerrainMaterial, DiffuseMap );
      |                                    ^
/home/vitaly/p/Prime-World/pw/branches/r1117/Src/PF_GameLogic/../Scene/../Render/MaterialSpec.h:1186:36: warning: ‘offsetof’ within non-standard-layout type ‘Render::DecalTerrainMaterial’ is conditionally-supported [-Winvalid-offsetof]
 1186 |     samplersOffsets[1] = offsetof( DecalTerrainMaterial, MaskMap );
      |                                    ^
/home/vitaly/p/Prime-World/pw/branches/r1117/Src/PF_GameLogic/../Scene/../Render/MaterialSpec.h: In member function ‘virtual int Render::DropMaterial::SignificantPartLength() const’:
/home/vitaly/p/Prime-World/pw/branches/r1117/Src/PF_GameLogic/../Scene/../Render/MaterialSpec.h:1364:70: warning: ‘offsetof’ within non-standard-layout type ‘Render::DropMaterial’ is conditionally-supported [-Winvalid-offsetof]
 1364 |         virtual int SignificantPartLength() const { return offsetof( DropMaterial, vOffset2 ) - offsetof( DropMaterial, renderState ) + sizeof( vOffset2 ); }
      |                                                                      ^
/home/vitaly/p/Prime-World/pw/branches/r1117/Src/PF_GameLogic/../Scene/../Render/MaterialSpec.h:1364:107: warning: ‘offsetof’ within non-standard-layout type ‘Render::DropMaterial’ is conditionally-supported [-Winvalid-offsetof]
 1364 |         virtual int SignificantPartLength() const { return offsetof( DropMaterial, vOffset2 ) - offsetof( DropMaterial, renderState ) + sizeof( vOffset2 ); }
      |                                                                                                           ^
/home/vitaly/p/Prime-World/pw/branches/r1117/Src/PF_GameLogic/../Scene/../Render/MaterialSpec.h: In static member function ‘static void Render::DropMaterial::InitSamplersOffsets()’:
/home/vitaly/p/Prime-World/pw/branches/r1117/Src/PF_GameLogic/../Scene/../Render/MaterialSpec.h:1419:36: warning: ‘offsetof’ within non-standard-layout type ‘Render::DropMaterial’ is conditionally-supported [-Winvalid-offsetof]
 1419 |     samplersOffsets[0] = offsetof( DropMaterial, DiffuseMap );
      |                                    ^
/home/vitaly/p/Prime-World/pw/branches/r1117/Src/PF_GameLogic/../Scene/../Render/MaterialSpec.h:1420:36: warning: ‘offsetof’ within non-standard-layout type ‘Render::DropMaterial’ is conditionally-supported [-Winvalid-offsetof]
 1420 |     samplersOffsets[1] = offsetof( DropMaterial, NormalMap );
      |                                    ^
/home/vitaly/p/Prime-World/pw/branches/r1117/Src/PF_GameLogic/../Scene/../Render/MaterialSpec.h:1421:36: warning: ‘offsetof’ within non-standard-layout type ‘Render::DropMaterial’ is conditionally-supported [-Winvalid-offsetof]
 1421 |     samplersOffsets[2] = offsetof( DropMaterial, SpecularMap );
      |                                    ^
/home/vitaly/p/Prime-World/pw/branches/r1117/Src/PF_GameLogic/../Scene/../Render/MaterialSpec.h:1422:36: warning: ‘offsetof’ within non-standard-layout type ‘Render::DropMaterial’ is conditionally-supported [-Winvalid-offsetof]
 1422 |     samplersOffsets[3] = offsetof( DropMaterial, ReflectionMap );
      |                                    ^
/home/vitaly/p/Prime-World/pw/branches/r1117/Src/PF_GameLogic/../Scene/../Render/MaterialSpec.h: In member function ‘virtual int Render::FullScreenMaterial::SignificantPartLength() const’:
/home/vitaly/p/Prime-World/pw/branches/r1117/Src/PF_GameLogic/../Scene/../Render/MaterialSpec.h:1516:70: warning: ‘offsetof’ within non-standard-layout type ‘Render::FullScreenMaterial’ is conditionally-supported [-Winvalid-offsetof]
 1516 |         virtual int SignificantPartLength() const { return offsetof( FullScreenMaterial, BloomMap ) - offsetof( FullScreenMaterial, renderState ) + sizeof( BloomMap ); }
      |                                                                      ^
/home/vitaly/p/Prime-World/pw/branches/r1117/Src/PF_GameLogic/../Scene/../Render/MaterialSpec.h:1516:113: warning: ‘offsetof’ within non-standard-layout type ‘Render::FullScreenMaterial’ is conditionally-supported [-Winvalid-offsetof]
 1516 |         virtual int SignificantPartLength() const { return offsetof( FullScreenMaterial, BloomMap ) - offsetof( FullScreenMaterial, renderState ) + sizeof( BloomMap ); }
      |                                                                                                                 ^
/home/vitaly/p/Prime-World/pw/branches/r1117/Src/PF_GameLogic/../Scene/../Render/MaterialSpec.h: In static member function ‘static void Render::FullScreenMaterial::InitSamplersOffsets()’:
/home/vitaly/p/Prime-World/pw/branches/r1117/Src/PF_GameLogic/../Scene/../Render/MaterialSpec.h:1566:36: warning: ‘offsetof’ within non-standard-layout type ‘Render::FullScreenMaterial’ is conditionally-supported [-Winvalid-offsetof]
 1566 |     samplersOffsets[0] = offsetof( FullScreenMaterial, DepthMap );
      |                                    ^
/home/vitaly/p/Prime-World/pw/branches/r1117/Src/PF_GameLogic/../Scene/../Render/MaterialSpec.h:1567:36: warning: ‘offsetof’ within non-standard-layout type ‘Render::FullScreenMaterial’ is conditionally-supported [-Winvalid-offsetof]
 1567 |     samplersOffsets[1] = offsetof( FullScreenMaterial, DiffuseMap );
      |                                    ^
/home/vitaly/p/Prime-World/pw/branches/r1117/Src/PF_GameLogic/../Scene/../Render/MaterialSpec.h:1568:36: warning: ‘offsetof’ within non-standard-layout type ‘Render::FullScreenMaterial’ is conditionally-supported [-Winvalid-offsetof]
 1568 |     samplersOffsets[2] = offsetof( FullScreenMaterial, BloomMap );
      |                                    ^
/home/vitaly/p/Prime-World/pw/branches/r1117/Src/PF_GameLogic/../Scene/../Render/MaterialSpec.h: In member function ‘virtual int Render::GrassMaterial::SignificantPartLength() const’:
/home/vitaly/p/Prime-World/pw/branches/r1117/Src/PF_GameLogic/../Scene/../Render/MaterialSpec.h:1639:70: warning: ‘offsetof’ within non-standard-layout type ‘Render::GrassMaterial’ is conditionally-supported [-Winvalid-offsetof]
 1639 |         virtual int SignificantPartLength() const { return offsetof( GrassMaterial, elasticity ) - offsetof( GrassMaterial, renderState ) + sizeof( elasticity ); }
      |                                                                      ^
/home/vitaly/p/Prime-World/pw/branches/r1117/Src/PF_GameLogic/../Scene/../Render/MaterialSpec.h:1639:110: warning: ‘offsetof’ within non-standard-layout type ‘Render::GrassMaterial’ is conditionally-supported [-Winvalid-offsetof]
 1639 |         virtual int SignificantPartLength() const { return offsetof( GrassMaterial, elasticity ) - offsetof( GrassMaterial, renderState ) + sizeof( elasticity ); }
      |                                                                                                              ^
/home/vitaly/p/Prime-World/pw/branches/r1117/Src/PF_GameLogic/../Scene/../Render/MaterialSpec.h: In static member function ‘static void Render::GrassMaterial::InitSamplersOffsets()’:
/home/vitaly/p/Prime-World/pw/branches/r1117/Src/PF_GameLogic/../Scene/../Render/MaterialSpec.h:1673:36: warning: ‘offsetof’ within non-standard-layout type ‘Render::GrassMaterial’ is conditionally-supported [-Winvalid-offsetof]
 1673 |     samplersOffsets[0] = offsetof( GrassMaterial, FrozenDiffuseMap );
      |                                    ^
/home/vitaly/p/Prime-World/pw/branches/r1117/Src/PF_GameLogic/../Scene/../Render/MaterialSpec.h:1674:36: warning: ‘offsetof’ within non-standard-layout type ‘Render::GrassMaterial’ is conditionally-supported [-Winvalid-offsetof]
 1674 |     samplersOffsets[1] = offsetof( GrassMaterial, NormalDiffuseMap );
      |                                    ^
/home/vitaly/p/Prime-World/pw/branches/r1117/Src/PF_GameLogic/../Scene/../Render/MaterialSpec.h:1675:36: warning: ‘offsetof’ within non-standard-layout type ‘Render::GrassMaterial’ is conditionally-supported [-Winvalid-offsetof]
 1675 |     samplersOffsets[2] = offsetof( GrassMaterial, BurnedDiffuseMap );
      |                                    ^
/home/vitaly/p/Prime-World/pw/branches/r1117/Src/PF_GameLogic/../Scene/../Render/MaterialSpec.h: In member function ‘virtual int Render::HeightfogMaterial::SignificantPartLength() const’:
/home/vitaly/p/Prime-World/pw/branches/r1117/Src/PF_GameLogic/../Scene/../Render/MaterialSpec.h:1760:70: warning: ‘offsetof’ within non-standard-layout type ‘Render::HeightfogMaterial’ is conditionally-supported [-Winvalid-offsetof]
 1760 |         virtual int SignificantPartLength() const { return offsetof( HeightfogMaterial, halfFadeDistance ) - offsetof( HeightfogMaterial, renderState ) + sizeof( halfFadeDistance ); }
      |                                                                      ^
/home/vitaly/p/Prime-World/pw/branches/r1117/Src/PF_GameLogic/../Scene/../Render/MaterialSpec.h:1760:120: warning: ‘offsetof’ within non-standard-layout type ‘Render::HeightfogMaterial’ is conditionally-supported [-Winvalid-offsetof]
 1760 |         virtual int SignificantPartLength() const { return offsetof( HeightfogMaterial, halfFadeDistance ) - offsetof( HeightfogMaterial, renderState ) + sizeof( halfFadeDistance ); }
      |                                                                                                                        ^
/home/vitaly/p/Prime-World/pw/branches/r1117/Src/PF_GameLogic/../Scene/../Render/MaterialSpec.h: In static member function ‘static void Render::HeightfogMaterial::InitSamplersOffsets()’:
/home/vitaly/p/Prime-World/pw/branches/r1117/Src/PF_GameLogic/../Scene/../Render/MaterialSpec.h:1792:36: warning: ‘offsetof’ within non-standard-layout type ‘Render::HeightfogMaterial’ is conditionally-supported [-Winvalid-offsetof]
 1792 |     samplersOffsets[0] = offsetof( HeightfogMaterial, noiseMap );
      |                                    ^
/home/vitaly/p/Prime-World/pw/branches/r1117/Src/PF_GameLogic/../Scene/../Render/MaterialSpec.h: In member function ‘virtual int Render::LightningMaterial::SignificantPartLength() const’:
/home/vitaly/p/Prime-World/pw/branches/r1117/Src/PF_GameLogic/../Scene/../Render/MaterialSpec.h:1849:70: warning: ‘offsetof’ within non-standard-layout type ‘Render::LightningMaterial’ is conditionally-supported [-Winvalid-offsetof]
 1849 |         virtual int SignificantPartLength() const { return offsetof( LightningMaterial, DiffuseMap ) - offsetof( LightningMaterial, renderState ) + sizeof( DiffuseMap ); }
      |                                                                      ^
/home/vitaly/p/Prime-World/pw/branches/r1117/Src/PF_GameLogic/../Scene/../Render/MaterialSpec.h:1849:114: warning: ‘offsetof’ within non-standard-layout type ‘Render::LightningMaterial’ is conditionally-supported [-Winvalid-offsetof]
 1849 |         virtual int SignificantPartLength() const { return offsetof( LightningMaterial, DiffuseMap ) - offsetof( LightningMaterial, renderState ) + sizeof( DiffuseMap ); }
      |                                                                                                                  ^
/home/vitaly/p/Prime-World/pw/branches/r1117/Src/PF_GameLogic/../Scene/../Render/MaterialSpec.h: In static member function ‘static void Render::LightningMaterial::InitSamplersOffsets()’:
/home/vitaly/p/Prime-World/pw/branches/r1117/Src/PF_GameLogic/../Scene/../Render/MaterialSpec.h:1881:36: warning: ‘offsetof’ within non-standard-layout type ‘Render::LightningMaterial’ is conditionally-supported [-Winvalid-offsetof]
 1881 |     samplersOffsets[0] = offsetof( LightningMaterial, DiffuseMap );
      |                                    ^
/home/vitaly/p/Prime-World/pw/branches/r1117/Src/PF_GameLogic/../Scene/../Render/MaterialSpec.h: In member function ‘virtual int Render::PaintMaterial::SignificantPartLength() const’:
/home/vitaly/p/Prime-World/pw/branches/r1117/Src/PF_GameLogic/../Scene/../Render/MaterialSpec.h:2042:70: warning: ‘offsetof’ within non-standard-layout type ‘Render::PaintMaterial’ is conditionally-supported [-Winvalid-offsetof]
 2042 |         virtual int SignificantPartLength() const { return offsetof( PaintMaterial, isBlendModeOverrided ) - offsetof( PaintMaterial, renderState ) + sizeof( isBlendModeOverrided ); }
      |                                                                      ^
/home/vitaly/p/Prime-World/pw/branches/r1117/Src/PF_GameLogic/../Scene/../Render/MaterialSpec.h:2042:120: warning: ‘offsetof’ within non-standard-layout type ‘Render::PaintMaterial’ is conditionally-supported [-Winvalid-offsetof]
 2042 |         virtual int SignificantPartLength() const { return offsetof( PaintMaterial, isBlendModeOverrided ) - offsetof( PaintMaterial, renderState ) + sizeof( isBlendModeOverrided ); }
      |                                                                                                                        ^
/home/vitaly/p/Prime-World/pw/branches/r1117/Src/PF_GameLogic/../Scene/../Render/MaterialSpec.h: In static member function ‘static void Render::PaintMaterial::InitSamplersOffsets()’:
/home/vitaly/p/Prime-World/pw/branches/r1117/Src/PF_GameLogic/../Scene/../Render/MaterialSpec.h:2082:36: warning: ‘offsetof’ within non-standard-layout type ‘Render::PaintMaterial’ is conditionally-supported [-Winvalid-offsetof]
 2082 |     samplersOffsets[0] = offsetof( PaintMaterial, Draft );
      |                                    ^
/home/vitaly/p/Prime-World/pw/branches/r1117/Src/PF_GameLogic/../Scene/../Render/MaterialSpec.h:2083:36: warning: ‘offsetof’ within non-standard-layout type ‘Render::PaintMaterial’ is conditionally-supported [-Winvalid-offsetof]
 2083 |     samplersOffsets[1] = offsetof( PaintMaterial, Background );
      |                                    ^
/home/vitaly/p/Prime-World/pw/branches/r1117/Src/PF_GameLogic/../Scene/../Render/MaterialSpec.h:2084:36: warning: ‘offsetof’ within non-standard-layout type ‘Render::PaintMaterial’ is conditionally-supported [-Winvalid-offsetof]
 2084 |     samplersOffsets[2] = offsetof( PaintMaterial, BaseBackground );
      |                                    ^
/home/vitaly/p/Prime-World/pw/branches/r1117/Src/PF_GameLogic/../Scene/../Render/MaterialSpec.h:2085:36: warning: ‘offsetof’ within non-standard-layout type ‘Render::PaintMaterial’ is conditionally-supported [-Winvalid-offsetof]
 2085 |     samplersOffsets[3] = offsetof( PaintMaterial, Complete );
      |                                    ^
/home/vitaly/p/Prime-World/pw/branches/r1117/Src/PF_GameLogic/../Scene/../Render/MaterialSpec.h:2086:36: warning: ‘offsetof’ within non-standard-layout type ‘Render::PaintMaterial’ is conditionally-supported [-Winvalid-offsetof]
 2086 |     samplersOffsets[4] = offsetof( PaintMaterial, Mask );
      |                                    ^
/home/vitaly/p/Prime-World/pw/branches/r1117/Src/PF_GameLogic/../Scene/../Render/MaterialSpec.h: In member function ‘virtual int Render::ParticleFXMaterial::SignificantPartLength() const’:
/home/vitaly/p/Prime-World/pw/branches/r1117/Src/PF_GameLogic/../Scene/../Render/MaterialSpec.h:2165:70: warning: ‘offsetof’ within non-standard-layout type ‘Render::ParticleFXMaterial’ is conditionally-supported [-Winvalid-offsetof]
 2165 |         virtual int SignificantPartLength() const { return offsetof( ParticleFXMaterial, scale ) - offsetof( ParticleFXMaterial, renderState ) + sizeof( scale ); }
      |                                                                      ^
/home/vitaly/p/Prime-World/pw/branches/r1117/Src/PF_GameLogic/../Scene/../Render/MaterialSpec.h:2165:110: warning: ‘offsetof’ within non-standard-layout type ‘Render::ParticleFXMaterial’ is conditionally-supported [-Winvalid-offsetof]
 2165 |         virtual int SignificantPartLength() const { return offsetof( ParticleFXMaterial, scale ) - offsetof( ParticleFXMaterial, renderState ) + sizeof( scale ); }
      |                                                                                                              ^
/home/vitaly/p/Prime-World/pw/branches/r1117/Src/PF_GameLogic/../Scene/../Render/MaterialSpec.h: In static member function ‘static void Render::ParticleFXMaterial::InitSamplersOffsets()’:
/home/vitaly/p/Prime-World/pw/branches/r1117/Src/PF_GameLogic/../Scene/../Render/MaterialSpec.h:2203:36: warning: ‘offsetof’ within non-standard-layout type ‘Render::ParticleFXMaterial’ is conditionally-supported [-Winvalid-offsetof]
 2203 |     samplersOffsets[0] = offsetof( ParticleFXMaterial, DiffuseMap );
      |                                    ^
/home/vitaly/p/Prime-World/pw/branches/r1117/Src/PF_GameLogic/../Scene/../Render/MaterialSpec.h: In member function ‘virtual int Render::RoadMaterial::SignificantPartLength() const’:
/home/vitaly/p/Prime-World/pw/branches/r1117/Src/PF_GameLogic/../Scene/../Render/MaterialSpec.h:2267:70: warning: ‘offsetof’ within non-standard-layout type ‘Render::RoadMaterial’ is conditionally-supported [-Winvalid-offsetof]
 2267 |         virtual int SignificantPartLength() const { return offsetof( RoadMaterial, BorderMap ) - offsetof( RoadMaterial, renderState ) + sizeof( BorderMap ); }
      |                                                                      ^
/home/vitaly/p/Prime-World/pw/branches/r1117/Src/PF_GameLogic/../Scene/../Render/MaterialSpec.h:2267:108: warning: ‘offsetof’ within non-standard-layout type ‘Render::RoadMaterial’ is conditionally-supported [-Winvalid-offsetof]
 2267 |         virtual int SignificantPartLength() const { return offsetof( RoadMaterial, BorderMap ) - offsetof( RoadMaterial, renderState ) + sizeof( BorderMap ); }
      |                                                                                                            ^
/home/vitaly/p/Prime-World/pw/branches/r1117/Src/PF_GameLogic/../Scene/../Render/MaterialSpec.h: In static member function ‘static void Render::RoadMaterial::InitSamplersOffsets()’:
/home/vitaly/p/Prime-World/pw/branches/r1117/Src/PF_GameLogic/../Scene/../Render/MaterialSpec.h:2308:36: warning: ‘offsetof’ within non-standard-layout type ‘Render::RoadMaterial’ is conditionally-supported [-Winvalid-offsetof]
 2308 |     samplersOffsets[0] = offsetof( RoadMaterial, RoadMap );
      |                                    ^
/home/vitaly/p/Prime-World/pw/branches/r1117/Src/PF_GameLogic/../Scene/../Render/MaterialSpec.h:2309:36: warning: ‘offsetof’ within non-standard-layout type ‘Render::RoadMaterial’ is conditionally-supported [-Winvalid-offsetof]
 2309 |     samplersOffsets[1] = offsetof( RoadMaterial, BorderMap );
      |                                    ^
/home/vitaly/p/Prime-World/pw/branches/r1117/Src/PF_GameLogic/../Scene/../Render/MaterialSpec.h: In member function ‘virtual int Render::ShadowMaterial::SignificantPartLength() const’:
/home/vitaly/p/Prime-World/pw/branches/r1117/Src/PF_GameLogic/../Scene/../Render/MaterialSpec.h:2369:70: warning: ‘offsetof’ within non-standard-layout type ‘Render::ShadowMaterial’ is conditionally-supported [-Winvalid-offsetof]
 2369 |         virtual int SignificantPartLength() const { return offsetof( ShadowMaterial, DiffuseMap ) - offsetof( ShadowMaterial, renderState ) + sizeof( DiffuseMap ); }
      |                                                                      ^
/home/vitaly/p/Prime-World/pw/branches/r1117/Src/PF_GameLogic/../Scene/../Render/MaterialSpec.h:2369:111: warning: ‘offsetof’ within non-standard-layout type ‘Render::ShadowMaterial’ is conditionally-supported [-Winvalid-offsetof]
 2369 |         virtual int SignificantPartLength() const { return offsetof( ShadowMaterial, DiffuseMap ) - offsetof( ShadowMaterial, renderState ) + sizeof( DiffuseMap ); }
      |                                                                                                               ^
/home/vitaly/p/Prime-World/pw/branches/r1117/Src/PF_GameLogic/../Scene/../Render/MaterialSpec.h: In static member function ‘static void Render::ShadowMaterial::InitSamplersOffsets()’:
/home/vitaly/p/Prime-World/pw/branches/r1117/Src/PF_GameLogic/../Scene/../Render/MaterialSpec.h:2405:36: warning: ‘offsetof’ within non-standard-layout type ‘Render::ShadowMaterial’ is conditionally-supported [-Winvalid-offsetof]
 2405 |     samplersOffsets[0] = offsetof( ShadowMaterial, DiffuseMap );
      |                                    ^
/home/vitaly/p/Prime-World/pw/branches/r1117/Src/PF_GameLogic/../Scene/../Render/MaterialSpec.h: In member function ‘virtual int Render::SilhouetteMaterial::SignificantPartLength() const’:
/home/vitaly/p/Prime-World/pw/branches/r1117/Src/PF_GameLogic/../Scene/../Render/MaterialSpec.h:2462:70: warning: ‘offsetof’ within non-standard-layout type ‘Render::SilhouetteMaterial’ is conditionally-supported [-Winvalid-offsetof]
 2462 |         virtual int SignificantPartLength() const { return offsetof( SilhouetteMaterial, renderState ) - offsetof( SilhouetteMaterial, renderState ) + sizeof( renderState ); }
      |                                                                      ^
/home/vitaly/p/Prime-World/pw/branches/r1117/Src/PF_GameLogic/../Scene/../Render/MaterialSpec.h:2462:116: warning: ‘offsetof’ within non-standard-layout type ‘Render::SilhouetteMaterial’ is conditionally-supported [-Winvalid-offsetof]
 2462 |         virtual int SignificantPartLength() const { return offsetof( SilhouetteMaterial, renderState ) - offsetof( SilhouetteMaterial, renderState ) + sizeof( renderState ); }
      |                                                                                                                    ^
/home/vitaly/p/Prime-World/pw/branches/r1117/Src/PF_GameLogic/../Scene/../Render/MaterialSpec.h: In member function ‘virtual int Render::SkyMaterial::SignificantPartLength() const’:
/home/vitaly/p/Prime-World/pw/branches/r1117/Src/PF_GameLogic/../Scene/../Render/MaterialSpec.h:2586:70: warning: ‘offsetof’ within non-standard-layout type ‘Render::SkyMaterial’ is conditionally-supported [-Winvalid-offsetof]
 2586 |         virtual int SignificantPartLength() const { return offsetof( SkyMaterial, vOffset2 ) - offsetof( SkyMaterial, renderState ) + sizeof( vOffset2 ); }
      |                                                                      ^
/home/vitaly/p/Prime-World/pw/branches/r1117/Src/PF_GameLogic/../Scene/../Render/MaterialSpec.h:2586:106: warning: ‘offsetof’ within non-standard-layout type ‘Render::SkyMaterial’ is conditionally-supported [-Winvalid-offsetof]
 2586 |         virtual int SignificantPartLength() const { return offsetof( SkyMaterial, vOffset2 ) - offsetof( SkyMaterial, renderState ) + sizeof( vOffset2 ); }
      |                                                                                                          ^
/home/vitaly/p/Prime-World/pw/branches/r1117/Src/PF_GameLogic/../Scene/../Render/MaterialSpec.h: In static member function ‘static void Render::SkyMaterial::InitSamplersOffsets()’:
/home/vitaly/p/Prime-World/pw/branches/r1117/Src/PF_GameLogic/../Scene/../Render/MaterialSpec.h:2634:36: warning: ‘offsetof’ within non-standard-layout type ‘Render::SkyMaterial’ is conditionally-supported [-Winvalid-offsetof]
 2634 |     samplersOffsets[0] = offsetof( SkyMaterial, DiffuseMap );
      |                                    ^
/home/vitaly/p/Prime-World/pw/branches/r1117/Src/PF_GameLogic/../Scene/../Render/MaterialSpec.h: In member function ‘virtual int Render::TerrainAOEMaterial::SignificantPartLength() const’:
/home/vitaly/p/Prime-World/pw/branches/r1117/Src/PF_GameLogic/../Scene/../Render/MaterialSpec.h:2717:70: warning: ‘offsetof’ within non-standard-layout type ‘Render::TerrainAOEMaterial’ is conditionally-supported [-Winvalid-offsetof]
 2717 |         virtual int SignificantPartLength() const { return offsetof( TerrainAOEMaterial, uvOffset ) - offsetof( TerrainAOEMaterial, renderState ) + sizeof( uvOffset ); }
      |                                                                      ^
/home/vitaly/p/Prime-World/pw/branches/r1117/Src/PF_GameLogic/../Scene/../Render/MaterialSpec.h:2717:113: warning: ‘offsetof’ within non-standard-layout type ‘Render::TerrainAOEMaterial’ is conditionally-supported [-Winvalid-offsetof]
 2717 |         virtual int SignificantPartLength() const { return offsetof( TerrainAOEMaterial, uvOffset ) - offsetof( TerrainAOEMaterial, renderState ) + sizeof( uvOffset ); }
      |                                                                                                                 ^
/home/vitaly/p/Prime-World/pw/branches/r1117/Src/PF_GameLogic/../Scene/../Render/MaterialSpec.h: In static member function ‘static void Render::TerrainAOEMaterial::InitSamplersOffsets()’:
/home/vitaly/p/Prime-World/pw/branches/r1117/Src/PF_GameLogic/../Scene/../Render/MaterialSpec.h:2749:36: warning: ‘offsetof’ within non-standard-layout type ‘Render::TerrainAOEMaterial’ is conditionally-supported [-Winvalid-offsetof]
 2749 |     samplersOffsets[0] = offsetof( TerrainAOEMaterial, DiffuseMap );
      |                                    ^
/home/vitaly/p/Prime-World/pw/branches/r1117/Src/PF_GameLogic/../Scene/../Render/MaterialSpec.h: In member function ‘virtual int Render::TerrainHeightBuilderMaterial::SignificantPartLength() const’:
/home/vitaly/p/Prime-World/pw/branches/r1117/Src/PF_GameLogic/../Scene/../Render/MaterialSpec.h:2973:70: warning: ‘offsetof’ within non-standard-layout type ‘Render::TerrainHeightBuilderMaterial’ is conditionally-supported [-Winvalid-offsetof]
 2973 |         virtual int SignificantPartLength() const { return offsetof( TerrainHeightBuilderMaterial, renderState ) - offsetof( TerrainHeightBuilderMaterial, renderState ) + sizeof( renderState ); }
      |                                                                      ^
/home/vitaly/p/Prime-World/pw/branches/r1117/Src/PF_GameLogic/../Scene/../Render/MaterialSpec.h:2973:126: warning: ‘offsetof’ within non-standard-layout type ‘Render::TerrainHeightBuilderMaterial’ is conditionally-supported [-Winvalid-offsetof]
 2973 |         virtual int SignificantPartLength() const { return offsetof( TerrainHeightBuilderMaterial, renderState ) - offsetof( TerrainHeightBuilderMaterial, renderState ) + sizeof( renderState ); }
      |                                                                                                                              ^
/home/vitaly/p/Prime-World/pw/branches/r1117/Src/PF_GameLogic/../Scene/../Render/MaterialSpec.h: In member function ‘virtual int Render::TerrainMaterial::SignificantPartLength() const’:
/home/vitaly/p/Prime-World/pw/branches/r1117/Src/PF_GameLogic/../Scene/../Render/MaterialSpec.h:3102:70: warning: ‘offsetof’ within non-standard-layout type ‘Render::TerrainMaterial’ is conditionally-supported [-Winvalid-offsetof]
 3102 |         virtual int SignificantPartLength() const { return offsetof( TerrainMaterial, grassRect ) - offsetof( TerrainMaterial, A_DiffuseMap ) + sizeof( grassRect ); }
      |                                                                      ^
/home/vitaly/p/Prime-World/pw/branches/r1117/Src/PF_GameLogic/../Scene/../Render/MaterialSpec.h:3102:111: warning: ‘offsetof’ within non-standard-layout type ‘Render::TerrainMaterial’ is conditionally-supported [-Winvalid-offsetof]
 3102 |         virtual int SignificantPartLength() const { return offsetof( TerrainMaterial, grassRect ) - offsetof( TerrainMaterial, A_DiffuseMap ) + sizeof( grassRect ); }
      |                                                                                                               ^
/home/vitaly/p/Prime-World/pw/branches/r1117/Src/PF_GameLogic/../Scene/../Render/MaterialSpec.h: In static member function ‘static void Render::TerrainMaterial::InitSamplersOffsets()’:
/home/vitaly/p/Prime-World/pw/branches/r1117/Src/PF_GameLogic/../Scene/../Render/MaterialSpec.h:3150:36: warning: ‘offsetof’ within non-standard-layout type ‘Render::TerrainMaterial’ is conditionally-supported [-Winvalid-offsetof]
 3150 |     samplersOffsets[0] = offsetof( TerrainMaterial, A_DiffuseMap );
      |                                    ^
/home/vitaly/p/Prime-World/pw/branches/r1117/Src/PF_GameLogic/../Scene/../Render/MaterialSpec.h:3151:36: warning: ‘offsetof’ within non-standard-layout type ‘Render::TerrainMaterial’ is conditionally-supported [-Winvalid-offsetof]
 3151 |     samplersOffsets[1] = offsetof( TerrainMaterial, N_DiffuseMap );
      |                                    ^
/home/vitaly/p/Prime-World/pw/branches/r1117/Src/PF_GameLogic/../Scene/../Render/MaterialSpec.h:3152:36: warning: ‘offsetof’ within non-standard-layout type ‘Render::TerrainMaterial’ is conditionally-supported [-Winvalid-offsetof]
 3152 |     samplersOffsets[2] = offsetof( TerrainMaterial, B_DiffuseMap );
      |                                    ^
/home/vitaly/p/Prime-World/pw/branches/r1117/Src/PF_GameLogic/../Scene/../Render/MaterialSpec.h:3153:36: warning: ‘offsetof’ within non-standard-layout type ‘Render::TerrainMaterial’ is conditionally-supported [-Winvalid-offsetof]
 3153 |     samplersOffsets[3] = offsetof( TerrainMaterial, FrozenNormalMap );
      |                                    ^
/home/vitaly/p/Prime-World/pw/branches/r1117/Src/PF_GameLogic/../Scene/../Render/MaterialSpec.h:3154:36: warning: ‘offsetof’ within non-standard-layout type ‘Render::TerrainMaterial’ is conditionally-supported [-Winvalid-offsetof]
 3154 |     samplersOffsets[4] = offsetof( TerrainMaterial, NormalNormalMap );
      |                                    ^
/home/vitaly/p/Prime-World/pw/branches/r1117/Src/PF_GameLogic/../Scene/../Render/MaterialSpec.h:3155:36: warning: ‘offsetof’ within non-standard-layout type ‘Render::TerrainMaterial’ is conditionally-supported [-Winvalid-offsetof]
 3155 |     samplersOffsets[5] = offsetof( TerrainMaterial, BurnedNormalMap );
      |                                    ^
/home/vitaly/p/Prime-World/pw/branches/r1117/Src/PF_GameLogic/../Scene/../Render/MaterialSpec.h:3156:36: warning: ‘offsetof’ within non-standard-layout type ‘Render::TerrainMaterial’ is conditionally-supported [-Winvalid-offsetof]
 3156 |     samplersOffsets[6] = offsetof( TerrainMaterial, FrozenSpecularMap );
      |                                    ^
/home/vitaly/p/Prime-World/pw/branches/r1117/Src/PF_GameLogic/../Scene/../Render/MaterialSpec.h:3157:36: warning: ‘offsetof’ within non-standard-layout type ‘Render::TerrainMaterial’ is conditionally-supported [-Winvalid-offsetof]
 3157 |     samplersOffsets[7] = offsetof( TerrainMaterial, NormalSpecularMap );
      |                                    ^
/home/vitaly/p/Prime-World/pw/branches/r1117/Src/PF_GameLogic/../Scene/../Render/MaterialSpec.h:3158:36: warning: ‘offsetof’ within non-standard-layout type ‘Render::TerrainMaterial’ is conditionally-supported [-Winvalid-offsetof]
 3158 |     samplersOffsets[8] = offsetof( TerrainMaterial, BurnedSpecularMap );
      |                                    ^
/home/vitaly/p/Prime-World/pw/branches/r1117/Src/PF_GameLogic/../Scene/../Render/MaterialSpec.h:3159:36: warning: ‘offsetof’ within non-standard-layout type ‘Render::TerrainMaterial’ is conditionally-supported [-Winvalid-offsetof]
 3159 |     samplersOffsets[9] = offsetof( TerrainMaterial, DarkMap );
      |                                    ^
/home/vitaly/p/Prime-World/pw/branches/r1117/Src/PF_GameLogic/../Scene/../Render/MaterialSpec.h: In member function ‘virtual int Render::TestTownMaterial::SignificantPartLength() const’:
/home/vitaly/p/Prime-World/pw/branches/r1117/Src/PF_GameLogic/../Scene/../Render/MaterialSpec.h:3225:70: warning: ‘offsetof’ within non-standard-layout type ‘Render::TestTownMaterial’ is conditionally-supported [-Winvalid-offsetof]
 3225 |         virtual int SignificantPartLength() const { return offsetof( TestTownMaterial, outputAdd ) - offsetof( TestTownMaterial, RenderState ) + sizeof( outputAdd ); }
      |                                                                      ^
/home/vitaly/p/Prime-World/pw/branches/r1117/Src/PF_GameLogic/../Scene/../Render/MaterialSpec.h:3225:112: warning: ‘offsetof’ within non-standard-layout type ‘Render::TestTownMaterial’ is conditionally-supported [-Winvalid-offsetof]
 3225 |         virtual int SignificantPartLength() const { return offsetof( TestTownMaterial, outputAdd ) - offsetof( TestTownMaterial, RenderState ) + sizeof( outputAdd ); }
      |                                                                                                                ^
/home/vitaly/p/Prime-World/pw/branches/r1117/Src/PF_GameLogic/../Scene/../Render/MaterialSpec.h: In static member function ‘static void Render::TestTownMaterial::InitSamplersOffsets()’:
/home/vitaly/p/Prime-World/pw/branches/r1117/Src/PF_GameLogic/../Scene/../Render/MaterialSpec.h:3261:36: warning: ‘offsetof’ within non-standard-layout type ‘Render::TestTownMaterial’ is conditionally-supported [-Winvalid-offsetof]
 3261 |     samplersOffsets[0] = offsetof( TestTownMaterial, DiffuseMap );
      |                                    ^
/home/vitaly/p/Prime-World/pw/branches/r1117/Src/PF_GameLogic/../Scene/../Render/MaterialSpec.h: In member function ‘virtual int Render::TraceMaterial::SignificantPartLength() const’:
/home/vitaly/p/Prime-World/pw/branches/r1117/Src/PF_GameLogic/../Scene/../Render/MaterialSpec.h:3343:70: warning: ‘offsetof’ within non-standard-layout type ‘Render::TraceMaterial’ is conditionally-supported [-Winvalid-offsetof]
 3343 |         virtual int SignificantPartLength() const { return offsetof( TraceMaterial, vOffset ) - offsetof( TraceMaterial, renderState ) + sizeof( vOffset ); }
      |                                                                      ^
/home/vitaly/p/Prime-World/pw/branches/r1117/Src/PF_GameLogic/../Scene/../Render/MaterialSpec.h:3343:107: warning: ‘offsetof’ within non-standard-layout type ‘Render::TraceMaterial’ is conditionally-supported [-Winvalid-offsetof]
 3343 |         virtual int SignificantPartLength() const { return offsetof( TraceMaterial, vOffset ) - offsetof( TraceMaterial, renderState ) + sizeof( vOffset ); }
      |                                                                                                           ^
/home/vitaly/p/Prime-World/pw/branches/r1117/Src/PF_GameLogic/../Scene/../Render/MaterialSpec.h: In static member function ‘static void Render::TraceMaterial::InitSamplersOffsets()’:
/home/vitaly/p/Prime-World/pw/branches/r1117/Src/PF_GameLogic/../Scene/../Render/MaterialSpec.h:3389:36: warning: ‘offsetof’ within non-standard-layout type ‘Render::TraceMaterial’ is conditionally-supported [-Winvalid-offsetof]
 3389 |     samplersOffsets[0] = offsetof( TraceMaterial, DiffuseMap );
      |                                    ^
/home/vitaly/p/Prime-World/pw/branches/r1117/Src/PF_GameLogic/../Scene/../Render/MaterialSpec.h: In member function ‘virtual int Render::UIBaseMaterial::SignificantPartLength() const’:
/home/vitaly/p/Prime-World/pw/branches/r1117/Src/PF_GameLogic/../Scene/../Render/MaterialSpec.h:3511:70: warning: ‘offsetof’ within non-standard-layout type ‘Render::UIBaseMaterial’ is conditionally-supported [-Winvalid-offsetof]
 3511 |         virtual int SignificantPartLength() const { return offsetof( UIBaseMaterial, colorStripe1000 ) - offsetof( UIBaseMaterial, DiffuseMap ) + sizeof( colorStripe1000 ); }
      |                                                                      ^
/home/vitaly/p/Prime-World/pw/branches/r1117/Src/PF_GameLogic/../Scene/../Render/MaterialSpec.h:3511:116: warning: ‘offsetof’ within non-standard-layout type ‘Render::UIBaseMaterial’ is conditionally-supported [-Winvalid-offsetof]
 3511 |         virtual int SignificantPartLength() const { return offsetof( UIBaseMaterial, colorStripe1000 ) - offsetof( UIBaseMaterial, DiffuseMap ) + sizeof( colorStripe1000 ); }
      |                                                                                                                    ^
/home/vitaly/p/Prime-World/pw/branches/r1117/Src/PF_GameLogic/../Scene/../Render/MaterialSpec.h: In static member function ‘static void Render::UIBaseMaterial::InitSamplersOffsets()’:
/home/vitaly/p/Prime-World/pw/branches/r1117/Src/PF_GameLogic/../Scene/../Render/MaterialSpec.h:3558:36: warning: ‘offsetof’ within non-standard-layout type ‘Render::UIBaseMaterial’ is conditionally-supported [-Winvalid-offsetof]
 3558 |     samplersOffsets[0] = offsetof( UIBaseMaterial, DiffuseMap );
      |                                    ^
/home/vitaly/p/Prime-World/pw/branches/r1117/Src/PF_GameLogic/../Scene/../Render/MaterialSpec.h:3559:36: warning: ‘offsetof’ within non-standard-layout type ‘Render::UIBaseMaterial’ is conditionally-supported [-Winvalid-offsetof]
 3559 |     samplersOffsets[1] = offsetof( UIBaseMaterial, MaskMap );
      |                                    ^
/home/vitaly/p/Prime-World/pw/branches/r1117/Src/PF_GameLogic/../Scene/../Render/MaterialSpec.h: In member function ‘virtual int Render::UIButtonMaterial::SignificantPartLength() const’:
/home/vitaly/p/Prime-World/pw/branches/r1117/Src/PF_GameLogic/../Scene/../Render/MaterialSpec.h:3652:70: warning: ‘offsetof’ within non-standard-layout type ‘Render::UIButtonMaterial’ is conditionally-supported [-Winvalid-offsetof]
 3652 |         virtual int SignificantPartLength() const { return offsetof( UIButtonMaterial, ScreenOpacity ) - offsetof( UIButtonMaterial, BackgroundMap ) + sizeof( ScreenOpacity ); }
      |                                                                      ^
/home/vitaly/p/Prime-World/pw/branches/r1117/Src/PF_GameLogic/../Scene/../Render/MaterialSpec.h:3652:116: warning: ‘offsetof’ within non-standard-layout type ‘Render::UIButtonMaterial’ is conditionally-supported [-Winvalid-offsetof]
 3652 |         virtual int SignificantPartLength() const { return offsetof( UIButtonMaterial, ScreenOpacity ) - offsetof( UIButtonMaterial, BackgroundMap ) + sizeof( ScreenOpacity ); }
      |                                                                                                                    ^
/home/vitaly/p/Prime-World/pw/branches/r1117/Src/PF_GameLogic/../Scene/../Render/MaterialSpec.h: In static member function ‘static void Render::UIButtonMaterial::InitSamplersOffsets()’:
/home/vitaly/p/Prime-World/pw/branches/r1117/Src/PF_GameLogic/../Scene/../Render/MaterialSpec.h:3718:36: warning: ‘offsetof’ within non-standard-layout type ‘Render::UIButtonMaterial’ is conditionally-supported [-Winvalid-offsetof]
 3718 |     samplersOffsets[0] = offsetof( UIButtonMaterial, BackgroundMap );
      |                                    ^
/home/vitaly/p/Prime-World/pw/branches/r1117/Src/PF_GameLogic/../Scene/../Render/MaterialSpec.h:3719:36: warning: ‘offsetof’ within non-standard-layout type ‘Render::UIButtonMaterial’ is conditionally-supported [-Winvalid-offsetof]
 3719 |     samplersOffsets[1] = offsetof( UIButtonMaterial, DiffuseMap );
      |                                    ^
/home/vitaly/p/Prime-World/pw/branches/r1117/Src/PF_GameLogic/../Scene/../Render/MaterialSpec.h:3720:36: warning: ‘offsetof’ within non-standard-layout type ‘Render::UIButtonMaterial’ is conditionally-supported [-Winvalid-offsetof]
 3720 |     samplersOffsets[2] = offsetof( UIButtonMaterial, WaitForActMap );
      |                                    ^
/home/vitaly/p/Prime-World/pw/branches/r1117/Src/PF_GameLogic/../Scene/../Render/MaterialSpec.h:3721:36: warning: ‘offsetof’ within non-standard-layout type ‘Render::UIButtonMaterial’ is conditionally-supported [-Winvalid-offsetof]
 3721 |     samplersOffsets[3] = offsetof( UIButtonMaterial, LackOfManaMap );
      |                                    ^
/home/vitaly/p/Prime-World/pw/branches/r1117/Src/PF_GameLogic/../Scene/../Render/MaterialSpec.h:3722:36: warning: ‘offsetof’ within non-standard-layout type ‘Render::UIButtonMaterial’ is conditionally-supported [-Winvalid-offsetof]
 3722 |     samplersOffsets[4] = offsetof( UIButtonMaterial, PressedMap );
      |                                    ^
/home/vitaly/p/Prime-World/pw/branches/r1117/Src/PF_GameLogic/../Scene/../Render/MaterialSpec.h:3723:36: warning: ‘offsetof’ within non-standard-layout type ‘Render::UIButtonMaterial’ is conditionally-supported [-Winvalid-offsetof]
 3723 |     samplersOffsets[5] = offsetof( UIButtonMaterial, HighlightMap );
      |                                    ^
/home/vitaly/p/Prime-World/pw/branches/r1117/Src/PF_GameLogic/../Scene/../Render/MaterialSpec.h:3724:36: warning: ‘offsetof’ within non-standard-layout type ‘Render::UIButtonMaterial’ is conditionally-supported [-Winvalid-offsetof]
 3724 |     samplersOffsets[6] = offsetof( UIButtonMaterial, ScreenMap );
      |                                    ^
/home/vitaly/p/Prime-World/pw/branches/r1117/Src/PF_GameLogic/../Scene/../Render/MaterialSpec.h: In member function ‘virtual int Render::UIFlashMaterial::SignificantPartLength() const’:
/home/vitaly/p/Prime-World/pw/branches/r1117/Src/PF_GameLogic/../Scene/../Render/MaterialSpec.h:3803:70: warning: ‘offsetof’ within non-standard-layout type ‘Render::UIFlashMaterial’ is conditionally-supported [-Winvalid-offsetof]
 3803 |         virtual int SignificantPartLength() const { return offsetof( UIFlashMaterial, CXFormAdd ) - offsetof( UIFlashMaterial, DiffuseMap ) + sizeof( CXFormAdd ); }
      |                                                                      ^
/home/vitaly/p/Prime-World/pw/branches/r1117/Src/PF_GameLogic/../Scene/../Render/MaterialSpec.h:3803:111: warning: ‘offsetof’ within non-standard-layout type ‘Render::UIFlashMaterial’ is conditionally-supported [-Winvalid-offsetof]
 3803 |         virtual int SignificantPartLength() const { return offsetof( UIFlashMaterial, CXFormAdd ) - offsetof( UIFlashMaterial, DiffuseMap ) + sizeof( CXFormAdd ); }
      |                                                                                                               ^
/home/vitaly/p/Prime-World/pw/branches/r1117/Src/PF_GameLogic/../Scene/../Render/MaterialSpec.h: In static member function ‘static void Render::UIFlashMaterial::InitSamplersOffsets()’:
/home/vitaly/p/Prime-World/pw/branches/r1117/Src/PF_GameLogic/../Scene/../Render/MaterialSpec.h:3855:36: warning: ‘offsetof’ within non-standard-layout type ‘Render::UIFlashMaterial’ is conditionally-supported [-Winvalid-offsetof]
 3855 |     samplersOffsets[0] = offsetof( UIFlashMaterial, DiffuseMap );
      |                                    ^
/home/vitaly/p/Prime-World/pw/branches/r1117/Src/PF_GameLogic/../Scene/../Render/MaterialSpec.h:3856:36: warning: ‘offsetof’ within non-standard-layout type ‘Render::UIFlashMaterial’ is conditionally-supported [-Winvalid-offsetof]
 3856 |     samplersOffsets[1] = offsetof( UIFlashMaterial, DiffuseMap2 );
      |                                    ^
/home/vitaly/p/Prime-World/pw/branches/r1117/Src/PF_GameLogic/../Scene/../Render/MaterialSpec.h: In member function ‘virtual int Render::UIFontMaterial::SignificantPartLength() const’:
/home/vitaly/p/Prime-World/pw/branches/r1117/Src/PF_GameLogic/../Scene/../Render/MaterialSpec.h:3924:70: warning: ‘offsetof’ within non-standard-layout type ‘Render::UIFontMaterial’ is conditionally-supported [-Winvalid-offsetof]
 3924 |         virtual int SignificantPartLength() const { return offsetof( UIFontMaterial, SecondaryColor ) - offsetof( UIFontMaterial, DiffuseMap ) + sizeof( SecondaryColor ); }
      |                                                                      ^
/home/vitaly/p/Prime-World/pw/branches/r1117/Src/PF_GameLogic/../Scene/../Render/MaterialSpec.h:3924:115: warning: ‘offsetof’ within non-standard-layout type ‘Render::UIFontMaterial’ is conditionally-supported [-Winvalid-offsetof]
 3924 |         virtual int SignificantPartLength() const { return offsetof( UIFontMaterial, SecondaryColor ) - offsetof( UIFontMaterial, DiffuseMap ) + sizeof( SecondaryColor ); }
      |                                                                                                                   ^
/home/vitaly/p/Prime-World/pw/branches/r1117/Src/PF_GameLogic/../Scene/../Render/MaterialSpec.h: In static member function ‘static void Render::UIFontMaterial::InitSamplersOffsets()’:
/home/vitaly/p/Prime-World/pw/branches/r1117/Src/PF_GameLogic/../Scene/../Render/MaterialSpec.h:3962:36: warning: ‘offsetof’ within non-standard-layout type ‘Render::UIFontMaterial’ is conditionally-supported [-Winvalid-offsetof]
 3962 |     samplersOffsets[0] = offsetof( UIFontMaterial, DiffuseMap );
      |                                    ^
/home/vitaly/p/Prime-World/pw/branches/r1117/Src/PF_GameLogic/../Scene/../Render/MaterialSpec.h: In member function ‘virtual int Render::UIGlassMaterial::SignificantPartLength() const’:
/home/vitaly/p/Prime-World/pw/branches/r1117/Src/PF_GameLogic/../Scene/../Render/MaterialSpec.h:4035:70: warning: ‘offsetof’ within non-standard-layout type ‘Render::UIGlassMaterial’ is conditionally-supported [-Winvalid-offsetof]
 4035 |         virtual int SignificantPartLength() const { return offsetof( UIGlassMaterial, ScreenOpacity ) - offsetof( UIGlassMaterial, BackgroundMap ) + sizeof( ScreenOpacity ); }
      |                                                                      ^
/home/vitaly/p/Prime-World/pw/branches/r1117/Src/PF_GameLogic/../Scene/../Render/MaterialSpec.h:4035:115: warning: ‘offsetof’ within non-standard-layout type ‘Render::UIGlassMaterial’ is conditionally-supported [-Winvalid-offsetof]
 4035 |         virtual int SignificantPartLength() const { return offsetof( UIGlassMaterial, ScreenOpacity ) - offsetof( UIGlassMaterial, BackgroundMap ) + sizeof( ScreenOpacity ); }
      |                                                                                                                   ^
/home/vitaly/p/Prime-World/pw/branches/r1117/Src/PF_GameLogic/../Scene/../Render/MaterialSpec.h: In static member function ‘static void Render::UIGlassMaterial::InitSamplersOffsets()’:
/home/vitaly/p/Prime-World/pw/branches/r1117/Src/PF_GameLogic/../Scene/../Render/MaterialSpec.h:4078:36: warning: ‘offsetof’ within non-standard-layout type ‘Render::UIGlassMaterial’ is conditionally-supported [-Winvalid-offsetof]
 4078 |     samplersOffsets[0] = offsetof( UIGlassMaterial, BackgroundMap );
      |                                    ^
/home/vitaly/p/Prime-World/pw/branches/r1117/Src/PF_GameLogic/../Scene/../Render/MaterialSpec.h:4079:36: warning: ‘offsetof’ within non-standard-layout type ‘Render::UIGlassMaterial’ is conditionally-supported [-Winvalid-offsetof]
 4079 |     samplersOffsets[1] = offsetof( UIGlassMaterial, DiffuseMap );
      |                                    ^
/home/vitaly/p/Prime-World/pw/branches/r1117/Src/PF_GameLogic/../Scene/../Render/MaterialSpec.h:4080:36: warning: ‘offsetof’ within non-standard-layout type ‘Render::UIGlassMaterial’ is conditionally-supported [-Winvalid-offsetof]
 4080 |     samplersOffsets[2] = offsetof( UIGlassMaterial, OverlayMap );
      |                                    ^
/home/vitaly/p/Prime-World/pw/branches/r1117/Src/PF_GameLogic/../Scene/../Render/MaterialSpec.h:4081:36: warning: ‘offsetof’ within non-standard-layout type ‘Render::UIGlassMaterial’ is conditionally-supported [-Winvalid-offsetof]
 4081 |     samplersOffsets[3] = offsetof( UIGlassMaterial, ScreenMap );
      |                                    ^
In file included from /home/vitaly/p/Prime-World/pw/branches/r1117/Src/PF_GameLogic/../Scene/RenderableScene.h:5,
                 from /home/vitaly/p/Prime-World/pw/branches/r1117/Src/PF_GameLogic/../Scene/SceneObject.h:5:
/home/vitaly/p/Prime-World/pw/branches/r1117/Src/PF_GameLogic/../Scene/../Render/batch.h: At global scope:
/home/vitaly/p/Prime-World/pw/branches/r1117/Src/PF_GameLogic/../Scene/../Render/batch.h:15:8: warning: attribute ignored in declaration of ‘struct Render::Batch’ [-Wattributes]
   15 | struct Batch
      |        ^~~~~
/home/vitaly/p/Prime-World/pw/branches/r1117/Src/PF_GameLogic/../Scene/../Render/batch.h:15:8: note: attribute for ‘struct Render::Batch’ must follow the ‘struct’ keyword
/home/vitaly/p/Prime-World/pw/branches/r1117/Src/PF_GameLogic/../Scene/../Render/batch.h:79:8: warning: ‘template<class> class std::auto_ptr’ is deprecated: use 'std::unique_ptr' instead [-Wdeprecated-declarations]
   79 |   std::auto_ptr<class DXManager>  resourceManager;
      |        ^~~~~~~~
/usr/lib/gcc/x86_64-pc-linux-gnu/15/include/g++-v15/bits/unique_ptr.h:58:28: note: declared here
   58 |   template<typename> class auto_ptr;
      |                            ^~~~~~~~
/home/vitaly/p/Prime-World/pw/branches/r1117/Src/PF_GameLogic/../Scene/SceneObject.h: In static member function ‘static NScene::SceneObjectBase* NScene::SceneObjectBase::ring_Ring_::obj(const ring::Ring<NScene::SceneObjectBase, NScene::SceneObjectBase::ring_Ring_, ring::DefaultSmartPtrPolicy<NScene::SceneObjectBase> >::Part*)’:
/home/vitaly/p/Prime-World/pw/branches/r1117/Src/PF_GameLogic/../Scene/SceneObject.h:30:25: warning: ‘offsetof’ within non-standard-layout type ‘NScene::SceneObjectBase’ is conditionally-supported [-Winvalid-offsetof]
   30 |         seDECLARE_RING( SceneObjectBase, part, Ring );
/home/vitaly/p/Prime-World/pw/branches/r1117/Src/PF_GameLogic/../System/../System/Ring.h:689:51: note: in expansion of macro ‘seDECLARE_RING_CLASS_BASE’
  689 | #define seDECLARE_RING_CLASS(cls, field, ringCls) seDECLARE_RING_CLASS_BASE(cls, field, ringCls, ring::DefaultSmartPtrPolicy<cls>)
      |                                                   ^~~~~~~~~~~~~~~~~~~~~~~~~
/home/vitaly/p/Prime-World/pw/branches/r1117/Src/PF_GameLogic/../System/../System/Ring.h:736:3: note: in expansion of macro ‘seDECLARE_RING_CLASS’
  736 |   seDECLARE_RING_CLASS(cls, field, ringCls); \
      |   ^~~~~~~~~~~~~~~~~~~~
/home/vitaly/p/Prime-World/pw/branches/r1117/Src/PF_GameLogic/../Scene/SceneObject.h:30:9: note: in expansion of macro ‘seDECLARE_RING’
   30 |         seDECLARE_RING( SceneObjectBase, part, Ring );
      |         ^~~~~~~~~~~~~~
/home/vitaly/p/Prime-World/pw/branches/r1117/Src/PF_GameLogic/../Scene/SceneObject.h: At global scope:
/home/vitaly/p/Prime-World/pw/branches/r1117/Src/PF_GameLogic/../Scene/SceneObject.h:56:7: warning: attribute ignored in declaration of ‘class NScene::SceneObject’ [-Wattributes]
   56 | class SceneObject : public SceneObjectBase
      |       ^~~~~~~~~~~
/home/vitaly/p/Prime-World/pw/branches/r1117/Src/PF_GameLogic/../Scene/SceneObject.h:56:7: note: attribute for ‘class NScene::SceneObject’ must follow the ‘class’ keyword
/home/vitaly/p/Prime-World/pw/branches/r1117/Src/PF_GameLogic/PFDebug.h: In static member function ‘static NDebug::DebugObject* NDebug::DebugObject::ring_Ring_::obj(const ring::Ring<NDebug::DebugObject, NDebug::DebugObject::ring_Ring_, ring::CObjectBasePolicyWithPtr<NDebug::DebugObject> >::Part*)’:
/home/vitaly/p/Prime-World/pw/branches/r1117/Src/PF_GameLogic/PFDebug.h:67:22: warning: ‘offsetof’ within non-standard-layout type ‘NDebug::DebugObject’ is conditionally-supported [-Winvalid-offsetof]
   67 |   seDECLARE_COBJRING(DebugObject,  objectsRingPart, Ring);
/home/vitaly/p/Prime-World/pw/branches/r1117/Src/PF_GameLogic/../System/../System/Ring.h:690:55: note: in expansion of macro ‘seDECLARE_RING_CLASS_BASE’
  690 | #define seDECLARE_COBJRING_CLASS(cls, field, ringCls) seDECLARE_RING_CLASS_BASE(cls, field, ringCls, ring::CObjectBasePolicyWithPtr<cls>)
      |                                                       ^~~~~~~~~~~~~~~~~~~~~~~~~
/home/vitaly/p/Prime-World/pw/branches/r1117/Src/PF_GameLogic/../System/../System/Ring.h:740:9: note: in expansion of macro ‘seDECLARE_COBJRING_CLASS’
  740 |         seDECLARE_COBJRING_CLASS(cls, field, ringCls); \
      |         ^~~~~~~~~~~~~~~~~~~~~~~~
/home/vitaly/p/Prime-World/pw/branches/r1117/Src/PF_GameLogic/PFDebug.h:67:3: note: in expansion of macro ‘seDECLARE_COBJRING’
   67 |   seDECLARE_COBJRING(DebugObject,  objectsRingPart, Ring);
      |   ^~~~~~~~~~~~~~~~~~
/home/vitaly/p/Prime-World/pw/branches/r1117/Src/PF_GameLogic/PFDebug.h: In static member function ‘static NDebug::DebugObject* NDebug::DebugObject::ring_SelectedRing_::obj(const ring::Ring<NDebug::DebugObject, NDebug::DebugObject::ring_SelectedRing_, ring::CPtrBasePolicyWithPtr<NDebug::DebugObject> >::Part*)’:
/home/vitaly/p/Prime-World/pw/branches/r1117/Src/PF_GameLogic/PFDebug.h:68:22: warning: ‘offsetof’ within non-standard-layout type ‘NDebug::DebugObject’ is conditionally-supported [-Winvalid-offsetof]
   68 |   seDECLARE_CPTRRING(DebugObject,  selectRingPart,  SelectedRing);
/home/vitaly/p/Prime-World/pw/branches/r1117/Src/PF_GameLogic/../System/../System/Ring.h:691:55: note: in expansion of macro ‘seDECLARE_RING_CLASS_BASE’
  691 | #define seDECLARE_CPTRRING_CLASS(cls, field, ringCls) seDECLARE_RING_CLASS_BASE(cls, field, ringCls, ring::CPtrBasePolicyWithPtr<cls>)
      |                                                       ^~~~~~~~~~~~~~~~~~~~~~~~~
/home/vitaly/p/Prime-World/pw/branches/r1117/Src/PF_GameLogic/../System/../System/Ring.h:744:9: note: in expansion of macro ‘seDECLARE_CPTRRING_CLASS’
  744 |         seDECLARE_CPTRRING_CLASS(cls, field, ringCls); \
      |         ^~~~~~~~~~~~~~~~~~~~~~~~
/home/vitaly/p/Prime-World/pw/branches/r1117/Src/PF_GameLogic/PFDebug.h:68:3: note: in expansion of macro ‘seDECLARE_CPTRRING’
   68 |   seDECLARE_CPTRRING(DebugObject,  selectRingPart,  SelectedRing);
      |   ^~~~~~~~~~~~~~~~~~
In file included from /home/vitaly/p/Prime-World/pw/branches/r1117/Src/PF_GameLogic/../PF_Core/../Scene/../Render/MeshResource.h:4,
                 from /home/vitaly/p/Prime-World/pw/branches/r1117/Src/PF_GameLogic/../PF_Core/../Scene/../Render/StaticMesh.h:4,
                 from /home/vitaly/p/Prime-World/pw/branches/r1117/Src/PF_GameLogic/../PF_Core/../Scene/StaticSceneComponent.h:4,
                 from /home/vitaly/p/Prime-World/pw/branches/r1117/Src/PF_GameLogic/../PF_Core/../Scene/SceneObjectCreation.h:6,
                 from /home/vitaly/p/Prime-World/pw/branches/r1117/Src/PF_GameLogic/../PF_Core/BasicEffect.h:5,
                 from /home/vitaly/p/Prime-World/pw/branches/r1117/Src/PF_GameLogic/PFApplicator.h:14,
                 from /home/vitaly/p/Prime-World/pw/branches/r1117/Src/PF_GameLogic/PFApplBuff.h:3,
                 from /home/vitaly/p/Prime-World/pw/branches/r1117/Src/PF_GameLogic/PFApplMod.h:5,
                 from /home/vitaly/p/Prime-World/pw/branches/r1117/Src/PF_GameLogic/PFBaseUnit.h:7,
                 from /home/vitaly/p/Prime-World/pw/branches/r1117/Src/PF_GameLogic/PFUIEvent.h:4,
                 from /home/vitaly/p/Prime-World/pw/branches/r1117/Src/PF_GameLogic/AdventureScreen.h:4,
                 from /home/vitaly/p/Prime-World/pw/branches/r1117/Src/PF_GameLogic/LuaScript.cpp:8:
/home/vitaly/p/Prime-World/pw/branches/r1117/Src/PF_GameLogic/../PF_Core/../Scene/../Render/../MeshConverter/MeshHeader.h: At global scope:
/home/vitaly/p/Prime-World/pw/branches/r1117/Src/PF_GameLogic/../PF_Core/../Scene/../Render/../MeshConverter/MeshHeader.h:168:30: warning: attribute ignored in declaration of ‘struct H6SkeletalMeshVertexStride’ [-Wattributes]
  168 | __declspec(align(16)) struct H6SkeletalMeshVertexStride
      |                              ^~~~~~~~~~~~~~~~~~~~~~~~~~
/home/vitaly/p/Prime-World/pw/branches/r1117/Src/PF_GameLogic/../PF_Core/../Scene/../Render/../MeshConverter/MeshHeader.h:168:30: note: attribute for ‘struct H6SkeletalMeshVertexStride’ must follow the ‘struct’ keyword
/home/vitaly/p/Prime-World/pw/branches/r1117/Src/PF_GameLogic/../PF_Core/../Scene/../Render/StaticMesh.h:28:7: warning: attribute ignored in declaration of ‘class Render::StaticMeshBase’ [-Wattributes]
   28 | class StaticMeshBase : public RenderComponent
      |       ^~~~~~~~~~~~~~
/home/vitaly/p/Prime-World/pw/branches/r1117/Src/PF_GameLogic/../PF_Core/../Scene/../Render/StaticMesh.h:28:7: note: attribute for ‘class Render::StaticMeshBase’ must follow the ‘class’ keyword
/home/vitaly/p/Prime-World/pw/branches/r1117/Src/PF_GameLogic/../PF_Core/../Scene/../Render/StaticMesh.h:50:7: warning: attribute ignored in declaration of ‘class Render::StaticMesh’ [-Wattributes]
   50 | class StaticMesh : public StaticMeshBase
      |       ^~~~~~~~~~
/home/vitaly/p/Prime-World/pw/branches/r1117/Src/PF_GameLogic/../PF_Core/../Scene/../Render/StaticMesh.h:50:7: note: attribute for ‘class Render::StaticMesh’ must follow the ‘class’ keyword
/home/vitaly/p/Prime-World/pw/branches/r1117/Src/PF_GameLogic/PFApplicator.h: In static member function ‘static NWorld::PFBaseApplicator* NWorld::PFBaseApplicator::ring_AppliedRing_::obj(const ring::Ring<NWorld::PFBaseApplicator, NWorld::PFBaseApplicator::ring_AppliedRing_, ring::CObjectBasePolicyWithPtr<NWorld::PFBaseApplicator> >::Part*)’:
/home/vitaly/p/Prime-World/pw/branches/r1117/Src/PF_GameLogic/PFApplicator.h:135:28: warning: ‘offsetof’ within non-standard-layout type ‘NWorld::PFBaseApplicator’ is conditionally-supported [-Winvalid-offsetof]
  135 |   seDECLARE_COBJRING_CLASS(PFBaseApplicator, appliedRingPart, AppliedRing);
/home/vitaly/p/Prime-World/pw/branches/r1117/Src/PF_GameLogic/../System/../System/Ring.h:690:55: note: in expansion of macro ‘seDECLARE_RING_CLASS_BASE’
  690 | #define seDECLARE_COBJRING_CLASS(cls, field, ringCls) seDECLARE_RING_CLASS_BASE(cls, field, ringCls, ring::CObjectBasePolicyWithPtr<cls>)
      |                                                       ^~~~~~~~~~~~~~~~~~~~~~~~~
/home/vitaly/p/Prime-World/pw/branches/r1117/Src/PF_GameLogic/PFApplicator.h:135:3: note: in expansion of macro ‘seDECLARE_COBJRING_CLASS’
  135 |   seDECLARE_COBJRING_CLASS(PFBaseApplicator, appliedRingPart, AppliedRing);
      |   ^~~~~~~~~~~~~~~~~~~~~~~~
/home/vitaly/p/Prime-World/pw/branches/r1117/Src/PF_GameLogic/PFApplicator.h: In static member function ‘static NWorld::PFBaseApplicator* NWorld::PFBaseApplicator::ring_SentRing_::obj(const ring::Ring<NWorld::PFBaseApplicator, NWorld::PFBaseApplicator::ring_SentRing_, ring::CObjectBasePolicyWithPtr<NWorld::PFBaseApplicator> >::Part*)’:
/home/vitaly/p/Prime-World/pw/branches/r1117/Src/PF_GameLogic/PFApplicator.h:136:28: warning: ‘offsetof’ within non-standard-layout type ‘NWorld::PFBaseApplicator’ is conditionally-supported [-Winvalid-offsetof]
  136 |   seDECLARE_COBJRING_CLASS(PFBaseApplicator, sentRingPart, SentRing);
/home/vitaly/p/Prime-World/pw/branches/r1117/Src/PF_GameLogic/../System/../System/Ring.h:690:55: note: in expansion of macro ‘seDECLARE_RING_CLASS_BASE’
  690 | #define seDECLARE_COBJRING_CLASS(cls, field, ringCls) seDECLARE_RING_CLASS_BASE(cls, field, ringCls, ring::CObjectBasePolicyWithPtr<cls>)
      |                                                       ^~~~~~~~~~~~~~~~~~~~~~~~~
/home/vitaly/p/Prime-World/pw/branches/r1117/Src/PF_GameLogic/PFApplicator.h:136:3: note: in expansion of macro ‘seDECLARE_COBJRING_CLASS’
  136 |   seDECLARE_COBJRING_CLASS(PFBaseApplicator, sentRingPart, SentRing);
      |   ^~~~~~~~~~~~~~~~~~~~~~~~
/home/vitaly/p/Prime-World/pw/branches/r1117/Src/PF_GameLogic/PFApplicator.h: In static member function ‘static NWorld::PFBaseApplicator* NWorld::PFBaseApplicator::ring_NamedRing_::obj(const ring::Ring<NWorld::PFBaseApplicator, NWorld::PFBaseApplicator::ring_NamedRing_, ring::CPtrBasePolicyWithPtr<NWorld::PFBaseApplicator> >::Part*)’:
/home/vitaly/p/Prime-World/pw/branches/r1117/Src/PF_GameLogic/PFApplicator.h:138:28: warning: ‘offsetof’ within non-standard-layout type ‘NWorld::PFBaseApplicator’ is conditionally-supported [-Winvalid-offsetof]
  138 |   seDECLARE_CPTRRING_CLASS(PFBaseApplicator, namedRingPart, NamedRing);
/home/vitaly/p/Prime-World/pw/branches/r1117/Src/PF_GameLogic/../System/../System/Ring.h:691:55: note: in expansion of macro ‘seDECLARE_RING_CLASS_BASE’
  691 | #define seDECLARE_CPTRRING_CLASS(cls, field, ringCls) seDECLARE_RING_CLASS_BASE(cls, field, ringCls, ring::CPtrBasePolicyWithPtr<cls>)
      |                                                       ^~~~~~~~~~~~~~~~~~~~~~~~~
/home/vitaly/p/Prime-World/pw/branches/r1117/Src/PF_GameLogic/PFApplicator.h:138:3: note: in expansion of macro ‘seDECLARE_CPTRRING_CLASS’
  138 |   seDECLARE_CPTRRING_CLASS(PFBaseApplicator, namedRingPart, NamedRing);
      |   ^~~~~~~~~~~~~~~~~~~~~~~~
/home/vitaly/p/Prime-World/pw/branches/r1117/Src/PF_GameLogic/PFApplMod.h: In static member function ‘static NWorld::PFApplAbilityMod* NWorld::PFApplAbilityMod::ring_Ring_::obj(const ring::Ring<NWorld::PFApplAbilityMod, NWorld::PFApplAbilityMod::ring_Ring_, ring::CPtrBasePolicyWithPtr<NWorld::PFApplAbilityMod> >::Part*)’:
/home/vitaly/p/Prime-World/pw/branches/r1117/Src/PF_GameLogic/PFApplMod.h:107:28: warning: ‘offsetof’ within non-standard-layout type ‘NWorld::PFApplAbilityMod’ is conditionally-supported [-Winvalid-offsetof]
  107 |   seDECLARE_CPTRRING_CLASS(PFApplAbilityMod, abilityModRing, Ring);
/home/vitaly/p/Prime-World/pw/branches/r1117/Src/PF_GameLogic/../System/../System/Ring.h:691:55: note: in expansion of macro ‘seDECLARE_RING_CLASS_BASE’
  691 | #define seDECLARE_CPTRRING_CLASS(cls, field, ringCls) seDECLARE_RING_CLASS_BASE(cls, field, ringCls, ring::CPtrBasePolicyWithPtr<cls>)
      |                                                       ^~~~~~~~~~~~~~~~~~~~~~~~~
/home/vitaly/p/Prime-World/pw/branches/r1117/Src/PF_GameLogic/PFApplMod.h:107:3: note: in expansion of macro ‘seDECLARE_CPTRRING_CLASS’
  107 |   seDECLARE_CPTRRING_CLASS(PFApplAbilityMod, abilityModRing, Ring);
      |   ^~~~~~~~~~~~~~~~~~~~~~~~
/home/vitaly/p/Prime-World/pw/branches/r1117/Src/PF_GameLogic/PFApplMod.h: In static member function ‘static NWorld::PFApplAbilityUpgrade* NWorld::PFApplAbilityUpgrade::ring_Ring_::obj(const ring::Ring<NWorld::PFApplAbilityUpgrade, NWorld::PFApplAbilityUpgrade::ring_Ring_, ring::CPtrBasePolicyWithPtr<NWorld::PFApplAbilityUpgrade> >::Part*)’:
/home/vitaly/p/Prime-World/pw/branches/r1117/Src/PF_GameLogic/PFApplMod.h:145:28: warning: ‘offsetof’ within non-standard-layout type ‘NWorld::PFApplAbilityUpgrade’ is conditionally-supported [-Winvalid-offsetof]
  145 |   seDECLARE_CPTRRING_CLASS(PFApplAbilityUpgrade, upgradesRing, Ring);
/home/vitaly/p/Prime-World/pw/branches/r1117/Src/PF_GameLogic/../System/../System/Ring.h:691:55: note: in expansion of macro ‘seDECLARE_RING_CLASS_BASE’
  691 | #define seDECLARE_CPTRRING_CLASS(cls, field, ringCls) seDECLARE_RING_CLASS_BASE(cls, field, ringCls, ring::CPtrBasePolicyWithPtr<cls>)
      |                                                       ^~~~~~~~~~~~~~~~~~~~~~~~~
/home/vitaly/p/Prime-World/pw/branches/r1117/Src/PF_GameLogic/PFApplMod.h:145:3: note: in expansion of macro ‘seDECLARE_CPTRRING_CLASS’
  145 |   seDECLARE_CPTRRING_CLASS(PFApplAbilityUpgrade, upgradesRing, Ring);
      |   ^~~~~~~~~~~~~~~~~~~~~~~~
/home/vitaly/p/Prime-World/pw/branches/r1117/Src/PF_GameLogic/PFApplMod.h: In static member function ‘static NWorld::PFApplStatus* NWorld::PFApplStatus::ring_ActiveStatusRing_::obj(const ring::Ring<NWorld::PFApplStatus, NWorld::PFApplStatus::ring_ActiveStatusRing_, ring::CObjectBasePolicyWithPtr<NWorld::PFApplStatus> >::Part*)’:
/home/vitaly/p/Prime-World/pw/branches/r1117/Src/PF_GameLogic/PFApplMod.h:194:28: warning: ‘offsetof’ within non-standard-layout type ‘NWorld::PFApplStatus’ is conditionally-supported [-Winvalid-offsetof]
  194 |   seDECLARE_COBJRING_CLASS(PFApplStatus, activeStatusesPart, ActiveStatusRing);
/home/vitaly/p/Prime-World/pw/branches/r1117/Src/PF_GameLogic/../System/../System/Ring.h:690:55: note: in expansion of macro ‘seDECLARE_RING_CLASS_BASE’
  690 | #define seDECLARE_COBJRING_CLASS(cls, field, ringCls) seDECLARE_RING_CLASS_BASE(cls, field, ringCls, ring::CObjectBasePolicyWithPtr<cls>)
      |                                                       ^~~~~~~~~~~~~~~~~~~~~~~~~
/home/vitaly/p/Prime-World/pw/branches/r1117/Src/PF_GameLogic/PFApplMod.h:194:3: note: in expansion of macro ‘seDECLARE_COBJRING_CLASS’
  194 |   seDECLARE_COBJRING_CLASS(PFApplStatus, activeStatusesPart, ActiveStatusRing);
      |   ^~~~~~~~~~~~~~~~~~~~~~~~
/home/vitaly/p/Prime-World/pw/branches/r1117/Src/PF_GameLogic/PFApplMod.h: In static member function ‘static bool NWorld::TauntApplicatorManager::IsTauntApplicator(const CObj<NWorld::PFBaseApplicator>&)’:
/home/vitaly/p/Prime-World/pw/branches/r1117/Src/PF_GameLogic/PFApplMod.h:525:32: warning: comparison between ‘enum NWorld::PFBaseApplicator::<unnamed>’ and ‘enum NWorld::PFApplTaunt::<unnamed>’ [-Wenum-compare]
  525 |     return pApplicator->typeId == PFApplTaunt::typeId;
      |            ~~~~~~~~~~~~~~~~~~~~^~~~~~~~~~~~~~~~~~~~~~
/home/vitaly/p/Prime-World/pw/branches/r1117/Src/PF_GameLogic/PFBehaviour.h: In static member function ‘static NWorld::PFBaseBehaviour* NWorld::PFBaseBehaviour::ring_UnitRing_::obj(const ring::Ring<NWorld::PFBaseBehaviour, NWorld::PFBaseBehaviour::ring_UnitRing_, ring::CObjectBasePolicyWithPtr<NWorld::PFBaseBehaviour> >::Part*)’:
/home/vitaly/p/Prime-World/pw/branches/r1117/Src/PF_GameLogic/PFBehaviour.h:45:22: warning: ‘offsetof’ within non-standard-layout type ‘NWorld::PFBaseBehaviour’ is conditionally-supported [-Winvalid-offsetof]
   45 |   seDECLARE_COBJRING(PFBaseBehaviour, unitRingPart, UnitRing);
/home/vitaly/p/Prime-World/pw/branches/r1117/Src/PF_GameLogic/../System/../System/Ring.h:690:55: note: in expansion of macro ‘seDECLARE_RING_CLASS_BASE’
  690 | #define seDECLARE_COBJRING_CLASS(cls, field, ringCls) seDECLARE_RING_CLASS_BASE(cls, field, ringCls, ring::CObjectBasePolicyWithPtr<cls>)
      |                                                       ^~~~~~~~~~~~~~~~~~~~~~~~~
/home/vitaly/p/Prime-World/pw/branches/r1117/Src/PF_GameLogic/../System/../System/Ring.h:740:9: note: in expansion of macro ‘seDECLARE_COBJRING_CLASS’
  740 |         seDECLARE_COBJRING_CLASS(cls, field, ringCls); \
      |         ^~~~~~~~~~~~~~~~~~~~~~~~
/home/vitaly/p/Prime-World/pw/branches/r1117/Src/PF_GameLogic/PFBehaviour.h:45:3: note: in expansion of macro ‘seDECLARE_COBJRING’
   45 |   seDECLARE_COBJRING(PFBaseBehaviour, unitRingPart, UnitRing);
      |   ^~~~~~~~~~~~~~~~~~
/home/vitaly/p/Prime-World/pw/branches/r1117/Src/PF_GameLogic/PFBehaviour.h: In static member function ‘static NWorld::PFSummonBehaviour* NWorld::PFSummonBehaviour::ring_GroupRing_::obj(const ring::Ring<NWorld::PFSummonBehaviour, NWorld::PFSummonBehaviour::ring_GroupRing_, ring::CPtrBasePolicyWithPtr<NWorld::PFSummonBehaviour> >::Part*)’:
/home/vitaly/p/Prime-World/pw/branches/r1117/Src/PF_GameLogic/PFBehaviour.h:93:22: warning: ‘offsetof’ within non-standard-layout type ‘NWorld::PFSummonBehaviour’ is conditionally-supported [-Winvalid-offsetof]
   93 |   seDECLARE_CPTRRING(PFSummonBehaviour, groupRingPart, GroupRing);
/home/vitaly/p/Prime-World/pw/branches/r1117/Src/PF_GameLogic/../System/../System/Ring.h:691:55: note: in expansion of macro ‘seDECLARE_RING_CLASS_BASE’
  691 | #define seDECLARE_CPTRRING_CLASS(cls, field, ringCls) seDECLARE_RING_CLASS_BASE(cls, field, ringCls, ring::CPtrBasePolicyWithPtr<cls>)
      |                                                       ^~~~~~~~~~~~~~~~~~~~~~~~~
/home/vitaly/p/Prime-World/pw/branches/r1117/Src/PF_GameLogic/../System/../System/Ring.h:744:9: note: in expansion of macro ‘seDECLARE_CPTRRING_CLASS’
  744 |         seDECLARE_CPTRRING_CLASS(cls, field, ringCls); \
      |         ^~~~~~~~~~~~~~~~~~~~~~~~
/home/vitaly/p/Prime-World/pw/branches/r1117/Src/PF_GameLogic/PFBehaviour.h:93:3: note: in expansion of macro ‘seDECLARE_CPTRRING’
   93 |   seDECLARE_CPTRRING(PFSummonBehaviour, groupRingPart, GroupRing);
      |   ^~~~~~~~~~~~~~~~~~
/home/vitaly/p/Prime-World/pw/branches/r1117/Src/PF_GameLogic/PFDispatchStrike1.h: In static member function ‘static NWorld::PFDispatchUniformLinearMove* NWorld::PFDispatchUniformLinearMove::ring_UnitDispatchesRing_::obj(const ring::Ring<NWorld::PFDispatchUniformLinearMove, NWorld::PFDispatchUniformLinearMove::ring_UnitDispatchesRing_, ring::CPtrBasePolicyWithPtr<NWorld::PFDispatchUniformLinearMove> >::Part*)’:
/home/vitaly/p/Prime-World/pw/branches/r1117/Src/PF_GameLogic/PFDispatchStrike1.h:57:23: warning: ‘offsetof’ within non-standard-layout type ‘NWorld::PFDispatchUniformLinearMove’ is conditionally-supported [-Winvalid-offsetof]
   57 |   seDECLARE_CPTRRING( PFDispatchUniformLinearMove, unitDispatchesPart, UnitDispatchesRing );
/home/vitaly/p/Prime-World/pw/branches/r1117/Src/PF_GameLogic/../System/../System/Ring.h:691:55: note: in expansion of macro ‘seDECLARE_RING_CLASS_BASE’
  691 | #define seDECLARE_CPTRRING_CLASS(cls, field, ringCls) seDECLARE_RING_CLASS_BASE(cls, field, ringCls, ring::CPtrBasePolicyWithPtr<cls>)
      |                                                       ^~~~~~~~~~~~~~~~~~~~~~~~~
/home/vitaly/p/Prime-World/pw/branches/r1117/Src/PF_GameLogic/../System/../System/Ring.h:744:9: note: in expansion of macro ‘seDECLARE_CPTRRING_CLASS’
  744 |         seDECLARE_CPTRRING_CLASS(cls, field, ringCls); \
      |         ^~~~~~~~~~~~~~~~~~~~~~~~
/home/vitaly/p/Prime-World/pw/branches/r1117/Src/PF_GameLogic/PFDispatchStrike1.h:57:3: note: in expansion of macro ‘seDECLARE_CPTRRING’
   57 |   seDECLARE_CPTRRING( PFDispatchUniformLinearMove, unitDispatchesPart, UnitDispatchesRing );
      |   ^~~~~~~~~~~~~~~~~~
/home/vitaly/p/Prime-World/pw/branches/r1117/Src/PF_GameLogic/PFLogicObject.h: In static member function ‘static NWorld::PFLogicObject* NWorld::PFLogicObject::ring_LORing_::obj(const ring::Ring<NWorld::PFLogicObject, NWorld::PFLogicObject::ring_LORing_, ring::CObjectBasePolicyWithPtr<NWorld::PFLogicObject> >::Part*)’:
/home/vitaly/p/Prime-World/pw/branches/r1117/Src/PF_GameLogic/PFLogicObject.h:24:22: warning: ‘offsetof’ within non-standard-layout type ‘NWorld::PFLogicObject’ is conditionally-supported [-Winvalid-offsetof]
   24 |   seDECLARE_COBJRING(PFLogicObject, ringField,      LORing);
/home/vitaly/p/Prime-World/pw/branches/r1117/Src/PF_GameLogic/../System/../System/Ring.h:690:55: note: in expansion of macro ‘seDECLARE_RING_CLASS_BASE’
  690 | #define seDECLARE_COBJRING_CLASS(cls, field, ringCls) seDECLARE_RING_CLASS_BASE(cls, field, ringCls, ring::CObjectBasePolicyWithPtr<cls>)
      |                                                       ^~~~~~~~~~~~~~~~~~~~~~~~~
/home/vitaly/p/Prime-World/pw/branches/r1117/Src/PF_GameLogic/../System/../System/Ring.h:740:9: note: in expansion of macro ‘seDECLARE_COBJRING_CLASS’
  740 |         seDECLARE_COBJRING_CLASS(cls, field, ringCls); \
      |         ^~~~~~~~~~~~~~~~~~~~~~~~
/home/vitaly/p/Prime-World/pw/branches/r1117/Src/PF_GameLogic/PFLogicObject.h:24:3: note: in expansion of macro ‘seDECLARE_COBJRING’
   24 |   seDECLARE_COBJRING(PFLogicObject, ringField,      LORing);
      |   ^~~~~~~~~~~~~~~~~~
/home/vitaly/p/Prime-World/pw/branches/r1117/Src/PF_GameLogic/PFBaseUnit.h: In static member function ‘static NWorld::PFBaseUnit* NWorld::PFBaseUnit::ring_AttackersRing_::obj(const ring::Ring<NWorld::PFBaseUnit, NWorld::PFBaseUnit::ring_AttackersRing_, ring::CPtrBasePolicyWithPtr<NWorld::PFBaseUnit> >::Part*)’:
/home/vitaly/p/Prime-World/pw/branches/r1117/Src/PF_GameLogic/PFBaseUnit.h:221:28: warning: ‘offsetof’ within non-standard-layout type ‘NWorld::PFBaseUnit’ is conditionally-supported [-Winvalid-offsetof]
  221 |         seDECLARE_CPTRRING(PFBaseUnit, attackersRingPart, AttackersRing);
/home/vitaly/p/Prime-World/pw/branches/r1117/Src/PF_GameLogic/../System/../System/Ring.h:691:55: note: in expansion of macro ‘seDECLARE_RING_CLASS_BASE’
  691 | #define seDECLARE_CPTRRING_CLASS(cls, field, ringCls) seDECLARE_RING_CLASS_BASE(cls, field, ringCls, ring::CPtrBasePolicyWithPtr<cls>)
      |                                                       ^~~~~~~~~~~~~~~~~~~~~~~~~
/home/vitaly/p/Prime-World/pw/branches/r1117/Src/PF_GameLogic/../System/../System/Ring.h:744:9: note: in expansion of macro ‘seDECLARE_CPTRRING_CLASS’
  744 |         seDECLARE_CPTRRING_CLASS(cls, field, ringCls); \
      |         ^~~~~~~~~~~~~~~~~~~~~~~~
/home/vitaly/p/Prime-World/pw/branches/r1117/Src/PF_GameLogic/PFBaseUnit.h:221:9: note: in expansion of macro ‘seDECLARE_CPTRRING’
  221 |         seDECLARE_CPTRRING(PFBaseUnit, attackersRingPart, AttackersRing);
      |         ^~~~~~~~~~~~~~~~~~
/home/vitaly/p/Prime-World/pw/branches/r1117/Src/PF_GameLogic/PFBaseUnit.h: In static member function ‘static NWorld::PFBaseUnit::Variable* NWorld::PFBaseUnit::Variable::ring_Ring_::obj(const ring::Ring<NWorld::PFBaseUnit::Variable, NWorld::PFBaseUnit::Variable::ring_Ring_, ring::DefaultSmartPtrPolicy<NWorld::PFBaseUnit::Variable> >::Part*)’:
/home/vitaly/p/Prime-World/pw/branches/r1117/Src/PF_GameLogic/PFBaseUnit.h:225:32: warning: ‘offsetof’ within non-standard-layout type ‘NWorld::PFBaseUnit::Variable’ is conditionally-supported [-Winvalid-offsetof]
  225 |                 seDECLARE_RING(Variable, ringPart, Ring);
/home/vitaly/p/Prime-World/pw/branches/r1117/Src/PF_GameLogic/../System/../System/Ring.h:689:51: note: in expansion of macro ‘seDECLARE_RING_CLASS_BASE’
  689 | #define seDECLARE_RING_CLASS(cls, field, ringCls) seDECLARE_RING_CLASS_BASE(cls, field, ringCls, ring::DefaultSmartPtrPolicy<cls>)
      |                                                   ^~~~~~~~~~~~~~~~~~~~~~~~~
/home/vitaly/p/Prime-World/pw/branches/r1117/Src/PF_GameLogic/../System/../System/Ring.h:736:3: note: in expansion of macro ‘seDECLARE_RING_CLASS’
  736 |   seDECLARE_RING_CLASS(cls, field, ringCls); \
      |   ^~~~~~~~~~~~~~~~~~~~
/home/vitaly/p/Prime-World/pw/branches/r1117/Src/PF_GameLogic/PFBaseUnit.h:225:17: note: in expansion of macro ‘seDECLARE_RING’
  225 |                 seDECLARE_RING(Variable, ringPart, Ring);
      |                 ^~~~~~~~~~~~~~
In file included from /usr/include/locale.h:28,
                 from /usr/lib/gcc/x86_64-pc-linux-gnu/15/include/g++-v15/clocale:47,
                 from /usr/lib/gcc/x86_64-pc-linux-gnu/15/include/g++-v15/x86_64-pc-linux-gnu/bits/c++locale.h:41,
                 from /usr/lib/gcc/x86_64-pc-linux-gnu/15/include/g++-v15/bits/localefwd.h:42,
                 from /usr/lib/gcc/x86_64-pc-linux-gnu/15/include/g++-v15/string:47,
                 from /home/vitaly/p/Prime-World/pw/branches/r1117/Src/System/ported/cwfn.h:13,
                 from /home/vitaly/p/Prime-World/pw/branches/r1117/Src/Server/RPC/Types.h:5,
                 from /home/vitaly/p/Prime-World/pw/branches/r1117/Src/Server/RPC/Interfaces.h:12,
                 from /home/vitaly/p/Prime-World/pw/branches/r1117/Src/Server/RPC/RPC.h:21,
                 from /home/vitaly/p/Prime-World/pw/branches/r1117/Src/Game/PF/Server/LobbyPvx/CommonTypes.h:4,
                 from /home/vitaly/p/Prime-World/pw/branches/r1117/Src/PF_GameLogic/AdventureScreen.h:13:
/home/vitaly/p/Prime-World/pw/branches/r1117/Src/PF_GameLogic/PFHero.h: In static member function ‘static NWorld::PFBaseHero* NWorld::PFBaseHero::ring_FactionRing_::obj(const ring::Ring<NWorld::PFBaseHero, NWorld::PFBaseHero::ring_FactionRing_, ring::CObjectBasePolicyWithPtr<NWorld::PFBaseHero> >::Part*)’:
/home/vitaly/p/Prime-World/pw/branches/r1117/Src/PF_GameLogic/PFHero.h:446:22: warning: ‘offsetof’ within non-standard-layout type ‘NWorld::PFBaseHero’ is conditionally-supported [-Winvalid-offsetof]
  446 |   seDECLARE_COBJRING(PFBaseHero, factionRingPart, FactionRing);
/home/vitaly/p/Prime-World/pw/branches/r1117/Src/PF_GameLogic/../System/../System/Ring.h:690:55: note: in expansion of macro ‘seDECLARE_RING_CLASS_BASE’
  690 | #define seDECLARE_COBJRING_CLASS(cls, field, ringCls) seDECLARE_RING_CLASS_BASE(cls, field, ringCls, ring::CObjectBasePolicyWithPtr<cls>)
      |                                                       ^~~~~~~~~~~~~~~~~~~~~~~~~
/home/vitaly/p/Prime-World/pw/branches/r1117/Src/PF_GameLogic/../System/../System/Ring.h:740:9: note: in expansion of macro ‘seDECLARE_COBJRING_CLASS’
  740 |         seDECLARE_COBJRING_CLASS(cls, field, ringCls); \
      |         ^~~~~~~~~~~~~~~~~~~~~~~~
/home/vitaly/p/Prime-World/pw/branches/r1117/Src/PF_GameLogic/PFHero.h:446:3: note: in expansion of macro ‘seDECLARE_COBJRING’
  446 |   seDECLARE_COBJRING(PFBaseHero, factionRingPart, FactionRing);
      |   ^~~~~~~~~~~~~~~~~~
/home/vitaly/p/Prime-World/pw/branches/r1117/Src/PF_GameLogic/PFCommonCreep.h: In static member function ‘static NWorld::PFCommonCreep* NWorld::PFCommonCreep::ring_CreepsRing_::obj(const ring::Ring<NWorld::PFCommonCreep, NWorld::PFCommonCreep::ring_CreepsRing_, ring::CPtrBasePolicyWithPtr<NWorld::PFCommonCreep> >::Part*)’:
/home/vitaly/p/Prime-World/pw/branches/r1117/Src/PF_GameLogic/PFCommonCreep.h:20:22: warning: ‘offsetof’ within non-standard-layout type ‘NWorld::PFCommonCreep’ is conditionally-supported [-Winvalid-offsetof]
   20 |   seDECLARE_CPTRRING(PFCommonCreep, creepsRingPart, CreepsRing);
/home/vitaly/p/Prime-World/pw/branches/r1117/Src/PF_GameLogic/../System/../System/Ring.h:691:55: note: in expansion of macro ‘seDECLARE_RING_CLASS_BASE’
  691 | #define seDECLARE_CPTRRING_CLASS(cls, field, ringCls) seDECLARE_RING_CLASS_BASE(cls, field, ringCls, ring::CPtrBasePolicyWithPtr<cls>)
      |                                                       ^~~~~~~~~~~~~~~~~~~~~~~~~
/home/vitaly/p/Prime-World/pw/branches/r1117/Src/PF_GameLogic/../System/../System/Ring.h:744:9: note: in expansion of macro ‘seDECLARE_CPTRRING_CLASS’
  744 |         seDECLARE_CPTRRING_CLASS(cls, field, ringCls); \
      |         ^~~~~~~~~~~~~~~~~~~~~~~~
/home/vitaly/p/Prime-World/pw/branches/r1117/Src/PF_GameLogic/PFCommonCreep.h:20:3: note: in expansion of macro ‘seDECLARE_CPTRRING’
   20 |   seDECLARE_CPTRRING(PFCommonCreep, creepsRingPart, CreepsRing);
      |   ^~~~~~~~~~~~~~~~~~
In file included from /home/vitaly/p/Prime-World/pw/branches/r1117/Src/PF_GameLogic/../Terrain/TerrainLayerManager.h:11,
                 from /home/vitaly/p/Prime-World/pw/branches/r1117/Src/PF_GameLogic/PFWorldNatureMap.h:13,
                 from /home/vitaly/p/Prime-World/pw/branches/r1117/Src/PF_GameLogic/LuaScript.cpp:27:
/home/vitaly/p/Prime-World/pw/branches/r1117/Src/PF_GameLogic/../Terrain/TerrainElementManager.h: In member function ‘void Terrain::TerrainElementManager::ForAllElementInfosAABB(FUNCTOR&, const Render::AABB&)’:
/home/vitaly/p/Prime-World/pw/branches/r1117/Src/PF_GameLogic/../Terrain/TerrainElementManager.h:113:92: warning: invalid use of incomplete type ‘class Terrain::TerrainElement’
  113 |                           if (elemInfo.pElement && bounds.IsIntersectedBy(elemInfo.pElement->GetWorldAABB())) // smirnov [2008/11/28]: need to speedup this
      |                                                                                            ^~
/home/vitaly/p/Prime-World/pw/branches/r1117/Src/PF_GameLogic/../Terrain/TerrainElementManager.h:16:15: note: forward declaration of ‘class Terrain::TerrainElement’
   16 |         class TerrainElement;
      |               ^~~~~~~~~~~~~~
/home/vitaly/p/Prime-World/pw/branches/r1117/Src/PF_GameLogic/PFScriptedFlagpole.h: In static member function ‘static NWorld::PFScriptedFlagpole* NWorld::PFScriptedFlagpole::ring_GroupRing_::obj(const ring::Ring<NWorld::PFScriptedFlagpole, NWorld::PFScriptedFlagpole::ring_GroupRing_, ring::CPtrBasePolicyWithPtr<NWorld::PFScriptedFlagpole> >::Part*)’:
/home/vitaly/p/Prime-World/pw/branches/r1117/Src/PF_GameLogic/PFScriptedFlagpole.h:39:24: warning: ‘offsetof’ within non-standard-layout type ‘NWorld::PFScriptedFlagpole’ is conditionally-supported [-Winvalid-offsetof]
   39 |     seDECLARE_CPTRRING(PFScriptedFlagpole, roadRingPart, GroupRing);
/home/vitaly/p/Prime-World/pw/branches/r1117/Src/PF_GameLogic/../System/../System/Ring.h:691:55: note: in expansion of macro ‘seDECLARE_RING_CLASS_BASE’
  691 | #define seDECLARE_CPTRRING_CLASS(cls, field, ringCls) seDECLARE_RING_CLASS_BASE(cls, field, ringCls, ring::CPtrBasePolicyWithPtr<cls>)
      |                                                       ^~~~~~~~~~~~~~~~~~~~~~~~~
/home/vitaly/p/Prime-World/pw/branches/r1117/Src/PF_GameLogic/../System/../System/Ring.h:744:9: note: in expansion of macro ‘seDECLARE_CPTRRING_CLASS’
  744 |         seDECLARE_CPTRRING_CLASS(cls, field, ringCls); \
      |         ^~~~~~~~~~~~~~~~~~~~~~~~
/home/vitaly/p/Prime-World/pw/branches/r1117/Src/PF_GameLogic/PFScriptedFlagpole.h:39:5: note: in expansion of macro ‘seDECLARE_CPTRRING’
   39 |     seDECLARE_CPTRRING(PFScriptedFlagpole, roadRingPart, GroupRing);
      |     ^~~~~~~~~~~~~~~~~~
In file included from /home/vitaly/p/Prime-World/pw/branches/r1117/Src/PF_GameLogic/LuaScript.cpp:41:
/home/vitaly/p/Prime-World/pw/branches/r1117/Src/PF_GameLogic/AdventureScreenLogic.h: At global scope:
/home/vitaly/p/Prime-World/pw/branches/r1117/Src/PF_GameLogic/AdventureScreenLogic.h:118:15: warning: ‘NGameX::AdventureScreenLogic’ has a field ‘NGameX::AdventureScreenLogic::PartyInfoMap NGameX::AdventureScreenLogic::partyInfos’ whose type has internal linkage [-Wsubobject-linkage]
  118 |         class AdventureScreenLogic : public UI::ClientScreenUILogicBase
      |               ^~~~~~~~~~~~~~~~~~~~
/home/vitaly/p/Prime-World/pw/branches/r1117/Src/PF_GameLogic/../PF_Core/../Scene/DiAnGr.h: In static member function ‘static SpeedUserData* SpeedUserData::ring_Ring_::obj(const ring::Ring<SpeedUserData, SpeedUserData::ring_Ring_, ring::StrongSTPolicy<SpeedUserData> >::Part*)’:
/home/vitaly/p/Prime-World/pw/branches/r1117/Src/PF_GameLogic/../PF_Core/../Scene/DiAnGr.h:101:26: warning: ‘offsetof’ within non-standard-layout type ‘SpeedUserData’ is conditionally-supported [-Winvalid-offsetof]
  101 |   seDECLARE_STRONG_RING( SpeedUserData, ringPart, Ring );
/home/vitaly/p/Prime-World/pw/branches/r1117/Src/PF_GameLogic/../System/../System/Ring.h:693:58: note: in expansion of macro ‘seDECLARE_RING_CLASS_BASE’
  693 | #define seDECLARE_STRONG_RING_CLASS(cls, field, ringCls) seDECLARE_RING_CLASS_BASE(cls, field, ringCls, ring::StrongSTPolicy<cls>)
      |                                                          ^~~~~~~~~~~~~~~~~~~~~~~~~
/home/vitaly/p/Prime-World/pw/branches/r1117/Src/PF_GameLogic/../System/../System/Ring.h:748:9: note: in expansion of macro ‘seDECLARE_STRONG_RING_CLASS’
  748 |         seDECLARE_STRONG_RING_CLASS(cls, field, ringCls); \
      |         ^~~~~~~~~~~~~~~~~~~~~~~~~~~
/home/vitaly/p/Prime-World/pw/branches/r1117/Src/PF_GameLogic/../PF_Core/../Scene/DiAnGr.h:101:3: note: in expansion of macro ‘seDECLARE_STRONG_RING’
  101 |   seDECLARE_STRONG_RING( SpeedUserData, ringPart, Ring );
      |   ^~~~~~~~~~~~~~~~~~~~~
In file included from /home/vitaly/p/Prime-World/pw/branches/r1117/Src/PF_GameLogic/LuaScript.cpp:56:
/home/vitaly/p/Prime-World/pw/branches/r1117/Src/System/GeomMisc.h: At global scope:
/home/vitaly/p/Prime-World/pw/branches/r1117/Src/System/GeomMisc.h:514:1: error: expected declaration before ‘}’ token
  514 | }
      | ^
make[3]: *** [CMakeFiles/PrimeWorld.dir/build.make:3299: CMakeFiles/PrimeWorld.dir/PF_GameLogic/LuaScript.cpp.o] Error 1
make[2]: *** [CMakeFiles/Makefile2:87: CMakeFiles/PrimeWorld.dir/all] Error 2
make[1]: *** [CMakeFiles/Makefile2:94: CMakeFiles/PrimeWorld.dir/rule] Error 2
make: *** [Makefile:124: PrimeWorld] Error 2
