[  0%] Building CXX object CMakeFiles/PrimeWorld.dir/Client/BaseOvertipsScreenLogic.cpp.o
In file included from /home/vitaly/p/Prime-World/pw/branches/r1117/Src/Client/../System/../System/Logger.h:7,
                 from /home/vitaly/p/Prime-World/pw/branches/r1117/Src/Client/../System/systemStdAfx.h:77,
                 from /home/vitaly/p/Prime-World/pw/branches/r1117/Src/Client/stdafx.h:3,
                 from /home/vitaly/p/Prime-World/pw/branches/r1117/Src/Client/BaseOvertipsScreenLogic.cpp:1:
/home/vitaly/p/Prime-World/pw/branches/r1117/Src/Client/../System/../System/MultiReaderLock.h:22:14: warning: ‘template<class> class std::auto_ptr’ is deprecated: use 'std::unique_ptr' instead [-Wdeprecated-declarations]
   22 |   const std::auto_ptr< MultiReaderLockImpl > impl_;
      |              ^~~~~~~~
In file included from /usr/lib/gcc/x86_64-pc-linux-gnu/15/include/g++-v15/memory:80,
                 from /home/vitaly/p/Prime-World/pw/branches/r1117/Src/Client/../System/../System/MultiReaderLock.h:3:
/usr/lib/gcc/x86_64-pc-linux-gnu/15/include/g++-v15/bits/unique_ptr.h:58:28: note: declared here
   58 |   template<typename> class auto_ptr;
      |                            ^~~~~~~~
In file included from /home/vitaly/p/Prime-World/pw/branches/r1117/Src/Client/../System/systemStdAfx.h:162:
/home/vitaly/p/Prime-World/pw/branches/r1117/Src/Client/../System/../System/ncircular_buffer.h:293:15: warning: ‘template<class _Category, class _Tp, class _Distance, class _Pointer, class _Reference> struct std::iterator’ is deprecated [-Wdeprecated-declarations]
  293 | : public std::iterator<std::random_access_iterator_tag,
      |               ^~~~~~~~
In file included from /usr/lib/gcc/x86_64-pc-linux-gnu/15/include/g++-v15/bits/stl_algobase.h:65,
                 from /usr/lib/gcc/x86_64-pc-linux-gnu/15/include/g++-v15/bits/specfun.h:43,
                 from /usr/lib/gcc/x86_64-pc-linux-gnu/15/include/g++-v15/cmath:3913,
                 from /usr/lib/gcc/x86_64-pc-linux-gnu/15/include/g++-v15/math.h:36,
                 from /home/vitaly/p/Prime-World/pw/branches/r1117/Src/System/Win32_linux.h:9,
                 from /home/vitaly/p/Prime-World/pw/branches/r1117/Src/System/config.h:51,
                 from /home/vitaly/p/Prime-World/pw/branches/r1117/Src/Client/../System/systemStdAfx.h:4:
/usr/lib/gcc/x86_64-pc-linux-gnu/15/include/g++-v15/bits/stl_iterator_base_types.h:129:34: note: declared here
  129 |     struct _GLIBCXX17_DEPRECATED iterator
      |                                  ^~~~~~~~
In file included from /home/vitaly/p/Prime-World/pw/branches/r1117/Src/Client/Overtips.h:4,
                 from /home/vitaly/p/Prime-World/pw/branches/r1117/Src/Client/BaseOvertipsScreenLogic.h:3,
                 from /home/vitaly/p/Prime-World/pw/branches/r1117/Src/Client/BaseOvertipsScreenLogic.cpp:3:
/home/vitaly/p/Prime-World/pw/branches/r1117/Src/Render/AABB.h:11:16: warning: attribute ignored in declaration of ‘struct Render::AABB’ [-Wattributes]
   11 |         struct AABB
      |                ^~~~
/home/vitaly/p/Prime-World/pw/branches/r1117/Src/Render/AABB.h:11:16: note: attribute for ‘struct Render::AABB’ must follow the ‘struct’ keyword
In file included from /home/vitaly/p/Prime-World/pw/branches/r1117/Src/Client/../Scene/SceneComponent.h:8,
                 from /home/vitaly/p/Prime-World/pw/branches/r1117/Src/Client/../Scene/SceneObject.h:2,
                 from /home/vitaly/p/Prime-World/pw/branches/r1117/Src/Client/BaseOvertipsScreenLogic.cpp:9:
/home/vitaly/p/Prime-World/pw/branches/r1117/Src/Client/../Scene/../Render/RenderComponent.h:40:7: warning: attribute ignored in declaration of ‘class Render::RenderComponent’ [-Wattributes]
   40 | class RenderComponent : public NonCopyable
      |       ^~~~~~~~~~~~~~~
/home/vitaly/p/Prime-World/pw/branches/r1117/Src/Client/../Scene/../Render/RenderComponent.h:40:7: note: attribute for ‘class Render::RenderComponent’ must follow the ‘class’ keyword
In file included from /home/vitaly/p/Prime-World/pw/branches/r1117/Src/Client/../Scene/../Render/sampler.h:4,
                 from /home/vitaly/p/Prime-World/pw/branches/r1117/Src/Client/../Scene/../Render/material.h:9,
                 from /home/vitaly/p/Prime-World/pw/branches/r1117/Src/Client/../Scene/../Render/renderstatesmanager.h:5,
                 from /home/vitaly/p/Prime-World/pw/branches/r1117/Src/Client/../Scene/../Render/renderer.h:7,
                 from /home/vitaly/p/Prime-World/pw/branches/r1117/Src/Client/../Scene/../Render/MaterialSpec.h:6,
                 from /home/vitaly/p/Prime-World/pw/branches/r1117/Src/Client/../Scene/../Render/batch.h:3,
                 from /home/vitaly/p/Prime-World/pw/branches/r1117/Src/Client/../Scene/RenderableScene.h:5,
                 from /home/vitaly/p/Prime-World/pw/branches/r1117/Src/Client/../Scene/SceneObject.h:5:
/home/vitaly/p/Prime-World/pw/branches/r1117/Src/Client/../Scene/../Render/states.h: In member function ‘Render::SamplerState& Render::SamplerState::CreateMask()’:
/home/vitaly/p/Prime-World/pw/branches/r1117/Src/Client/../Scene/../Render/states.h:125:17: warning: conversion from ‘unsigned int’ to ‘unsigned char:3’ changes value from ‘4294967295’ to ‘7’ [-Woverflow]
  125 |     minFilter = UINT_MAX;
      |                 ^~~~~~~~
/home/vitaly/p/Prime-World/pw/branches/r1117/Src/Client/../Scene/../Render/states.h:126:17: warning: conversion from ‘unsigned int’ to ‘unsigned char:1’ changes value from ‘4294967295’ to ‘1’ [-Woverflow]
  126 |     magFilter = UINT_MAX;
      |                 ^~~~~~~~
/home/vitaly/p/Prime-World/pw/branches/r1117/Src/Client/../Scene/../Render/states.h:127:17: warning: conversion from ‘unsigned int’ to ‘unsigned char:2’ changes value from ‘4294967295’ to ‘3’ [-Woverflow]
  127 |     mipFilter = UINT_MAX;
      |                 ^~~~~~~~
/home/vitaly/p/Prime-World/pw/branches/r1117/Src/Client/../Scene/../Render/states.h:128:17: warning: conversion from ‘unsigned int’ to ‘unsigned char:2’ changes value from ‘4294967295’ to ‘3’ [-Woverflow]
  128 |     addressU  = UINT_MAX;
      |                 ^~~~~~~~
/home/vitaly/p/Prime-World/pw/branches/r1117/Src/Client/../Scene/../Render/states.h:129:17: warning: conversion from ‘unsigned int’ to ‘unsigned char:2’ changes value from ‘4294967295’ to ‘3’ [-Woverflow]
  129 |     addressV  = UINT_MAX;
      |                 ^~~~~~~~
/home/vitaly/p/Prime-World/pw/branches/r1117/Src/Client/../Scene/../Render/states.h:130:25: warning: conversion from ‘unsigned int’ to ‘unsigned char:1’ changes value from ‘4294967295’ to ‘1’ [-Woverflow]
  130 |     alwaysFailCompare = UINT_MAX;
      |                         ^~~~~~~~
/home/vitaly/p/Prime-World/pw/branches/r1117/Src/Client/../Scene/../Render/states.h: At global scope:
/home/vitaly/p/Prime-World/pw/branches/r1117/Src/Client/../Scene/../Render/states.h:168:3: warning: converting ‘Render::SamplerState2’ to a base class ‘Render::SamplerState’ will never use a type conversion operator [-Wclass-conversion]
  168 |   operator SamplerState()
      |   ^~~~~~~~
In file included from /home/vitaly/p/Prime-World/pw/branches/r1117/Src/Client/../Scene/../Render/../Scene/VoxelGrid.h:3,
                 from /home/vitaly/p/Prime-World/pw/branches/r1117/Src/Client/../Scene/../Render/../Scene/CollectionVG.h:6,
                 from /home/vitaly/p/Prime-World/pw/branches/r1117/Src/Client/../Scene/../Render/../Scene/VoxelGridObj.h:3,
                 from /home/vitaly/p/Prime-World/pw/branches/r1117/Src/Client/../Scene/../Render/light.h:4,
                 from /home/vitaly/p/Prime-World/pw/branches/r1117/Src/Client/../Scene/../Render/LightsManager.h:6,
                 from /home/vitaly/p/Prime-World/pw/branches/r1117/Src/Client/../Scene/../Render/renderer.h:16:
/home/vitaly/p/Prime-World/pw/branches/r1117/Src/Render/ConvexVolume.h:12:16: warning: attribute ignored in declaration of ‘struct Render::FPlane’ [-Wattributes]
   12 |         struct FPlane
      |                ^~~~~~
/home/vitaly/p/Prime-World/pw/branches/r1117/Src/Render/ConvexVolume.h:12:16: note: attribute for ‘struct Render::FPlane’ must follow the ‘struct’ keyword
/home/vitaly/p/Prime-World/pw/branches/r1117/Src/Render/ConvexVolume.h:28:15: warning: attribute ignored in declaration of ‘class Render::ConvexVolume’ [-Wattributes]
   28 |         class ConvexVolume
      |               ^~~~~~~~~~~~
/home/vitaly/p/Prime-World/pw/branches/r1117/Src/Render/ConvexVolume.h:28:15: note: attribute for ‘class Render::ConvexVolume’ must follow the ‘class’ keyword
In file included from /usr/include/iconv.h:23,
                 from /home/vitaly/p/Prime-World/pw/branches/r1117/Src/Client/../System/systemStdAfx.h:62:
/home/vitaly/p/Prime-World/pw/branches/r1117/Src/Client/../Scene/../Render/MaterialSpec.h: In member function ‘virtual int Render::AIGeometryMaterialType::SignificantPartLength() const’:
/home/vitaly/p/Prime-World/pw/branches/r1117/Src/Client/../Scene/../Render/MaterialSpec.h:208:70: warning: ‘offsetof’ within non-standard-layout type ‘Render::AIGeometryMaterialType’ is conditionally-supported [-Winvalid-offsetof]
  208 |         virtual int SignificantPartLength() const { return offsetof( AIGeometryMaterialType, renderState ) - offsetof( AIGeometryMaterialType, renderState ) + sizeof( renderState ); }
      |                                                                      ^
/home/vitaly/p/Prime-World/pw/branches/r1117/Src/Client/../Scene/../Render/MaterialSpec.h:208:120: warning: ‘offsetof’ within non-standard-layout type ‘Render::AIGeometryMaterialType’ is conditionally-supported [-Winvalid-offsetof]
  208 |         virtual int SignificantPartLength() const { return offsetof( AIGeometryMaterialType, renderState ) - offsetof( AIGeometryMaterialType, renderState ) + sizeof( renderState ); }
      |                                                                                                                        ^
/home/vitaly/p/Prime-World/pw/branches/r1117/Src/Client/../Scene/../Render/MaterialSpec.h: In member function ‘virtual int Render::AOEMaterial::SignificantPartLength() const’:
/home/vitaly/p/Prime-World/pw/branches/r1117/Src/Client/../Scene/../Render/MaterialSpec.h:307:70: warning: ‘offsetof’ within non-standard-layout type ‘Render::AOEMaterial’ is conditionally-supported [-Winvalid-offsetof]
  307 |         virtual int SignificantPartLength() const { return offsetof( AOEMaterial, aspectRatio ) - offsetof( AOEMaterial, renderState ) + sizeof( aspectRatio ); }
      |                                                                      ^
/home/vitaly/p/Prime-World/pw/branches/r1117/Src/Client/../Scene/../Render/MaterialSpec.h:307:109: warning: ‘offsetof’ within non-standard-layout type ‘Render::AOEMaterial’ is conditionally-supported [-Winvalid-offsetof]
  307 |         virtual int SignificantPartLength() const { return offsetof( AOEMaterial, aspectRatio ) - offsetof( AOEMaterial, renderState ) + sizeof( aspectRatio ); }
      |                                                                                                             ^
/home/vitaly/p/Prime-World/pw/branches/r1117/Src/Client/../Scene/../Render/MaterialSpec.h: In static member function ‘static void Render::AOEMaterial::InitSamplersOffsets()’:
/home/vitaly/p/Prime-World/pw/branches/r1117/Src/Client/../Scene/../Render/MaterialSpec.h:341:36: warning: ‘offsetof’ within non-standard-layout type ‘Render::AOEMaterial’ is conditionally-supported [-Winvalid-offsetof]
  341 |     samplersOffsets[0] = offsetof( AOEMaterial, DiffuseMap );
      |                                    ^
/home/vitaly/p/Prime-World/pw/branches/r1117/Src/Client/../Scene/../Render/MaterialSpec.h: In member function ‘virtual int Render::BasicFXMaterial::SignificantPartLength() const’:
/home/vitaly/p/Prime-World/pw/branches/r1117/Src/Client/../Scene/../Render/MaterialSpec.h:453:70: warning: ‘offsetof’ within non-standard-layout type ‘Render::BasicFXMaterial’ is conditionally-supported [-Winvalid-offsetof]
  453 |         virtual int SignificantPartLength() const { return offsetof( BasicFXMaterial, vOffset ) - offsetof( BasicFXMaterial, renderState ) + sizeof( vOffset ); }
      |                                                                      ^
/home/vitaly/p/Prime-World/pw/branches/r1117/Src/Client/../Scene/../Render/MaterialSpec.h:453:109: warning: ‘offsetof’ within non-standard-layout type ‘Render::BasicFXMaterial’ is conditionally-supported [-Winvalid-offsetof]
  453 |         virtual int SignificantPartLength() const { return offsetof( BasicFXMaterial, vOffset ) - offsetof( BasicFXMaterial, renderState ) + sizeof( vOffset ); }
      |                                                                                                             ^
/home/vitaly/p/Prime-World/pw/branches/r1117/Src/Client/../Scene/../Render/MaterialSpec.h: In static member function ‘static void Render::BasicFXMaterial::InitSamplersOffsets()’:
/home/vitaly/p/Prime-World/pw/branches/r1117/Src/Client/../Scene/../Render/MaterialSpec.h:507:36: warning: ‘offsetof’ within non-standard-layout type ‘Render::BasicFXMaterial’ is conditionally-supported [-Winvalid-offsetof]
  507 |     samplersOffsets[0] = offsetof( BasicFXMaterial, DiffuseMap );
      |                                    ^
/home/vitaly/p/Prime-World/pw/branches/r1117/Src/Client/../Scene/../Render/MaterialSpec.h: In member function ‘virtual int Render::BasicMaskMaterial::SignificantPartLength() const’:
/home/vitaly/p/Prime-World/pw/branches/r1117/Src/Client/../Scene/../Render/MaterialSpec.h:595:70: warning: ‘offsetof’ within non-standard-layout type ‘Render::BasicMaskMaterial’ is conditionally-supported [-Winvalid-offsetof]
  595 |         virtual int SignificantPartLength() const { return offsetof( BasicMaskMaterial, isBlendModeOverrided ) - offsetof( BasicMaskMaterial, renderState ) + sizeof( isBlendModeOverrided ); }
      |                                                                      ^
/home/vitaly/p/Prime-World/pw/branches/r1117/Src/Client/../Scene/../Render/MaterialSpec.h:595:124: warning: ‘offsetof’ within non-standard-layout type ‘Render::BasicMaskMaterial’ is conditionally-supported [-Winvalid-offsetof]
  595 |         virtual int SignificantPartLength() const { return offsetof( BasicMaskMaterial, isBlendModeOverrided ) - offsetof( BasicMaskMaterial, renderState ) + sizeof( isBlendModeOverrided ); }
      |                                                                                                                            ^
/home/vitaly/p/Prime-World/pw/branches/r1117/Src/Client/../Scene/../Render/MaterialSpec.h: In static member function ‘static void Render::BasicMaskMaterial::InitSamplersOffsets()’:
/home/vitaly/p/Prime-World/pw/branches/r1117/Src/Client/../Scene/../Render/MaterialSpec.h:628:36: warning: ‘offsetof’ within non-standard-layout type ‘Render::BasicMaskMaterial’ is conditionally-supported [-Winvalid-offsetof]
  628 |     samplersOffsets[0] = offsetof( BasicMaskMaterial, Diffuse );
      |                                    ^
/home/vitaly/p/Prime-World/pw/branches/r1117/Src/Client/../Scene/../Render/MaterialSpec.h:629:36: warning: ‘offsetof’ within non-standard-layout type ‘Render::BasicMaskMaterial’ is conditionally-supported [-Winvalid-offsetof]
  629 |     samplersOffsets[1] = offsetof( BasicMaskMaterial, Mask );
      |                                    ^
/home/vitaly/p/Prime-World/pw/branches/r1117/Src/Client/../Scene/../Render/MaterialSpec.h: In member function ‘virtual int Render::BasicMaterial::SignificantPartLength() const’:
/home/vitaly/p/Prime-World/pw/branches/r1117/Src/Client/../Scene/../Render/MaterialSpec.h:743:70: warning: ‘offsetof’ within non-standard-layout type ‘Render::BasicMaterial’ is conditionally-supported [-Winvalid-offsetof]
  743 |         virtual int SignificantPartLength() const { return offsetof( BasicMaterial, specialTransparency ) - offsetof( BasicMaterial, renderState ) + sizeof( specialTransparency ); }
      |                                                                      ^
/home/vitaly/p/Prime-World/pw/branches/r1117/Src/Client/../Scene/../Render/MaterialSpec.h:743:119: warning: ‘offsetof’ within non-standard-layout type ‘Render::BasicMaterial’ is conditionally-supported [-Winvalid-offsetof]
  743 |         virtual int SignificantPartLength() const { return offsetof( BasicMaterial, specialTransparency ) - offsetof( BasicMaterial, renderState ) + sizeof( specialTransparency ); }
      |                                                                                                                       ^
/home/vitaly/p/Prime-World/pw/branches/r1117/Src/Client/../Scene/../Render/MaterialSpec.h: In static member function ‘static void Render::BasicMaterial::InitSamplersOffsets()’:
/home/vitaly/p/Prime-World/pw/branches/r1117/Src/Client/../Scene/../Render/MaterialSpec.h:784:36: warning: ‘offsetof’ within non-standard-layout type ‘Render::BasicMaterial’ is conditionally-supported [-Winvalid-offsetof]
  784 |     samplersOffsets[0] = offsetof( BasicMaterial, DiffuseMap );
      |                                    ^
/home/vitaly/p/Prime-World/pw/branches/r1117/Src/Client/../Scene/../Render/MaterialSpec.h:785:36: warning: ‘offsetof’ within non-standard-layout type ‘Render::BasicMaterial’ is conditionally-supported [-Winvalid-offsetof]
  785 |     samplersOffsets[1] = offsetof( BasicMaterial, NormalMap );
      |                                    ^
/home/vitaly/p/Prime-World/pw/branches/r1117/Src/Client/../Scene/../Render/MaterialSpec.h:786:36: warning: ‘offsetof’ within non-standard-layout type ‘Render::BasicMaterial’ is conditionally-supported [-Winvalid-offsetof]
  786 |     samplersOffsets[2] = offsetof( BasicMaterial, SpecularMap );
      |                                    ^
/home/vitaly/p/Prime-World/pw/branches/r1117/Src/Client/../Scene/../Render/MaterialSpec.h:787:36: warning: ‘offsetof’ within non-standard-layout type ‘Render::BasicMaterial’ is conditionally-supported [-Winvalid-offsetof]
  787 |     samplersOffsets[3] = offsetof( BasicMaterial, ReflectionMap );
      |                                    ^
/home/vitaly/p/Prime-World/pw/branches/r1117/Src/Client/../Scene/../Render/MaterialSpec.h: In member function ‘virtual int Render::DecalMaterial::SignificantPartLength() const’:
/home/vitaly/p/Prime-World/pw/branches/r1117/Src/Client/../Scene/../Render/MaterialSpec.h:976:70: warning: ‘offsetof’ within non-standard-layout type ‘Render::DecalMaterial’ is conditionally-supported [-Winvalid-offsetof]
  976 |         virtual int SignificantPartLength() const { return offsetof( DecalMaterial, isBlendModeOverrided ) - offsetof( DecalMaterial, renderState ) + sizeof( isBlendModeOverrided ); }
      |                                                                      ^
/home/vitaly/p/Prime-World/pw/branches/r1117/Src/Client/../Scene/../Render/MaterialSpec.h:976:120: warning: ‘offsetof’ within non-standard-layout type ‘Render::DecalMaterial’ is conditionally-supported [-Winvalid-offsetof]
  976 |         virtual int SignificantPartLength() const { return offsetof( DecalMaterial, isBlendModeOverrided ) - offsetof( DecalMaterial, renderState ) + sizeof( isBlendModeOverrided ); }
      |                                                                                                                        ^
/home/vitaly/p/Prime-World/pw/branches/r1117/Src/Client/../Scene/../Render/MaterialSpec.h: In static member function ‘static void Render::DecalMaterial::InitSamplersOffsets()’:
/home/vitaly/p/Prime-World/pw/branches/r1117/Src/Client/../Scene/../Render/MaterialSpec.h:1020:36: warning: ‘offsetof’ within non-standard-layout type ‘Render::DecalMaterial’ is conditionally-supported [-Winvalid-offsetof]
 1020 |     samplersOffsets[0] = offsetof( DecalMaterial, DiffuseMap );
      |                                    ^
/home/vitaly/p/Prime-World/pw/branches/r1117/Src/Client/../Scene/../Render/MaterialSpec.h: In member function ‘virtual int Render::DecalTerrainMaterial::SignificantPartLength() const’:
/home/vitaly/p/Prime-World/pw/branches/r1117/Src/Client/../Scene/../Render/MaterialSpec.h:1140:70: warning: ‘offsetof’ within non-standard-layout type ‘Render::DecalTerrainMaterial’ is conditionally-supported [-Winvalid-offsetof]
 1140 |         virtual int SignificantPartLength() const { return offsetof( DecalTerrainMaterial, isBlendModeOverrided ) - offsetof( DecalTerrainMaterial, renderState ) + sizeof( isBlendModeOverrided ); }
      |                                                                      ^
/home/vitaly/p/Prime-World/pw/branches/r1117/Src/Client/../Scene/../Render/MaterialSpec.h:1140:127: warning: ‘offsetof’ within non-standard-layout type ‘Render::DecalTerrainMaterial’ is conditionally-supported [-Winvalid-offsetof]
 1140 |         virtual int SignificantPartLength() const { return offsetof( DecalTerrainMaterial, isBlendModeOverrided ) - offsetof( DecalTerrainMaterial, renderState ) + sizeof( isBlendModeOverrided ); }
      |                                                                                                                               ^
/home/vitaly/p/Prime-World/pw/branches/r1117/Src/Client/../Scene/../Render/MaterialSpec.h: In static member function ‘static void Render::DecalTerrainMaterial::InitSamplersOffsets()’:
/home/vitaly/p/Prime-World/pw/branches/r1117/Src/Client/../Scene/../Render/MaterialSpec.h:1185:36: warning: ‘offsetof’ within non-standard-layout type ‘Render::DecalTerrainMaterial’ is conditionally-supported [-Winvalid-offsetof]
 1185 |     samplersOffsets[0] = offsetof( DecalTerrainMaterial, DiffuseMap );
      |                                    ^
/home/vitaly/p/Prime-World/pw/branches/r1117/Src/Client/../Scene/../Render/MaterialSpec.h:1186:36: warning: ‘offsetof’ within non-standard-layout type ‘Render::DecalTerrainMaterial’ is conditionally-supported [-Winvalid-offsetof]
 1186 |     samplersOffsets[1] = offsetof( DecalTerrainMaterial, MaskMap );
      |                                    ^
/home/vitaly/p/Prime-World/pw/branches/r1117/Src/Client/../Scene/../Render/MaterialSpec.h: In member function ‘virtual int Render::DropMaterial::SignificantPartLength() const’:
/home/vitaly/p/Prime-World/pw/branches/r1117/Src/Client/../Scene/../Render/MaterialSpec.h:1364:70: warning: ‘offsetof’ within non-standard-layout type ‘Render::DropMaterial’ is conditionally-supported [-Winvalid-offsetof]
 1364 |         virtual int SignificantPartLength() const { return offsetof( DropMaterial, vOffset2 ) - offsetof( DropMaterial, renderState ) + sizeof( vOffset2 ); }
      |                                                                      ^
/home/vitaly/p/Prime-World/pw/branches/r1117/Src/Client/../Scene/../Render/MaterialSpec.h:1364:107: warning: ‘offsetof’ within non-standard-layout type ‘Render::DropMaterial’ is conditionally-supported [-Winvalid-offsetof]
 1364 |         virtual int SignificantPartLength() const { return offsetof( DropMaterial, vOffset2 ) - offsetof( DropMaterial, renderState ) + sizeof( vOffset2 ); }
      |                                                                                                           ^
/home/vitaly/p/Prime-World/pw/branches/r1117/Src/Client/../Scene/../Render/MaterialSpec.h: In static member function ‘static void Render::DropMaterial::InitSamplersOffsets()’:
/home/vitaly/p/Prime-World/pw/branches/r1117/Src/Client/../Scene/../Render/MaterialSpec.h:1419:36: warning: ‘offsetof’ within non-standard-layout type ‘Render::DropMaterial’ is conditionally-supported [-Winvalid-offsetof]
 1419 |     samplersOffsets[0] = offsetof( DropMaterial, DiffuseMap );
      |                                    ^
/home/vitaly/p/Prime-World/pw/branches/r1117/Src/Client/../Scene/../Render/MaterialSpec.h:1420:36: warning: ‘offsetof’ within non-standard-layout type ‘Render::DropMaterial’ is conditionally-supported [-Winvalid-offsetof]
 1420 |     samplersOffsets[1] = offsetof( DropMaterial, NormalMap );
      |                                    ^
/home/vitaly/p/Prime-World/pw/branches/r1117/Src/Client/../Scene/../Render/MaterialSpec.h:1421:36: warning: ‘offsetof’ within non-standard-layout type ‘Render::DropMaterial’ is conditionally-supported [-Winvalid-offsetof]
 1421 |     samplersOffsets[2] = offsetof( DropMaterial, SpecularMap );
      |                                    ^
/home/vitaly/p/Prime-World/pw/branches/r1117/Src/Client/../Scene/../Render/MaterialSpec.h:1422:36: warning: ‘offsetof’ within non-standard-layout type ‘Render::DropMaterial’ is conditionally-supported [-Winvalid-offsetof]
 1422 |     samplersOffsets[3] = offsetof( DropMaterial, ReflectionMap );
      |                                    ^
/home/vitaly/p/Prime-World/pw/branches/r1117/Src/Client/../Scene/../Render/MaterialSpec.h: In member function ‘virtual int Render::FullScreenMaterial::SignificantPartLength() const’:
/home/vitaly/p/Prime-World/pw/branches/r1117/Src/Client/../Scene/../Render/MaterialSpec.h:1516:70: warning: ‘offsetof’ within non-standard-layout type ‘Render::FullScreenMaterial’ is conditionally-supported [-Winvalid-offsetof]
 1516 |         virtual int SignificantPartLength() const { return offsetof( FullScreenMaterial, BloomMap ) - offsetof( FullScreenMaterial, renderState ) + sizeof( BloomMap ); }
      |                                                                      ^
/home/vitaly/p/Prime-World/pw/branches/r1117/Src/Client/../Scene/../Render/MaterialSpec.h:1516:113: warning: ‘offsetof’ within non-standard-layout type ‘Render::FullScreenMaterial’ is conditionally-supported [-Winvalid-offsetof]
 1516 |         virtual int SignificantPartLength() const { return offsetof( FullScreenMaterial, BloomMap ) - offsetof( FullScreenMaterial, renderState ) + sizeof( BloomMap ); }
      |                                                                                                                 ^
/home/vitaly/p/Prime-World/pw/branches/r1117/Src/Client/../Scene/../Render/MaterialSpec.h: In static member function ‘static void Render::FullScreenMaterial::InitSamplersOffsets()’:
/home/vitaly/p/Prime-World/pw/branches/r1117/Src/Client/../Scene/../Render/MaterialSpec.h:1566:36: warning: ‘offsetof’ within non-standard-layout type ‘Render::FullScreenMaterial’ is conditionally-supported [-Winvalid-offsetof]
 1566 |     samplersOffsets[0] = offsetof( FullScreenMaterial, DepthMap );
      |                                    ^
/home/vitaly/p/Prime-World/pw/branches/r1117/Src/Client/../Scene/../Render/MaterialSpec.h:1567:36: warning: ‘offsetof’ within non-standard-layout type ‘Render::FullScreenMaterial’ is conditionally-supported [-Winvalid-offsetof]
 1567 |     samplersOffsets[1] = offsetof( FullScreenMaterial, DiffuseMap );
      |                                    ^
/home/vitaly/p/Prime-World/pw/branches/r1117/Src/Client/../Scene/../Render/MaterialSpec.h:1568:36: warning: ‘offsetof’ within non-standard-layout type ‘Render::FullScreenMaterial’ is conditionally-supported [-Winvalid-offsetof]
 1568 |     samplersOffsets[2] = offsetof( FullScreenMaterial, BloomMap );
      |                                    ^
/home/vitaly/p/Prime-World/pw/branches/r1117/Src/Client/../Scene/../Render/MaterialSpec.h: In member function ‘virtual int Render::GrassMaterial::SignificantPartLength() const’:
/home/vitaly/p/Prime-World/pw/branches/r1117/Src/Client/../Scene/../Render/MaterialSpec.h:1639:70: warning: ‘offsetof’ within non-standard-layout type ‘Render::GrassMaterial’ is conditionally-supported [-Winvalid-offsetof]
 1639 |         virtual int SignificantPartLength() const { return offsetof( GrassMaterial, elasticity ) - offsetof( GrassMaterial, renderState ) + sizeof( elasticity ); }
      |                                                                      ^
/home/vitaly/p/Prime-World/pw/branches/r1117/Src/Client/../Scene/../Render/MaterialSpec.h:1639:110: warning: ‘offsetof’ within non-standard-layout type ‘Render::GrassMaterial’ is conditionally-supported [-Winvalid-offsetof]
 1639 |         virtual int SignificantPartLength() const { return offsetof( GrassMaterial, elasticity ) - offsetof( GrassMaterial, renderState ) + sizeof( elasticity ); }
      |                                                                                                              ^
/home/vitaly/p/Prime-World/pw/branches/r1117/Src/Client/../Scene/../Render/MaterialSpec.h: In static member function ‘static void Render::GrassMaterial::InitSamplersOffsets()’:
/home/vitaly/p/Prime-World/pw/branches/r1117/Src/Client/../Scene/../Render/MaterialSpec.h:1673:36: warning: ‘offsetof’ within non-standard-layout type ‘Render::GrassMaterial’ is conditionally-supported [-Winvalid-offsetof]
 1673 |     samplersOffsets[0] = offsetof( GrassMaterial, FrozenDiffuseMap );
      |                                    ^
/home/vitaly/p/Prime-World/pw/branches/r1117/Src/Client/../Scene/../Render/MaterialSpec.h:1674:36: warning: ‘offsetof’ within non-standard-layout type ‘Render::GrassMaterial’ is conditionally-supported [-Winvalid-offsetof]
 1674 |     samplersOffsets[1] = offsetof( GrassMaterial, NormalDiffuseMap );
      |                                    ^
/home/vitaly/p/Prime-World/pw/branches/r1117/Src/Client/../Scene/../Render/MaterialSpec.h:1675:36: warning: ‘offsetof’ within non-standard-layout type ‘Render::GrassMaterial’ is conditionally-supported [-Winvalid-offsetof]
 1675 |     samplersOffsets[2] = offsetof( GrassMaterial, BurnedDiffuseMap );
      |                                    ^
/home/vitaly/p/Prime-World/pw/branches/r1117/Src/Client/../Scene/../Render/MaterialSpec.h: In member function ‘virtual int Render::HeightfogMaterial::SignificantPartLength() const’:
/home/vitaly/p/Prime-World/pw/branches/r1117/Src/Client/../Scene/../Render/MaterialSpec.h:1760:70: warning: ‘offsetof’ within non-standard-layout type ‘Render::HeightfogMaterial’ is conditionally-supported [-Winvalid-offsetof]
 1760 |         virtual int SignificantPartLength() const { return offsetof( HeightfogMaterial, halfFadeDistance ) - offsetof( HeightfogMaterial, renderState ) + sizeof( halfFadeDistance ); }
      |                                                                      ^
/home/vitaly/p/Prime-World/pw/branches/r1117/Src/Client/../Scene/../Render/MaterialSpec.h:1760:120: warning: ‘offsetof’ within non-standard-layout type ‘Render::HeightfogMaterial’ is conditionally-supported [-Winvalid-offsetof]
 1760 |         virtual int SignificantPartLength() const { return offsetof( HeightfogMaterial, halfFadeDistance ) - offsetof( HeightfogMaterial, renderState ) + sizeof( halfFadeDistance ); }
      |                                                                                                                        ^
/home/vitaly/p/Prime-World/pw/branches/r1117/Src/Client/../Scene/../Render/MaterialSpec.h: In static member function ‘static void Render::HeightfogMaterial::InitSamplersOffsets()’:
/home/vitaly/p/Prime-World/pw/branches/r1117/Src/Client/../Scene/../Render/MaterialSpec.h:1792:36: warning: ‘offsetof’ within non-standard-layout type ‘Render::HeightfogMaterial’ is conditionally-supported [-Winvalid-offsetof]
 1792 |     samplersOffsets[0] = offsetof( HeightfogMaterial, noiseMap );
      |                                    ^
/home/vitaly/p/Prime-World/pw/branches/r1117/Src/Client/../Scene/../Render/MaterialSpec.h: In member function ‘virtual int Render::LightningMaterial::SignificantPartLength() const’:
/home/vitaly/p/Prime-World/pw/branches/r1117/Src/Client/../Scene/../Render/MaterialSpec.h:1849:70: warning: ‘offsetof’ within non-standard-layout type ‘Render::LightningMaterial’ is conditionally-supported [-Winvalid-offsetof]
 1849 |         virtual int SignificantPartLength() const { return offsetof( LightningMaterial, DiffuseMap ) - offsetof( LightningMaterial, renderState ) + sizeof( DiffuseMap ); }
      |                                                                      ^
/home/vitaly/p/Prime-World/pw/branches/r1117/Src/Client/../Scene/../Render/MaterialSpec.h:1849:114: warning: ‘offsetof’ within non-standard-layout type ‘Render::LightningMaterial’ is conditionally-supported [-Winvalid-offsetof]
 1849 |         virtual int SignificantPartLength() const { return offsetof( LightningMaterial, DiffuseMap ) - offsetof( LightningMaterial, renderState ) + sizeof( DiffuseMap ); }
      |                                                                                                                  ^
/home/vitaly/p/Prime-World/pw/branches/r1117/Src/Client/../Scene/../Render/MaterialSpec.h: In static member function ‘static void Render::LightningMaterial::InitSamplersOffsets()’:
/home/vitaly/p/Prime-World/pw/branches/r1117/Src/Client/../Scene/../Render/MaterialSpec.h:1881:36: warning: ‘offsetof’ within non-standard-layout type ‘Render::LightningMaterial’ is conditionally-supported [-Winvalid-offsetof]
 1881 |     samplersOffsets[0] = offsetof( LightningMaterial, DiffuseMap );
      |                                    ^
/home/vitaly/p/Prime-World/pw/branches/r1117/Src/Client/../Scene/../Render/MaterialSpec.h: In member function ‘virtual int Render::PaintMaterial::SignificantPartLength() const’:
/home/vitaly/p/Prime-World/pw/branches/r1117/Src/Client/../Scene/../Render/MaterialSpec.h:2042:70: warning: ‘offsetof’ within non-standard-layout type ‘Render::PaintMaterial’ is conditionally-supported [-Winvalid-offsetof]
 2042 |         virtual int SignificantPartLength() const { return offsetof( PaintMaterial, isBlendModeOverrided ) - offsetof( PaintMaterial, renderState ) + sizeof( isBlendModeOverrided ); }
      |                                                                      ^
/home/vitaly/p/Prime-World/pw/branches/r1117/Src/Client/../Scene/../Render/MaterialSpec.h:2042:120: warning: ‘offsetof’ within non-standard-layout type ‘Render::PaintMaterial’ is conditionally-supported [-Winvalid-offsetof]
 2042 |         virtual int SignificantPartLength() const { return offsetof( PaintMaterial, isBlendModeOverrided ) - offsetof( PaintMaterial, renderState ) + sizeof( isBlendModeOverrided ); }
      |                                                                                                                        ^
/home/vitaly/p/Prime-World/pw/branches/r1117/Src/Client/../Scene/../Render/MaterialSpec.h: In static member function ‘static void Render::PaintMaterial::InitSamplersOffsets()’:
/home/vitaly/p/Prime-World/pw/branches/r1117/Src/Client/../Scene/../Render/MaterialSpec.h:2082:36: warning: ‘offsetof’ within non-standard-layout type ‘Render::PaintMaterial’ is conditionally-supported [-Winvalid-offsetof]
 2082 |     samplersOffsets[0] = offsetof( PaintMaterial, Draft );
      |                                    ^
/home/vitaly/p/Prime-World/pw/branches/r1117/Src/Client/../Scene/../Render/MaterialSpec.h:2083:36: warning: ‘offsetof’ within non-standard-layout type ‘Render::PaintMaterial’ is conditionally-supported [-Winvalid-offsetof]
 2083 |     samplersOffsets[1] = offsetof( PaintMaterial, Background );
      |                                    ^
/home/vitaly/p/Prime-World/pw/branches/r1117/Src/Client/../Scene/../Render/MaterialSpec.h:2084:36: warning: ‘offsetof’ within non-standard-layout type ‘Render::PaintMaterial’ is conditionally-supported [-Winvalid-offsetof]
 2084 |     samplersOffsets[2] = offsetof( PaintMaterial, BaseBackground );
      |                                    ^
/home/vitaly/p/Prime-World/pw/branches/r1117/Src/Client/../Scene/../Render/MaterialSpec.h:2085:36: warning: ‘offsetof’ within non-standard-layout type ‘Render::PaintMaterial’ is conditionally-supported [-Winvalid-offsetof]
 2085 |     samplersOffsets[3] = offsetof( PaintMaterial, Complete );
      |                                    ^
/home/vitaly/p/Prime-World/pw/branches/r1117/Src/Client/../Scene/../Render/MaterialSpec.h:2086:36: warning: ‘offsetof’ within non-standard-layout type ‘Render::PaintMaterial’ is conditionally-supported [-Winvalid-offsetof]
 2086 |     samplersOffsets[4] = offsetof( PaintMaterial, Mask );
      |                                    ^
/home/vitaly/p/Prime-World/pw/branches/r1117/Src/Client/../Scene/../Render/MaterialSpec.h: In member function ‘virtual int Render::ParticleFXMaterial::SignificantPartLength() const’:
/home/vitaly/p/Prime-World/pw/branches/r1117/Src/Client/../Scene/../Render/MaterialSpec.h:2165:70: warning: ‘offsetof’ within non-standard-layout type ‘Render::ParticleFXMaterial’ is conditionally-supported [-Winvalid-offsetof]
 2165 |         virtual int SignificantPartLength() const { return offsetof( ParticleFXMaterial, scale ) - offsetof( ParticleFXMaterial, renderState ) + sizeof( scale ); }
      |                                                                      ^
/home/vitaly/p/Prime-World/pw/branches/r1117/Src/Client/../Scene/../Render/MaterialSpec.h:2165:110: warning: ‘offsetof’ within non-standard-layout type ‘Render::ParticleFXMaterial’ is conditionally-supported [-Winvalid-offsetof]
 2165 |         virtual int SignificantPartLength() const { return offsetof( ParticleFXMaterial, scale ) - offsetof( ParticleFXMaterial, renderState ) + sizeof( scale ); }
      |                                                                                                              ^
/home/vitaly/p/Prime-World/pw/branches/r1117/Src/Client/../Scene/../Render/MaterialSpec.h: In static member function ‘static void Render::ParticleFXMaterial::InitSamplersOffsets()’:
/home/vitaly/p/Prime-World/pw/branches/r1117/Src/Client/../Scene/../Render/MaterialSpec.h:2203:36: warning: ‘offsetof’ within non-standard-layout type ‘Render::ParticleFXMaterial’ is conditionally-supported [-Winvalid-offsetof]
 2203 |     samplersOffsets[0] = offsetof( ParticleFXMaterial, DiffuseMap );
      |                                    ^
/home/vitaly/p/Prime-World/pw/branches/r1117/Src/Client/../Scene/../Render/MaterialSpec.h: In member function ‘virtual int Render::RoadMaterial::SignificantPartLength() const’:
/home/vitaly/p/Prime-World/pw/branches/r1117/Src/Client/../Scene/../Render/MaterialSpec.h:2267:70: warning: ‘offsetof’ within non-standard-layout type ‘Render::RoadMaterial’ is conditionally-supported [-Winvalid-offsetof]
 2267 |         virtual int SignificantPartLength() const { return offsetof( RoadMaterial, BorderMap ) - offsetof( RoadMaterial, renderState ) + sizeof( BorderMap ); }
      |                                                                      ^
/home/vitaly/p/Prime-World/pw/branches/r1117/Src/Client/../Scene/../Render/MaterialSpec.h:2267:108: warning: ‘offsetof’ within non-standard-layout type ‘Render::RoadMaterial’ is conditionally-supported [-Winvalid-offsetof]
 2267 |         virtual int SignificantPartLength() const { return offsetof( RoadMaterial, BorderMap ) - offsetof( RoadMaterial, renderState ) + sizeof( BorderMap ); }
      |                                                                                                            ^
/home/vitaly/p/Prime-World/pw/branches/r1117/Src/Client/../Scene/../Render/MaterialSpec.h: In static member function ‘static void Render::RoadMaterial::InitSamplersOffsets()’:
/home/vitaly/p/Prime-World/pw/branches/r1117/Src/Client/../Scene/../Render/MaterialSpec.h:2308:36: warning: ‘offsetof’ within non-standard-layout type ‘Render::RoadMaterial’ is conditionally-supported [-Winvalid-offsetof]
 2308 |     samplersOffsets[0] = offsetof( RoadMaterial, RoadMap );
      |                                    ^
/home/vitaly/p/Prime-World/pw/branches/r1117/Src/Client/../Scene/../Render/MaterialSpec.h:2309:36: warning: ‘offsetof’ within non-standard-layout type ‘Render::RoadMaterial’ is conditionally-supported [-Winvalid-offsetof]
 2309 |     samplersOffsets[1] = offsetof( RoadMaterial, BorderMap );
      |                                    ^
/home/vitaly/p/Prime-World/pw/branches/r1117/Src/Client/../Scene/../Render/MaterialSpec.h: In member function ‘virtual int Render::ShadowMaterial::SignificantPartLength() const’:
/home/vitaly/p/Prime-World/pw/branches/r1117/Src/Client/../Scene/../Render/MaterialSpec.h:2369:70: warning: ‘offsetof’ within non-standard-layout type ‘Render::ShadowMaterial’ is conditionally-supported [-Winvalid-offsetof]
 2369 |         virtual int SignificantPartLength() const { return offsetof( ShadowMaterial, DiffuseMap ) - offsetof( ShadowMaterial, renderState ) + sizeof( DiffuseMap ); }
      |                                                                      ^
/home/vitaly/p/Prime-World/pw/branches/r1117/Src/Client/../Scene/../Render/MaterialSpec.h:2369:111: warning: ‘offsetof’ within non-standard-layout type ‘Render::ShadowMaterial’ is conditionally-supported [-Winvalid-offsetof]
 2369 |         virtual int SignificantPartLength() const { return offsetof( ShadowMaterial, DiffuseMap ) - offsetof( ShadowMaterial, renderState ) + sizeof( DiffuseMap ); }
      |                                                                                                               ^
/home/vitaly/p/Prime-World/pw/branches/r1117/Src/Client/../Scene/../Render/MaterialSpec.h: In static member function ‘static void Render::ShadowMaterial::InitSamplersOffsets()’:
/home/vitaly/p/Prime-World/pw/branches/r1117/Src/Client/../Scene/../Render/MaterialSpec.h:2405:36: warning: ‘offsetof’ within non-standard-layout type ‘Render::ShadowMaterial’ is conditionally-supported [-Winvalid-offsetof]
 2405 |     samplersOffsets[0] = offsetof( ShadowMaterial, DiffuseMap );
      |                                    ^
/home/vitaly/p/Prime-World/pw/branches/r1117/Src/Client/../Scene/../Render/MaterialSpec.h: In member function ‘virtual int Render::SilhouetteMaterial::SignificantPartLength() const’:
/home/vitaly/p/Prime-World/pw/branches/r1117/Src/Client/../Scene/../Render/MaterialSpec.h:2462:70: warning: ‘offsetof’ within non-standard-layout type ‘Render::SilhouetteMaterial’ is conditionally-supported [-Winvalid-offsetof]
 2462 |         virtual int SignificantPartLength() const { return offsetof( SilhouetteMaterial, renderState ) - offsetof( SilhouetteMaterial, renderState ) + sizeof( renderState ); }
      |                                                                      ^
/home/vitaly/p/Prime-World/pw/branches/r1117/Src/Client/../Scene/../Render/MaterialSpec.h:2462:116: warning: ‘offsetof’ within non-standard-layout type ‘Render::SilhouetteMaterial’ is conditionally-supported [-Winvalid-offsetof]
 2462 |         virtual int SignificantPartLength() const { return offsetof( SilhouetteMaterial, renderState ) - offsetof( SilhouetteMaterial, renderState ) + sizeof( renderState ); }
      |                                                                                                                    ^
/home/vitaly/p/Prime-World/pw/branches/r1117/Src/Client/../Scene/../Render/MaterialSpec.h: In member function ‘virtual int Render::SkyMaterial::SignificantPartLength() const’:
/home/vitaly/p/Prime-World/pw/branches/r1117/Src/Client/../Scene/../Render/MaterialSpec.h:2586:70: warning: ‘offsetof’ within non-standard-layout type ‘Render::SkyMaterial’ is conditionally-supported [-Winvalid-offsetof]
 2586 |         virtual int SignificantPartLength() const { return offsetof( SkyMaterial, vOffset2 ) - offsetof( SkyMaterial, renderState ) + sizeof( vOffset2 ); }
      |                                                                      ^
/home/vitaly/p/Prime-World/pw/branches/r1117/Src/Client/../Scene/../Render/MaterialSpec.h:2586:106: warning: ‘offsetof’ within non-standard-layout type ‘Render::SkyMaterial’ is conditionally-supported [-Winvalid-offsetof]
 2586 |         virtual int SignificantPartLength() const { return offsetof( SkyMaterial, vOffset2 ) - offsetof( SkyMaterial, renderState ) + sizeof( vOffset2 ); }
      |                                                                                                          ^
/home/vitaly/p/Prime-World/pw/branches/r1117/Src/Client/../Scene/../Render/MaterialSpec.h: In static member function ‘static void Render::SkyMaterial::InitSamplersOffsets()’:
/home/vitaly/p/Prime-World/pw/branches/r1117/Src/Client/../Scene/../Render/MaterialSpec.h:2634:36: warning: ‘offsetof’ within non-standard-layout type ‘Render::SkyMaterial’ is conditionally-supported [-Winvalid-offsetof]
 2634 |     samplersOffsets[0] = offsetof( SkyMaterial, DiffuseMap );
      |                                    ^
/home/vitaly/p/Prime-World/pw/branches/r1117/Src/Client/../Scene/../Render/MaterialSpec.h: In member function ‘virtual int Render::TerrainAOEMaterial::SignificantPartLength() const’:
/home/vitaly/p/Prime-World/pw/branches/r1117/Src/Client/../Scene/../Render/MaterialSpec.h:2717:70: warning: ‘offsetof’ within non-standard-layout type ‘Render::TerrainAOEMaterial’ is conditionally-supported [-Winvalid-offsetof]
 2717 |         virtual int SignificantPartLength() const { return offsetof( TerrainAOEMaterial, uvOffset ) - offsetof( TerrainAOEMaterial, renderState ) + sizeof( uvOffset ); }
      |                                                                      ^
/home/vitaly/p/Prime-World/pw/branches/r1117/Src/Client/../Scene/../Render/MaterialSpec.h:2717:113: warning: ‘offsetof’ within non-standard-layout type ‘Render::TerrainAOEMaterial’ is conditionally-supported [-Winvalid-offsetof]
 2717 |         virtual int SignificantPartLength() const { return offsetof( TerrainAOEMaterial, uvOffset ) - offsetof( TerrainAOEMaterial, renderState ) + sizeof( uvOffset ); }
      |                                                                                                                 ^
/home/vitaly/p/Prime-World/pw/branches/r1117/Src/Client/../Scene/../Render/MaterialSpec.h: In static member function ‘static void Render::TerrainAOEMaterial::InitSamplersOffsets()’:
/home/vitaly/p/Prime-World/pw/branches/r1117/Src/Client/../Scene/../Render/MaterialSpec.h:2749:36: warning: ‘offsetof’ within non-standard-layout type ‘Render::TerrainAOEMaterial’ is conditionally-supported [-Winvalid-offsetof]
 2749 |     samplersOffsets[0] = offsetof( TerrainAOEMaterial, DiffuseMap );
      |                                    ^
/home/vitaly/p/Prime-World/pw/branches/r1117/Src/Client/../Scene/../Render/MaterialSpec.h: In member function ‘virtual int Render::TerrainHeightBuilderMaterial::SignificantPartLength() const’:
/home/vitaly/p/Prime-World/pw/branches/r1117/Src/Client/../Scene/../Render/MaterialSpec.h:2973:70: warning: ‘offsetof’ within non-standard-layout type ‘Render::TerrainHeightBuilderMaterial’ is conditionally-supported [-Winvalid-offsetof]
 2973 |         virtual int SignificantPartLength() const { return offsetof( TerrainHeightBuilderMaterial, renderState ) - offsetof( TerrainHeightBuilderMaterial, renderState ) + sizeof( renderState ); }
      |                                                                      ^
/home/vitaly/p/Prime-World/pw/branches/r1117/Src/Client/../Scene/../Render/MaterialSpec.h:2973:126: warning: ‘offsetof’ within non-standard-layout type ‘Render::TerrainHeightBuilderMaterial’ is conditionally-supported [-Winvalid-offsetof]
 2973 |         virtual int SignificantPartLength() const { return offsetof( TerrainHeightBuilderMaterial, renderState ) - offsetof( TerrainHeightBuilderMaterial, renderState ) + sizeof( renderState ); }
      |                                                                                                                              ^
/home/vitaly/p/Prime-World/pw/branches/r1117/Src/Client/../Scene/../Render/MaterialSpec.h: In member function ‘virtual int Render::TerrainMaterial::SignificantPartLength() const’:
/home/vitaly/p/Prime-World/pw/branches/r1117/Src/Client/../Scene/../Render/MaterialSpec.h:3102:70: warning: ‘offsetof’ within non-standard-layout type ‘Render::TerrainMaterial’ is conditionally-supported [-Winvalid-offsetof]
 3102 |         virtual int SignificantPartLength() const { return offsetof( TerrainMaterial, grassRect ) - offsetof( TerrainMaterial, A_DiffuseMap ) + sizeof( grassRect ); }
      |                                                                      ^
/home/vitaly/p/Prime-World/pw/branches/r1117/Src/Client/../Scene/../Render/MaterialSpec.h:3102:111: warning: ‘offsetof’ within non-standard-layout type ‘Render::TerrainMaterial’ is conditionally-supported [-Winvalid-offsetof]
 3102 |         virtual int SignificantPartLength() const { return offsetof( TerrainMaterial, grassRect ) - offsetof( TerrainMaterial, A_DiffuseMap ) + sizeof( grassRect ); }
      |                                                                                                               ^
/home/vitaly/p/Prime-World/pw/branches/r1117/Src/Client/../Scene/../Render/MaterialSpec.h: In static member function ‘static void Render::TerrainMaterial::InitSamplersOffsets()’:
/home/vitaly/p/Prime-World/pw/branches/r1117/Src/Client/../Scene/../Render/MaterialSpec.h:3150:36: warning: ‘offsetof’ within non-standard-layout type ‘Render::TerrainMaterial’ is conditionally-supported [-Winvalid-offsetof]
 3150 |     samplersOffsets[0] = offsetof( TerrainMaterial, A_DiffuseMap );
      |                                    ^
/home/vitaly/p/Prime-World/pw/branches/r1117/Src/Client/../Scene/../Render/MaterialSpec.h:3151:36: warning: ‘offsetof’ within non-standard-layout type ‘Render::TerrainMaterial’ is conditionally-supported [-Winvalid-offsetof]
 3151 |     samplersOffsets[1] = offsetof( TerrainMaterial, N_DiffuseMap );
      |                                    ^
/home/vitaly/p/Prime-World/pw/branches/r1117/Src/Client/../Scene/../Render/MaterialSpec.h:3152:36: warning: ‘offsetof’ within non-standard-layout type ‘Render::TerrainMaterial’ is conditionally-supported [-Winvalid-offsetof]
 3152 |     samplersOffsets[2] = offsetof( TerrainMaterial, B_DiffuseMap );
      |                                    ^
/home/vitaly/p/Prime-World/pw/branches/r1117/Src/Client/../Scene/../Render/MaterialSpec.h:3153:36: warning: ‘offsetof’ within non-standard-layout type ‘Render::TerrainMaterial’ is conditionally-supported [-Winvalid-offsetof]
 3153 |     samplersOffsets[3] = offsetof( TerrainMaterial, FrozenNormalMap );
      |                                    ^
/home/vitaly/p/Prime-World/pw/branches/r1117/Src/Client/../Scene/../Render/MaterialSpec.h:3154:36: warning: ‘offsetof’ within non-standard-layout type ‘Render::TerrainMaterial’ is conditionally-supported [-Winvalid-offsetof]
 3154 |     samplersOffsets[4] = offsetof( TerrainMaterial, NormalNormalMap );
      |                                    ^
/home/vitaly/p/Prime-World/pw/branches/r1117/Src/Client/../Scene/../Render/MaterialSpec.h:3155:36: warning: ‘offsetof’ within non-standard-layout type ‘Render::TerrainMaterial’ is conditionally-supported [-Winvalid-offsetof]
 3155 |     samplersOffsets[5] = offsetof( TerrainMaterial, BurnedNormalMap );
      |                                    ^
/home/vitaly/p/Prime-World/pw/branches/r1117/Src/Client/../Scene/../Render/MaterialSpec.h:3156:36: warning: ‘offsetof’ within non-standard-layout type ‘Render::TerrainMaterial’ is conditionally-supported [-Winvalid-offsetof]
 3156 |     samplersOffsets[6] = offsetof( TerrainMaterial, FrozenSpecularMap );
      |                                    ^
/home/vitaly/p/Prime-World/pw/branches/r1117/Src/Client/../Scene/../Render/MaterialSpec.h:3157:36: warning: ‘offsetof’ within non-standard-layout type ‘Render::TerrainMaterial’ is conditionally-supported [-Winvalid-offsetof]
 3157 |     samplersOffsets[7] = offsetof( TerrainMaterial, NormalSpecularMap );
      |                                    ^
/home/vitaly/p/Prime-World/pw/branches/r1117/Src/Client/../Scene/../Render/MaterialSpec.h:3158:36: warning: ‘offsetof’ within non-standard-layout type ‘Render::TerrainMaterial’ is conditionally-supported [-Winvalid-offsetof]
 3158 |     samplersOffsets[8] = offsetof( TerrainMaterial, BurnedSpecularMap );
      |                                    ^
/home/vitaly/p/Prime-World/pw/branches/r1117/Src/Client/../Scene/../Render/MaterialSpec.h:3159:36: warning: ‘offsetof’ within non-standard-layout type ‘Render::TerrainMaterial’ is conditionally-supported [-Winvalid-offsetof]
 3159 |     samplersOffsets[9] = offsetof( TerrainMaterial, DarkMap );
      |                                    ^
/home/vitaly/p/Prime-World/pw/branches/r1117/Src/Client/../Scene/../Render/MaterialSpec.h: In member function ‘virtual int Render::TestTownMaterial::SignificantPartLength() const’:
/home/vitaly/p/Prime-World/pw/branches/r1117/Src/Client/../Scene/../Render/MaterialSpec.h:3225:70: warning: ‘offsetof’ within non-standard-layout type ‘Render::TestTownMaterial’ is conditionally-supported [-Winvalid-offsetof]
 3225 |         virtual int SignificantPartLength() const { return offsetof( TestTownMaterial, outputAdd ) - offsetof( TestTownMaterial, RenderState ) + sizeof( outputAdd ); }
      |                                                                      ^
/home/vitaly/p/Prime-World/pw/branches/r1117/Src/Client/../Scene/../Render/MaterialSpec.h:3225:112: warning: ‘offsetof’ within non-standard-layout type ‘Render::TestTownMaterial’ is conditionally-supported [-Winvalid-offsetof]
 3225 |         virtual int SignificantPartLength() const { return offsetof( TestTownMaterial, outputAdd ) - offsetof( TestTownMaterial, RenderState ) + sizeof( outputAdd ); }
      |                                                                                                                ^
/home/vitaly/p/Prime-World/pw/branches/r1117/Src/Client/../Scene/../Render/MaterialSpec.h: In static member function ‘static void Render::TestTownMaterial::InitSamplersOffsets()’:
/home/vitaly/p/Prime-World/pw/branches/r1117/Src/Client/../Scene/../Render/MaterialSpec.h:3261:36: warning: ‘offsetof’ within non-standard-layout type ‘Render::TestTownMaterial’ is conditionally-supported [-Winvalid-offsetof]
 3261 |     samplersOffsets[0] = offsetof( TestTownMaterial, DiffuseMap );
      |                                    ^
/home/vitaly/p/Prime-World/pw/branches/r1117/Src/Client/../Scene/../Render/MaterialSpec.h: In member function ‘virtual int Render::TraceMaterial::SignificantPartLength() const’:
/home/vitaly/p/Prime-World/pw/branches/r1117/Src/Client/../Scene/../Render/MaterialSpec.h:3343:70: warning: ‘offsetof’ within non-standard-layout type ‘Render::TraceMaterial’ is conditionally-supported [-Winvalid-offsetof]
 3343 |         virtual int SignificantPartLength() const { return offsetof( TraceMaterial, vOffset ) - offsetof( TraceMaterial, renderState ) + sizeof( vOffset ); }
      |                                                                      ^
/home/vitaly/p/Prime-World/pw/branches/r1117/Src/Client/../Scene/../Render/MaterialSpec.h:3343:107: warning: ‘offsetof’ within non-standard-layout type ‘Render::TraceMaterial’ is conditionally-supported [-Winvalid-offsetof]
 3343 |         virtual int SignificantPartLength() const { return offsetof( TraceMaterial, vOffset ) - offsetof( TraceMaterial, renderState ) + sizeof( vOffset ); }
      |                                                                                                           ^
/home/vitaly/p/Prime-World/pw/branches/r1117/Src/Client/../Scene/../Render/MaterialSpec.h: In static member function ‘static void Render::TraceMaterial::InitSamplersOffsets()’:
/home/vitaly/p/Prime-World/pw/branches/r1117/Src/Client/../Scene/../Render/MaterialSpec.h:3389:36: warning: ‘offsetof’ within non-standard-layout type ‘Render::TraceMaterial’ is conditionally-supported [-Winvalid-offsetof]
 3389 |     samplersOffsets[0] = offsetof( TraceMaterial, DiffuseMap );
      |                                    ^
/home/vitaly/p/Prime-World/pw/branches/r1117/Src/Client/../Scene/../Render/MaterialSpec.h: In member function ‘virtual int Render::UIBaseMaterial::SignificantPartLength() const’:
/home/vitaly/p/Prime-World/pw/branches/r1117/Src/Client/../Scene/../Render/MaterialSpec.h:3511:70: warning: ‘offsetof’ within non-standard-layout type ‘Render::UIBaseMaterial’ is conditionally-supported [-Winvalid-offsetof]
 3511 |         virtual int SignificantPartLength() const { return offsetof( UIBaseMaterial, colorStripe1000 ) - offsetof( UIBaseMaterial, DiffuseMap ) + sizeof( colorStripe1000 ); }
      |                                                                      ^
/home/vitaly/p/Prime-World/pw/branches/r1117/Src/Client/../Scene/../Render/MaterialSpec.h:3511:116: warning: ‘offsetof’ within non-standard-layout type ‘Render::UIBaseMaterial’ is conditionally-supported [-Winvalid-offsetof]
 3511 |         virtual int SignificantPartLength() const { return offsetof( UIBaseMaterial, colorStripe1000 ) - offsetof( UIBaseMaterial, DiffuseMap ) + sizeof( colorStripe1000 ); }
      |                                                                                                                    ^
/home/vitaly/p/Prime-World/pw/branches/r1117/Src/Client/../Scene/../Render/MaterialSpec.h: In static member function ‘static void Render::UIBaseMaterial::InitSamplersOffsets()’:
/home/vitaly/p/Prime-World/pw/branches/r1117/Src/Client/../Scene/../Render/MaterialSpec.h:3558:36: warning: ‘offsetof’ within non-standard-layout type ‘Render::UIBaseMaterial’ is conditionally-supported [-Winvalid-offsetof]
 3558 |     samplersOffsets[0] = offsetof( UIBaseMaterial, DiffuseMap );
      |                                    ^
/home/vitaly/p/Prime-World/pw/branches/r1117/Src/Client/../Scene/../Render/MaterialSpec.h:3559:36: warning: ‘offsetof’ within non-standard-layout type ‘Render::UIBaseMaterial’ is conditionally-supported [-Winvalid-offsetof]
 3559 |     samplersOffsets[1] = offsetof( UIBaseMaterial, MaskMap );
      |                                    ^
/home/vitaly/p/Prime-World/pw/branches/r1117/Src/Client/../Scene/../Render/MaterialSpec.h: In member function ‘virtual int Render::UIButtonMaterial::SignificantPartLength() const’:
/home/vitaly/p/Prime-World/pw/branches/r1117/Src/Client/../Scene/../Render/MaterialSpec.h:3652:70: warning: ‘offsetof’ within non-standard-layout type ‘Render::UIButtonMaterial’ is conditionally-supported [-Winvalid-offsetof]
 3652 |         virtual int SignificantPartLength() const { return offsetof( UIButtonMaterial, ScreenOpacity ) - offsetof( UIButtonMaterial, BackgroundMap ) + sizeof( ScreenOpacity ); }
      |                                                                      ^
/home/vitaly/p/Prime-World/pw/branches/r1117/Src/Client/../Scene/../Render/MaterialSpec.h:3652:116: warning: ‘offsetof’ within non-standard-layout type ‘Render::UIButtonMaterial’ is conditionally-supported [-Winvalid-offsetof]
 3652 |         virtual int SignificantPartLength() const { return offsetof( UIButtonMaterial, ScreenOpacity ) - offsetof( UIButtonMaterial, BackgroundMap ) + sizeof( ScreenOpacity ); }
      |                                                                                                                    ^
/home/vitaly/p/Prime-World/pw/branches/r1117/Src/Client/../Scene/../Render/MaterialSpec.h: In static member function ‘static void Render::UIButtonMaterial::InitSamplersOffsets()’:
/home/vitaly/p/Prime-World/pw/branches/r1117/Src/Client/../Scene/../Render/MaterialSpec.h:3718:36: warning: ‘offsetof’ within non-standard-layout type ‘Render::UIButtonMaterial’ is conditionally-supported [-Winvalid-offsetof]
 3718 |     samplersOffsets[0] = offsetof( UIButtonMaterial, BackgroundMap );
      |                                    ^
/home/vitaly/p/Prime-World/pw/branches/r1117/Src/Client/../Scene/../Render/MaterialSpec.h:3719:36: warning: ‘offsetof’ within non-standard-layout type ‘Render::UIButtonMaterial’ is conditionally-supported [-Winvalid-offsetof]
 3719 |     samplersOffsets[1] = offsetof( UIButtonMaterial, DiffuseMap );
      |                                    ^
/home/vitaly/p/Prime-World/pw/branches/r1117/Src/Client/../Scene/../Render/MaterialSpec.h:3720:36: warning: ‘offsetof’ within non-standard-layout type ‘Render::UIButtonMaterial’ is conditionally-supported [-Winvalid-offsetof]
 3720 |     samplersOffsets[2] = offsetof( UIButtonMaterial, WaitForActMap );
      |                                    ^
/home/vitaly/p/Prime-World/pw/branches/r1117/Src/Client/../Scene/../Render/MaterialSpec.h:3721:36: warning: ‘offsetof’ within non-standard-layout type ‘Render::UIButtonMaterial’ is conditionally-supported [-Winvalid-offsetof]
 3721 |     samplersOffsets[3] = offsetof( UIButtonMaterial, LackOfManaMap );
      |                                    ^
/home/vitaly/p/Prime-World/pw/branches/r1117/Src/Client/../Scene/../Render/MaterialSpec.h:3722:36: warning: ‘offsetof’ within non-standard-layout type ‘Render::UIButtonMaterial’ is conditionally-supported [-Winvalid-offsetof]
 3722 |     samplersOffsets[4] = offsetof( UIButtonMaterial, PressedMap );
      |                                    ^
/home/vitaly/p/Prime-World/pw/branches/r1117/Src/Client/../Scene/../Render/MaterialSpec.h:3723:36: warning: ‘offsetof’ within non-standard-layout type ‘Render::UIButtonMaterial’ is conditionally-supported [-Winvalid-offsetof]
 3723 |     samplersOffsets[5] = offsetof( UIButtonMaterial, HighlightMap );
      |                                    ^
/home/vitaly/p/Prime-World/pw/branches/r1117/Src/Client/../Scene/../Render/MaterialSpec.h:3724:36: warning: ‘offsetof’ within non-standard-layout type ‘Render::UIButtonMaterial’ is conditionally-supported [-Winvalid-offsetof]
 3724 |     samplersOffsets[6] = offsetof( UIButtonMaterial, ScreenMap );
      |                                    ^
/home/vitaly/p/Prime-World/pw/branches/r1117/Src/Client/../Scene/../Render/MaterialSpec.h: In member function ‘virtual int Render::UIFlashMaterial::SignificantPartLength() const’:
/home/vitaly/p/Prime-World/pw/branches/r1117/Src/Client/../Scene/../Render/MaterialSpec.h:3803:70: warning: ‘offsetof’ within non-standard-layout type ‘Render::UIFlashMaterial’ is conditionally-supported [-Winvalid-offsetof]
 3803 |         virtual int SignificantPartLength() const { return offsetof( UIFlashMaterial, CXFormAdd ) - offsetof( UIFlashMaterial, DiffuseMap ) + sizeof( CXFormAdd ); }
      |                                                                      ^
/home/vitaly/p/Prime-World/pw/branches/r1117/Src/Client/../Scene/../Render/MaterialSpec.h:3803:111: warning: ‘offsetof’ within non-standard-layout type ‘Render::UIFlashMaterial’ is conditionally-supported [-Winvalid-offsetof]
 3803 |         virtual int SignificantPartLength() const { return offsetof( UIFlashMaterial, CXFormAdd ) - offsetof( UIFlashMaterial, DiffuseMap ) + sizeof( CXFormAdd ); }
      |                                                                                                               ^
/home/vitaly/p/Prime-World/pw/branches/r1117/Src/Client/../Scene/../Render/MaterialSpec.h: In static member function ‘static void Render::UIFlashMaterial::InitSamplersOffsets()’:
/home/vitaly/p/Prime-World/pw/branches/r1117/Src/Client/../Scene/../Render/MaterialSpec.h:3855:36: warning: ‘offsetof’ within non-standard-layout type ‘Render::UIFlashMaterial’ is conditionally-supported [-Winvalid-offsetof]
 3855 |     samplersOffsets[0] = offsetof( UIFlashMaterial, DiffuseMap );
      |                                    ^
/home/vitaly/p/Prime-World/pw/branches/r1117/Src/Client/../Scene/../Render/MaterialSpec.h:3856:36: warning: ‘offsetof’ within non-standard-layout type ‘Render::UIFlashMaterial’ is conditionally-supported [-Winvalid-offsetof]
 3856 |     samplersOffsets[1] = offsetof( UIFlashMaterial, DiffuseMap2 );
      |                                    ^
/home/vitaly/p/Prime-World/pw/branches/r1117/Src/Client/../Scene/../Render/MaterialSpec.h: In member function ‘virtual int Render::UIFontMaterial::SignificantPartLength() const’:
/home/vitaly/p/Prime-World/pw/branches/r1117/Src/Client/../Scene/../Render/MaterialSpec.h:3924:70: warning: ‘offsetof’ within non-standard-layout type ‘Render::UIFontMaterial’ is conditionally-supported [-Winvalid-offsetof]
 3924 |         virtual int SignificantPartLength() const { return offsetof( UIFontMaterial, SecondaryColor ) - offsetof( UIFontMaterial, DiffuseMap ) + sizeof( SecondaryColor ); }
      |                                                                      ^
/home/vitaly/p/Prime-World/pw/branches/r1117/Src/Client/../Scene/../Render/MaterialSpec.h:3924:115: warning: ‘offsetof’ within non-standard-layout type ‘Render::UIFontMaterial’ is conditionally-supported [-Winvalid-offsetof]
 3924 |         virtual int SignificantPartLength() const { return offsetof( UIFontMaterial, SecondaryColor ) - offsetof( UIFontMaterial, DiffuseMap ) + sizeof( SecondaryColor ); }
      |                                                                                                                   ^
/home/vitaly/p/Prime-World/pw/branches/r1117/Src/Client/../Scene/../Render/MaterialSpec.h: In static member function ‘static void Render::UIFontMaterial::InitSamplersOffsets()’:
/home/vitaly/p/Prime-World/pw/branches/r1117/Src/Client/../Scene/../Render/MaterialSpec.h:3962:36: warning: ‘offsetof’ within non-standard-layout type ‘Render::UIFontMaterial’ is conditionally-supported [-Winvalid-offsetof]
 3962 |     samplersOffsets[0] = offsetof( UIFontMaterial, DiffuseMap );
      |                                    ^
/home/vitaly/p/Prime-World/pw/branches/r1117/Src/Client/../Scene/../Render/MaterialSpec.h: In member function ‘virtual int Render::UIGlassMaterial::SignificantPartLength() const’:
/home/vitaly/p/Prime-World/pw/branches/r1117/Src/Client/../Scene/../Render/MaterialSpec.h:4035:70: warning: ‘offsetof’ within non-standard-layout type ‘Render::UIGlassMaterial’ is conditionally-supported [-Winvalid-offsetof]
 4035 |         virtual int SignificantPartLength() const { return offsetof( UIGlassMaterial, ScreenOpacity ) - offsetof( UIGlassMaterial, BackgroundMap ) + sizeof( ScreenOpacity ); }
      |                                                                      ^
/home/vitaly/p/Prime-World/pw/branches/r1117/Src/Client/../Scene/../Render/MaterialSpec.h:4035:115: warning: ‘offsetof’ within non-standard-layout type ‘Render::UIGlassMaterial’ is conditionally-supported [-Winvalid-offsetof]
 4035 |         virtual int SignificantPartLength() const { return offsetof( UIGlassMaterial, ScreenOpacity ) - offsetof( UIGlassMaterial, BackgroundMap ) + sizeof( ScreenOpacity ); }
      |                                                                                                                   ^
/home/vitaly/p/Prime-World/pw/branches/r1117/Src/Client/../Scene/../Render/MaterialSpec.h: In static member function ‘static void Render::UIGlassMaterial::InitSamplersOffsets()’:
/home/vitaly/p/Prime-World/pw/branches/r1117/Src/Client/../Scene/../Render/MaterialSpec.h:4078:36: warning: ‘offsetof’ within non-standard-layout type ‘Render::UIGlassMaterial’ is conditionally-supported [-Winvalid-offsetof]
 4078 |     samplersOffsets[0] = offsetof( UIGlassMaterial, BackgroundMap );
      |                                    ^
/home/vitaly/p/Prime-World/pw/branches/r1117/Src/Client/../Scene/../Render/MaterialSpec.h:4079:36: warning: ‘offsetof’ within non-standard-layout type ‘Render::UIGlassMaterial’ is conditionally-supported [-Winvalid-offsetof]
 4079 |     samplersOffsets[1] = offsetof( UIGlassMaterial, DiffuseMap );
      |                                    ^
/home/vitaly/p/Prime-World/pw/branches/r1117/Src/Client/../Scene/../Render/MaterialSpec.h:4080:36: warning: ‘offsetof’ within non-standard-layout type ‘Render::UIGlassMaterial’ is conditionally-supported [-Winvalid-offsetof]
 4080 |     samplersOffsets[2] = offsetof( UIGlassMaterial, OverlayMap );
      |                                    ^
/home/vitaly/p/Prime-World/pw/branches/r1117/Src/Client/../Scene/../Render/MaterialSpec.h:4081:36: warning: ‘offsetof’ within non-standard-layout type ‘Render::UIGlassMaterial’ is conditionally-supported [-Winvalid-offsetof]
 4081 |     samplersOffsets[3] = offsetof( UIGlassMaterial, ScreenMap );
      |                                    ^
/home/vitaly/p/Prime-World/pw/branches/r1117/Src/Client/../Scene/../Render/batch.h: At global scope:
/home/vitaly/p/Prime-World/pw/branches/r1117/Src/Client/../Scene/../Render/batch.h:15:8: warning: attribute ignored in declaration of ‘struct Render::Batch’ [-Wattributes]
   15 | struct Batch
      |        ^~~~~
/home/vitaly/p/Prime-World/pw/branches/r1117/Src/Client/../Scene/../Render/batch.h:15:8: note: attribute for ‘struct Render::Batch’ must follow the ‘struct’ keyword
/home/vitaly/p/Prime-World/pw/branches/r1117/Src/Client/../Scene/../Render/batch.h:79:8: warning: ‘template<class> class std::auto_ptr’ is deprecated: use 'std::unique_ptr' instead [-Wdeprecated-declarations]
   79 |   std::auto_ptr<class DXManager>  resourceManager;
      |        ^~~~~~~~
/usr/lib/gcc/x86_64-pc-linux-gnu/15/include/g++-v15/bits/unique_ptr.h:58:28: note: declared here
   58 |   template<typename> class auto_ptr;
      |                            ^~~~~~~~
/home/vitaly/p/Prime-World/pw/branches/r1117/Src/Client/../Scene/SceneObject.h:56:7: warning: attribute ignored in declaration of ‘class NScene::SceneObject’ [-Wattributes]
   56 | class SceneObject : public SceneObjectBase
      |       ^~~~~~~~~~~
/home/vitaly/p/Prime-World/pw/branches/r1117/Src/Client/../Scene/SceneObject.h:56:7: note: attribute for ‘class NScene::SceneObject’ must follow the ‘class’ keyword
[  0%] Building CXX object CMakeFiles/PrimeWorld.dir/Client/CommandBinds.cpp.o
In file included from /home/vitaly/p/Prime-World/pw/branches/r1117/Src/Client/../System/../System/Logger.h:7,
                 from /home/vitaly/p/Prime-World/pw/branches/r1117/Src/Client/../System/systemStdAfx.h:77,
                 from /home/vitaly/p/Prime-World/pw/branches/r1117/Src/Client/stdafx.h:3,
                 from /home/vitaly/p/Prime-World/pw/branches/r1117/Src/Client/CommandBinds.cpp:1:
/home/vitaly/p/Prime-World/pw/branches/r1117/Src/Client/../System/../System/MultiReaderLock.h:22:14: warning: ‘template<class> class std::auto_ptr’ is deprecated: use 'std::unique_ptr' instead [-Wdeprecated-declarations]
   22 |   const std::auto_ptr< MultiReaderLockImpl > impl_;
      |              ^~~~~~~~
In file included from /usr/lib/gcc/x86_64-pc-linux-gnu/15/include/g++-v15/memory:80,
                 from /home/vitaly/p/Prime-World/pw/branches/r1117/Src/Client/../System/../System/MultiReaderLock.h:3:
/usr/lib/gcc/x86_64-pc-linux-gnu/15/include/g++-v15/bits/unique_ptr.h:58:28: note: declared here
   58 |   template<typename> class auto_ptr;
      |                            ^~~~~~~~
In file included from /home/vitaly/p/Prime-World/pw/branches/r1117/Src/Client/../System/systemStdAfx.h:162:
/home/vitaly/p/Prime-World/pw/branches/r1117/Src/Client/../System/../System/ncircular_buffer.h:293:15: warning: ‘template<class _Category, class _Tp, class _Distance, class _Pointer, class _Reference> struct std::iterator’ is deprecated [-Wdeprecated-declarations]
  293 | : public std::iterator<std::random_access_iterator_tag,
      |               ^~~~~~~~
In file included from /usr/lib/gcc/x86_64-pc-linux-gnu/15/include/g++-v15/bits/stl_algobase.h:65,
                 from /usr/lib/gcc/x86_64-pc-linux-gnu/15/include/g++-v15/bits/specfun.h:43,
                 from /usr/lib/gcc/x86_64-pc-linux-gnu/15/include/g++-v15/cmath:3913,
                 from /usr/lib/gcc/x86_64-pc-linux-gnu/15/include/g++-v15/math.h:36,
                 from /home/vitaly/p/Prime-World/pw/branches/r1117/Src/System/Win32_linux.h:9,
                 from /home/vitaly/p/Prime-World/pw/branches/r1117/Src/System/config.h:51,
                 from /home/vitaly/p/Prime-World/pw/branches/r1117/Src/Client/../System/systemStdAfx.h:4:
/usr/lib/gcc/x86_64-pc-linux-gnu/15/include/g++-v15/bits/stl_iterator_base_types.h:129:34: note: declared here
  129 |     struct _GLIBCXX17_DEPRECATED iterator
      |                                  ^~~~~~~~
[  0%] Building CXX object CMakeFiles/PrimeWorld.dir/Client/Console.cpp.o
In file included from /home/vitaly/p/Prime-World/pw/branches/r1117/Src/Client/../System/../System/Logger.h:7,
                 from /home/vitaly/p/Prime-World/pw/branches/r1117/Src/Client/../System/systemStdAfx.h:77,
                 from /home/vitaly/p/Prime-World/pw/branches/r1117/Src/Client/stdafx.h:3,
                 from /home/vitaly/p/Prime-World/pw/branches/r1117/Src/Client/Console.cpp:1:
/home/vitaly/p/Prime-World/pw/branches/r1117/Src/Client/../System/../System/MultiReaderLock.h:22:14: warning: ‘template<class> class std::auto_ptr’ is deprecated: use 'std::unique_ptr' instead [-Wdeprecated-declarations]
   22 |   const std::auto_ptr< MultiReaderLockImpl > impl_;
      |              ^~~~~~~~
In file included from /usr/lib/gcc/x86_64-pc-linux-gnu/15/include/g++-v15/memory:80,
                 from /home/vitaly/p/Prime-World/pw/branches/r1117/Src/Client/../System/../System/MultiReaderLock.h:3:
/usr/lib/gcc/x86_64-pc-linux-gnu/15/include/g++-v15/bits/unique_ptr.h:58:28: note: declared here
   58 |   template<typename> class auto_ptr;
      |                            ^~~~~~~~
In file included from /home/vitaly/p/Prime-World/pw/branches/r1117/Src/Client/../System/systemStdAfx.h:162:
/home/vitaly/p/Prime-World/pw/branches/r1117/Src/Client/../System/../System/ncircular_buffer.h:293:15: warning: ‘template<class _Category, class _Tp, class _Distance, class _Pointer, class _Reference> struct std::iterator’ is deprecated [-Wdeprecated-declarations]
  293 | : public std::iterator<std::random_access_iterator_tag,
      |               ^~~~~~~~
In file included from /usr/lib/gcc/x86_64-pc-linux-gnu/15/include/g++-v15/bits/stl_algobase.h:65,
                 from /usr/lib/gcc/x86_64-pc-linux-gnu/15/include/g++-v15/bits/specfun.h:43,
                 from /usr/lib/gcc/x86_64-pc-linux-gnu/15/include/g++-v15/cmath:3913,
                 from /usr/lib/gcc/x86_64-pc-linux-gnu/15/include/g++-v15/math.h:36,
                 from /home/vitaly/p/Prime-World/pw/branches/r1117/Src/System/Win32_linux.h:9,
                 from /home/vitaly/p/Prime-World/pw/branches/r1117/Src/System/config.h:51,
                 from /home/vitaly/p/Prime-World/pw/branches/r1117/Src/Client/../System/systemStdAfx.h:4:
/usr/lib/gcc/x86_64-pc-linux-gnu/15/include/g++-v15/bits/stl_iterator_base_types.h:129:34: note: declared here
  129 |     struct _GLIBCXX17_DEPRECATED iterator
      |                                  ^~~~~~~~
In file included from /home/vitaly/p/Prime-World/pw/branches/r1117/Src/Client/../UI/FontRender.h:4,
                 from /home/vitaly/p/Prime-World/pw/branches/r1117/Src/Client/../UI/TextComponent.h:6,
                 from /home/vitaly/p/Prime-World/pw/branches/r1117/Src/Client/DebugTextDraw.h:4,
                 from /home/vitaly/p/Prime-World/pw/branches/r1117/Src/Client/Console.cpp:5:
/home/vitaly/p/Prime-World/pw/branches/r1117/Src/Client/../UI/TextMarkupCommon.h:19:44: warning: overflow in conversion from ‘size_t’ {aka ‘long unsigned int’} to ‘NMarkup::TOffset’ {aka ‘int’} changes value from ‘18446744073709551615’ to ‘-1’ [-Woverflow]
   19 | const static TOffset NullOffset = TString::npos;
      |                                   ~~~~~~~~~^~~~
[  0%] Building CXX object CMakeFiles/PrimeWorld.dir/Client/ConsoleLogic.cpp.o
In file included from /home/vitaly/p/Prime-World/pw/branches/r1117/Src/Client/../System/../System/Logger.h:7,
                 from /home/vitaly/p/Prime-World/pw/branches/r1117/Src/Client/../System/systemStdAfx.h:77,
                 from /home/vitaly/p/Prime-World/pw/branches/r1117/Src/Client/stdafx.h:3,
                 from /home/vitaly/p/Prime-World/pw/branches/r1117/Src/Client/ConsoleLogic.cpp:1:
/home/vitaly/p/Prime-World/pw/branches/r1117/Src/Client/../System/../System/MultiReaderLock.h:22:14: warning: ‘template<class> class std::auto_ptr’ is deprecated: use 'std::unique_ptr' instead [-Wdeprecated-declarations]
   22 |   const std::auto_ptr< MultiReaderLockImpl > impl_;
      |              ^~~~~~~~
In file included from /usr/lib/gcc/x86_64-pc-linux-gnu/15/include/g++-v15/memory:80,
                 from /home/vitaly/p/Prime-World/pw/branches/r1117/Src/Client/../System/../System/MultiReaderLock.h:3:
/usr/lib/gcc/x86_64-pc-linux-gnu/15/include/g++-v15/bits/unique_ptr.h:58:28: note: declared here
   58 |   template<typename> class auto_ptr;
      |                            ^~~~~~~~
In file included from /home/vitaly/p/Prime-World/pw/branches/r1117/Src/Client/../System/systemStdAfx.h:162:
/home/vitaly/p/Prime-World/pw/branches/r1117/Src/Client/../System/../System/ncircular_buffer.h:293:15: warning: ‘template<class _Category, class _Tp, class _Distance, class _Pointer, class _Reference> struct std::iterator’ is deprecated [-Wdeprecated-declarations]
  293 | : public std::iterator<std::random_access_iterator_tag,
      |               ^~~~~~~~
In file included from /usr/lib/gcc/x86_64-pc-linux-gnu/15/include/g++-v15/bits/stl_algobase.h:65,
                 from /usr/lib/gcc/x86_64-pc-linux-gnu/15/include/g++-v15/bits/specfun.h:43,
                 from /usr/lib/gcc/x86_64-pc-linux-gnu/15/include/g++-v15/cmath:3913,
                 from /usr/lib/gcc/x86_64-pc-linux-gnu/15/include/g++-v15/math.h:36,
                 from /home/vitaly/p/Prime-World/pw/branches/r1117/Src/System/Win32_linux.h:9,
                 from /home/vitaly/p/Prime-World/pw/branches/r1117/Src/System/config.h:51,
                 from /home/vitaly/p/Prime-World/pw/branches/r1117/Src/Client/../System/systemStdAfx.h:4:
/usr/lib/gcc/x86_64-pc-linux-gnu/15/include/g++-v15/bits/stl_iterator_base_types.h:129:34: note: declared here
  129 |     struct _GLIBCXX17_DEPRECATED iterator
      |                                  ^~~~~~~~
In file included from /home/vitaly/p/Prime-World/pw/branches/r1117/Src/Client/../UI/FontRender.h:4,
                 from /home/vitaly/p/Prime-World/pw/branches/r1117/Src/Client/ConsoleLogic.cpp:10:
/home/vitaly/p/Prime-World/pw/branches/r1117/Src/Client/../UI/TextMarkupCommon.h:19:44: warning: overflow in conversion from ‘size_t’ {aka ‘long unsigned int’} to ‘NMarkup::TOffset’ {aka ‘int’} changes value from ‘18446744073709551615’ to ‘-1’ [-Woverflow]
   19 | const static TOffset NullOffset = TString::npos;
      |                                   ~~~~~~~~~^~~~
[  0%] Building CXX object CMakeFiles/PrimeWorld.dir/Client/DebugTextDraw.cpp.o
In file included from /home/vitaly/p/Prime-World/pw/branches/r1117/Src/Client/../System/../System/Logger.h:7,
                 from /home/vitaly/p/Prime-World/pw/branches/r1117/Src/Client/../System/systemStdAfx.h:77,
                 from /home/vitaly/p/Prime-World/pw/branches/r1117/Src/Client/stdafx.h:3,
                 from /home/vitaly/p/Prime-World/pw/branches/r1117/Src/Client/DebugTextDraw.cpp:1:
/home/vitaly/p/Prime-World/pw/branches/r1117/Src/Client/../System/../System/MultiReaderLock.h:22:14: warning: ‘template<class> class std::auto_ptr’ is deprecated: use 'std::unique_ptr' instead [-Wdeprecated-declarations]
   22 |   const std::auto_ptr< MultiReaderLockImpl > impl_;
      |              ^~~~~~~~
In file included from /usr/lib/gcc/x86_64-pc-linux-gnu/15/include/g++-v15/memory:80,
                 from /home/vitaly/p/Prime-World/pw/branches/r1117/Src/Client/../System/../System/MultiReaderLock.h:3:
/usr/lib/gcc/x86_64-pc-linux-gnu/15/include/g++-v15/bits/unique_ptr.h:58:28: note: declared here
   58 |   template<typename> class auto_ptr;
      |                            ^~~~~~~~
In file included from /home/vitaly/p/Prime-World/pw/branches/r1117/Src/Client/../System/systemStdAfx.h:162:
/home/vitaly/p/Prime-World/pw/branches/r1117/Src/Client/../System/../System/ncircular_buffer.h:293:15: warning: ‘template<class _Category, class _Tp, class _Distance, class _Pointer, class _Reference> struct std::iterator’ is deprecated [-Wdeprecated-declarations]
  293 | : public std::iterator<std::random_access_iterator_tag,
      |               ^~~~~~~~
In file included from /usr/lib/gcc/x86_64-pc-linux-gnu/15/include/g++-v15/bits/stl_algobase.h:65,
                 from /usr/lib/gcc/x86_64-pc-linux-gnu/15/include/g++-v15/bits/specfun.h:43,
                 from /usr/lib/gcc/x86_64-pc-linux-gnu/15/include/g++-v15/cmath:3913,
                 from /usr/lib/gcc/x86_64-pc-linux-gnu/15/include/g++-v15/math.h:36,
                 from /home/vitaly/p/Prime-World/pw/branches/r1117/Src/System/Win32_linux.h:9,
                 from /home/vitaly/p/Prime-World/pw/branches/r1117/Src/System/config.h:51,
                 from /home/vitaly/p/Prime-World/pw/branches/r1117/Src/Client/../System/systemStdAfx.h:4:
/usr/lib/gcc/x86_64-pc-linux-gnu/15/include/g++-v15/bits/stl_iterator_base_types.h:129:34: note: declared here
  129 |     struct _GLIBCXX17_DEPRECATED iterator
      |                                  ^~~~~~~~
In file included from /home/vitaly/p/Prime-World/pw/branches/r1117/Src/Client/../UI/FontRender.h:4,
                 from /home/vitaly/p/Prime-World/pw/branches/r1117/Src/Client/../UI/TextComponent.h:6,
                 from /home/vitaly/p/Prime-World/pw/branches/r1117/Src/Client/DebugTextDraw.h:4,
                 from /home/vitaly/p/Prime-World/pw/branches/r1117/Src/Client/DebugTextDraw.cpp:3:
/home/vitaly/p/Prime-World/pw/branches/r1117/Src/Client/../UI/TextMarkupCommon.h:19:44: warning: overflow in conversion from ‘size_t’ {aka ‘long unsigned int’} to ‘NMarkup::TOffset’ {aka ‘int’} changes value from ‘18446744073709551615’ to ‘-1’ [-Woverflow]
   19 | const static TOffset NullOffset = TString::npos;
      |                                   ~~~~~~~~~^~~~
[  0%] Building CXX object CMakeFiles/PrimeWorld.dir/Client/DefaultScreenBase.cpp.o
In file included from /home/vitaly/p/Prime-World/pw/branches/r1117/Src/Client/../System/../System/Logger.h:7,
                 from /home/vitaly/p/Prime-World/pw/branches/r1117/Src/Client/../System/systemStdAfx.h:77,
                 from /home/vitaly/p/Prime-World/pw/branches/r1117/Src/Client/stdafx.h:3,
                 from /home/vitaly/p/Prime-World/pw/branches/r1117/Src/Client/DefaultScreenBase.cpp:1:
/home/vitaly/p/Prime-World/pw/branches/r1117/Src/Client/../System/../System/MultiReaderLock.h:22:14: warning: ‘template<class> class std::auto_ptr’ is deprecated: use 'std::unique_ptr' instead [-Wdeprecated-declarations]
   22 |   const std::auto_ptr< MultiReaderLockImpl > impl_;
      |              ^~~~~~~~
In file included from /usr/lib/gcc/x86_64-pc-linux-gnu/15/include/g++-v15/memory:80,
                 from /home/vitaly/p/Prime-World/pw/branches/r1117/Src/Client/../System/../System/MultiReaderLock.h:3:
/usr/lib/gcc/x86_64-pc-linux-gnu/15/include/g++-v15/bits/unique_ptr.h:58:28: note: declared here
   58 |   template<typename> class auto_ptr;
      |                            ^~~~~~~~
In file included from /home/vitaly/p/Prime-World/pw/branches/r1117/Src/Client/../System/systemStdAfx.h:162:
/home/vitaly/p/Prime-World/pw/branches/r1117/Src/Client/../System/../System/ncircular_buffer.h:293:15: warning: ‘template<class _Category, class _Tp, class _Distance, class _Pointer, class _Reference> struct std::iterator’ is deprecated [-Wdeprecated-declarations]
  293 | : public std::iterator<std::random_access_iterator_tag,
      |               ^~~~~~~~
In file included from /usr/lib/gcc/x86_64-pc-linux-gnu/15/include/g++-v15/bits/stl_algobase.h:65,
                 from /usr/lib/gcc/x86_64-pc-linux-gnu/15/include/g++-v15/bits/specfun.h:43,
                 from /usr/lib/gcc/x86_64-pc-linux-gnu/15/include/g++-v15/cmath:3913,
                 from /usr/lib/gcc/x86_64-pc-linux-gnu/15/include/g++-v15/math.h:36,
                 from /home/vitaly/p/Prime-World/pw/branches/r1117/Src/System/Win32_linux.h:9,
                 from /home/vitaly/p/Prime-World/pw/branches/r1117/Src/System/config.h:51,
                 from /home/vitaly/p/Prime-World/pw/branches/r1117/Src/Client/../System/systemStdAfx.h:4:
/usr/lib/gcc/x86_64-pc-linux-gnu/15/include/g++-v15/bits/stl_iterator_base_types.h:129:34: note: declared here
  129 |     struct _GLIBCXX17_DEPRECATED iterator
      |                                  ^~~~~~~~
[  0%] Building CXX object CMakeFiles/PrimeWorld.dir/Client/MainLoop.cpp.o
In file included from /home/vitaly/p/Prime-World/pw/branches/r1117/Src/Client/../System/../System/Logger.h:7,
                 from /home/vitaly/p/Prime-World/pw/branches/r1117/Src/Client/../System/systemStdAfx.h:77,
                 from /home/vitaly/p/Prime-World/pw/branches/r1117/Src/Client/StdAfx.h:3,
                 from /home/vitaly/p/Prime-World/pw/branches/r1117/Src/Client/MainLoop.cpp:1:
/home/vitaly/p/Prime-World/pw/branches/r1117/Src/Client/../System/../System/MultiReaderLock.h:22:14: warning: ‘template<class> class std::auto_ptr’ is deprecated: use 'std::unique_ptr' instead [-Wdeprecated-declarations]
   22 |   const std::auto_ptr< MultiReaderLockImpl > impl_;
      |              ^~~~~~~~
In file included from /usr/lib/gcc/x86_64-pc-linux-gnu/15/include/g++-v15/memory:80,
                 from /home/vitaly/p/Prime-World/pw/branches/r1117/Src/Client/../System/../System/MultiReaderLock.h:3:
/usr/lib/gcc/x86_64-pc-linux-gnu/15/include/g++-v15/bits/unique_ptr.h:58:28: note: declared here
   58 |   template<typename> class auto_ptr;
      |                            ^~~~~~~~
In file included from /home/vitaly/p/Prime-World/pw/branches/r1117/Src/Client/../System/systemStdAfx.h:162:
/home/vitaly/p/Prime-World/pw/branches/r1117/Src/Client/../System/../System/ncircular_buffer.h:293:15: warning: ‘template<class _Category, class _Tp, class _Distance, class _Pointer, class _Reference> struct std::iterator’ is deprecated [-Wdeprecated-declarations]
  293 | : public std::iterator<std::random_access_iterator_tag,
      |               ^~~~~~~~
In file included from /usr/lib/gcc/x86_64-pc-linux-gnu/15/include/g++-v15/bits/stl_algobase.h:65,
                 from /usr/lib/gcc/x86_64-pc-linux-gnu/15/include/g++-v15/bits/specfun.h:43,
                 from /usr/lib/gcc/x86_64-pc-linux-gnu/15/include/g++-v15/cmath:3913,
                 from /usr/lib/gcc/x86_64-pc-linux-gnu/15/include/g++-v15/math.h:36,
                 from /home/vitaly/p/Prime-World/pw/branches/r1117/Src/System/Win32_linux.h:9,
                 from /home/vitaly/p/Prime-World/pw/branches/r1117/Src/System/config.h:51,
                 from /home/vitaly/p/Prime-World/pw/branches/r1117/Src/Client/../System/systemStdAfx.h:4:
/usr/lib/gcc/x86_64-pc-linux-gnu/15/include/g++-v15/bits/stl_iterator_base_types.h:129:34: note: declared here
  129 |     struct _GLIBCXX17_DEPRECATED iterator
      |                                  ^~~~~~~~
In file included from /home/vitaly/p/Prime-World/pw/branches/r1117/Src/Client/../Render/sampler.h:4,
                 from /home/vitaly/p/Prime-World/pw/branches/r1117/Src/Client/../Render/material.h:9,
                 from /home/vitaly/p/Prime-World/pw/branches/r1117/Src/Client/../Render/renderstatesmanager.h:5,
                 from /home/vitaly/p/Prime-World/pw/branches/r1117/Src/Client/../Render/renderer.h:7,
                 from /home/vitaly/p/Prime-World/pw/branches/r1117/Src/Client/MainLoop.cpp:30:
/home/vitaly/p/Prime-World/pw/branches/r1117/Src/Client/../Render/states.h: In member function ‘Render::SamplerState& Render::SamplerState::CreateMask()’:
/home/vitaly/p/Prime-World/pw/branches/r1117/Src/Client/../Render/states.h:125:17: warning: conversion from ‘unsigned int’ to ‘unsigned char:3’ changes value from ‘4294967295’ to ‘7’ [-Woverflow]
  125 |     minFilter = UINT_MAX;
      |                 ^~~~~~~~
/home/vitaly/p/Prime-World/pw/branches/r1117/Src/Client/../Render/states.h:126:17: warning: conversion from ‘unsigned int’ to ‘unsigned char:1’ changes value from ‘4294967295’ to ‘1’ [-Woverflow]
  126 |     magFilter = UINT_MAX;
      |                 ^~~~~~~~
/home/vitaly/p/Prime-World/pw/branches/r1117/Src/Client/../Render/states.h:127:17: warning: conversion from ‘unsigned int’ to ‘unsigned char:2’ changes value from ‘4294967295’ to ‘3’ [-Woverflow]
  127 |     mipFilter = UINT_MAX;
      |                 ^~~~~~~~
/home/vitaly/p/Prime-World/pw/branches/r1117/Src/Client/../Render/states.h:128:17: warning: conversion from ‘unsigned int’ to ‘unsigned char:2’ changes value from ‘4294967295’ to ‘3’ [-Woverflow]
  128 |     addressU  = UINT_MAX;
      |                 ^~~~~~~~
/home/vitaly/p/Prime-World/pw/branches/r1117/Src/Client/../Render/states.h:129:17: warning: conversion from ‘unsigned int’ to ‘unsigned char:2’ changes value from ‘4294967295’ to ‘3’ [-Woverflow]
  129 |     addressV  = UINT_MAX;
      |                 ^~~~~~~~
/home/vitaly/p/Prime-World/pw/branches/r1117/Src/Client/../Render/states.h:130:25: warning: conversion from ‘unsigned int’ to ‘unsigned char:1’ changes value from ‘4294967295’ to ‘1’ [-Woverflow]
  130 |     alwaysFailCompare = UINT_MAX;
      |                         ^~~~~~~~
/home/vitaly/p/Prime-World/pw/branches/r1117/Src/Client/../Render/states.h: At global scope:
/home/vitaly/p/Prime-World/pw/branches/r1117/Src/Client/../Render/states.h:168:3: warning: converting ‘Render::SamplerState2’ to a base class ‘Render::SamplerState’ will never use a type conversion operator [-Wclass-conversion]
  168 |   operator SamplerState()
      |   ^~~~~~~~
In file included from /home/vitaly/p/Prime-World/pw/branches/r1117/Src/Client/../Render/LightsManager.h:5,
                 from /home/vitaly/p/Prime-World/pw/branches/r1117/Src/Client/../Render/renderer.h:16:
/home/vitaly/p/Prime-World/pw/branches/r1117/Src/Client/../Render/AABB.h:11:16: warning: attribute ignored in declaration of ‘struct Render::AABB’ [-Wattributes]
   11 |         struct AABB
      |                ^~~~
/home/vitaly/p/Prime-World/pw/branches/r1117/Src/Client/../Render/AABB.h:11:16: note: attribute for ‘struct Render::AABB’ must follow the ‘struct’ keyword
In file included from /home/vitaly/p/Prime-World/pw/branches/r1117/Src/Client/../Render/../Scene/VoxelGrid.h:3,
                 from /home/vitaly/p/Prime-World/pw/branches/r1117/Src/Client/../Render/../Scene/CollectionVG.h:6,
                 from /home/vitaly/p/Prime-World/pw/branches/r1117/Src/Client/../Render/../Scene/VoxelGridObj.h:3,
                 from /home/vitaly/p/Prime-World/pw/branches/r1117/Src/Client/../Render/light.h:4,
                 from /home/vitaly/p/Prime-World/pw/branches/r1117/Src/Client/../Render/LightsManager.h:6:
/home/vitaly/p/Prime-World/pw/branches/r1117/Src/Render/ConvexVolume.h:12:16: warning: attribute ignored in declaration of ‘struct Render::FPlane’ [-Wattributes]
   12 |         struct FPlane
      |                ^~~~~~
/home/vitaly/p/Prime-World/pw/branches/r1117/Src/Render/ConvexVolume.h:12:16: note: attribute for ‘struct Render::FPlane’ must follow the ‘struct’ keyword
/home/vitaly/p/Prime-World/pw/branches/r1117/Src/Render/ConvexVolume.h:28:15: warning: attribute ignored in declaration of ‘class Render::ConvexVolume’ [-Wattributes]
   28 |         class ConvexVolume
      |               ^~~~~~~~~~~~
/home/vitaly/p/Prime-World/pw/branches/r1117/Src/Render/ConvexVolume.h:28:15: note: attribute for ‘class Render::ConvexVolume’ must follow the ‘class’ keyword
[  0%] Building CXX object CMakeFiles/PrimeWorld.dir/Client/MainTimer.cpp.o
In file included from /home/vitaly/p/Prime-World/pw/branches/r1117/Src/Client/../System/../System/Logger.h:7,
                 from /home/vitaly/p/Prime-World/pw/branches/r1117/Src/Client/../System/systemStdAfx.h:77,
                 from /home/vitaly/p/Prime-World/pw/branches/r1117/Src/Client/stdafx.h:3,
                 from /home/vitaly/p/Prime-World/pw/branches/r1117/Src/Client/MainTimer.cpp:1:
/home/vitaly/p/Prime-World/pw/branches/r1117/Src/Client/../System/../System/MultiReaderLock.h:22:14: warning: ‘template<class> class std::auto_ptr’ is deprecated: use 'std::unique_ptr' instead [-Wdeprecated-declarations]
   22 |   const std::auto_ptr< MultiReaderLockImpl > impl_;
      |              ^~~~~~~~
In file included from /usr/lib/gcc/x86_64-pc-linux-gnu/15/include/g++-v15/memory:80,
                 from /home/vitaly/p/Prime-World/pw/branches/r1117/Src/Client/../System/../System/MultiReaderLock.h:3:
/usr/lib/gcc/x86_64-pc-linux-gnu/15/include/g++-v15/bits/unique_ptr.h:58:28: note: declared here
   58 |   template<typename> class auto_ptr;
      |                            ^~~~~~~~
In file included from /home/vitaly/p/Prime-World/pw/branches/r1117/Src/Client/../System/systemStdAfx.h:162:
/home/vitaly/p/Prime-World/pw/branches/r1117/Src/Client/../System/../System/ncircular_buffer.h:293:15: warning: ‘template<class _Category, class _Tp, class _Distance, class _Pointer, class _Reference> struct std::iterator’ is deprecated [-Wdeprecated-declarations]
  293 | : public std::iterator<std::random_access_iterator_tag,
      |               ^~~~~~~~
In file included from /usr/lib/gcc/x86_64-pc-linux-gnu/15/include/g++-v15/bits/stl_algobase.h:65,
                 from /usr/lib/gcc/x86_64-pc-linux-gnu/15/include/g++-v15/bits/specfun.h:43,
                 from /usr/lib/gcc/x86_64-pc-linux-gnu/15/include/g++-v15/cmath:3913,
                 from /usr/lib/gcc/x86_64-pc-linux-gnu/15/include/g++-v15/math.h:36,
                 from /home/vitaly/p/Prime-World/pw/branches/r1117/Src/System/Win32_linux.h:9,
                 from /home/vitaly/p/Prime-World/pw/branches/r1117/Src/System/config.h:51,
                 from /home/vitaly/p/Prime-World/pw/branches/r1117/Src/Client/../System/systemStdAfx.h:4:
/usr/lib/gcc/x86_64-pc-linux-gnu/15/include/g++-v15/bits/stl_iterator_base_types.h:129:34: note: declared here
  129 |     struct _GLIBCXX17_DEPRECATED iterator
      |                                  ^~~~~~~~
[  0%] Building CXX object CMakeFiles/PrimeWorld.dir/Client/MessageScreen.cpp.o
In file included from /home/vitaly/p/Prime-World/pw/branches/r1117/Src/Client/../System/../System/Logger.h:7,
                 from /home/vitaly/p/Prime-World/pw/branches/r1117/Src/Client/../System/systemStdAfx.h:77,
                 from /home/vitaly/p/Prime-World/pw/branches/r1117/Src/Client/stdafx.h:3,
                 from /home/vitaly/p/Prime-World/pw/branches/r1117/Src/Client/MessageScreen.cpp:1:
/home/vitaly/p/Prime-World/pw/branches/r1117/Src/Client/../System/../System/MultiReaderLock.h:22:14: warning: ‘template<class> class std::auto_ptr’ is deprecated: use 'std::unique_ptr' instead [-Wdeprecated-declarations]
   22 |   const std::auto_ptr< MultiReaderLockImpl > impl_;
      |              ^~~~~~~~
In file included from /usr/lib/gcc/x86_64-pc-linux-gnu/15/include/g++-v15/memory:80,
                 from /home/vitaly/p/Prime-World/pw/branches/r1117/Src/Client/../System/../System/MultiReaderLock.h:3:
/usr/lib/gcc/x86_64-pc-linux-gnu/15/include/g++-v15/bits/unique_ptr.h:58:28: note: declared here
   58 |   template<typename> class auto_ptr;
      |                            ^~~~~~~~
In file included from /home/vitaly/p/Prime-World/pw/branches/r1117/Src/Client/../System/systemStdAfx.h:162:
/home/vitaly/p/Prime-World/pw/branches/r1117/Src/Client/../System/../System/ncircular_buffer.h:293:15: warning: ‘template<class _Category, class _Tp, class _Distance, class _Pointer, class _Reference> struct std::iterator’ is deprecated [-Wdeprecated-declarations]
  293 | : public std::iterator<std::random_access_iterator_tag,
      |               ^~~~~~~~
In file included from /usr/lib/gcc/x86_64-pc-linux-gnu/15/include/g++-v15/bits/stl_algobase.h:65,
                 from /usr/lib/gcc/x86_64-pc-linux-gnu/15/include/g++-v15/bits/specfun.h:43,
                 from /usr/lib/gcc/x86_64-pc-linux-gnu/15/include/g++-v15/cmath:3913,
                 from /usr/lib/gcc/x86_64-pc-linux-gnu/15/include/g++-v15/math.h:36,
                 from /home/vitaly/p/Prime-World/pw/branches/r1117/Src/System/Win32_linux.h:9,
                 from /home/vitaly/p/Prime-World/pw/branches/r1117/Src/System/config.h:51,
                 from /home/vitaly/p/Prime-World/pw/branches/r1117/Src/Client/../System/systemStdAfx.h:4:
/usr/lib/gcc/x86_64-pc-linux-gnu/15/include/g++-v15/bits/stl_iterator_base_types.h:129:34: note: declared here
  129 |     struct _GLIBCXX17_DEPRECATED iterator
      |                                  ^~~~~~~~
[  0%] Building CXX object CMakeFiles/PrimeWorld.dir/Client/MessageScreenLogic.cpp.o
In file included from /home/vitaly/p/Prime-World/pw/branches/r1117/Src/Client/../System/../System/Logger.h:7,
                 from /home/vitaly/p/Prime-World/pw/branches/r1117/Src/Client/../System/systemStdAfx.h:77,
                 from /home/vitaly/p/Prime-World/pw/branches/r1117/Src/Client/stdafx.h:3,
                 from /home/vitaly/p/Prime-World/pw/branches/r1117/Src/Client/MessageScreenLogic.cpp:1:
/home/vitaly/p/Prime-World/pw/branches/r1117/Src/Client/../System/../System/MultiReaderLock.h:22:14: warning: ‘template<class> class std::auto_ptr’ is deprecated: use 'std::unique_ptr' instead [-Wdeprecated-declarations]
   22 |   const std::auto_ptr< MultiReaderLockImpl > impl_;
      |              ^~~~~~~~
In file included from /usr/lib/gcc/x86_64-pc-linux-gnu/15/include/g++-v15/memory:80,
                 from /home/vitaly/p/Prime-World/pw/branches/r1117/Src/Client/../System/../System/MultiReaderLock.h:3:
/usr/lib/gcc/x86_64-pc-linux-gnu/15/include/g++-v15/bits/unique_ptr.h:58:28: note: declared here
   58 |   template<typename> class auto_ptr;
      |                            ^~~~~~~~
In file included from /home/vitaly/p/Prime-World/pw/branches/r1117/Src/Client/../System/systemStdAfx.h:162:
/home/vitaly/p/Prime-World/pw/branches/r1117/Src/Client/../System/../System/ncircular_buffer.h:293:15: warning: ‘template<class _Category, class _Tp, class _Distance, class _Pointer, class _Reference> struct std::iterator’ is deprecated [-Wdeprecated-declarations]
  293 | : public std::iterator<std::random_access_iterator_tag,
      |               ^~~~~~~~
In file included from /usr/lib/gcc/x86_64-pc-linux-gnu/15/include/g++-v15/bits/stl_algobase.h:65,
                 from /usr/lib/gcc/x86_64-pc-linux-gnu/15/include/g++-v15/bits/specfun.h:43,
                 from /usr/lib/gcc/x86_64-pc-linux-gnu/15/include/g++-v15/cmath:3913,
                 from /usr/lib/gcc/x86_64-pc-linux-gnu/15/include/g++-v15/math.h:36,
                 from /home/vitaly/p/Prime-World/pw/branches/r1117/Src/System/Win32_linux.h:9,
                 from /home/vitaly/p/Prime-World/pw/branches/r1117/Src/System/config.h:51,
                 from /home/vitaly/p/Prime-World/pw/branches/r1117/Src/Client/../System/systemStdAfx.h:4:
/usr/lib/gcc/x86_64-pc-linux-gnu/15/include/g++-v15/bits/stl_iterator_base_types.h:129:34: note: declared here
  129 |     struct _GLIBCXX17_DEPRECATED iterator
      |                                  ^~~~~~~~
[  0%] Building CXX object CMakeFiles/PrimeWorld.dir/Client/ScreenCommands.cpp.o
In file included from /home/vitaly/p/Prime-World/pw/branches/r1117/Src/Client/../System/../System/Logger.h:7,
                 from /home/vitaly/p/Prime-World/pw/branches/r1117/Src/Client/../System/systemStdAfx.h:77,
                 from /home/vitaly/p/Prime-World/pw/branches/r1117/Src/Client/stdafx.h:3,
                 from /home/vitaly/p/Prime-World/pw/branches/r1117/Src/Client/ScreenCommands.cpp:1:
/home/vitaly/p/Prime-World/pw/branches/r1117/Src/Client/../System/../System/MultiReaderLock.h:22:14: warning: ‘template<class> class std::auto_ptr’ is deprecated: use 'std::unique_ptr' instead [-Wdeprecated-declarations]
   22 |   const std::auto_ptr< MultiReaderLockImpl > impl_;
      |              ^~~~~~~~
In file included from /usr/lib/gcc/x86_64-pc-linux-gnu/15/include/g++-v15/memory:80,
                 from /home/vitaly/p/Prime-World/pw/branches/r1117/Src/Client/../System/../System/MultiReaderLock.h:3:
/usr/lib/gcc/x86_64-pc-linux-gnu/15/include/g++-v15/bits/unique_ptr.h:58:28: note: declared here
   58 |   template<typename> class auto_ptr;
      |                            ^~~~~~~~
In file included from /home/vitaly/p/Prime-World/pw/branches/r1117/Src/Client/../System/systemStdAfx.h:162:
/home/vitaly/p/Prime-World/pw/branches/r1117/Src/Client/../System/../System/ncircular_buffer.h:293:15: warning: ‘template<class _Category, class _Tp, class _Distance, class _Pointer, class _Reference> struct std::iterator’ is deprecated [-Wdeprecated-declarations]
  293 | : public std::iterator<std::random_access_iterator_tag,
      |               ^~~~~~~~
In file included from /usr/lib/gcc/x86_64-pc-linux-gnu/15/include/g++-v15/bits/stl_algobase.h:65,
                 from /usr/lib/gcc/x86_64-pc-linux-gnu/15/include/g++-v15/bits/specfun.h:43,
                 from /usr/lib/gcc/x86_64-pc-linux-gnu/15/include/g++-v15/cmath:3913,
                 from /usr/lib/gcc/x86_64-pc-linux-gnu/15/include/g++-v15/math.h:36,
                 from /home/vitaly/p/Prime-World/pw/branches/r1117/Src/System/Win32_linux.h:9,
                 from /home/vitaly/p/Prime-World/pw/branches/r1117/Src/System/config.h:51,
                 from /home/vitaly/p/Prime-World/pw/branches/r1117/Src/Client/../System/systemStdAfx.h:4:
/usr/lib/gcc/x86_64-pc-linux-gnu/15/include/g++-v15/bits/stl_iterator_base_types.h:129:34: note: declared here
  129 |     struct _GLIBCXX17_DEPRECATED iterator
      |                                  ^~~~~~~~
[  0%] Building CXX object CMakeFiles/PrimeWorld.dir/Client/ScreenUILogicBase.cpp.o
In file included from /home/vitaly/p/Prime-World/pw/branches/r1117/Src/Client/../System/../System/Logger.h:7,
                 from /home/vitaly/p/Prime-World/pw/branches/r1117/Src/Client/../System/systemStdAfx.h:77,
                 from /home/vitaly/p/Prime-World/pw/branches/r1117/Src/Client/stdafx.h:3,
                 from /home/vitaly/p/Prime-World/pw/branches/r1117/Src/Client/ScreenUILogicBase.cpp:1:
/home/vitaly/p/Prime-World/pw/branches/r1117/Src/Client/../System/../System/MultiReaderLock.h:22:14: warning: ‘template<class> class std::auto_ptr’ is deprecated: use 'std::unique_ptr' instead [-Wdeprecated-declarations]
   22 |   const std::auto_ptr< MultiReaderLockImpl > impl_;
      |              ^~~~~~~~
In file included from /usr/lib/gcc/x86_64-pc-linux-gnu/15/include/g++-v15/memory:80,
                 from /home/vitaly/p/Prime-World/pw/branches/r1117/Src/Client/../System/../System/MultiReaderLock.h:3:
/usr/lib/gcc/x86_64-pc-linux-gnu/15/include/g++-v15/bits/unique_ptr.h:58:28: note: declared here
   58 |   template<typename> class auto_ptr;
      |                            ^~~~~~~~
In file included from /home/vitaly/p/Prime-World/pw/branches/r1117/Src/Client/../System/systemStdAfx.h:162:
/home/vitaly/p/Prime-World/pw/branches/r1117/Src/Client/../System/../System/ncircular_buffer.h:293:15: warning: ‘template<class _Category, class _Tp, class _Distance, class _Pointer, class _Reference> struct std::iterator’ is deprecated [-Wdeprecated-declarations]
  293 | : public std::iterator<std::random_access_iterator_tag,
      |               ^~~~~~~~
In file included from /usr/lib/gcc/x86_64-pc-linux-gnu/15/include/g++-v15/bits/stl_algobase.h:65,
                 from /usr/lib/gcc/x86_64-pc-linux-gnu/15/include/g++-v15/bits/specfun.h:43,
                 from /usr/lib/gcc/x86_64-pc-linux-gnu/15/include/g++-v15/cmath:3913,
                 from /usr/lib/gcc/x86_64-pc-linux-gnu/15/include/g++-v15/math.h:36,
                 from /home/vitaly/p/Prime-World/pw/branches/r1117/Src/System/Win32_linux.h:9,
                 from /home/vitaly/p/Prime-World/pw/branches/r1117/Src/System/config.h:51,
                 from /home/vitaly/p/Prime-World/pw/branches/r1117/Src/Client/../System/systemStdAfx.h:4:
/usr/lib/gcc/x86_64-pc-linux-gnu/15/include/g++-v15/bits/stl_iterator_base_types.h:129:34: note: declared here
  129 |     struct _GLIBCXX17_DEPRECATED iterator
      |                                  ^~~~~~~~
[  0%] Building CXX object CMakeFiles/PrimeWorld.dir/Client/TooltipsScreen.cpp.o
In file included from /home/vitaly/p/Prime-World/pw/branches/r1117/Src/Client/../System/../System/Logger.h:7,
                 from /home/vitaly/p/Prime-World/pw/branches/r1117/Src/Client/../System/systemStdAfx.h:77,
                 from /home/vitaly/p/Prime-World/pw/branches/r1117/Src/Client/stdafx.h:3,
                 from /home/vitaly/p/Prime-World/pw/branches/r1117/Src/Client/TooltipsScreen.cpp:1:
/home/vitaly/p/Prime-World/pw/branches/r1117/Src/Client/../System/../System/MultiReaderLock.h:22:14: warning: ‘template<class> class std::auto_ptr’ is deprecated: use 'std::unique_ptr' instead [-Wdeprecated-declarations]
   22 |   const std::auto_ptr< MultiReaderLockImpl > impl_;
      |              ^~~~~~~~
In file included from /usr/lib/gcc/x86_64-pc-linux-gnu/15/include/g++-v15/memory:80,
                 from /home/vitaly/p/Prime-World/pw/branches/r1117/Src/Client/../System/../System/MultiReaderLock.h:3:
/usr/lib/gcc/x86_64-pc-linux-gnu/15/include/g++-v15/bits/unique_ptr.h:58:28: note: declared here
   58 |   template<typename> class auto_ptr;
      |                            ^~~~~~~~
In file included from /home/vitaly/p/Prime-World/pw/branches/r1117/Src/Client/../System/systemStdAfx.h:162:
/home/vitaly/p/Prime-World/pw/branches/r1117/Src/Client/../System/../System/ncircular_buffer.h:293:15: warning: ‘template<class _Category, class _Tp, class _Distance, class _Pointer, class _Reference> struct std::iterator’ is deprecated [-Wdeprecated-declarations]
  293 | : public std::iterator<std::random_access_iterator_tag,
      |               ^~~~~~~~
In file included from /usr/lib/gcc/x86_64-pc-linux-gnu/15/include/g++-v15/bits/stl_algobase.h:65,
                 from /usr/lib/gcc/x86_64-pc-linux-gnu/15/include/g++-v15/bits/specfun.h:43,
                 from /usr/lib/gcc/x86_64-pc-linux-gnu/15/include/g++-v15/cmath:3913,
                 from /usr/lib/gcc/x86_64-pc-linux-gnu/15/include/g++-v15/math.h:36,
                 from /home/vitaly/p/Prime-World/pw/branches/r1117/Src/System/Win32_linux.h:9,
                 from /home/vitaly/p/Prime-World/pw/branches/r1117/Src/System/config.h:51,
                 from /home/vitaly/p/Prime-World/pw/branches/r1117/Src/Client/../System/systemStdAfx.h:4:
/usr/lib/gcc/x86_64-pc-linux-gnu/15/include/g++-v15/bits/stl_iterator_base_types.h:129:34: note: declared here
  129 |     struct _GLIBCXX17_DEPRECATED iterator
      |                                  ^~~~~~~~
[  1%] Building CXX object CMakeFiles/PrimeWorld.dir/Client/TooltipsScreenLogic.cpp.o
In file included from /home/vitaly/p/Prime-World/pw/branches/r1117/Src/Client/../System/../System/Logger.h:7,
                 from /home/vitaly/p/Prime-World/pw/branches/r1117/Src/Client/../System/systemStdAfx.h:77,
                 from /home/vitaly/p/Prime-World/pw/branches/r1117/Src/Client/stdafx.h:3,
                 from /home/vitaly/p/Prime-World/pw/branches/r1117/Src/Client/TooltipsScreenLogic.cpp:1:
/home/vitaly/p/Prime-World/pw/branches/r1117/Src/Client/../System/../System/MultiReaderLock.h:22:14: warning: ‘template<class> class std::auto_ptr’ is deprecated: use 'std::unique_ptr' instead [-Wdeprecated-declarations]
   22 |   const std::auto_ptr< MultiReaderLockImpl > impl_;
      |              ^~~~~~~~
In file included from /usr/lib/gcc/x86_64-pc-linux-gnu/15/include/g++-v15/memory:80,
                 from /home/vitaly/p/Prime-World/pw/branches/r1117/Src/Client/../System/../System/MultiReaderLock.h:3:
/usr/lib/gcc/x86_64-pc-linux-gnu/15/include/g++-v15/bits/unique_ptr.h:58:28: note: declared here
   58 |   template<typename> class auto_ptr;
      |                            ^~~~~~~~
In file included from /home/vitaly/p/Prime-World/pw/branches/r1117/Src/Client/../System/systemStdAfx.h:162:
/home/vitaly/p/Prime-World/pw/branches/r1117/Src/Client/../System/../System/ncircular_buffer.h:293:15: warning: ‘template<class _Category, class _Tp, class _Distance, class _Pointer, class _Reference> struct std::iterator’ is deprecated [-Wdeprecated-declarations]
  293 | : public std::iterator<std::random_access_iterator_tag,
      |               ^~~~~~~~
In file included from /usr/lib/gcc/x86_64-pc-linux-gnu/15/include/g++-v15/bits/stl_algobase.h:65,
                 from /usr/lib/gcc/x86_64-pc-linux-gnu/15/include/g++-v15/bits/specfun.h:43,
                 from /usr/lib/gcc/x86_64-pc-linux-gnu/15/include/g++-v15/cmath:3913,
                 from /usr/lib/gcc/x86_64-pc-linux-gnu/15/include/g++-v15/math.h:36,
                 from /home/vitaly/p/Prime-World/pw/branches/r1117/Src/System/Win32_linux.h:9,
                 from /home/vitaly/p/Prime-World/pw/branches/r1117/Src/System/config.h:51,
                 from /home/vitaly/p/Prime-World/pw/branches/r1117/Src/Client/../System/systemStdAfx.h:4:
/usr/lib/gcc/x86_64-pc-linux-gnu/15/include/g++-v15/bits/stl_iterator_base_types.h:129:34: note: declared here
  129 |     struct _GLIBCXX17_DEPRECATED iterator
      |                                  ^~~~~~~~
[  1%] Building CXX object CMakeFiles/PrimeWorld.dir/Client/VSyncController.cpp.o
In file included from /home/vitaly/p/Prime-World/pw/branches/r1117/Src/Client/../System/../System/Logger.h:7,
                 from /home/vitaly/p/Prime-World/pw/branches/r1117/Src/Client/../System/systemStdAfx.h:77,
                 from /home/vitaly/p/Prime-World/pw/branches/r1117/Src/Client/stdafx.h:3,
                 from /home/vitaly/p/Prime-World/pw/branches/r1117/Src/Client/VSyncController.cpp:1:
/home/vitaly/p/Prime-World/pw/branches/r1117/Src/Client/../System/../System/MultiReaderLock.h:22:14: warning: ‘template<class> class std::auto_ptr’ is deprecated: use 'std::unique_ptr' instead [-Wdeprecated-declarations]
   22 |   const std::auto_ptr< MultiReaderLockImpl > impl_;
      |              ^~~~~~~~
In file included from /usr/lib/gcc/x86_64-pc-linux-gnu/15/include/g++-v15/memory:80,
                 from /home/vitaly/p/Prime-World/pw/branches/r1117/Src/Client/../System/../System/MultiReaderLock.h:3:
/usr/lib/gcc/x86_64-pc-linux-gnu/15/include/g++-v15/bits/unique_ptr.h:58:28: note: declared here
   58 |   template<typename> class auto_ptr;
      |                            ^~~~~~~~
In file included from /home/vitaly/p/Prime-World/pw/branches/r1117/Src/Client/../System/systemStdAfx.h:162:
/home/vitaly/p/Prime-World/pw/branches/r1117/Src/Client/../System/../System/ncircular_buffer.h:293:15: warning: ‘template<class _Category, class _Tp, class _Distance, class _Pointer, class _Reference> struct std::iterator’ is deprecated [-Wdeprecated-declarations]
  293 | : public std::iterator<std::random_access_iterator_tag,
      |               ^~~~~~~~
In file included from /usr/lib/gcc/x86_64-pc-linux-gnu/15/include/g++-v15/bits/stl_algobase.h:65,
                 from /usr/lib/gcc/x86_64-pc-linux-gnu/15/include/g++-v15/bits/specfun.h:43,
                 from /usr/lib/gcc/x86_64-pc-linux-gnu/15/include/g++-v15/cmath:3913,
                 from /usr/lib/gcc/x86_64-pc-linux-gnu/15/include/g++-v15/math.h:36,
                 from /home/vitaly/p/Prime-World/pw/branches/r1117/Src/System/Win32_linux.h:9,
                 from /home/vitaly/p/Prime-World/pw/branches/r1117/Src/System/config.h:51,
                 from /home/vitaly/p/Prime-World/pw/branches/r1117/Src/Client/../System/systemStdAfx.h:4:
/usr/lib/gcc/x86_64-pc-linux-gnu/15/include/g++-v15/bits/stl_iterator_base_types.h:129:34: note: declared here
  129 |     struct _GLIBCXX17_DEPRECATED iterator
      |                                  ^~~~~~~~
In file included from /home/vitaly/p/Prime-World/pw/branches/r1117/Src/Client/../Render/sampler.h:4,
                 from /home/vitaly/p/Prime-World/pw/branches/r1117/Src/Client/../Render/material.h:9,
                 from /home/vitaly/p/Prime-World/pw/branches/r1117/Src/Client/../Render/renderstatesmanager.h:5,
                 from /home/vitaly/p/Prime-World/pw/branches/r1117/Src/Client/../Render/renderer.h:7,
                 from /home/vitaly/p/Prime-World/pw/branches/r1117/Src/Client/VSyncController.cpp:3:
/home/vitaly/p/Prime-World/pw/branches/r1117/Src/Client/../Render/states.h: In member function ‘Render::SamplerState& Render::SamplerState::CreateMask()’:
/home/vitaly/p/Prime-World/pw/branches/r1117/Src/Client/../Render/states.h:125:17: warning: conversion from ‘unsigned int’ to ‘unsigned char:3’ changes value from ‘4294967295’ to ‘7’ [-Woverflow]
  125 |     minFilter = UINT_MAX;
      |                 ^~~~~~~~
/home/vitaly/p/Prime-World/pw/branches/r1117/Src/Client/../Render/states.h:126:17: warning: conversion from ‘unsigned int’ to ‘unsigned char:1’ changes value from ‘4294967295’ to ‘1’ [-Woverflow]
  126 |     magFilter = UINT_MAX;
      |                 ^~~~~~~~
/home/vitaly/p/Prime-World/pw/branches/r1117/Src/Client/../Render/states.h:127:17: warning: conversion from ‘unsigned int’ to ‘unsigned char:2’ changes value from ‘4294967295’ to ‘3’ [-Woverflow]
  127 |     mipFilter = UINT_MAX;
      |                 ^~~~~~~~
/home/vitaly/p/Prime-World/pw/branches/r1117/Src/Client/../Render/states.h:128:17: warning: conversion from ‘unsigned int’ to ‘unsigned char:2’ changes value from ‘4294967295’ to ‘3’ [-Woverflow]
  128 |     addressU  = UINT_MAX;
      |                 ^~~~~~~~
/home/vitaly/p/Prime-World/pw/branches/r1117/Src/Client/../Render/states.h:129:17: warning: conversion from ‘unsigned int’ to ‘unsigned char:2’ changes value from ‘4294967295’ to ‘3’ [-Woverflow]
  129 |     addressV  = UINT_MAX;
      |                 ^~~~~~~~
/home/vitaly/p/Prime-World/pw/branches/r1117/Src/Client/../Render/states.h:130:25: warning: conversion from ‘unsigned int’ to ‘unsigned char:1’ changes value from ‘4294967295’ to ‘1’ [-Woverflow]
  130 |     alwaysFailCompare = UINT_MAX;
      |                         ^~~~~~~~
/home/vitaly/p/Prime-World/pw/branches/r1117/Src/Client/../Render/states.h: At global scope:
/home/vitaly/p/Prime-World/pw/branches/r1117/Src/Client/../Render/states.h:168:3: warning: converting ‘Render::SamplerState2’ to a base class ‘Render::SamplerState’ will never use a type conversion operator [-Wclass-conversion]
  168 |   operator SamplerState()
      |   ^~~~~~~~
In file included from /home/vitaly/p/Prime-World/pw/branches/r1117/Src/Client/../Render/LightsManager.h:5,
                 from /home/vitaly/p/Prime-World/pw/branches/r1117/Src/Client/../Render/renderer.h:16:
/home/vitaly/p/Prime-World/pw/branches/r1117/Src/Client/../Render/AABB.h:11:16: warning: attribute ignored in declaration of ‘struct Render::AABB’ [-Wattributes]
   11 |         struct AABB
      |                ^~~~
/home/vitaly/p/Prime-World/pw/branches/r1117/Src/Client/../Render/AABB.h:11:16: note: attribute for ‘struct Render::AABB’ must follow the ‘struct’ keyword
In file included from /home/vitaly/p/Prime-World/pw/branches/r1117/Src/Client/../Render/../Scene/VoxelGrid.h:3,
                 from /home/vitaly/p/Prime-World/pw/branches/r1117/Src/Client/../Render/../Scene/CollectionVG.h:6,
                 from /home/vitaly/p/Prime-World/pw/branches/r1117/Src/Client/../Render/../Scene/VoxelGridObj.h:3,
                 from /home/vitaly/p/Prime-World/pw/branches/r1117/Src/Client/../Render/light.h:4,
                 from /home/vitaly/p/Prime-World/pw/branches/r1117/Src/Client/../Render/LightsManager.h:6:
/home/vitaly/p/Prime-World/pw/branches/r1117/Src/Render/ConvexVolume.h:12:16: warning: attribute ignored in declaration of ‘struct Render::FPlane’ [-Wattributes]
   12 |         struct FPlane
      |                ^~~~~~
/home/vitaly/p/Prime-World/pw/branches/r1117/Src/Render/ConvexVolume.h:12:16: note: attribute for ‘struct Render::FPlane’ must follow the ‘struct’ keyword
/home/vitaly/p/Prime-World/pw/branches/r1117/Src/Render/ConvexVolume.h:28:15: warning: attribute ignored in declaration of ‘class Render::ConvexVolume’ [-Wattributes]
   28 |         class ConvexVolume
      |               ^~~~~~~~~~~~
/home/vitaly/p/Prime-World/pw/branches/r1117/Src/Render/ConvexVolume.h:28:15: note: attribute for ‘class Render::ConvexVolume’ must follow the ‘class’ keyword
[  1%] Building CXX object CMakeFiles/PrimeWorld.dir/Client/WasserzeichenScreen.cpp.o
In file included from /home/vitaly/p/Prime-World/pw/branches/r1117/Src/Client/../System/../System/Logger.h:7,
                 from /home/vitaly/p/Prime-World/pw/branches/r1117/Src/Client/../System/systemStdAfx.h:77,
                 from /home/vitaly/p/Prime-World/pw/branches/r1117/Src/Client/stdafx.h:3,
                 from /home/vitaly/p/Prime-World/pw/branches/r1117/Src/Client/WasserzeichenScreen.cpp:1:
/home/vitaly/p/Prime-World/pw/branches/r1117/Src/Client/../System/../System/MultiReaderLock.h:22:14: warning: ‘template<class> class std::auto_ptr’ is deprecated: use 'std::unique_ptr' instead [-Wdeprecated-declarations]
   22 |   const std::auto_ptr< MultiReaderLockImpl > impl_;
      |              ^~~~~~~~
In file included from /usr/lib/gcc/x86_64-pc-linux-gnu/15/include/g++-v15/memory:80,
                 from /home/vitaly/p/Prime-World/pw/branches/r1117/Src/Client/../System/../System/MultiReaderLock.h:3:
/usr/lib/gcc/x86_64-pc-linux-gnu/15/include/g++-v15/bits/unique_ptr.h:58:28: note: declared here
   58 |   template<typename> class auto_ptr;
      |                            ^~~~~~~~
In file included from /home/vitaly/p/Prime-World/pw/branches/r1117/Src/Client/../System/systemStdAfx.h:162:
/home/vitaly/p/Prime-World/pw/branches/r1117/Src/Client/../System/../System/ncircular_buffer.h:293:15: warning: ‘template<class _Category, class _Tp, class _Distance, class _Pointer, class _Reference> struct std::iterator’ is deprecated [-Wdeprecated-declarations]
  293 | : public std::iterator<std::random_access_iterator_tag,
      |               ^~~~~~~~
In file included from /usr/lib/gcc/x86_64-pc-linux-gnu/15/include/g++-v15/bits/stl_algobase.h:65,
                 from /usr/lib/gcc/x86_64-pc-linux-gnu/15/include/g++-v15/bits/specfun.h:43,
                 from /usr/lib/gcc/x86_64-pc-linux-gnu/15/include/g++-v15/cmath:3913,
                 from /usr/lib/gcc/x86_64-pc-linux-gnu/15/include/g++-v15/math.h:36,
                 from /home/vitaly/p/Prime-World/pw/branches/r1117/Src/System/Win32_linux.h:9,
                 from /home/vitaly/p/Prime-World/pw/branches/r1117/Src/System/config.h:51,
                 from /home/vitaly/p/Prime-World/pw/branches/r1117/Src/Client/../System/systemStdAfx.h:4:
/usr/lib/gcc/x86_64-pc-linux-gnu/15/include/g++-v15/bits/stl_iterator_base_types.h:129:34: note: declared here
  129 |     struct _GLIBCXX17_DEPRECATED iterator
      |                                  ^~~~~~~~
[  1%] Building CXX object CMakeFiles/PrimeWorld.dir/Client/stdafx.cpp.o
In file included from /home/vitaly/p/Prime-World/pw/branches/r1117/Src/Client/../System/../System/Logger.h:7,
                 from /home/vitaly/p/Prime-World/pw/branches/r1117/Src/Client/../System/systemStdAfx.h:77,
                 from /home/vitaly/p/Prime-World/pw/branches/r1117/Src/Client/stdafx.h:3,
                 from /home/vitaly/p/Prime-World/pw/branches/r1117/Src/Client/stdafx.cpp:1:
/home/vitaly/p/Prime-World/pw/branches/r1117/Src/Client/../System/../System/MultiReaderLock.h:22:14: warning: ‘template<class> class std::auto_ptr’ is deprecated: use 'std::unique_ptr' instead [-Wdeprecated-declarations]
   22 |   const std::auto_ptr< MultiReaderLockImpl > impl_;
      |              ^~~~~~~~
In file included from /usr/lib/gcc/x86_64-pc-linux-gnu/15/include/g++-v15/memory:80,
                 from /home/vitaly/p/Prime-World/pw/branches/r1117/Src/Client/../System/../System/MultiReaderLock.h:3:
/usr/lib/gcc/x86_64-pc-linux-gnu/15/include/g++-v15/bits/unique_ptr.h:58:28: note: declared here
   58 |   template<typename> class auto_ptr;
      |                            ^~~~~~~~
In file included from /home/vitaly/p/Prime-World/pw/branches/r1117/Src/Client/../System/systemStdAfx.h:162:
/home/vitaly/p/Prime-World/pw/branches/r1117/Src/Client/../System/../System/ncircular_buffer.h:293:15: warning: ‘template<class _Category, class _Tp, class _Distance, class _Pointer, class _Reference> struct std::iterator’ is deprecated [-Wdeprecated-declarations]
  293 | : public std::iterator<std::random_access_iterator_tag,
      |               ^~~~~~~~
In file included from /usr/lib/gcc/x86_64-pc-linux-gnu/15/include/g++-v15/bits/stl_algobase.h:65,
                 from /usr/lib/gcc/x86_64-pc-linux-gnu/15/include/g++-v15/bits/specfun.h:43,
                 from /usr/lib/gcc/x86_64-pc-linux-gnu/15/include/g++-v15/cmath:3913,
                 from /usr/lib/gcc/x86_64-pc-linux-gnu/15/include/g++-v15/math.h:36,
                 from /home/vitaly/p/Prime-World/pw/branches/r1117/Src/System/Win32_linux.h:9,
                 from /home/vitaly/p/Prime-World/pw/branches/r1117/Src/System/config.h:51,
                 from /home/vitaly/p/Prime-World/pw/branches/r1117/Src/Client/../System/systemStdAfx.h:4:
/usr/lib/gcc/x86_64-pc-linux-gnu/15/include/g++-v15/bits/stl_iterator_base_types.h:129:34: note: declared here
  129 |     struct _GLIBCXX17_DEPRECATED iterator
      |                                  ^~~~~~~~
[  1%] Building CXX object CMakeFiles/PrimeWorld.dir/Core/AdventureScriptMachine.cpp.o
In file included from /home/vitaly/p/Prime-World/pw/branches/r1117/Src/Core/../System/../System/Logger.h:7,
                 from /home/vitaly/p/Prime-World/pw/branches/r1117/Src/Core/../System/systemStdAfx.h:77,
                 from /home/vitaly/p/Prime-World/pw/branches/r1117/Src/Core/stdafx.h:4,
                 from /home/vitaly/p/Prime-World/pw/branches/r1117/Src/Core/AdventureScriptMachine.cpp:1:
/home/vitaly/p/Prime-World/pw/branches/r1117/Src/Core/../System/../System/MultiReaderLock.h:22:14: warning: ‘template<class> class std::auto_ptr’ is deprecated: use 'std::unique_ptr' instead [-Wdeprecated-declarations]
   22 |   const std::auto_ptr< MultiReaderLockImpl > impl_;
      |              ^~~~~~~~
In file included from /usr/lib/gcc/x86_64-pc-linux-gnu/15/include/g++-v15/memory:80,
                 from /home/vitaly/p/Prime-World/pw/branches/r1117/Src/Core/../System/../System/MultiReaderLock.h:3:
/usr/lib/gcc/x86_64-pc-linux-gnu/15/include/g++-v15/bits/unique_ptr.h:58:28: note: declared here
   58 |   template<typename> class auto_ptr;
      |                            ^~~~~~~~
In file included from /home/vitaly/p/Prime-World/pw/branches/r1117/Src/Core/../System/systemStdAfx.h:162:
/home/vitaly/p/Prime-World/pw/branches/r1117/Src/Core/../System/../System/ncircular_buffer.h:293:15: warning: ‘template<class _Category, class _Tp, class _Distance, class _Pointer, class _Reference> struct std::iterator’ is deprecated [-Wdeprecated-declarations]
  293 | : public std::iterator<std::random_access_iterator_tag,
      |               ^~~~~~~~
In file included from /usr/lib/gcc/x86_64-pc-linux-gnu/15/include/g++-v15/bits/stl_algobase.h:65,
                 from /usr/lib/gcc/x86_64-pc-linux-gnu/15/include/g++-v15/bits/specfun.h:43,
                 from /usr/lib/gcc/x86_64-pc-linux-gnu/15/include/g++-v15/cmath:3913,
                 from /usr/lib/gcc/x86_64-pc-linux-gnu/15/include/g++-v15/math.h:36,
                 from /home/vitaly/p/Prime-World/pw/branches/r1117/Src/System/Win32_linux.h:9,
                 from /home/vitaly/p/Prime-World/pw/branches/r1117/Src/System/config.h:51,
                 from /home/vitaly/p/Prime-World/pw/branches/r1117/Src/Core/../System/systemStdAfx.h:4:
/usr/lib/gcc/x86_64-pc-linux-gnu/15/include/g++-v15/bits/stl_iterator_base_types.h:129:34: note: declared here
  129 |     struct _GLIBCXX17_DEPRECATED iterator
      |                                  ^~~~~~~~
[  1%] Building CXX object CMakeFiles/PrimeWorld.dir/Core/BaseFSM.cpp.o
In file included from /home/vitaly/p/Prime-World/pw/branches/r1117/Src/Core/../System/../System/Logger.h:7,
                 from /home/vitaly/p/Prime-World/pw/branches/r1117/Src/Core/../System/systemStdAfx.h:77,
                 from /home/vitaly/p/Prime-World/pw/branches/r1117/Src/Core/stdafx.h:4,
                 from /home/vitaly/p/Prime-World/pw/branches/r1117/Src/Core/BaseFSM.cpp:1:
/home/vitaly/p/Prime-World/pw/branches/r1117/Src/Core/../System/../System/MultiReaderLock.h:22:14: warning: ‘template<class> class std::auto_ptr’ is deprecated: use 'std::unique_ptr' instead [-Wdeprecated-declarations]
   22 |   const std::auto_ptr< MultiReaderLockImpl > impl_;
      |              ^~~~~~~~
In file included from /usr/lib/gcc/x86_64-pc-linux-gnu/15/include/g++-v15/memory:80,
                 from /home/vitaly/p/Prime-World/pw/branches/r1117/Src/Core/../System/../System/MultiReaderLock.h:3:
/usr/lib/gcc/x86_64-pc-linux-gnu/15/include/g++-v15/bits/unique_ptr.h:58:28: note: declared here
   58 |   template<typename> class auto_ptr;
      |                            ^~~~~~~~
In file included from /home/vitaly/p/Prime-World/pw/branches/r1117/Src/Core/../System/systemStdAfx.h:162:
/home/vitaly/p/Prime-World/pw/branches/r1117/Src/Core/../System/../System/ncircular_buffer.h:293:15: warning: ‘template<class _Category, class _Tp, class _Distance, class _Pointer, class _Reference> struct std::iterator’ is deprecated [-Wdeprecated-declarations]
  293 | : public std::iterator<std::random_access_iterator_tag,
      |               ^~~~~~~~
In file included from /usr/lib/gcc/x86_64-pc-linux-gnu/15/include/g++-v15/bits/stl_algobase.h:65,
                 from /usr/lib/gcc/x86_64-pc-linux-gnu/15/include/g++-v15/bits/specfun.h:43,
                 from /usr/lib/gcc/x86_64-pc-linux-gnu/15/include/g++-v15/cmath:3913,
                 from /usr/lib/gcc/x86_64-pc-linux-gnu/15/include/g++-v15/math.h:36,
                 from /home/vitaly/p/Prime-World/pw/branches/r1117/Src/System/Win32_linux.h:9,
                 from /home/vitaly/p/Prime-World/pw/branches/r1117/Src/System/config.h:51,
                 from /home/vitaly/p/Prime-World/pw/branches/r1117/Src/Core/../System/systemStdAfx.h:4:
/usr/lib/gcc/x86_64-pc-linux-gnu/15/include/g++-v15/bits/stl_iterator_base_types.h:129:34: note: declared here
  129 |     struct _GLIBCXX17_DEPRECATED iterator
      |                                  ^~~~~~~~
[  1%] Building CXX object CMakeFiles/PrimeWorld.dir/Core/BaseState.cpp.o
In file included from /home/vitaly/p/Prime-World/pw/branches/r1117/Src/Core/../System/../System/Logger.h:7,
                 from /home/vitaly/p/Prime-World/pw/branches/r1117/Src/Core/../System/systemStdAfx.h:77,
                 from /home/vitaly/p/Prime-World/pw/branches/r1117/Src/Core/stdafx.h:4,
                 from /home/vitaly/p/Prime-World/pw/branches/r1117/Src/Core/BaseState.cpp:1:
/home/vitaly/p/Prime-World/pw/branches/r1117/Src/Core/../System/../System/MultiReaderLock.h:22:14: warning: ‘template<class> class std::auto_ptr’ is deprecated: use 'std::unique_ptr' instead [-Wdeprecated-declarations]
   22 |   const std::auto_ptr< MultiReaderLockImpl > impl_;
      |              ^~~~~~~~
In file included from /usr/lib/gcc/x86_64-pc-linux-gnu/15/include/g++-v15/memory:80,
                 from /home/vitaly/p/Prime-World/pw/branches/r1117/Src/Core/../System/../System/MultiReaderLock.h:3:
/usr/lib/gcc/x86_64-pc-linux-gnu/15/include/g++-v15/bits/unique_ptr.h:58:28: note: declared here
   58 |   template<typename> class auto_ptr;
      |                            ^~~~~~~~
In file included from /home/vitaly/p/Prime-World/pw/branches/r1117/Src/Core/../System/systemStdAfx.h:162:
/home/vitaly/p/Prime-World/pw/branches/r1117/Src/Core/../System/../System/ncircular_buffer.h:293:15: warning: ‘template<class _Category, class _Tp, class _Distance, class _Pointer, class _Reference> struct std::iterator’ is deprecated [-Wdeprecated-declarations]
  293 | : public std::iterator<std::random_access_iterator_tag,
      |               ^~~~~~~~
In file included from /usr/lib/gcc/x86_64-pc-linux-gnu/15/include/g++-v15/bits/stl_algobase.h:65,
                 from /usr/lib/gcc/x86_64-pc-linux-gnu/15/include/g++-v15/bits/specfun.h:43,
                 from /usr/lib/gcc/x86_64-pc-linux-gnu/15/include/g++-v15/cmath:3913,
                 from /usr/lib/gcc/x86_64-pc-linux-gnu/15/include/g++-v15/math.h:36,
                 from /home/vitaly/p/Prime-World/pw/branches/r1117/Src/System/Win32_linux.h:9,
                 from /home/vitaly/p/Prime-World/pw/branches/r1117/Src/System/config.h:51,
                 from /home/vitaly/p/Prime-World/pw/branches/r1117/Src/Core/../System/systemStdAfx.h:4:
/usr/lib/gcc/x86_64-pc-linux-gnu/15/include/g++-v15/bits/stl_iterator_base_types.h:129:34: note: declared here
  129 |     struct _GLIBCXX17_DEPRECATED iterator
      |                                  ^~~~~~~~
[  1%] Building CXX object CMakeFiles/PrimeWorld.dir/Core/BinStatsCollector.cpp.o
In file included from /home/vitaly/p/Prime-World/pw/branches/r1117/Src/Core/../System/../System/Logger.h:7,
                 from /home/vitaly/p/Prime-World/pw/branches/r1117/Src/Core/../System/systemStdAfx.h:77,
                 from /home/vitaly/p/Prime-World/pw/branches/r1117/Src/Core/stdafx.h:4,
                 from /home/vitaly/p/Prime-World/pw/branches/r1117/Src/Core/BinStatsCollector.cpp:1:
/home/vitaly/p/Prime-World/pw/branches/r1117/Src/Core/../System/../System/MultiReaderLock.h:22:14: warning: ‘template<class> class std::auto_ptr’ is deprecated: use 'std::unique_ptr' instead [-Wdeprecated-declarations]
   22 |   const std::auto_ptr< MultiReaderLockImpl > impl_;
      |              ^~~~~~~~
In file included from /usr/lib/gcc/x86_64-pc-linux-gnu/15/include/g++-v15/memory:80,
                 from /home/vitaly/p/Prime-World/pw/branches/r1117/Src/Core/../System/../System/MultiReaderLock.h:3:
/usr/lib/gcc/x86_64-pc-linux-gnu/15/include/g++-v15/bits/unique_ptr.h:58:28: note: declared here
   58 |   template<typename> class auto_ptr;
      |                            ^~~~~~~~
In file included from /home/vitaly/p/Prime-World/pw/branches/r1117/Src/Core/../System/systemStdAfx.h:162:
/home/vitaly/p/Prime-World/pw/branches/r1117/Src/Core/../System/../System/ncircular_buffer.h:293:15: warning: ‘template<class _Category, class _Tp, class _Distance, class _Pointer, class _Reference> struct std::iterator’ is deprecated [-Wdeprecated-declarations]
  293 | : public std::iterator<std::random_access_iterator_tag,
      |               ^~~~~~~~
In file included from /usr/lib/gcc/x86_64-pc-linux-gnu/15/include/g++-v15/bits/stl_algobase.h:65,
                 from /usr/lib/gcc/x86_64-pc-linux-gnu/15/include/g++-v15/bits/specfun.h:43,
                 from /usr/lib/gcc/x86_64-pc-linux-gnu/15/include/g++-v15/cmath:3913,
                 from /usr/lib/gcc/x86_64-pc-linux-gnu/15/include/g++-v15/math.h:36,
                 from /home/vitaly/p/Prime-World/pw/branches/r1117/Src/System/Win32_linux.h:9,
                 from /home/vitaly/p/Prime-World/pw/branches/r1117/Src/System/config.h:51,
                 from /home/vitaly/p/Prime-World/pw/branches/r1117/Src/Core/../System/systemStdAfx.h:4:
/usr/lib/gcc/x86_64-pc-linux-gnu/15/include/g++-v15/bits/stl_iterator_base_types.h:129:34: note: declared here
  129 |     struct _GLIBCXX17_DEPRECATED iterator
      |                                  ^~~~~~~~
In file included from /home/vitaly/p/Prime-World/pw/branches/r1117/Src/Core/BinStatsCollector.cpp:2:
/home/vitaly/p/Prime-World/pw/branches/r1117/Src/Render/AABB.h:11:16: warning: attribute ignored in declaration of ‘struct Render::AABB’ [-Wattributes]
   11 |         struct AABB
      |                ^~~~
/home/vitaly/p/Prime-World/pw/branches/r1117/Src/Render/AABB.h:11:16: note: attribute for ‘struct Render::AABB’ must follow the ‘struct’ keyword
[  1%] Building CXX object CMakeFiles/PrimeWorld.dir/Core/CommandSerializer.cpp.o
In file included from /home/vitaly/p/Prime-World/pw/branches/r1117/Src/Core/../System/../System/Logger.h:7,
                 from /home/vitaly/p/Prime-World/pw/branches/r1117/Src/Core/../System/systemStdAfx.h:77,
                 from /home/vitaly/p/Prime-World/pw/branches/r1117/Src/Core/StdAfx.h:4,
                 from /home/vitaly/p/Prime-World/pw/branches/r1117/Src/Core/CommandSerializer.cpp:1:
/home/vitaly/p/Prime-World/pw/branches/r1117/Src/Core/../System/../System/MultiReaderLock.h:22:14: warning: ‘template<class> class std::auto_ptr’ is deprecated: use 'std::unique_ptr' instead [-Wdeprecated-declarations]
   22 |   const std::auto_ptr< MultiReaderLockImpl > impl_;
      |              ^~~~~~~~
In file included from /usr/lib/gcc/x86_64-pc-linux-gnu/15/include/g++-v15/memory:80,
                 from /home/vitaly/p/Prime-World/pw/branches/r1117/Src/Core/../System/../System/MultiReaderLock.h:3:
/usr/lib/gcc/x86_64-pc-linux-gnu/15/include/g++-v15/bits/unique_ptr.h:58:28: note: declared here
   58 |   template<typename> class auto_ptr;
      |                            ^~~~~~~~
In file included from /home/vitaly/p/Prime-World/pw/branches/r1117/Src/Core/../System/systemStdAfx.h:162:
/home/vitaly/p/Prime-World/pw/branches/r1117/Src/Core/../System/../System/ncircular_buffer.h:293:15: warning: ‘template<class _Category, class _Tp, class _Distance, class _Pointer, class _Reference> struct std::iterator’ is deprecated [-Wdeprecated-declarations]
  293 | : public std::iterator<std::random_access_iterator_tag,
      |               ^~~~~~~~
In file included from /usr/lib/gcc/x86_64-pc-linux-gnu/15/include/g++-v15/bits/stl_algobase.h:65,
                 from /usr/lib/gcc/x86_64-pc-linux-gnu/15/include/g++-v15/bits/specfun.h:43,
                 from /usr/lib/gcc/x86_64-pc-linux-gnu/15/include/g++-v15/cmath:3913,
                 from /usr/lib/gcc/x86_64-pc-linux-gnu/15/include/g++-v15/math.h:36,
                 from /home/vitaly/p/Prime-World/pw/branches/r1117/Src/System/Win32_linux.h:9,
                 from /home/vitaly/p/Prime-World/pw/branches/r1117/Src/System/config.h:51,
                 from /home/vitaly/p/Prime-World/pw/branches/r1117/Src/Core/../System/systemStdAfx.h:4:
/usr/lib/gcc/x86_64-pc-linux-gnu/15/include/g++-v15/bits/stl_iterator_base_types.h:129:34: note: declared here
  129 |     struct _GLIBCXX17_DEPRECATED iterator
      |                                  ^~~~~~~~
[  1%] Building CXX object CMakeFiles/PrimeWorld.dir/Core/CoreFSM.cpp.o
In file included from /home/vitaly/p/Prime-World/pw/branches/r1117/Src/Core/../System/../System/Logger.h:7,
                 from /home/vitaly/p/Prime-World/pw/branches/r1117/Src/Core/../System/systemStdAfx.h:77,
                 from /home/vitaly/p/Prime-World/pw/branches/r1117/Src/Core/stdafx.h:4,
                 from /home/vitaly/p/Prime-World/pw/branches/r1117/Src/Core/CoreFSM.cpp:1:
/home/vitaly/p/Prime-World/pw/branches/r1117/Src/Core/../System/../System/MultiReaderLock.h:22:14: warning: ‘template<class> class std::auto_ptr’ is deprecated: use 'std::unique_ptr' instead [-Wdeprecated-declarations]
   22 |   const std::auto_ptr< MultiReaderLockImpl > impl_;
      |              ^~~~~~~~
In file included from /usr/lib/gcc/x86_64-pc-linux-gnu/15/include/g++-v15/memory:80,
                 from /home/vitaly/p/Prime-World/pw/branches/r1117/Src/Core/../System/../System/MultiReaderLock.h:3:
/usr/lib/gcc/x86_64-pc-linux-gnu/15/include/g++-v15/bits/unique_ptr.h:58:28: note: declared here
   58 |   template<typename> class auto_ptr;
      |                            ^~~~~~~~
In file included from /home/vitaly/p/Prime-World/pw/branches/r1117/Src/Core/../System/systemStdAfx.h:162:
/home/vitaly/p/Prime-World/pw/branches/r1117/Src/Core/../System/../System/ncircular_buffer.h:293:15: warning: ‘template<class _Category, class _Tp, class _Distance, class _Pointer, class _Reference> struct std::iterator’ is deprecated [-Wdeprecated-declarations]
  293 | : public std::iterator<std::random_access_iterator_tag,
      |               ^~~~~~~~
In file included from /usr/lib/gcc/x86_64-pc-linux-gnu/15/include/g++-v15/bits/stl_algobase.h:65,
                 from /usr/lib/gcc/x86_64-pc-linux-gnu/15/include/g++-v15/bits/specfun.h:43,
                 from /usr/lib/gcc/x86_64-pc-linux-gnu/15/include/g++-v15/cmath:3913,
                 from /usr/lib/gcc/x86_64-pc-linux-gnu/15/include/g++-v15/math.h:36,
                 from /home/vitaly/p/Prime-World/pw/branches/r1117/Src/System/Win32_linux.h:9,
                 from /home/vitaly/p/Prime-World/pw/branches/r1117/Src/System/config.h:51,
                 from /home/vitaly/p/Prime-World/pw/branches/r1117/Src/Core/../System/systemStdAfx.h:4:
/usr/lib/gcc/x86_64-pc-linux-gnu/15/include/g++-v15/bits/stl_iterator_base_types.h:129:34: note: declared here
  129 |     struct _GLIBCXX17_DEPRECATED iterator
      |                                  ^~~~~~~~
[  1%] Building CXX object CMakeFiles/PrimeWorld.dir/Core/CoreFSMState.cpp.o
In file included from /home/vitaly/p/Prime-World/pw/branches/r1117/Src/Core/../System/../System/Logger.h:7,
                 from /home/vitaly/p/Prime-World/pw/branches/r1117/Src/Core/../System/systemStdAfx.h:77,
                 from /home/vitaly/p/Prime-World/pw/branches/r1117/Src/Core/stdafx.h:4,
                 from /home/vitaly/p/Prime-World/pw/branches/r1117/Src/Core/CoreFSMState.cpp:1:
/home/vitaly/p/Prime-World/pw/branches/r1117/Src/Core/../System/../System/MultiReaderLock.h:22:14: warning: ‘template<class> class std::auto_ptr’ is deprecated: use 'std::unique_ptr' instead [-Wdeprecated-declarations]
   22 |   const std::auto_ptr< MultiReaderLockImpl > impl_;
      |              ^~~~~~~~
In file included from /usr/lib/gcc/x86_64-pc-linux-gnu/15/include/g++-v15/memory:80,
                 from /home/vitaly/p/Prime-World/pw/branches/r1117/Src/Core/../System/../System/MultiReaderLock.h:3:
/usr/lib/gcc/x86_64-pc-linux-gnu/15/include/g++-v15/bits/unique_ptr.h:58:28: note: declared here
   58 |   template<typename> class auto_ptr;
      |                            ^~~~~~~~
In file included from /home/vitaly/p/Prime-World/pw/branches/r1117/Src/Core/../System/systemStdAfx.h:162:
/home/vitaly/p/Prime-World/pw/branches/r1117/Src/Core/../System/../System/ncircular_buffer.h:293:15: warning: ‘template<class _Category, class _Tp, class _Distance, class _Pointer, class _Reference> struct std::iterator’ is deprecated [-Wdeprecated-declarations]
  293 | : public std::iterator<std::random_access_iterator_tag,
      |               ^~~~~~~~
In file included from /usr/lib/gcc/x86_64-pc-linux-gnu/15/include/g++-v15/bits/stl_algobase.h:65,
                 from /usr/lib/gcc/x86_64-pc-linux-gnu/15/include/g++-v15/bits/specfun.h:43,
                 from /usr/lib/gcc/x86_64-pc-linux-gnu/15/include/g++-v15/cmath:3913,
                 from /usr/lib/gcc/x86_64-pc-linux-gnu/15/include/g++-v15/math.h:36,
                 from /home/vitaly/p/Prime-World/pw/branches/r1117/Src/System/Win32_linux.h:9,
                 from /home/vitaly/p/Prime-World/pw/branches/r1117/Src/System/config.h:51,
                 from /home/vitaly/p/Prime-World/pw/branches/r1117/Src/Core/../System/systemStdAfx.h:4:
/usr/lib/gcc/x86_64-pc-linux-gnu/15/include/g++-v15/bits/stl_iterator_base_types.h:129:34: note: declared here
  129 |     struct _GLIBCXX17_DEPRECATED iterator
      |                                  ^~~~~~~~
[  1%] Building CXX object CMakeFiles/PrimeWorld.dir/Core/GameCommand.cpp.o
In file included from /home/vitaly/p/Prime-World/pw/branches/r1117/Src/Core/../System/../System/Logger.h:7,
                 from /home/vitaly/p/Prime-World/pw/branches/r1117/Src/Core/../System/systemStdAfx.h:77,
                 from /home/vitaly/p/Prime-World/pw/branches/r1117/Src/Core/stdafx.h:4,
                 from /home/vitaly/p/Prime-World/pw/branches/r1117/Src/Core/GameCommand.cpp:1:
/home/vitaly/p/Prime-World/pw/branches/r1117/Src/Core/../System/../System/MultiReaderLock.h:22:14: warning: ‘template<class> class std::auto_ptr’ is deprecated: use 'std::unique_ptr' instead [-Wdeprecated-declarations]
   22 |   const std::auto_ptr< MultiReaderLockImpl > impl_;
      |              ^~~~~~~~
In file included from /usr/lib/gcc/x86_64-pc-linux-gnu/15/include/g++-v15/memory:80,
                 from /home/vitaly/p/Prime-World/pw/branches/r1117/Src/Core/../System/../System/MultiReaderLock.h:3:
/usr/lib/gcc/x86_64-pc-linux-gnu/15/include/g++-v15/bits/unique_ptr.h:58:28: note: declared here
   58 |   template<typename> class auto_ptr;
      |                            ^~~~~~~~
In file included from /home/vitaly/p/Prime-World/pw/branches/r1117/Src/Core/../System/systemStdAfx.h:162:
/home/vitaly/p/Prime-World/pw/branches/r1117/Src/Core/../System/../System/ncircular_buffer.h:293:15: warning: ‘template<class _Category, class _Tp, class _Distance, class _Pointer, class _Reference> struct std::iterator’ is deprecated [-Wdeprecated-declarations]
  293 | : public std::iterator<std::random_access_iterator_tag,
      |               ^~~~~~~~
In file included from /usr/lib/gcc/x86_64-pc-linux-gnu/15/include/g++-v15/bits/stl_algobase.h:65,
                 from /usr/lib/gcc/x86_64-pc-linux-gnu/15/include/g++-v15/bits/specfun.h:43,
                 from /usr/lib/gcc/x86_64-pc-linux-gnu/15/include/g++-v15/cmath:3913,
                 from /usr/lib/gcc/x86_64-pc-linux-gnu/15/include/g++-v15/math.h:36,
                 from /home/vitaly/p/Prime-World/pw/branches/r1117/Src/System/Win32_linux.h:9,
                 from /home/vitaly/p/Prime-World/pw/branches/r1117/Src/System/config.h:51,
                 from /home/vitaly/p/Prime-World/pw/branches/r1117/Src/Core/../System/systemStdAfx.h:4:
/usr/lib/gcc/x86_64-pc-linux-gnu/15/include/g++-v15/bits/stl_iterator_base_types.h:129:34: note: declared here
  129 |     struct _GLIBCXX17_DEPRECATED iterator
      |                                  ^~~~~~~~
[  1%] Building CXX object CMakeFiles/PrimeWorld.dir/Core/GameTypes.cpp.o
In file included from /home/vitaly/p/Prime-World/pw/branches/r1117/Src/Core/../System/../System/Logger.h:7,
                 from /home/vitaly/p/Prime-World/pw/branches/r1117/Src/Core/../System/systemStdAfx.h:77,
                 from /home/vitaly/p/Prime-World/pw/branches/r1117/Src/Core/stdafx.h:4,
                 from /home/vitaly/p/Prime-World/pw/branches/r1117/Src/Core/GameTypes.cpp:1:
/home/vitaly/p/Prime-World/pw/branches/r1117/Src/Core/../System/../System/MultiReaderLock.h:22:14: warning: ‘template<class> class std::auto_ptr’ is deprecated: use 'std::unique_ptr' instead [-Wdeprecated-declarations]
   22 |   const std::auto_ptr< MultiReaderLockImpl > impl_;
      |              ^~~~~~~~
In file included from /usr/lib/gcc/x86_64-pc-linux-gnu/15/include/g++-v15/memory:80,
                 from /home/vitaly/p/Prime-World/pw/branches/r1117/Src/Core/../System/../System/MultiReaderLock.h:3:
/usr/lib/gcc/x86_64-pc-linux-gnu/15/include/g++-v15/bits/unique_ptr.h:58:28: note: declared here
   58 |   template<typename> class auto_ptr;
      |                            ^~~~~~~~
In file included from /home/vitaly/p/Prime-World/pw/branches/r1117/Src/Core/../System/systemStdAfx.h:162:
/home/vitaly/p/Prime-World/pw/branches/r1117/Src/Core/../System/../System/ncircular_buffer.h:293:15: warning: ‘template<class _Category, class _Tp, class _Distance, class _Pointer, class _Reference> struct std::iterator’ is deprecated [-Wdeprecated-declarations]
  293 | : public std::iterator<std::random_access_iterator_tag,
      |               ^~~~~~~~
In file included from /usr/lib/gcc/x86_64-pc-linux-gnu/15/include/g++-v15/bits/stl_algobase.h:65,
                 from /usr/lib/gcc/x86_64-pc-linux-gnu/15/include/g++-v15/bits/specfun.h:43,
                 from /usr/lib/gcc/x86_64-pc-linux-gnu/15/include/g++-v15/cmath:3913,
                 from /usr/lib/gcc/x86_64-pc-linux-gnu/15/include/g++-v15/math.h:36,
                 from /home/vitaly/p/Prime-World/pw/branches/r1117/Src/System/Win32_linux.h:9,
                 from /home/vitaly/p/Prime-World/pw/branches/r1117/Src/System/config.h:51,
                 from /home/vitaly/p/Prime-World/pw/branches/r1117/Src/Core/../System/systemStdAfx.h:4:
/usr/lib/gcc/x86_64-pc-linux-gnu/15/include/g++-v15/bits/stl_iterator_base_types.h:129:34: note: declared here
  129 |     struct _GLIBCXX17_DEPRECATED iterator
      |                                  ^~~~~~~~
[  2%] Building CXX object CMakeFiles/PrimeWorld.dir/Core/RemoteCommandScheduler.cpp.o
In file included from /home/vitaly/p/Prime-World/pw/branches/r1117/Src/Core/../System/../System/Logger.h:7,
                 from /home/vitaly/p/Prime-World/pw/branches/r1117/Src/Core/../System/systemStdAfx.h:77,
                 from /home/vitaly/p/Prime-World/pw/branches/r1117/Src/Core/StdAfx.h:4,
                 from /home/vitaly/p/Prime-World/pw/branches/r1117/Src/Core/RemoteCommandScheduler.cpp:1:
/home/vitaly/p/Prime-World/pw/branches/r1117/Src/Core/../System/../System/MultiReaderLock.h:22:14: warning: ‘template<class> class std::auto_ptr’ is deprecated: use 'std::unique_ptr' instead [-Wdeprecated-declarations]
   22 |   const std::auto_ptr< MultiReaderLockImpl > impl_;
      |              ^~~~~~~~
In file included from /usr/lib/gcc/x86_64-pc-linux-gnu/15/include/g++-v15/memory:80,
                 from /home/vitaly/p/Prime-World/pw/branches/r1117/Src/Core/../System/../System/MultiReaderLock.h:3:
/usr/lib/gcc/x86_64-pc-linux-gnu/15/include/g++-v15/bits/unique_ptr.h:58:28: note: declared here
   58 |   template<typename> class auto_ptr;
      |                            ^~~~~~~~
In file included from /home/vitaly/p/Prime-World/pw/branches/r1117/Src/Core/../System/systemStdAfx.h:162:
/home/vitaly/p/Prime-World/pw/branches/r1117/Src/Core/../System/../System/ncircular_buffer.h:293:15: warning: ‘template<class _Category, class _Tp, class _Distance, class _Pointer, class _Reference> struct std::iterator’ is deprecated [-Wdeprecated-declarations]
  293 | : public std::iterator<std::random_access_iterator_tag,
      |               ^~~~~~~~
In file included from /usr/lib/gcc/x86_64-pc-linux-gnu/15/include/g++-v15/bits/stl_algobase.h:65,
                 from /usr/lib/gcc/x86_64-pc-linux-gnu/15/include/g++-v15/bits/specfun.h:43,
                 from /usr/lib/gcc/x86_64-pc-linux-gnu/15/include/g++-v15/cmath:3913,
                 from /usr/lib/gcc/x86_64-pc-linux-gnu/15/include/g++-v15/math.h:36,
                 from /home/vitaly/p/Prime-World/pw/branches/r1117/Src/System/Win32_linux.h:9,
                 from /home/vitaly/p/Prime-World/pw/branches/r1117/Src/System/config.h:51,
                 from /home/vitaly/p/Prime-World/pw/branches/r1117/Src/Core/../System/systemStdAfx.h:4:
/usr/lib/gcc/x86_64-pc-linux-gnu/15/include/g++-v15/bits/stl_iterator_base_types.h:129:34: note: declared here
  129 |     struct _GLIBCXX17_DEPRECATED iterator
      |                                  ^~~~~~~~
[  2%] Building CXX object CMakeFiles/PrimeWorld.dir/Core/Replay.cpp.o
In file included from /home/vitaly/p/Prime-World/pw/branches/r1117/Src/Core/../System/../System/Logger.h:7,
                 from /home/vitaly/p/Prime-World/pw/branches/r1117/Src/Core/../System/systemStdAfx.h:77,
                 from /home/vitaly/p/Prime-World/pw/branches/r1117/Src/Core/stdafx.h:4,
                 from /home/vitaly/p/Prime-World/pw/branches/r1117/Src/Core/Replay.cpp:1:
/home/vitaly/p/Prime-World/pw/branches/r1117/Src/Core/../System/../System/MultiReaderLock.h:22:14: warning: ‘template<class> class std::auto_ptr’ is deprecated: use 'std::unique_ptr' instead [-Wdeprecated-declarations]
   22 |   const std::auto_ptr< MultiReaderLockImpl > impl_;
      |              ^~~~~~~~
In file included from /usr/lib/gcc/x86_64-pc-linux-gnu/15/include/g++-v15/memory:80,
                 from /home/vitaly/p/Prime-World/pw/branches/r1117/Src/Core/../System/../System/MultiReaderLock.h:3:
/usr/lib/gcc/x86_64-pc-linux-gnu/15/include/g++-v15/bits/unique_ptr.h:58:28: note: declared here
   58 |   template<typename> class auto_ptr;
      |                            ^~~~~~~~
In file included from /home/vitaly/p/Prime-World/pw/branches/r1117/Src/Core/../System/systemStdAfx.h:162:
/home/vitaly/p/Prime-World/pw/branches/r1117/Src/Core/../System/../System/ncircular_buffer.h:293:15: warning: ‘template<class _Category, class _Tp, class _Distance, class _Pointer, class _Reference> struct std::iterator’ is deprecated [-Wdeprecated-declarations]
  293 | : public std::iterator<std::random_access_iterator_tag,
      |               ^~~~~~~~
In file included from /usr/lib/gcc/x86_64-pc-linux-gnu/15/include/g++-v15/bits/stl_algobase.h:65,
                 from /usr/lib/gcc/x86_64-pc-linux-gnu/15/include/g++-v15/bits/specfun.h:43,
                 from /usr/lib/gcc/x86_64-pc-linux-gnu/15/include/g++-v15/cmath:3913,
                 from /usr/lib/gcc/x86_64-pc-linux-gnu/15/include/g++-v15/math.h:36,
                 from /home/vitaly/p/Prime-World/pw/branches/r1117/Src/System/Win32_linux.h:9,
                 from /home/vitaly/p/Prime-World/pw/branches/r1117/Src/System/config.h:51,
                 from /home/vitaly/p/Prime-World/pw/branches/r1117/Src/Core/../System/systemStdAfx.h:4:
/usr/lib/gcc/x86_64-pc-linux-gnu/15/include/g++-v15/bits/stl_iterator_base_types.h:129:34: note: declared here
  129 |     struct _GLIBCXX17_DEPRECATED iterator
      |                                  ^~~~~~~~
In file included from /home/vitaly/p/Prime-World/pw/branches/r1117/Src/Core/Replay.cpp:3:
/home/vitaly/p/Prime-World/pw/branches/r1117/Src/Core/Transceiver.h:265:7: warning: ‘NCore::Transceiver’ has a field ‘NCore::{anonymous}::ProtectionMagicStepCalculator NCore::Transceiver::pmsc’ whose type uses the anonymous namespace [-Wsubobject-linkage]
  265 | class Transceiver : public ITransceiver, public BaseObjectST
      |       ^~~~~~~~~~~
[  2%] Building CXX object CMakeFiles/PrimeWorld.dir/Core/Transceiver.cpp.o
In file included from /home/vitaly/p/Prime-World/pw/branches/r1117/Src/Core/../System/../System/Logger.h:7,
                 from /home/vitaly/p/Prime-World/pw/branches/r1117/Src/Core/../System/systemStdAfx.h:77,
                 from /home/vitaly/p/Prime-World/pw/branches/r1117/Src/Core/stdafx.h:4,
                 from /home/vitaly/p/Prime-World/pw/branches/r1117/Src/Core/Transceiver.cpp:1:
/home/vitaly/p/Prime-World/pw/branches/r1117/Src/Core/../System/../System/MultiReaderLock.h:22:14: warning: ‘template<class> class std::auto_ptr’ is deprecated: use 'std::unique_ptr' instead [-Wdeprecated-declarations]
   22 |   const std::auto_ptr< MultiReaderLockImpl > impl_;
      |              ^~~~~~~~
In file included from /usr/lib/gcc/x86_64-pc-linux-gnu/15/include/g++-v15/memory:80,
                 from /home/vitaly/p/Prime-World/pw/branches/r1117/Src/Core/../System/../System/MultiReaderLock.h:3:
/usr/lib/gcc/x86_64-pc-linux-gnu/15/include/g++-v15/bits/unique_ptr.h:58:28: note: declared here
   58 |   template<typename> class auto_ptr;
      |                            ^~~~~~~~
In file included from /home/vitaly/p/Prime-World/pw/branches/r1117/Src/Core/../System/systemStdAfx.h:162:
/home/vitaly/p/Prime-World/pw/branches/r1117/Src/Core/../System/../System/ncircular_buffer.h:293:15: warning: ‘template<class _Category, class _Tp, class _Distance, class _Pointer, class _Reference> struct std::iterator’ is deprecated [-Wdeprecated-declarations]
  293 | : public std::iterator<std::random_access_iterator_tag,
      |               ^~~~~~~~
In file included from /usr/lib/gcc/x86_64-pc-linux-gnu/15/include/g++-v15/bits/stl_algobase.h:65,
                 from /usr/lib/gcc/x86_64-pc-linux-gnu/15/include/g++-v15/bits/specfun.h:43,
                 from /usr/lib/gcc/x86_64-pc-linux-gnu/15/include/g++-v15/cmath:3913,
                 from /usr/lib/gcc/x86_64-pc-linux-gnu/15/include/g++-v15/math.h:36,
                 from /home/vitaly/p/Prime-World/pw/branches/r1117/Src/System/Win32_linux.h:9,
                 from /home/vitaly/p/Prime-World/pw/branches/r1117/Src/System/config.h:51,
                 from /home/vitaly/p/Prime-World/pw/branches/r1117/Src/Core/../System/systemStdAfx.h:4:
/usr/lib/gcc/x86_64-pc-linux-gnu/15/include/g++-v15/bits/stl_iterator_base_types.h:129:34: note: declared here
  129 |     struct _GLIBCXX17_DEPRECATED iterator
      |                                  ^~~~~~~~
In file included from /home/vitaly/p/Prime-World/pw/branches/r1117/Src/Core/Transceiver.cpp:2:
/home/vitaly/p/Prime-World/pw/branches/r1117/Src/Core/Transceiver.h:265:7: warning: ‘NCore::Transceiver’ has a field ‘NCore::{anonymous}::ProtectionMagicStepCalculator NCore::Transceiver::pmsc’ whose type uses the anonymous namespace [-Wsubobject-linkage]
  265 | class Transceiver : public ITransceiver, public BaseObjectST
      |       ^~~~~~~~~~~
[  2%] Building CXX object CMakeFiles/PrimeWorld.dir/Core/WorldCommand.cpp.o
In file included from /home/vitaly/p/Prime-World/pw/branches/r1117/Src/Core/../System/../System/Logger.h:7,
                 from /home/vitaly/p/Prime-World/pw/branches/r1117/Src/Core/../System/systemStdAfx.h:77,
                 from /home/vitaly/p/Prime-World/pw/branches/r1117/Src/Core/StdAfx.h:4,
                 from /home/vitaly/p/Prime-World/pw/branches/r1117/Src/Core/WorldCommand.cpp:1:
/home/vitaly/p/Prime-World/pw/branches/r1117/Src/Core/../System/../System/MultiReaderLock.h:22:14: warning: ‘template<class> class std::auto_ptr’ is deprecated: use 'std::unique_ptr' instead [-Wdeprecated-declarations]
   22 |   const std::auto_ptr< MultiReaderLockImpl > impl_;
      |              ^~~~~~~~
In file included from /usr/lib/gcc/x86_64-pc-linux-gnu/15/include/g++-v15/memory:80,
                 from /home/vitaly/p/Prime-World/pw/branches/r1117/Src/Core/../System/../System/MultiReaderLock.h:3:
/usr/lib/gcc/x86_64-pc-linux-gnu/15/include/g++-v15/bits/unique_ptr.h:58:28: note: declared here
   58 |   template<typename> class auto_ptr;
      |                            ^~~~~~~~
In file included from /home/vitaly/p/Prime-World/pw/branches/r1117/Src/Core/../System/systemStdAfx.h:162:
/home/vitaly/p/Prime-World/pw/branches/r1117/Src/Core/../System/../System/ncircular_buffer.h:293:15: warning: ‘template<class _Category, class _Tp, class _Distance, class _Pointer, class _Reference> struct std::iterator’ is deprecated [-Wdeprecated-declarations]
  293 | : public std::iterator<std::random_access_iterator_tag,
      |               ^~~~~~~~
In file included from /usr/lib/gcc/x86_64-pc-linux-gnu/15/include/g++-v15/bits/stl_algobase.h:65,
                 from /usr/lib/gcc/x86_64-pc-linux-gnu/15/include/g++-v15/bits/specfun.h:43,
                 from /usr/lib/gcc/x86_64-pc-linux-gnu/15/include/g++-v15/cmath:3913,
                 from /usr/lib/gcc/x86_64-pc-linux-gnu/15/include/g++-v15/math.h:36,
                 from /home/vitaly/p/Prime-World/pw/branches/r1117/Src/System/Win32_linux.h:9,
                 from /home/vitaly/p/Prime-World/pw/branches/r1117/Src/System/config.h:51,
                 from /home/vitaly/p/Prime-World/pw/branches/r1117/Src/Core/../System/systemStdAfx.h:4:
/usr/lib/gcc/x86_64-pc-linux-gnu/15/include/g++-v15/bits/stl_iterator_base_types.h:129:34: note: declared here
  129 |     struct _GLIBCXX17_DEPRECATED iterator
      |                                  ^~~~~~~~
[  2%] Building CXX object CMakeFiles/PrimeWorld.dir/Core/stdafx.cpp.o
In file included from /home/vitaly/p/Prime-World/pw/branches/r1117/Src/Core/../System/../System/Logger.h:7,
                 from /home/vitaly/p/Prime-World/pw/branches/r1117/Src/Core/../System/systemStdAfx.h:77,
                 from /home/vitaly/p/Prime-World/pw/branches/r1117/Src/Core/stdafx.h:4,
                 from /home/vitaly/p/Prime-World/pw/branches/r1117/Src/Core/stdafx.cpp:1:
/home/vitaly/p/Prime-World/pw/branches/r1117/Src/Core/../System/../System/MultiReaderLock.h:22:14: warning: ‘template<class> class std::auto_ptr’ is deprecated: use 'std::unique_ptr' instead [-Wdeprecated-declarations]
   22 |   const std::auto_ptr< MultiReaderLockImpl > impl_;
      |              ^~~~~~~~
In file included from /usr/lib/gcc/x86_64-pc-linux-gnu/15/include/g++-v15/memory:80,
                 from /home/vitaly/p/Prime-World/pw/branches/r1117/Src/Core/../System/../System/MultiReaderLock.h:3:
/usr/lib/gcc/x86_64-pc-linux-gnu/15/include/g++-v15/bits/unique_ptr.h:58:28: note: declared here
   58 |   template<typename> class auto_ptr;
      |                            ^~~~~~~~
In file included from /home/vitaly/p/Prime-World/pw/branches/r1117/Src/Core/../System/systemStdAfx.h:162:
/home/vitaly/p/Prime-World/pw/branches/r1117/Src/Core/../System/../System/ncircular_buffer.h:293:15: warning: ‘template<class _Category, class _Tp, class _Distance, class _Pointer, class _Reference> struct std::iterator’ is deprecated [-Wdeprecated-declarations]
  293 | : public std::iterator<std::random_access_iterator_tag,
      |               ^~~~~~~~
In file included from /usr/lib/gcc/x86_64-pc-linux-gnu/15/include/g++-v15/bits/stl_algobase.h:65,
                 from /usr/lib/gcc/x86_64-pc-linux-gnu/15/include/g++-v15/bits/specfun.h:43,
                 from /usr/lib/gcc/x86_64-pc-linux-gnu/15/include/g++-v15/cmath:3913,
                 from /usr/lib/gcc/x86_64-pc-linux-gnu/15/include/g++-v15/math.h:36,
                 from /home/vitaly/p/Prime-World/pw/branches/r1117/Src/System/Win32_linux.h:9,
                 from /home/vitaly/p/Prime-World/pw/branches/r1117/Src/System/config.h:51,
                 from /home/vitaly/p/Prime-World/pw/branches/r1117/Src/Core/../System/systemStdAfx.h:4:
/usr/lib/gcc/x86_64-pc-linux-gnu/15/include/g++-v15/bits/stl_iterator_base_types.h:129:34: note: declared here
  129 |     struct _GLIBCXX17_DEPRECATED iterator
      |                                  ^~~~~~~~
[  2%] Building CXX object CMakeFiles/PrimeWorld.dir/Game/PF/Client/GameChatClient/GameChatClient.cpp.o
In file included from /home/vitaly/p/Prime-World/pw/branches/r1117/Src/System/../System/Logger.h:7,
                 from /home/vitaly/p/Prime-World/pw/branches/r1117/Src/System/systemStdAfx.h:77,
                 from /home/vitaly/p/Prime-World/pw/branches/r1117/Src/Game/PF/Client/GameChatClient/stdafx.h:3,
                 from /home/vitaly/p/Prime-World/pw/branches/r1117/Src/Game/PF/Client/GameChatClient/GameChatClient.cpp:1:
/home/vitaly/p/Prime-World/pw/branches/r1117/Src/System/../System/MultiReaderLock.h:22:14: warning: ‘template<class> class std::auto_ptr’ is deprecated: use 'std::unique_ptr' instead [-Wdeprecated-declarations]
   22 |   const std::auto_ptr< MultiReaderLockImpl > impl_;
      |              ^~~~~~~~
In file included from /usr/lib/gcc/x86_64-pc-linux-gnu/15/include/g++-v15/memory:80,
                 from /home/vitaly/p/Prime-World/pw/branches/r1117/Src/System/../System/MultiReaderLock.h:3:
/usr/lib/gcc/x86_64-pc-linux-gnu/15/include/g++-v15/bits/unique_ptr.h:58:28: note: declared here
   58 |   template<typename> class auto_ptr;
      |                            ^~~~~~~~
In file included from /home/vitaly/p/Prime-World/pw/branches/r1117/Src/System/systemStdAfx.h:162:
/home/vitaly/p/Prime-World/pw/branches/r1117/Src/System/../System/ncircular_buffer.h:293:15: warning: ‘template<class _Category, class _Tp, class _Distance, class _Pointer, class _Reference> struct std::iterator’ is deprecated [-Wdeprecated-declarations]
  293 | : public std::iterator<std::random_access_iterator_tag,
      |               ^~~~~~~~
In file included from /usr/lib/gcc/x86_64-pc-linux-gnu/15/include/g++-v15/bits/stl_algobase.h:65,
                 from /usr/lib/gcc/x86_64-pc-linux-gnu/15/include/g++-v15/bits/specfun.h:43,
                 from /usr/lib/gcc/x86_64-pc-linux-gnu/15/include/g++-v15/cmath:3913,
                 from /usr/lib/gcc/x86_64-pc-linux-gnu/15/include/g++-v15/math.h:36,
                 from /home/vitaly/p/Prime-World/pw/branches/r1117/Src/System/Win32_linux.h:9,
                 from /home/vitaly/p/Prime-World/pw/branches/r1117/Src/System/config.h:51,
                 from /home/vitaly/p/Prime-World/pw/branches/r1117/Src/System/systemStdAfx.h:4:
/usr/lib/gcc/x86_64-pc-linux-gnu/15/include/g++-v15/bits/stl_iterator_base_types.h:129:34: note: declared here
  129 |     struct _GLIBCXX17_DEPRECATED iterator
      |                                  ^~~~~~~~
[  2%] Building CXX object CMakeFiles/PrimeWorld.dir/Game/PF/Client/GameChatClient/stdafx.cpp.o
In file included from /home/vitaly/p/Prime-World/pw/branches/r1117/Src/System/../System/Logger.h:7,
                 from /home/vitaly/p/Prime-World/pw/branches/r1117/Src/System/systemStdAfx.h:77,
                 from /home/vitaly/p/Prime-World/pw/branches/r1117/Src/Game/PF/Client/GameChatClient/stdafx.h:3,
                 from /home/vitaly/p/Prime-World/pw/branches/r1117/Src/Game/PF/Client/GameChatClient/stdafx.cpp:1:
/home/vitaly/p/Prime-World/pw/branches/r1117/Src/System/../System/MultiReaderLock.h:22:14: warning: ‘template<class> class std::auto_ptr’ is deprecated: use 'std::unique_ptr' instead [-Wdeprecated-declarations]
   22 |   const std::auto_ptr< MultiReaderLockImpl > impl_;
      |              ^~~~~~~~
In file included from /usr/lib/gcc/x86_64-pc-linux-gnu/15/include/g++-v15/memory:80,
                 from /home/vitaly/p/Prime-World/pw/branches/r1117/Src/System/../System/MultiReaderLock.h:3:
/usr/lib/gcc/x86_64-pc-linux-gnu/15/include/g++-v15/bits/unique_ptr.h:58:28: note: declared here
   58 |   template<typename> class auto_ptr;
      |                            ^~~~~~~~
In file included from /home/vitaly/p/Prime-World/pw/branches/r1117/Src/System/systemStdAfx.h:162:
/home/vitaly/p/Prime-World/pw/branches/r1117/Src/System/../System/ncircular_buffer.h:293:15: warning: ‘template<class _Category, class _Tp, class _Distance, class _Pointer, class _Reference> struct std::iterator’ is deprecated [-Wdeprecated-declarations]
  293 | : public std::iterator<std::random_access_iterator_tag,
      |               ^~~~~~~~
In file included from /usr/lib/gcc/x86_64-pc-linux-gnu/15/include/g++-v15/bits/stl_algobase.h:65,
                 from /usr/lib/gcc/x86_64-pc-linux-gnu/15/include/g++-v15/bits/specfun.h:43,
                 from /usr/lib/gcc/x86_64-pc-linux-gnu/15/include/g++-v15/cmath:3913,
                 from /usr/lib/gcc/x86_64-pc-linux-gnu/15/include/g++-v15/math.h:36,
                 from /home/vitaly/p/Prime-World/pw/branches/r1117/Src/System/Win32_linux.h:9,
                 from /home/vitaly/p/Prime-World/pw/branches/r1117/Src/System/config.h:51,
                 from /home/vitaly/p/Prime-World/pw/branches/r1117/Src/System/systemStdAfx.h:4:
/usr/lib/gcc/x86_64-pc-linux-gnu/15/include/g++-v15/bits/stl_iterator_base_types.h:129:34: note: declared here
  129 |     struct _GLIBCXX17_DEPRECATED iterator
      |                                  ^~~~~~~~
[  2%] Building CXX object CMakeFiles/PrimeWorld.dir/Game/PF/Client/LobbyPvx/HybridServerNodeImpl.cpp.o
In file included from /home/vitaly/p/Prime-World/pw/branches/r1117/Src/PF_GameLogic/specific.h:21,
                 from /home/vitaly/p/Prime-World/pw/branches/r1117/Src/PF_GameLogic/stdafx.h:5,
                 from /home/vitaly/p/Prime-World/pw/branches/r1117/Src/PF_GameLogic/ReplayInfo.h:3,
                 from /home/vitaly/p/Prime-World/pw/branches/r1117/Src/Game/PF/Client/LobbyPvx/HybridServerNodeImpl.h:11,
                 from /home/vitaly/p/Prime-World/pw/branches/r1117/Src/Game/PF/Client/LobbyPvx/HybridServerNodeImpl.cpp:2:
/home/vitaly/p/Prime-World/pw/branches/r1117/Src/PF_GameLogic/../Scene/DiAnGrUtils.h:198:8: warning: extra tokens at end of ‘#endif’ directive [-Wendif-labels]
  198 | #endif _DIANGRUTILS_H_
      |        ^~~~~~~~~~~~~~~
In file included from /home/vitaly/p/Prime-World/pw/branches/r1117/Src/System/../System/Logger.h:7,
                 from /home/vitaly/p/Prime-World/pw/branches/r1117/Src/System/systemStdAfx.h:77,
                 from /home/vitaly/p/Prime-World/pw/branches/r1117/Src/Game/PF/Client/LobbyPvx/stdafx.h:3,
                 from /home/vitaly/p/Prime-World/pw/branches/r1117/Src/Game/PF/Client/LobbyPvx/HybridServerNodeImpl.cpp:1:
/home/vitaly/p/Prime-World/pw/branches/r1117/Src/System/../System/MultiReaderLock.h:22:14: warning: ‘template<class> class std::auto_ptr’ is deprecated: use 'std::unique_ptr' instead [-Wdeprecated-declarations]
   22 |   const std::auto_ptr< MultiReaderLockImpl > impl_;
      |              ^~~~~~~~
In file included from /usr/lib/gcc/x86_64-pc-linux-gnu/15/include/g++-v15/memory:80,
                 from /home/vitaly/p/Prime-World/pw/branches/r1117/Src/System/../System/MultiReaderLock.h:3:
/usr/lib/gcc/x86_64-pc-linux-gnu/15/include/g++-v15/bits/unique_ptr.h:58:28: note: declared here
   58 |   template<typename> class auto_ptr;
      |                            ^~~~~~~~
In file included from /home/vitaly/p/Prime-World/pw/branches/r1117/Src/System/systemStdAfx.h:162:
/home/vitaly/p/Prime-World/pw/branches/r1117/Src/System/../System/ncircular_buffer.h:293:15: warning: ‘template<class _Category, class _Tp, class _Distance, class _Pointer, class _Reference> struct std::iterator’ is deprecated [-Wdeprecated-declarations]
  293 | : public std::iterator<std::random_access_iterator_tag,
      |               ^~~~~~~~
In file included from /usr/lib/gcc/x86_64-pc-linux-gnu/15/include/g++-v15/bits/stl_algobase.h:65,
                 from /usr/lib/gcc/x86_64-pc-linux-gnu/15/include/g++-v15/bits/specfun.h:43,
                 from /usr/lib/gcc/x86_64-pc-linux-gnu/15/include/g++-v15/cmath:3913,
                 from /usr/lib/gcc/x86_64-pc-linux-gnu/15/include/g++-v15/math.h:36,
                 from /home/vitaly/p/Prime-World/pw/branches/r1117/Src/System/Win32_linux.h:9,
                 from /home/vitaly/p/Prime-World/pw/branches/r1117/Src/System/config.h:51,
                 from /home/vitaly/p/Prime-World/pw/branches/r1117/Src/System/systemStdAfx.h:4:
/usr/lib/gcc/x86_64-pc-linux-gnu/15/include/g++-v15/bits/stl_iterator_base_types.h:129:34: note: declared here
  129 |     struct _GLIBCXX17_DEPRECATED iterator
      |                                  ^~~~~~~~
In file included from /home/vitaly/p/Prime-World/pw/branches/r1117/Src/PF_GameLogic/../Render/sampler.h:4,
                 from /home/vitaly/p/Prime-World/pw/branches/r1117/Src/PF_GameLogic/../Render/material.h:9,
                 from /home/vitaly/p/Prime-World/pw/branches/r1117/Src/PF_GameLogic/../Render/renderstatesmanager.h:5,
                 from /home/vitaly/p/Prime-World/pw/branches/r1117/Src/PF_GameLogic/../Render/renderer.h:7,
                 from /home/vitaly/p/Prime-World/pw/branches/r1117/Src/PF_GameLogic/specific.h:11:
/home/vitaly/p/Prime-World/pw/branches/r1117/Src/PF_GameLogic/../Render/states.h: In member function ‘Render::SamplerState& Render::SamplerState::CreateMask()’:
/home/vitaly/p/Prime-World/pw/branches/r1117/Src/PF_GameLogic/../Render/states.h:125:17: warning: conversion from ‘unsigned int’ to ‘unsigned char:3’ changes value from ‘4294967295’ to ‘7’ [-Woverflow]
  125 |     minFilter = UINT_MAX;
      |                 ^~~~~~~~
/home/vitaly/p/Prime-World/pw/branches/r1117/Src/PF_GameLogic/../Render/states.h:126:17: warning: conversion from ‘unsigned int’ to ‘unsigned char:1’ changes value from ‘4294967295’ to ‘1’ [-Woverflow]
  126 |     magFilter = UINT_MAX;
      |                 ^~~~~~~~
/home/vitaly/p/Prime-World/pw/branches/r1117/Src/PF_GameLogic/../Render/states.h:127:17: warning: conversion from ‘unsigned int’ to ‘unsigned char:2’ changes value from ‘4294967295’ to ‘3’ [-Woverflow]
  127 |     mipFilter = UINT_MAX;
      |                 ^~~~~~~~
/home/vitaly/p/Prime-World/pw/branches/r1117/Src/PF_GameLogic/../Render/states.h:128:17: warning: conversion from ‘unsigned int’ to ‘unsigned char:2’ changes value from ‘4294967295’ to ‘3’ [-Woverflow]
  128 |     addressU  = UINT_MAX;
      |                 ^~~~~~~~
/home/vitaly/p/Prime-World/pw/branches/r1117/Src/PF_GameLogic/../Render/states.h:129:17: warning: conversion from ‘unsigned int’ to ‘unsigned char:2’ changes value from ‘4294967295’ to ‘3’ [-Woverflow]
  129 |     addressV  = UINT_MAX;
      |                 ^~~~~~~~
/home/vitaly/p/Prime-World/pw/branches/r1117/Src/PF_GameLogic/../Render/states.h:130:25: warning: conversion from ‘unsigned int’ to ‘unsigned char:1’ changes value from ‘4294967295’ to ‘1’ [-Woverflow]
  130 |     alwaysFailCompare = UINT_MAX;
      |                         ^~~~~~~~
/home/vitaly/p/Prime-World/pw/branches/r1117/Src/PF_GameLogic/../Render/states.h: At global scope:
/home/vitaly/p/Prime-World/pw/branches/r1117/Src/PF_GameLogic/../Render/states.h:168:3: warning: converting ‘Render::SamplerState2’ to a base class ‘Render::SamplerState’ will never use a type conversion operator [-Wclass-conversion]
  168 |   operator SamplerState()
      |   ^~~~~~~~
In file included from /home/vitaly/p/Prime-World/pw/branches/r1117/Src/PF_GameLogic/../Render/LightsManager.h:5,
                 from /home/vitaly/p/Prime-World/pw/branches/r1117/Src/PF_GameLogic/../Render/renderer.h:16:
/home/vitaly/p/Prime-World/pw/branches/r1117/Src/PF_GameLogic/../Render/AABB.h:11:16: warning: attribute ignored in declaration of ‘struct Render::AABB’ [-Wattributes]
   11 |         struct AABB
      |                ^~~~
/home/vitaly/p/Prime-World/pw/branches/r1117/Src/PF_GameLogic/../Render/AABB.h:11:16: note: attribute for ‘struct Render::AABB’ must follow the ‘struct’ keyword
In file included from /home/vitaly/p/Prime-World/pw/branches/r1117/Src/PF_GameLogic/../Render/../Scene/VoxelGrid.h:3,
                 from /home/vitaly/p/Prime-World/pw/branches/r1117/Src/PF_GameLogic/../Render/../Scene/CollectionVG.h:6,
                 from /home/vitaly/p/Prime-World/pw/branches/r1117/Src/PF_GameLogic/../Render/../Scene/VoxelGridObj.h:3,
                 from /home/vitaly/p/Prime-World/pw/branches/r1117/Src/PF_GameLogic/../Render/light.h:4,
                 from /home/vitaly/p/Prime-World/pw/branches/r1117/Src/PF_GameLogic/../Render/LightsManager.h:6:
/home/vitaly/p/Prime-World/pw/branches/r1117/Src/Render/ConvexVolume.h:12:16: warning: attribute ignored in declaration of ‘struct Render::FPlane’ [-Wattributes]
   12 |         struct FPlane
      |                ^~~~~~
/home/vitaly/p/Prime-World/pw/branches/r1117/Src/Render/ConvexVolume.h:12:16: note: attribute for ‘struct Render::FPlane’ must follow the ‘struct’ keyword
/home/vitaly/p/Prime-World/pw/branches/r1117/Src/Render/ConvexVolume.h:28:15: warning: attribute ignored in declaration of ‘class Render::ConvexVolume’ [-Wattributes]
   28 |         class ConvexVolume
      |               ^~~~~~~~~~~~
/home/vitaly/p/Prime-World/pw/branches/r1117/Src/Render/ConvexVolume.h:28:15: note: attribute for ‘class Render::ConvexVolume’ must follow the ‘class’ keyword
In file included from /home/vitaly/p/Prime-World/pw/branches/r1117/Src/PF_GameLogic/../Scene/SceneComponent.h:8,
                 from /home/vitaly/p/Prime-World/pw/branches/r1117/Src/PF_GameLogic/../Scene/SceneObject.h:2,
                 from /home/vitaly/p/Prime-World/pw/branches/r1117/Src/PF_GameLogic/specific.h:19:
/home/vitaly/p/Prime-World/pw/branches/r1117/Src/PF_GameLogic/../Scene/../Render/RenderComponent.h:40:7: warning: attribute ignored in declaration of ‘class Render::RenderComponent’ [-Wattributes]
   40 | class RenderComponent : public NonCopyable
      |       ^~~~~~~~~~~~~~~
/home/vitaly/p/Prime-World/pw/branches/r1117/Src/PF_GameLogic/../Scene/../Render/RenderComponent.h:40:7: note: attribute for ‘class Render::RenderComponent’ must follow the ‘class’ keyword
In file included from /usr/include/locale.h:28,
                 from /usr/lib/gcc/x86_64-pc-linux-gnu/15/include/g++-v15/clocale:47,
                 from /usr/lib/gcc/x86_64-pc-linux-gnu/15/include/g++-v15/x86_64-pc-linux-gnu/bits/c++locale.h:41,
                 from /usr/lib/gcc/x86_64-pc-linux-gnu/15/include/g++-v15/bits/localefwd.h:42,
                 from /usr/lib/gcc/x86_64-pc-linux-gnu/15/include/g++-v15/string:47,
                 from /home/vitaly/p/Prime-World/pw/branches/r1117/Src/System/ported/cwfn.h:13,
                 from /home/vitaly/p/Prime-World/pw/branches/r1117/Src/Server/RPC/Types.h:5,
                 from /home/vitaly/p/Prime-World/pw/branches/r1117/Src/Server/RPC/Interfaces.h:12,
                 from /home/vitaly/p/Prime-World/pw/branches/r1117/Src/Server/RPC/RPC.h:21,
                 from /home/vitaly/p/Prime-World/pw/branches/r1117/Src/Game/PF/HybridServer/Peered.h:3,
                 from /home/vitaly/p/Prime-World/pw/branches/r1117/Src/Game/PF/Client/LobbyPvx/HybridServerNodeImpl.h:6:
/home/vitaly/p/Prime-World/pw/branches/r1117/Src/PF_GameLogic/../Scene/../Render/MaterialSpec.h: In member function ‘virtual int Render::AIGeometryMaterialType::SignificantPartLength() const’:
/home/vitaly/p/Prime-World/pw/branches/r1117/Src/PF_GameLogic/../Scene/../Render/MaterialSpec.h:208:70: warning: ‘offsetof’ within non-standard-layout type ‘Render::AIGeometryMaterialType’ is conditionally-supported [-Winvalid-offsetof]
  208 |         virtual int SignificantPartLength() const { return offsetof( AIGeometryMaterialType, renderState ) - offsetof( AIGeometryMaterialType, renderState ) + sizeof( renderState ); }
      |                                                                      ^
/home/vitaly/p/Prime-World/pw/branches/r1117/Src/PF_GameLogic/../Scene/../Render/MaterialSpec.h:208:120: warning: ‘offsetof’ within non-standard-layout type ‘Render::AIGeometryMaterialType’ is conditionally-supported [-Winvalid-offsetof]
  208 |         virtual int SignificantPartLength() const { return offsetof( AIGeometryMaterialType, renderState ) - offsetof( AIGeometryMaterialType, renderState ) + sizeof( renderState ); }
      |                                                                                                                        ^
/home/vitaly/p/Prime-World/pw/branches/r1117/Src/PF_GameLogic/../Scene/../Render/MaterialSpec.h: In member function ‘virtual int Render::AOEMaterial::SignificantPartLength() const’:
/home/vitaly/p/Prime-World/pw/branches/r1117/Src/PF_GameLogic/../Scene/../Render/MaterialSpec.h:307:70: warning: ‘offsetof’ within non-standard-layout type ‘Render::AOEMaterial’ is conditionally-supported [-Winvalid-offsetof]
  307 |         virtual int SignificantPartLength() const { return offsetof( AOEMaterial, aspectRatio ) - offsetof( AOEMaterial, renderState ) + sizeof( aspectRatio ); }
      |                                                                      ^
/home/vitaly/p/Prime-World/pw/branches/r1117/Src/PF_GameLogic/../Scene/../Render/MaterialSpec.h:307:109: warning: ‘offsetof’ within non-standard-layout type ‘Render::AOEMaterial’ is conditionally-supported [-Winvalid-offsetof]
  307 |         virtual int SignificantPartLength() const { return offsetof( AOEMaterial, aspectRatio ) - offsetof( AOEMaterial, renderState ) + sizeof( aspectRatio ); }
      |                                                                                                             ^
/home/vitaly/p/Prime-World/pw/branches/r1117/Src/PF_GameLogic/../Scene/../Render/MaterialSpec.h: In static member function ‘static void Render::AOEMaterial::InitSamplersOffsets()’:
/home/vitaly/p/Prime-World/pw/branches/r1117/Src/PF_GameLogic/../Scene/../Render/MaterialSpec.h:341:36: warning: ‘offsetof’ within non-standard-layout type ‘Render::AOEMaterial’ is conditionally-supported [-Winvalid-offsetof]
  341 |     samplersOffsets[0] = offsetof( AOEMaterial, DiffuseMap );
      |                                    ^
/home/vitaly/p/Prime-World/pw/branches/r1117/Src/PF_GameLogic/../Scene/../Render/MaterialSpec.h: In member function ‘virtual int Render::BasicFXMaterial::SignificantPartLength() const’:
/home/vitaly/p/Prime-World/pw/branches/r1117/Src/PF_GameLogic/../Scene/../Render/MaterialSpec.h:453:70: warning: ‘offsetof’ within non-standard-layout type ‘Render::BasicFXMaterial’ is conditionally-supported [-Winvalid-offsetof]
  453 |         virtual int SignificantPartLength() const { return offsetof( BasicFXMaterial, vOffset ) - offsetof( BasicFXMaterial, renderState ) + sizeof( vOffset ); }
      |                                                                      ^
/home/vitaly/p/Prime-World/pw/branches/r1117/Src/PF_GameLogic/../Scene/../Render/MaterialSpec.h:453:109: warning: ‘offsetof’ within non-standard-layout type ‘Render::BasicFXMaterial’ is conditionally-supported [-Winvalid-offsetof]
  453 |         virtual int SignificantPartLength() const { return offsetof( BasicFXMaterial, vOffset ) - offsetof( BasicFXMaterial, renderState ) + sizeof( vOffset ); }
      |                                                                                                             ^
/home/vitaly/p/Prime-World/pw/branches/r1117/Src/PF_GameLogic/../Scene/../Render/MaterialSpec.h: In static member function ‘static void Render::BasicFXMaterial::InitSamplersOffsets()’:
/home/vitaly/p/Prime-World/pw/branches/r1117/Src/PF_GameLogic/../Scene/../Render/MaterialSpec.h:507:36: warning: ‘offsetof’ within non-standard-layout type ‘Render::BasicFXMaterial’ is conditionally-supported [-Winvalid-offsetof]
  507 |     samplersOffsets[0] = offsetof( BasicFXMaterial, DiffuseMap );
      |                                    ^
/home/vitaly/p/Prime-World/pw/branches/r1117/Src/PF_GameLogic/../Scene/../Render/MaterialSpec.h: In member function ‘virtual int Render::BasicMaskMaterial::SignificantPartLength() const’:
/home/vitaly/p/Prime-World/pw/branches/r1117/Src/PF_GameLogic/../Scene/../Render/MaterialSpec.h:595:70: warning: ‘offsetof’ within non-standard-layout type ‘Render::BasicMaskMaterial’ is conditionally-supported [-Winvalid-offsetof]
  595 |         virtual int SignificantPartLength() const { return offsetof( BasicMaskMaterial, isBlendModeOverrided ) - offsetof( BasicMaskMaterial, renderState ) + sizeof( isBlendModeOverrided ); }
      |                                                                      ^
/home/vitaly/p/Prime-World/pw/branches/r1117/Src/PF_GameLogic/../Scene/../Render/MaterialSpec.h:595:124: warning: ‘offsetof’ within non-standard-layout type ‘Render::BasicMaskMaterial’ is conditionally-supported [-Winvalid-offsetof]
  595 |         virtual int SignificantPartLength() const { return offsetof( BasicMaskMaterial, isBlendModeOverrided ) - offsetof( BasicMaskMaterial, renderState ) + sizeof( isBlendModeOverrided ); }
      |                                                                                                                            ^
/home/vitaly/p/Prime-World/pw/branches/r1117/Src/PF_GameLogic/../Scene/../Render/MaterialSpec.h: In static member function ‘static void Render::BasicMaskMaterial::InitSamplersOffsets()’:
/home/vitaly/p/Prime-World/pw/branches/r1117/Src/PF_GameLogic/../Scene/../Render/MaterialSpec.h:628:36: warning: ‘offsetof’ within non-standard-layout type ‘Render::BasicMaskMaterial’ is conditionally-supported [-Winvalid-offsetof]
  628 |     samplersOffsets[0] = offsetof( BasicMaskMaterial, Diffuse );
      |                                    ^
/home/vitaly/p/Prime-World/pw/branches/r1117/Src/PF_GameLogic/../Scene/../Render/MaterialSpec.h:629:36: warning: ‘offsetof’ within non-standard-layout type ‘Render::BasicMaskMaterial’ is conditionally-supported [-Winvalid-offsetof]
  629 |     samplersOffsets[1] = offsetof( BasicMaskMaterial, Mask );
      |                                    ^
/home/vitaly/p/Prime-World/pw/branches/r1117/Src/PF_GameLogic/../Scene/../Render/MaterialSpec.h: In member function ‘virtual int Render::BasicMaterial::SignificantPartLength() const’:
/home/vitaly/p/Prime-World/pw/branches/r1117/Src/PF_GameLogic/../Scene/../Render/MaterialSpec.h:743:70: warning: ‘offsetof’ within non-standard-layout type ‘Render::BasicMaterial’ is conditionally-supported [-Winvalid-offsetof]
  743 |         virtual int SignificantPartLength() const { return offsetof( BasicMaterial, specialTransparency ) - offsetof( BasicMaterial, renderState ) + sizeof( specialTransparency ); }
      |                                                                      ^
/home/vitaly/p/Prime-World/pw/branches/r1117/Src/PF_GameLogic/../Scene/../Render/MaterialSpec.h:743:119: warning: ‘offsetof’ within non-standard-layout type ‘Render::BasicMaterial’ is conditionally-supported [-Winvalid-offsetof]
  743 |         virtual int SignificantPartLength() const { return offsetof( BasicMaterial, specialTransparency ) - offsetof( BasicMaterial, renderState ) + sizeof( specialTransparency ); }
      |                                                                                                                       ^
/home/vitaly/p/Prime-World/pw/branches/r1117/Src/PF_GameLogic/../Scene/../Render/MaterialSpec.h: In static member function ‘static void Render::BasicMaterial::InitSamplersOffsets()’:
/home/vitaly/p/Prime-World/pw/branches/r1117/Src/PF_GameLogic/../Scene/../Render/MaterialSpec.h:784:36: warning: ‘offsetof’ within non-standard-layout type ‘Render::BasicMaterial’ is conditionally-supported [-Winvalid-offsetof]
  784 |     samplersOffsets[0] = offsetof( BasicMaterial, DiffuseMap );
      |                                    ^
/home/vitaly/p/Prime-World/pw/branches/r1117/Src/PF_GameLogic/../Scene/../Render/MaterialSpec.h:785:36: warning: ‘offsetof’ within non-standard-layout type ‘Render::BasicMaterial’ is conditionally-supported [-Winvalid-offsetof]
  785 |     samplersOffsets[1] = offsetof( BasicMaterial, NormalMap );
      |                                    ^
/home/vitaly/p/Prime-World/pw/branches/r1117/Src/PF_GameLogic/../Scene/../Render/MaterialSpec.h:786:36: warning: ‘offsetof’ within non-standard-layout type ‘Render::BasicMaterial’ is conditionally-supported [-Winvalid-offsetof]
  786 |     samplersOffsets[2] = offsetof( BasicMaterial, SpecularMap );
      |                                    ^
/home/vitaly/p/Prime-World/pw/branches/r1117/Src/PF_GameLogic/../Scene/../Render/MaterialSpec.h:787:36: warning: ‘offsetof’ within non-standard-layout type ‘Render::BasicMaterial’ is conditionally-supported [-Winvalid-offsetof]
  787 |     samplersOffsets[3] = offsetof( BasicMaterial, ReflectionMap );
      |                                    ^
/home/vitaly/p/Prime-World/pw/branches/r1117/Src/PF_GameLogic/../Scene/../Render/MaterialSpec.h: In member function ‘virtual int Render::DecalMaterial::SignificantPartLength() const’:
/home/vitaly/p/Prime-World/pw/branches/r1117/Src/PF_GameLogic/../Scene/../Render/MaterialSpec.h:976:70: warning: ‘offsetof’ within non-standard-layout type ‘Render::DecalMaterial’ is conditionally-supported [-Winvalid-offsetof]
  976 |         virtual int SignificantPartLength() const { return offsetof( DecalMaterial, isBlendModeOverrided ) - offsetof( DecalMaterial, renderState ) + sizeof( isBlendModeOverrided ); }
      |                                                                      ^
/home/vitaly/p/Prime-World/pw/branches/r1117/Src/PF_GameLogic/../Scene/../Render/MaterialSpec.h:976:120: warning: ‘offsetof’ within non-standard-layout type ‘Render::DecalMaterial’ is conditionally-supported [-Winvalid-offsetof]
  976 |         virtual int SignificantPartLength() const { return offsetof( DecalMaterial, isBlendModeOverrided ) - offsetof( DecalMaterial, renderState ) + sizeof( isBlendModeOverrided ); }
      |                                                                                                                        ^
/home/vitaly/p/Prime-World/pw/branches/r1117/Src/PF_GameLogic/../Scene/../Render/MaterialSpec.h: In static member function ‘static void Render::DecalMaterial::InitSamplersOffsets()’:
/home/vitaly/p/Prime-World/pw/branches/r1117/Src/PF_GameLogic/../Scene/../Render/MaterialSpec.h:1020:36: warning: ‘offsetof’ within non-standard-layout type ‘Render::DecalMaterial’ is conditionally-supported [-Winvalid-offsetof]
 1020 |     samplersOffsets[0] = offsetof( DecalMaterial, DiffuseMap );
      |                                    ^
/home/vitaly/p/Prime-World/pw/branches/r1117/Src/PF_GameLogic/../Scene/../Render/MaterialSpec.h: In member function ‘virtual int Render::DecalTerrainMaterial::SignificantPartLength() const’:
/home/vitaly/p/Prime-World/pw/branches/r1117/Src/PF_GameLogic/../Scene/../Render/MaterialSpec.h:1140:70: warning: ‘offsetof’ within non-standard-layout type ‘Render::DecalTerrainMaterial’ is conditionally-supported [-Winvalid-offsetof]
 1140 |         virtual int SignificantPartLength() const { return offsetof( DecalTerrainMaterial, isBlendModeOverrided ) - offsetof( DecalTerrainMaterial, renderState ) + sizeof( isBlendModeOverrided ); }
      |                                                                      ^
/home/vitaly/p/Prime-World/pw/branches/r1117/Src/PF_GameLogic/../Scene/../Render/MaterialSpec.h:1140:127: warning: ‘offsetof’ within non-standard-layout type ‘Render::DecalTerrainMaterial’ is conditionally-supported [-Winvalid-offsetof]
 1140 |         virtual int SignificantPartLength() const { return offsetof( DecalTerrainMaterial, isBlendModeOverrided ) - offsetof( DecalTerrainMaterial, renderState ) + sizeof( isBlendModeOverrided ); }
      |                                                                                                                               ^
/home/vitaly/p/Prime-World/pw/branches/r1117/Src/PF_GameLogic/../Scene/../Render/MaterialSpec.h: In static member function ‘static void Render::DecalTerrainMaterial::InitSamplersOffsets()’:
/home/vitaly/p/Prime-World/pw/branches/r1117/Src/PF_GameLogic/../Scene/../Render/MaterialSpec.h:1185:36: warning: ‘offsetof’ within non-standard-layout type ‘Render::DecalTerrainMaterial’ is conditionally-supported [-Winvalid-offsetof]
 1185 |     samplersOffsets[0] = offsetof( DecalTerrainMaterial, DiffuseMap );
      |                                    ^
/home/vitaly/p/Prime-World/pw/branches/r1117/Src/PF_GameLogic/../Scene/../Render/MaterialSpec.h:1186:36: warning: ‘offsetof’ within non-standard-layout type ‘Render::DecalTerrainMaterial’ is conditionally-supported [-Winvalid-offsetof]
 1186 |     samplersOffsets[1] = offsetof( DecalTerrainMaterial, MaskMap );
      |                                    ^
/home/vitaly/p/Prime-World/pw/branches/r1117/Src/PF_GameLogic/../Scene/../Render/MaterialSpec.h: In member function ‘virtual int Render::DropMaterial::SignificantPartLength() const’:
/home/vitaly/p/Prime-World/pw/branches/r1117/Src/PF_GameLogic/../Scene/../Render/MaterialSpec.h:1364:70: warning: ‘offsetof’ within non-standard-layout type ‘Render::DropMaterial’ is conditionally-supported [-Winvalid-offsetof]
 1364 |         virtual int SignificantPartLength() const { return offsetof( DropMaterial, vOffset2 ) - offsetof( DropMaterial, renderState ) + sizeof( vOffset2 ); }
      |                                                                      ^
/home/vitaly/p/Prime-World/pw/branches/r1117/Src/PF_GameLogic/../Scene/../Render/MaterialSpec.h:1364:107: warning: ‘offsetof’ within non-standard-layout type ‘Render::DropMaterial’ is conditionally-supported [-Winvalid-offsetof]
 1364 |         virtual int SignificantPartLength() const { return offsetof( DropMaterial, vOffset2 ) - offsetof( DropMaterial, renderState ) + sizeof( vOffset2 ); }
      |                                                                                                           ^
/home/vitaly/p/Prime-World/pw/branches/r1117/Src/PF_GameLogic/../Scene/../Render/MaterialSpec.h: In static member function ‘static void Render::DropMaterial::InitSamplersOffsets()’:
/home/vitaly/p/Prime-World/pw/branches/r1117/Src/PF_GameLogic/../Scene/../Render/MaterialSpec.h:1419:36: warning: ‘offsetof’ within non-standard-layout type ‘Render::DropMaterial’ is conditionally-supported [-Winvalid-offsetof]
 1419 |     samplersOffsets[0] = offsetof( DropMaterial, DiffuseMap );
      |                                    ^
/home/vitaly/p/Prime-World/pw/branches/r1117/Src/PF_GameLogic/../Scene/../Render/MaterialSpec.h:1420:36: warning: ‘offsetof’ within non-standard-layout type ‘Render::DropMaterial’ is conditionally-supported [-Winvalid-offsetof]
 1420 |     samplersOffsets[1] = offsetof( DropMaterial, NormalMap );
      |                                    ^
/home/vitaly/p/Prime-World/pw/branches/r1117/Src/PF_GameLogic/../Scene/../Render/MaterialSpec.h:1421:36: warning: ‘offsetof’ within non-standard-layout type ‘Render::DropMaterial’ is conditionally-supported [-Winvalid-offsetof]
 1421 |     samplersOffsets[2] = offsetof( DropMaterial, SpecularMap );
      |                                    ^
/home/vitaly/p/Prime-World/pw/branches/r1117/Src/PF_GameLogic/../Scene/../Render/MaterialSpec.h:1422:36: warning: ‘offsetof’ within non-standard-layout type ‘Render::DropMaterial’ is conditionally-supported [-Winvalid-offsetof]
 1422 |     samplersOffsets[3] = offsetof( DropMaterial, ReflectionMap );
      |                                    ^
/home/vitaly/p/Prime-World/pw/branches/r1117/Src/PF_GameLogic/../Scene/../Render/MaterialSpec.h: In member function ‘virtual int Render::FullScreenMaterial::SignificantPartLength() const’:
/home/vitaly/p/Prime-World/pw/branches/r1117/Src/PF_GameLogic/../Scene/../Render/MaterialSpec.h:1516:70: warning: ‘offsetof’ within non-standard-layout type ‘Render::FullScreenMaterial’ is conditionally-supported [-Winvalid-offsetof]
 1516 |         virtual int SignificantPartLength() const { return offsetof( FullScreenMaterial, BloomMap ) - offsetof( FullScreenMaterial, renderState ) + sizeof( BloomMap ); }
      |                                                                      ^
/home/vitaly/p/Prime-World/pw/branches/r1117/Src/PF_GameLogic/../Scene/../Render/MaterialSpec.h:1516:113: warning: ‘offsetof’ within non-standard-layout type ‘Render::FullScreenMaterial’ is conditionally-supported [-Winvalid-offsetof]
 1516 |         virtual int SignificantPartLength() const { return offsetof( FullScreenMaterial, BloomMap ) - offsetof( FullScreenMaterial, renderState ) + sizeof( BloomMap ); }
      |                                                                                                                 ^
/home/vitaly/p/Prime-World/pw/branches/r1117/Src/PF_GameLogic/../Scene/../Render/MaterialSpec.h: In static member function ‘static void Render::FullScreenMaterial::InitSamplersOffsets()’:
/home/vitaly/p/Prime-World/pw/branches/r1117/Src/PF_GameLogic/../Scene/../Render/MaterialSpec.h:1566:36: warning: ‘offsetof’ within non-standard-layout type ‘Render::FullScreenMaterial’ is conditionally-supported [-Winvalid-offsetof]
 1566 |     samplersOffsets[0] = offsetof( FullScreenMaterial, DepthMap );
      |                                    ^
/home/vitaly/p/Prime-World/pw/branches/r1117/Src/PF_GameLogic/../Scene/../Render/MaterialSpec.h:1567:36: warning: ‘offsetof’ within non-standard-layout type ‘Render::FullScreenMaterial’ is conditionally-supported [-Winvalid-offsetof]
 1567 |     samplersOffsets[1] = offsetof( FullScreenMaterial, DiffuseMap );
      |                                    ^
/home/vitaly/p/Prime-World/pw/branches/r1117/Src/PF_GameLogic/../Scene/../Render/MaterialSpec.h:1568:36: warning: ‘offsetof’ within non-standard-layout type ‘Render::FullScreenMaterial’ is conditionally-supported [-Winvalid-offsetof]
 1568 |     samplersOffsets[2] = offsetof( FullScreenMaterial, BloomMap );
      |                                    ^
/home/vitaly/p/Prime-World/pw/branches/r1117/Src/PF_GameLogic/../Scene/../Render/MaterialSpec.h: In member function ‘virtual int Render::GrassMaterial::SignificantPartLength() const’:
/home/vitaly/p/Prime-World/pw/branches/r1117/Src/PF_GameLogic/../Scene/../Render/MaterialSpec.h:1639:70: warning: ‘offsetof’ within non-standard-layout type ‘Render::GrassMaterial’ is conditionally-supported [-Winvalid-offsetof]
 1639 |         virtual int SignificantPartLength() const { return offsetof( GrassMaterial, elasticity ) - offsetof( GrassMaterial, renderState ) + sizeof( elasticity ); }
      |                                                                      ^
/home/vitaly/p/Prime-World/pw/branches/r1117/Src/PF_GameLogic/../Scene/../Render/MaterialSpec.h:1639:110: warning: ‘offsetof’ within non-standard-layout type ‘Render::GrassMaterial’ is conditionally-supported [-Winvalid-offsetof]
 1639 |         virtual int SignificantPartLength() const { return offsetof( GrassMaterial, elasticity ) - offsetof( GrassMaterial, renderState ) + sizeof( elasticity ); }
      |                                                                                                              ^
/home/vitaly/p/Prime-World/pw/branches/r1117/Src/PF_GameLogic/../Scene/../Render/MaterialSpec.h: In static member function ‘static void Render::GrassMaterial::InitSamplersOffsets()’:
/home/vitaly/p/Prime-World/pw/branches/r1117/Src/PF_GameLogic/../Scene/../Render/MaterialSpec.h:1673:36: warning: ‘offsetof’ within non-standard-layout type ‘Render::GrassMaterial’ is conditionally-supported [-Winvalid-offsetof]
 1673 |     samplersOffsets[0] = offsetof( GrassMaterial, FrozenDiffuseMap );
      |                                    ^
/home/vitaly/p/Prime-World/pw/branches/r1117/Src/PF_GameLogic/../Scene/../Render/MaterialSpec.h:1674:36: warning: ‘offsetof’ within non-standard-layout type ‘Render::GrassMaterial’ is conditionally-supported [-Winvalid-offsetof]
 1674 |     samplersOffsets[1] = offsetof( GrassMaterial, NormalDiffuseMap );
      |                                    ^
/home/vitaly/p/Prime-World/pw/branches/r1117/Src/PF_GameLogic/../Scene/../Render/MaterialSpec.h:1675:36: warning: ‘offsetof’ within non-standard-layout type ‘Render::GrassMaterial’ is conditionally-supported [-Winvalid-offsetof]
 1675 |     samplersOffsets[2] = offsetof( GrassMaterial, BurnedDiffuseMap );
      |                                    ^
/home/vitaly/p/Prime-World/pw/branches/r1117/Src/PF_GameLogic/../Scene/../Render/MaterialSpec.h: In member function ‘virtual int Render::HeightfogMaterial::SignificantPartLength() const’:
/home/vitaly/p/Prime-World/pw/branches/r1117/Src/PF_GameLogic/../Scene/../Render/MaterialSpec.h:1760:70: warning: ‘offsetof’ within non-standard-layout type ‘Render::HeightfogMaterial’ is conditionally-supported [-Winvalid-offsetof]
 1760 |         virtual int SignificantPartLength() const { return offsetof( HeightfogMaterial, halfFadeDistance ) - offsetof( HeightfogMaterial, renderState ) + sizeof( halfFadeDistance ); }
      |                                                                      ^
/home/vitaly/p/Prime-World/pw/branches/r1117/Src/PF_GameLogic/../Scene/../Render/MaterialSpec.h:1760:120: warning: ‘offsetof’ within non-standard-layout type ‘Render::HeightfogMaterial’ is conditionally-supported [-Winvalid-offsetof]
 1760 |         virtual int SignificantPartLength() const { return offsetof( HeightfogMaterial, halfFadeDistance ) - offsetof( HeightfogMaterial, renderState ) + sizeof( halfFadeDistance ); }
      |                                                                                                                        ^
/home/vitaly/p/Prime-World/pw/branches/r1117/Src/PF_GameLogic/../Scene/../Render/MaterialSpec.h: In static member function ‘static void Render::HeightfogMaterial::InitSamplersOffsets()’:
/home/vitaly/p/Prime-World/pw/branches/r1117/Src/PF_GameLogic/../Scene/../Render/MaterialSpec.h:1792:36: warning: ‘offsetof’ within non-standard-layout type ‘Render::HeightfogMaterial’ is conditionally-supported [-Winvalid-offsetof]
 1792 |     samplersOffsets[0] = offsetof( HeightfogMaterial, noiseMap );
      |                                    ^
/home/vitaly/p/Prime-World/pw/branches/r1117/Src/PF_GameLogic/../Scene/../Render/MaterialSpec.h: In member function ‘virtual int Render::LightningMaterial::SignificantPartLength() const’:
/home/vitaly/p/Prime-World/pw/branches/r1117/Src/PF_GameLogic/../Scene/../Render/MaterialSpec.h:1849:70: warning: ‘offsetof’ within non-standard-layout type ‘Render::LightningMaterial’ is conditionally-supported [-Winvalid-offsetof]
 1849 |         virtual int SignificantPartLength() const { return offsetof( LightningMaterial, DiffuseMap ) - offsetof( LightningMaterial, renderState ) + sizeof( DiffuseMap ); }
      |                                                                      ^
/home/vitaly/p/Prime-World/pw/branches/r1117/Src/PF_GameLogic/../Scene/../Render/MaterialSpec.h:1849:114: warning: ‘offsetof’ within non-standard-layout type ‘Render::LightningMaterial’ is conditionally-supported [-Winvalid-offsetof]
 1849 |         virtual int SignificantPartLength() const { return offsetof( LightningMaterial, DiffuseMap ) - offsetof( LightningMaterial, renderState ) + sizeof( DiffuseMap ); }
      |                                                                                                                  ^
/home/vitaly/p/Prime-World/pw/branches/r1117/Src/PF_GameLogic/../Scene/../Render/MaterialSpec.h: In static member function ‘static void Render::LightningMaterial::InitSamplersOffsets()’:
/home/vitaly/p/Prime-World/pw/branches/r1117/Src/PF_GameLogic/../Scene/../Render/MaterialSpec.h:1881:36: warning: ‘offsetof’ within non-standard-layout type ‘Render::LightningMaterial’ is conditionally-supported [-Winvalid-offsetof]
 1881 |     samplersOffsets[0] = offsetof( LightningMaterial, DiffuseMap );
      |                                    ^
/home/vitaly/p/Prime-World/pw/branches/r1117/Src/PF_GameLogic/../Scene/../Render/MaterialSpec.h: In member function ‘virtual int Render::PaintMaterial::SignificantPartLength() const’:
/home/vitaly/p/Prime-World/pw/branches/r1117/Src/PF_GameLogic/../Scene/../Render/MaterialSpec.h:2042:70: warning: ‘offsetof’ within non-standard-layout type ‘Render::PaintMaterial’ is conditionally-supported [-Winvalid-offsetof]
 2042 |         virtual int SignificantPartLength() const { return offsetof( PaintMaterial, isBlendModeOverrided ) - offsetof( PaintMaterial, renderState ) + sizeof( isBlendModeOverrided ); }
      |                                                                      ^
/home/vitaly/p/Prime-World/pw/branches/r1117/Src/PF_GameLogic/../Scene/../Render/MaterialSpec.h:2042:120: warning: ‘offsetof’ within non-standard-layout type ‘Render::PaintMaterial’ is conditionally-supported [-Winvalid-offsetof]
 2042 |         virtual int SignificantPartLength() const { return offsetof( PaintMaterial, isBlendModeOverrided ) - offsetof( PaintMaterial, renderState ) + sizeof( isBlendModeOverrided ); }
      |                                                                                                                        ^
/home/vitaly/p/Prime-World/pw/branches/r1117/Src/PF_GameLogic/../Scene/../Render/MaterialSpec.h: In static member function ‘static void Render::PaintMaterial::InitSamplersOffsets()’:
/home/vitaly/p/Prime-World/pw/branches/r1117/Src/PF_GameLogic/../Scene/../Render/MaterialSpec.h:2082:36: warning: ‘offsetof’ within non-standard-layout type ‘Render::PaintMaterial’ is conditionally-supported [-Winvalid-offsetof]
 2082 |     samplersOffsets[0] = offsetof( PaintMaterial, Draft );
      |                                    ^
/home/vitaly/p/Prime-World/pw/branches/r1117/Src/PF_GameLogic/../Scene/../Render/MaterialSpec.h:2083:36: warning: ‘offsetof’ within non-standard-layout type ‘Render::PaintMaterial’ is conditionally-supported [-Winvalid-offsetof]
 2083 |     samplersOffsets[1] = offsetof( PaintMaterial, Background );
      |                                    ^
/home/vitaly/p/Prime-World/pw/branches/r1117/Src/PF_GameLogic/../Scene/../Render/MaterialSpec.h:2084:36: warning: ‘offsetof’ within non-standard-layout type ‘Render::PaintMaterial’ is conditionally-supported [-Winvalid-offsetof]
 2084 |     samplersOffsets[2] = offsetof( PaintMaterial, BaseBackground );
      |                                    ^
/home/vitaly/p/Prime-World/pw/branches/r1117/Src/PF_GameLogic/../Scene/../Render/MaterialSpec.h:2085:36: warning: ‘offsetof’ within non-standard-layout type ‘Render::PaintMaterial’ is conditionally-supported [-Winvalid-offsetof]
 2085 |     samplersOffsets[3] = offsetof( PaintMaterial, Complete );
      |                                    ^
/home/vitaly/p/Prime-World/pw/branches/r1117/Src/PF_GameLogic/../Scene/../Render/MaterialSpec.h:2086:36: warning: ‘offsetof’ within non-standard-layout type ‘Render::PaintMaterial’ is conditionally-supported [-Winvalid-offsetof]
 2086 |     samplersOffsets[4] = offsetof( PaintMaterial, Mask );
      |                                    ^
/home/vitaly/p/Prime-World/pw/branches/r1117/Src/PF_GameLogic/../Scene/../Render/MaterialSpec.h: In member function ‘virtual int Render::ParticleFXMaterial::SignificantPartLength() const’:
/home/vitaly/p/Prime-World/pw/branches/r1117/Src/PF_GameLogic/../Scene/../Render/MaterialSpec.h:2165:70: warning: ‘offsetof’ within non-standard-layout type ‘Render::ParticleFXMaterial’ is conditionally-supported [-Winvalid-offsetof]
 2165 |         virtual int SignificantPartLength() const { return offsetof( ParticleFXMaterial, scale ) - offsetof( ParticleFXMaterial, renderState ) + sizeof( scale ); }
      |                                                                      ^
/home/vitaly/p/Prime-World/pw/branches/r1117/Src/PF_GameLogic/../Scene/../Render/MaterialSpec.h:2165:110: warning: ‘offsetof’ within non-standard-layout type ‘Render::ParticleFXMaterial’ is conditionally-supported [-Winvalid-offsetof]
 2165 |         virtual int SignificantPartLength() const { return offsetof( ParticleFXMaterial, scale ) - offsetof( ParticleFXMaterial, renderState ) + sizeof( scale ); }
      |                                                                                                              ^
/home/vitaly/p/Prime-World/pw/branches/r1117/Src/PF_GameLogic/../Scene/../Render/MaterialSpec.h: In static member function ‘static void Render::ParticleFXMaterial::InitSamplersOffsets()’:
/home/vitaly/p/Prime-World/pw/branches/r1117/Src/PF_GameLogic/../Scene/../Render/MaterialSpec.h:2203:36: warning: ‘offsetof’ within non-standard-layout type ‘Render::ParticleFXMaterial’ is conditionally-supported [-Winvalid-offsetof]
 2203 |     samplersOffsets[0] = offsetof( ParticleFXMaterial, DiffuseMap );
      |                                    ^
/home/vitaly/p/Prime-World/pw/branches/r1117/Src/PF_GameLogic/../Scene/../Render/MaterialSpec.h: In member function ‘virtual int Render::RoadMaterial::SignificantPartLength() const’:
/home/vitaly/p/Prime-World/pw/branches/r1117/Src/PF_GameLogic/../Scene/../Render/MaterialSpec.h:2267:70: warning: ‘offsetof’ within non-standard-layout type ‘Render::RoadMaterial’ is conditionally-supported [-Winvalid-offsetof]
 2267 |         virtual int SignificantPartLength() const { return offsetof( RoadMaterial, BorderMap ) - offsetof( RoadMaterial, renderState ) + sizeof( BorderMap ); }
      |                                                                      ^
/home/vitaly/p/Prime-World/pw/branches/r1117/Src/PF_GameLogic/../Scene/../Render/MaterialSpec.h:2267:108: warning: ‘offsetof’ within non-standard-layout type ‘Render::RoadMaterial’ is conditionally-supported [-Winvalid-offsetof]
 2267 |         virtual int SignificantPartLength() const { return offsetof( RoadMaterial, BorderMap ) - offsetof( RoadMaterial, renderState ) + sizeof( BorderMap ); }
      |                                                                                                            ^
/home/vitaly/p/Prime-World/pw/branches/r1117/Src/PF_GameLogic/../Scene/../Render/MaterialSpec.h: In static member function ‘static void Render::RoadMaterial::InitSamplersOffsets()’:
/home/vitaly/p/Prime-World/pw/branches/r1117/Src/PF_GameLogic/../Scene/../Render/MaterialSpec.h:2308:36: warning: ‘offsetof’ within non-standard-layout type ‘Render::RoadMaterial’ is conditionally-supported [-Winvalid-offsetof]
 2308 |     samplersOffsets[0] = offsetof( RoadMaterial, RoadMap );
      |                                    ^
/home/vitaly/p/Prime-World/pw/branches/r1117/Src/PF_GameLogic/../Scene/../Render/MaterialSpec.h:2309:36: warning: ‘offsetof’ within non-standard-layout type ‘Render::RoadMaterial’ is conditionally-supported [-Winvalid-offsetof]
 2309 |     samplersOffsets[1] = offsetof( RoadMaterial, BorderMap );
      |                                    ^
/home/vitaly/p/Prime-World/pw/branches/r1117/Src/PF_GameLogic/../Scene/../Render/MaterialSpec.h: In member function ‘virtual int Render::ShadowMaterial::SignificantPartLength() const’:
/home/vitaly/p/Prime-World/pw/branches/r1117/Src/PF_GameLogic/../Scene/../Render/MaterialSpec.h:2369:70: warning: ‘offsetof’ within non-standard-layout type ‘Render::ShadowMaterial’ is conditionally-supported [-Winvalid-offsetof]
 2369 |         virtual int SignificantPartLength() const { return offsetof( ShadowMaterial, DiffuseMap ) - offsetof( ShadowMaterial, renderState ) + sizeof( DiffuseMap ); }
      |                                                                      ^
/home/vitaly/p/Prime-World/pw/branches/r1117/Src/PF_GameLogic/../Scene/../Render/MaterialSpec.h:2369:111: warning: ‘offsetof’ within non-standard-layout type ‘Render::ShadowMaterial’ is conditionally-supported [-Winvalid-offsetof]
 2369 |         virtual int SignificantPartLength() const { return offsetof( ShadowMaterial, DiffuseMap ) - offsetof( ShadowMaterial, renderState ) + sizeof( DiffuseMap ); }
      |                                                                                                               ^
/home/vitaly/p/Prime-World/pw/branches/r1117/Src/PF_GameLogic/../Scene/../Render/MaterialSpec.h: In static member function ‘static void Render::ShadowMaterial::InitSamplersOffsets()’:
/home/vitaly/p/Prime-World/pw/branches/r1117/Src/PF_GameLogic/../Scene/../Render/MaterialSpec.h:2405:36: warning: ‘offsetof’ within non-standard-layout type ‘Render::ShadowMaterial’ is conditionally-supported [-Winvalid-offsetof]
 2405 |     samplersOffsets[0] = offsetof( ShadowMaterial, DiffuseMap );
      |                                    ^
/home/vitaly/p/Prime-World/pw/branches/r1117/Src/PF_GameLogic/../Scene/../Render/MaterialSpec.h: In member function ‘virtual int Render::SilhouetteMaterial::SignificantPartLength() const’:
/home/vitaly/p/Prime-World/pw/branches/r1117/Src/PF_GameLogic/../Scene/../Render/MaterialSpec.h:2462:70: warning: ‘offsetof’ within non-standard-layout type ‘Render::SilhouetteMaterial’ is conditionally-supported [-Winvalid-offsetof]
 2462 |         virtual int SignificantPartLength() const { return offsetof( SilhouetteMaterial, renderState ) - offsetof( SilhouetteMaterial, renderState ) + sizeof( renderState ); }
      |                                                                      ^
/home/vitaly/p/Prime-World/pw/branches/r1117/Src/PF_GameLogic/../Scene/../Render/MaterialSpec.h:2462:116: warning: ‘offsetof’ within non-standard-layout type ‘Render::SilhouetteMaterial’ is conditionally-supported [-Winvalid-offsetof]
 2462 |         virtual int SignificantPartLength() const { return offsetof( SilhouetteMaterial, renderState ) - offsetof( SilhouetteMaterial, renderState ) + sizeof( renderState ); }
      |                                                                                                                    ^
/home/vitaly/p/Prime-World/pw/branches/r1117/Src/PF_GameLogic/../Scene/../Render/MaterialSpec.h: In member function ‘virtual int Render::SkyMaterial::SignificantPartLength() const’:
/home/vitaly/p/Prime-World/pw/branches/r1117/Src/PF_GameLogic/../Scene/../Render/MaterialSpec.h:2586:70: warning: ‘offsetof’ within non-standard-layout type ‘Render::SkyMaterial’ is conditionally-supported [-Winvalid-offsetof]
 2586 |         virtual int SignificantPartLength() const { return offsetof( SkyMaterial, vOffset2 ) - offsetof( SkyMaterial, renderState ) + sizeof( vOffset2 ); }
      |                                                                      ^
/home/vitaly/p/Prime-World/pw/branches/r1117/Src/PF_GameLogic/../Scene/../Render/MaterialSpec.h:2586:106: warning: ‘offsetof’ within non-standard-layout type ‘Render::SkyMaterial’ is conditionally-supported [-Winvalid-offsetof]
 2586 |         virtual int SignificantPartLength() const { return offsetof( SkyMaterial, vOffset2 ) - offsetof( SkyMaterial, renderState ) + sizeof( vOffset2 ); }
      |                                                                                                          ^
/home/vitaly/p/Prime-World/pw/branches/r1117/Src/PF_GameLogic/../Scene/../Render/MaterialSpec.h: In static member function ‘static void Render::SkyMaterial::InitSamplersOffsets()’:
/home/vitaly/p/Prime-World/pw/branches/r1117/Src/PF_GameLogic/../Scene/../Render/MaterialSpec.h:2634:36: warning: ‘offsetof’ within non-standard-layout type ‘Render::SkyMaterial’ is conditionally-supported [-Winvalid-offsetof]
 2634 |     samplersOffsets[0] = offsetof( SkyMaterial, DiffuseMap );
      |                                    ^
/home/vitaly/p/Prime-World/pw/branches/r1117/Src/PF_GameLogic/../Scene/../Render/MaterialSpec.h: In member function ‘virtual int Render::TerrainAOEMaterial::SignificantPartLength() const’:
/home/vitaly/p/Prime-World/pw/branches/r1117/Src/PF_GameLogic/../Scene/../Render/MaterialSpec.h:2717:70: warning: ‘offsetof’ within non-standard-layout type ‘Render::TerrainAOEMaterial’ is conditionally-supported [-Winvalid-offsetof]
 2717 |         virtual int SignificantPartLength() const { return offsetof( TerrainAOEMaterial, uvOffset ) - offsetof( TerrainAOEMaterial, renderState ) + sizeof( uvOffset ); }
      |                                                                      ^
/home/vitaly/p/Prime-World/pw/branches/r1117/Src/PF_GameLogic/../Scene/../Render/MaterialSpec.h:2717:113: warning: ‘offsetof’ within non-standard-layout type ‘Render::TerrainAOEMaterial’ is conditionally-supported [-Winvalid-offsetof]
 2717 |         virtual int SignificantPartLength() const { return offsetof( TerrainAOEMaterial, uvOffset ) - offsetof( TerrainAOEMaterial, renderState ) + sizeof( uvOffset ); }
      |                                                                                                                 ^
/home/vitaly/p/Prime-World/pw/branches/r1117/Src/PF_GameLogic/../Scene/../Render/MaterialSpec.h: In static member function ‘static void Render::TerrainAOEMaterial::InitSamplersOffsets()’:
/home/vitaly/p/Prime-World/pw/branches/r1117/Src/PF_GameLogic/../Scene/../Render/MaterialSpec.h:2749:36: warning: ‘offsetof’ within non-standard-layout type ‘Render::TerrainAOEMaterial’ is conditionally-supported [-Winvalid-offsetof]
 2749 |     samplersOffsets[0] = offsetof( TerrainAOEMaterial, DiffuseMap );
      |                                    ^
/home/vitaly/p/Prime-World/pw/branches/r1117/Src/PF_GameLogic/../Scene/../Render/MaterialSpec.h: In member function ‘virtual int Render::TerrainHeightBuilderMaterial::SignificantPartLength() const’:
/home/vitaly/p/Prime-World/pw/branches/r1117/Src/PF_GameLogic/../Scene/../Render/MaterialSpec.h:2973:70: warning: ‘offsetof’ within non-standard-layout type ‘Render::TerrainHeightBuilderMaterial’ is conditionally-supported [-Winvalid-offsetof]
 2973 |         virtual int SignificantPartLength() const { return offsetof( TerrainHeightBuilderMaterial, renderState ) - offsetof( TerrainHeightBuilderMaterial, renderState ) + sizeof( renderState ); }
      |                                                                      ^
/home/vitaly/p/Prime-World/pw/branches/r1117/Src/PF_GameLogic/../Scene/../Render/MaterialSpec.h:2973:126: warning: ‘offsetof’ within non-standard-layout type ‘Render::TerrainHeightBuilderMaterial’ is conditionally-supported [-Winvalid-offsetof]
 2973 |         virtual int SignificantPartLength() const { return offsetof( TerrainHeightBuilderMaterial, renderState ) - offsetof( TerrainHeightBuilderMaterial, renderState ) + sizeof( renderState ); }
      |                                                                                                                              ^
/home/vitaly/p/Prime-World/pw/branches/r1117/Src/PF_GameLogic/../Scene/../Render/MaterialSpec.h: In member function ‘virtual int Render::TerrainMaterial::SignificantPartLength() const’:
/home/vitaly/p/Prime-World/pw/branches/r1117/Src/PF_GameLogic/../Scene/../Render/MaterialSpec.h:3102:70: warning: ‘offsetof’ within non-standard-layout type ‘Render::TerrainMaterial’ is conditionally-supported [-Winvalid-offsetof]
 3102 |         virtual int SignificantPartLength() const { return offsetof( TerrainMaterial, grassRect ) - offsetof( TerrainMaterial, A_DiffuseMap ) + sizeof( grassRect ); }
      |                                                                      ^
/home/vitaly/p/Prime-World/pw/branches/r1117/Src/PF_GameLogic/../Scene/../Render/MaterialSpec.h:3102:111: warning: ‘offsetof’ within non-standard-layout type ‘Render::TerrainMaterial’ is conditionally-supported [-Winvalid-offsetof]
 3102 |         virtual int SignificantPartLength() const { return offsetof( TerrainMaterial, grassRect ) - offsetof( TerrainMaterial, A_DiffuseMap ) + sizeof( grassRect ); }
      |                                                                                                               ^
/home/vitaly/p/Prime-World/pw/branches/r1117/Src/PF_GameLogic/../Scene/../Render/MaterialSpec.h: In static member function ‘static void Render::TerrainMaterial::InitSamplersOffsets()’:
/home/vitaly/p/Prime-World/pw/branches/r1117/Src/PF_GameLogic/../Scene/../Render/MaterialSpec.h:3150:36: warning: ‘offsetof’ within non-standard-layout type ‘Render::TerrainMaterial’ is conditionally-supported [-Winvalid-offsetof]
 3150 |     samplersOffsets[0] = offsetof( TerrainMaterial, A_DiffuseMap );
      |                                    ^
/home/vitaly/p/Prime-World/pw/branches/r1117/Src/PF_GameLogic/../Scene/../Render/MaterialSpec.h:3151:36: warning: ‘offsetof’ within non-standard-layout type ‘Render::TerrainMaterial’ is conditionally-supported [-Winvalid-offsetof]
 3151 |     samplersOffsets[1] = offsetof( TerrainMaterial, N_DiffuseMap );
      |                                    ^
/home/vitaly/p/Prime-World/pw/branches/r1117/Src/PF_GameLogic/../Scene/../Render/MaterialSpec.h:3152:36: warning: ‘offsetof’ within non-standard-layout type ‘Render::TerrainMaterial’ is conditionally-supported [-Winvalid-offsetof]
 3152 |     samplersOffsets[2] = offsetof( TerrainMaterial, B_DiffuseMap );
      |                                    ^
/home/vitaly/p/Prime-World/pw/branches/r1117/Src/PF_GameLogic/../Scene/../Render/MaterialSpec.h:3153:36: warning: ‘offsetof’ within non-standard-layout type ‘Render::TerrainMaterial’ is conditionally-supported [-Winvalid-offsetof]
 3153 |     samplersOffsets[3] = offsetof( TerrainMaterial, FrozenNormalMap );
      |                                    ^
/home/vitaly/p/Prime-World/pw/branches/r1117/Src/PF_GameLogic/../Scene/../Render/MaterialSpec.h:3154:36: warning: ‘offsetof’ within non-standard-layout type ‘Render::TerrainMaterial’ is conditionally-supported [-Winvalid-offsetof]
 3154 |     samplersOffsets[4] = offsetof( TerrainMaterial, NormalNormalMap );
      |                                    ^
/home/vitaly/p/Prime-World/pw/branches/r1117/Src/PF_GameLogic/../Scene/../Render/MaterialSpec.h:3155:36: warning: ‘offsetof’ within non-standard-layout type ‘Render::TerrainMaterial’ is conditionally-supported [-Winvalid-offsetof]
 3155 |     samplersOffsets[5] = offsetof( TerrainMaterial, BurnedNormalMap );
      |                                    ^
/home/vitaly/p/Prime-World/pw/branches/r1117/Src/PF_GameLogic/../Scene/../Render/MaterialSpec.h:3156:36: warning: ‘offsetof’ within non-standard-layout type ‘Render::TerrainMaterial’ is conditionally-supported [-Winvalid-offsetof]
 3156 |     samplersOffsets[6] = offsetof( TerrainMaterial, FrozenSpecularMap );
      |                                    ^
/home/vitaly/p/Prime-World/pw/branches/r1117/Src/PF_GameLogic/../Scene/../Render/MaterialSpec.h:3157:36: warning: ‘offsetof’ within non-standard-layout type ‘Render::TerrainMaterial’ is conditionally-supported [-Winvalid-offsetof]
 3157 |     samplersOffsets[7] = offsetof( TerrainMaterial, NormalSpecularMap );
      |                                    ^
/home/vitaly/p/Prime-World/pw/branches/r1117/Src/PF_GameLogic/../Scene/../Render/MaterialSpec.h:3158:36: warning: ‘offsetof’ within non-standard-layout type ‘Render::TerrainMaterial’ is conditionally-supported [-Winvalid-offsetof]
 3158 |     samplersOffsets[8] = offsetof( TerrainMaterial, BurnedSpecularMap );
      |                                    ^
/home/vitaly/p/Prime-World/pw/branches/r1117/Src/PF_GameLogic/../Scene/../Render/MaterialSpec.h:3159:36: warning: ‘offsetof’ within non-standard-layout type ‘Render::TerrainMaterial’ is conditionally-supported [-Winvalid-offsetof]
 3159 |     samplersOffsets[9] = offsetof( TerrainMaterial, DarkMap );
      |                                    ^
/home/vitaly/p/Prime-World/pw/branches/r1117/Src/PF_GameLogic/../Scene/../Render/MaterialSpec.h: In member function ‘virtual int Render::TestTownMaterial::SignificantPartLength() const’:
/home/vitaly/p/Prime-World/pw/branches/r1117/Src/PF_GameLogic/../Scene/../Render/MaterialSpec.h:3225:70: warning: ‘offsetof’ within non-standard-layout type ‘Render::TestTownMaterial’ is conditionally-supported [-Winvalid-offsetof]
 3225 |         virtual int SignificantPartLength() const { return offsetof( TestTownMaterial, outputAdd ) - offsetof( TestTownMaterial, RenderState ) + sizeof( outputAdd ); }
      |                                                                      ^
/home/vitaly/p/Prime-World/pw/branches/r1117/Src/PF_GameLogic/../Scene/../Render/MaterialSpec.h:3225:112: warning: ‘offsetof’ within non-standard-layout type ‘Render::TestTownMaterial’ is conditionally-supported [-Winvalid-offsetof]
 3225 |         virtual int SignificantPartLength() const { return offsetof( TestTownMaterial, outputAdd ) - offsetof( TestTownMaterial, RenderState ) + sizeof( outputAdd ); }
      |                                                                                                                ^
/home/vitaly/p/Prime-World/pw/branches/r1117/Src/PF_GameLogic/../Scene/../Render/MaterialSpec.h: In static member function ‘static void Render::TestTownMaterial::InitSamplersOffsets()’:
/home/vitaly/p/Prime-World/pw/branches/r1117/Src/PF_GameLogic/../Scene/../Render/MaterialSpec.h:3261:36: warning: ‘offsetof’ within non-standard-layout type ‘Render::TestTownMaterial’ is conditionally-supported [-Winvalid-offsetof]
 3261 |     samplersOffsets[0] = offsetof( TestTownMaterial, DiffuseMap );
      |                                    ^
/home/vitaly/p/Prime-World/pw/branches/r1117/Src/PF_GameLogic/../Scene/../Render/MaterialSpec.h: In member function ‘virtual int Render::TraceMaterial::SignificantPartLength() const’:
/home/vitaly/p/Prime-World/pw/branches/r1117/Src/PF_GameLogic/../Scene/../Render/MaterialSpec.h:3343:70: warning: ‘offsetof’ within non-standard-layout type ‘Render::TraceMaterial’ is conditionally-supported [-Winvalid-offsetof]
 3343 |         virtual int SignificantPartLength() const { return offsetof( TraceMaterial, vOffset ) - offsetof( TraceMaterial, renderState ) + sizeof( vOffset ); }
      |                                                                      ^
/home/vitaly/p/Prime-World/pw/branches/r1117/Src/PF_GameLogic/../Scene/../Render/MaterialSpec.h:3343:107: warning: ‘offsetof’ within non-standard-layout type ‘Render::TraceMaterial’ is conditionally-supported [-Winvalid-offsetof]
 3343 |         virtual int SignificantPartLength() const { return offsetof( TraceMaterial, vOffset ) - offsetof( TraceMaterial, renderState ) + sizeof( vOffset ); }
      |                                                                                                           ^
/home/vitaly/p/Prime-World/pw/branches/r1117/Src/PF_GameLogic/../Scene/../Render/MaterialSpec.h: In static member function ‘static void Render::TraceMaterial::InitSamplersOffsets()’:
/home/vitaly/p/Prime-World/pw/branches/r1117/Src/PF_GameLogic/../Scene/../Render/MaterialSpec.h:3389:36: warning: ‘offsetof’ within non-standard-layout type ‘Render::TraceMaterial’ is conditionally-supported [-Winvalid-offsetof]
 3389 |     samplersOffsets[0] = offsetof( TraceMaterial, DiffuseMap );
      |                                    ^
/home/vitaly/p/Prime-World/pw/branches/r1117/Src/PF_GameLogic/../Scene/../Render/MaterialSpec.h: In member function ‘virtual int Render::UIBaseMaterial::SignificantPartLength() const’:
/home/vitaly/p/Prime-World/pw/branches/r1117/Src/PF_GameLogic/../Scene/../Render/MaterialSpec.h:3511:70: warning: ‘offsetof’ within non-standard-layout type ‘Render::UIBaseMaterial’ is conditionally-supported [-Winvalid-offsetof]
 3511 |         virtual int SignificantPartLength() const { return offsetof( UIBaseMaterial, colorStripe1000 ) - offsetof( UIBaseMaterial, DiffuseMap ) + sizeof( colorStripe1000 ); }
      |                                                                      ^
/home/vitaly/p/Prime-World/pw/branches/r1117/Src/PF_GameLogic/../Scene/../Render/MaterialSpec.h:3511:116: warning: ‘offsetof’ within non-standard-layout type ‘Render::UIBaseMaterial’ is conditionally-supported [-Winvalid-offsetof]
 3511 |         virtual int SignificantPartLength() const { return offsetof( UIBaseMaterial, colorStripe1000 ) - offsetof( UIBaseMaterial, DiffuseMap ) + sizeof( colorStripe1000 ); }
      |                                                                                                                    ^
/home/vitaly/p/Prime-World/pw/branches/r1117/Src/PF_GameLogic/../Scene/../Render/MaterialSpec.h: In static member function ‘static void Render::UIBaseMaterial::InitSamplersOffsets()’:
/home/vitaly/p/Prime-World/pw/branches/r1117/Src/PF_GameLogic/../Scene/../Render/MaterialSpec.h:3558:36: warning: ‘offsetof’ within non-standard-layout type ‘Render::UIBaseMaterial’ is conditionally-supported [-Winvalid-offsetof]
 3558 |     samplersOffsets[0] = offsetof( UIBaseMaterial, DiffuseMap );
      |                                    ^
/home/vitaly/p/Prime-World/pw/branches/r1117/Src/PF_GameLogic/../Scene/../Render/MaterialSpec.h:3559:36: warning: ‘offsetof’ within non-standard-layout type ‘Render::UIBaseMaterial’ is conditionally-supported [-Winvalid-offsetof]
 3559 |     samplersOffsets[1] = offsetof( UIBaseMaterial, MaskMap );
      |                                    ^
/home/vitaly/p/Prime-World/pw/branches/r1117/Src/PF_GameLogic/../Scene/../Render/MaterialSpec.h: In member function ‘virtual int Render::UIButtonMaterial::SignificantPartLength() const’:
/home/vitaly/p/Prime-World/pw/branches/r1117/Src/PF_GameLogic/../Scene/../Render/MaterialSpec.h:3652:70: warning: ‘offsetof’ within non-standard-layout type ‘Render::UIButtonMaterial’ is conditionally-supported [-Winvalid-offsetof]
 3652 |         virtual int SignificantPartLength() const { return offsetof( UIButtonMaterial, ScreenOpacity ) - offsetof( UIButtonMaterial, BackgroundMap ) + sizeof( ScreenOpacity ); }
      |                                                                      ^
/home/vitaly/p/Prime-World/pw/branches/r1117/Src/PF_GameLogic/../Scene/../Render/MaterialSpec.h:3652:116: warning: ‘offsetof’ within non-standard-layout type ‘Render::UIButtonMaterial’ is conditionally-supported [-Winvalid-offsetof]
 3652 |         virtual int SignificantPartLength() const { return offsetof( UIButtonMaterial, ScreenOpacity ) - offsetof( UIButtonMaterial, BackgroundMap ) + sizeof( ScreenOpacity ); }
      |                                                                                                                    ^
/home/vitaly/p/Prime-World/pw/branches/r1117/Src/PF_GameLogic/../Scene/../Render/MaterialSpec.h: In static member function ‘static void Render::UIButtonMaterial::InitSamplersOffsets()’:
/home/vitaly/p/Prime-World/pw/branches/r1117/Src/PF_GameLogic/../Scene/../Render/MaterialSpec.h:3718:36: warning: ‘offsetof’ within non-standard-layout type ‘Render::UIButtonMaterial’ is conditionally-supported [-Winvalid-offsetof]
 3718 |     samplersOffsets[0] = offsetof( UIButtonMaterial, BackgroundMap );
      |                                    ^
/home/vitaly/p/Prime-World/pw/branches/r1117/Src/PF_GameLogic/../Scene/../Render/MaterialSpec.h:3719:36: warning: ‘offsetof’ within non-standard-layout type ‘Render::UIButtonMaterial’ is conditionally-supported [-Winvalid-offsetof]
 3719 |     samplersOffsets[1] = offsetof( UIButtonMaterial, DiffuseMap );
      |                                    ^
/home/vitaly/p/Prime-World/pw/branches/r1117/Src/PF_GameLogic/../Scene/../Render/MaterialSpec.h:3720:36: warning: ‘offsetof’ within non-standard-layout type ‘Render::UIButtonMaterial’ is conditionally-supported [-Winvalid-offsetof]
 3720 |     samplersOffsets[2] = offsetof( UIButtonMaterial, WaitForActMap );
      |                                    ^
/home/vitaly/p/Prime-World/pw/branches/r1117/Src/PF_GameLogic/../Scene/../Render/MaterialSpec.h:3721:36: warning: ‘offsetof’ within non-standard-layout type ‘Render::UIButtonMaterial’ is conditionally-supported [-Winvalid-offsetof]
 3721 |     samplersOffsets[3] = offsetof( UIButtonMaterial, LackOfManaMap );
      |                                    ^
/home/vitaly/p/Prime-World/pw/branches/r1117/Src/PF_GameLogic/../Scene/../Render/MaterialSpec.h:3722:36: warning: ‘offsetof’ within non-standard-layout type ‘Render::UIButtonMaterial’ is conditionally-supported [-Winvalid-offsetof]
 3722 |     samplersOffsets[4] = offsetof( UIButtonMaterial, PressedMap );
      |                                    ^
/home/vitaly/p/Prime-World/pw/branches/r1117/Src/PF_GameLogic/../Scene/../Render/MaterialSpec.h:3723:36: warning: ‘offsetof’ within non-standard-layout type ‘Render::UIButtonMaterial’ is conditionally-supported [-Winvalid-offsetof]
 3723 |     samplersOffsets[5] = offsetof( UIButtonMaterial, HighlightMap );
      |                                    ^
/home/vitaly/p/Prime-World/pw/branches/r1117/Src/PF_GameLogic/../Scene/../Render/MaterialSpec.h:3724:36: warning: ‘offsetof’ within non-standard-layout type ‘Render::UIButtonMaterial’ is conditionally-supported [-Winvalid-offsetof]
 3724 |     samplersOffsets[6] = offsetof( UIButtonMaterial, ScreenMap );
      |                                    ^
/home/vitaly/p/Prime-World/pw/branches/r1117/Src/PF_GameLogic/../Scene/../Render/MaterialSpec.h: In member function ‘virtual int Render::UIFlashMaterial::SignificantPartLength() const’:
/home/vitaly/p/Prime-World/pw/branches/r1117/Src/PF_GameLogic/../Scene/../Render/MaterialSpec.h:3803:70: warning: ‘offsetof’ within non-standard-layout type ‘Render::UIFlashMaterial’ is conditionally-supported [-Winvalid-offsetof]
 3803 |         virtual int SignificantPartLength() const { return offsetof( UIFlashMaterial, CXFormAdd ) - offsetof( UIFlashMaterial, DiffuseMap ) + sizeof( CXFormAdd ); }
      |                                                                      ^
/home/vitaly/p/Prime-World/pw/branches/r1117/Src/PF_GameLogic/../Scene/../Render/MaterialSpec.h:3803:111: warning: ‘offsetof’ within non-standard-layout type ‘Render::UIFlashMaterial’ is conditionally-supported [-Winvalid-offsetof]
 3803 |         virtual int SignificantPartLength() const { return offsetof( UIFlashMaterial, CXFormAdd ) - offsetof( UIFlashMaterial, DiffuseMap ) + sizeof( CXFormAdd ); }
      |                                                                                                               ^
/home/vitaly/p/Prime-World/pw/branches/r1117/Src/PF_GameLogic/../Scene/../Render/MaterialSpec.h: In static member function ‘static void Render::UIFlashMaterial::InitSamplersOffsets()’:
/home/vitaly/p/Prime-World/pw/branches/r1117/Src/PF_GameLogic/../Scene/../Render/MaterialSpec.h:3855:36: warning: ‘offsetof’ within non-standard-layout type ‘Render::UIFlashMaterial’ is conditionally-supported [-Winvalid-offsetof]
 3855 |     samplersOffsets[0] = offsetof( UIFlashMaterial, DiffuseMap );
      |                                    ^
/home/vitaly/p/Prime-World/pw/branches/r1117/Src/PF_GameLogic/../Scene/../Render/MaterialSpec.h:3856:36: warning: ‘offsetof’ within non-standard-layout type ‘Render::UIFlashMaterial’ is conditionally-supported [-Winvalid-offsetof]
 3856 |     samplersOffsets[1] = offsetof( UIFlashMaterial, DiffuseMap2 );
      |                                    ^
/home/vitaly/p/Prime-World/pw/branches/r1117/Src/PF_GameLogic/../Scene/../Render/MaterialSpec.h: In member function ‘virtual int Render::UIFontMaterial::SignificantPartLength() const’:
/home/vitaly/p/Prime-World/pw/branches/r1117/Src/PF_GameLogic/../Scene/../Render/MaterialSpec.h:3924:70: warning: ‘offsetof’ within non-standard-layout type ‘Render::UIFontMaterial’ is conditionally-supported [-Winvalid-offsetof]
 3924 |         virtual int SignificantPartLength() const { return offsetof( UIFontMaterial, SecondaryColor ) - offsetof( UIFontMaterial, DiffuseMap ) + sizeof( SecondaryColor ); }
      |                                                                      ^
/home/vitaly/p/Prime-World/pw/branches/r1117/Src/PF_GameLogic/../Scene/../Render/MaterialSpec.h:3924:115: warning: ‘offsetof’ within non-standard-layout type ‘Render::UIFontMaterial’ is conditionally-supported [-Winvalid-offsetof]
 3924 |         virtual int SignificantPartLength() const { return offsetof( UIFontMaterial, SecondaryColor ) - offsetof( UIFontMaterial, DiffuseMap ) + sizeof( SecondaryColor ); }
      |                                                                                                                   ^
/home/vitaly/p/Prime-World/pw/branches/r1117/Src/PF_GameLogic/../Scene/../Render/MaterialSpec.h: In static member function ‘static void Render::UIFontMaterial::InitSamplersOffsets()’:
/home/vitaly/p/Prime-World/pw/branches/r1117/Src/PF_GameLogic/../Scene/../Render/MaterialSpec.h:3962:36: warning: ‘offsetof’ within non-standard-layout type ‘Render::UIFontMaterial’ is conditionally-supported [-Winvalid-offsetof]
 3962 |     samplersOffsets[0] = offsetof( UIFontMaterial, DiffuseMap );
      |                                    ^
/home/vitaly/p/Prime-World/pw/branches/r1117/Src/PF_GameLogic/../Scene/../Render/MaterialSpec.h: In member function ‘virtual int Render::UIGlassMaterial::SignificantPartLength() const’:
/home/vitaly/p/Prime-World/pw/branches/r1117/Src/PF_GameLogic/../Scene/../Render/MaterialSpec.h:4035:70: warning: ‘offsetof’ within non-standard-layout type ‘Render::UIGlassMaterial’ is conditionally-supported [-Winvalid-offsetof]
 4035 |         virtual int SignificantPartLength() const { return offsetof( UIGlassMaterial, ScreenOpacity ) - offsetof( UIGlassMaterial, BackgroundMap ) + sizeof( ScreenOpacity ); }
      |                                                                      ^
/home/vitaly/p/Prime-World/pw/branches/r1117/Src/PF_GameLogic/../Scene/../Render/MaterialSpec.h:4035:115: warning: ‘offsetof’ within non-standard-layout type ‘Render::UIGlassMaterial’ is conditionally-supported [-Winvalid-offsetof]
 4035 |         virtual int SignificantPartLength() const { return offsetof( UIGlassMaterial, ScreenOpacity ) - offsetof( UIGlassMaterial, BackgroundMap ) + sizeof( ScreenOpacity ); }
      |                                                                                                                   ^
/home/vitaly/p/Prime-World/pw/branches/r1117/Src/PF_GameLogic/../Scene/../Render/MaterialSpec.h: In static member function ‘static void Render::UIGlassMaterial::InitSamplersOffsets()’:
/home/vitaly/p/Prime-World/pw/branches/r1117/Src/PF_GameLogic/../Scene/../Render/MaterialSpec.h:4078:36: warning: ‘offsetof’ within non-standard-layout type ‘Render::UIGlassMaterial’ is conditionally-supported [-Winvalid-offsetof]
 4078 |     samplersOffsets[0] = offsetof( UIGlassMaterial, BackgroundMap );
      |                                    ^
/home/vitaly/p/Prime-World/pw/branches/r1117/Src/PF_GameLogic/../Scene/../Render/MaterialSpec.h:4079:36: warning: ‘offsetof’ within non-standard-layout type ‘Render::UIGlassMaterial’ is conditionally-supported [-Winvalid-offsetof]
 4079 |     samplersOffsets[1] = offsetof( UIGlassMaterial, DiffuseMap );
      |                                    ^
/home/vitaly/p/Prime-World/pw/branches/r1117/Src/PF_GameLogic/../Scene/../Render/MaterialSpec.h:4080:36: warning: ‘offsetof’ within non-standard-layout type ‘Render::UIGlassMaterial’ is conditionally-supported [-Winvalid-offsetof]
 4080 |     samplersOffsets[2] = offsetof( UIGlassMaterial, OverlayMap );
      |                                    ^
/home/vitaly/p/Prime-World/pw/branches/r1117/Src/PF_GameLogic/../Scene/../Render/MaterialSpec.h:4081:36: warning: ‘offsetof’ within non-standard-layout type ‘Render::UIGlassMaterial’ is conditionally-supported [-Winvalid-offsetof]
 4081 |     samplersOffsets[3] = offsetof( UIGlassMaterial, ScreenMap );
      |                                    ^
In file included from /home/vitaly/p/Prime-World/pw/branches/r1117/Src/PF_GameLogic/../Scene/RenderableScene.h:5,
                 from /home/vitaly/p/Prime-World/pw/branches/r1117/Src/PF_GameLogic/../Scene/SceneObject.h:5:
/home/vitaly/p/Prime-World/pw/branches/r1117/Src/PF_GameLogic/../Scene/../Render/batch.h: At global scope:
/home/vitaly/p/Prime-World/pw/branches/r1117/Src/PF_GameLogic/../Scene/../Render/batch.h:15:8: warning: attribute ignored in declaration of ‘struct Render::Batch’ [-Wattributes]
   15 | struct Batch
      |        ^~~~~
/home/vitaly/p/Prime-World/pw/branches/r1117/Src/PF_GameLogic/../Scene/../Render/batch.h:15:8: note: attribute for ‘struct Render::Batch’ must follow the ‘struct’ keyword
/home/vitaly/p/Prime-World/pw/branches/r1117/Src/PF_GameLogic/../Scene/../Render/batch.h:79:8: warning: ‘template<class> class std::auto_ptr’ is deprecated: use 'std::unique_ptr' instead [-Wdeprecated-declarations]
   79 |   std::auto_ptr<class DXManager>  resourceManager;
      |        ^~~~~~~~
/usr/lib/gcc/x86_64-pc-linux-gnu/15/include/g++-v15/bits/unique_ptr.h:58:28: note: declared here
   58 |   template<typename> class auto_ptr;
      |                            ^~~~~~~~
/home/vitaly/p/Prime-World/pw/branches/r1117/Src/PF_GameLogic/../Scene/SceneObject.h:56:7: warning: attribute ignored in declaration of ‘class NScene::SceneObject’ [-Wattributes]
   56 | class SceneObject : public SceneObjectBase
      |       ^~~~~~~~~~~
/home/vitaly/p/Prime-World/pw/branches/r1117/Src/PF_GameLogic/../Scene/SceneObject.h:56:7: note: attribute for ‘class NScene::SceneObject’ must follow the ‘class’ keyword
/home/vitaly/p/Prime-World/pw/branches/r1117/Src/Game/PF/Client/LobbyPvx/HybridServerNodeImpl.cpp: In destructor ‘virtual NCore::GameClientReconnect::~GameClientReconnect()’:
/home/vitaly/p/Prime-World/pw/branches/r1117/Src/Game/PF/Client/LobbyPvx/HybridServerNodeImpl.cpp:130:19: warning: deleting ‘void*’ is undefined [-Wdelete-incomplete]
  130 |     delete [] it->memory;
      |               ~~~~^~~~~~
/home/vitaly/p/Prime-World/pw/branches/r1117/Src/Game/PF/Client/LobbyPvx/HybridServerNodeImpl.cpp: In member function ‘bool NCore::GameClientReconnect::GetWorldData(Stream&, int&)’:
/home/vitaly/p/Prime-World/pw/branches/r1117/Src/Game/PF/Client/LobbyPvx/HybridServerNodeImpl.cpp:173:21: warning: deleting ‘void*’ is undefined [-Wdelete-incomplete]
  173 |       delete [] it->memory;
      |                 ~~~~^~~~~~
/home/vitaly/p/Prime-World/pw/branches/r1117/Src/Game/PF/Client/LobbyPvx/HybridServerNodeImpl.cpp: In member function ‘void NCore::ServerNode::DumpLags() const’:
/home/vitaly/p/Prime-World/pw/branches/r1117/Src/Game/PF/Client/LobbyPvx/HybridServerNodeImpl.cpp:827:19: warning: cast to pointer from integer of different size [-Wint-to-pointer-cast]
  827 |     HANDLE hLog = (HANDLE)NFile::CreateFileWithDir( logFileName.c_str() );
      |                   ^~~~~~~~~~~~~~~~~~~~~~~~~~~~~~~~~~~~~~~~~~~~~~~~~~~~~~~
[  2%] Building CXX object CMakeFiles/PrimeWorld.dir/Game/PF/Client/LobbyPvx/LLobbyClientInterface.auto.cpp.o
In file included from /home/vitaly/p/Prime-World/pw/branches/r1117/Src/System/../System/Logger.h:7,
                 from /home/vitaly/p/Prime-World/pw/branches/r1117/Src/System/systemStdAfx.h:77,
                 from /home/vitaly/p/Prime-World/pw/branches/r1117/Src/Game/PF/Client/LobbyPvx/stdafx.h:3,
                 from /home/vitaly/p/Prime-World/pw/branches/r1117/Src/Game/PF/Client/LobbyPvx/LLobbyClientInterface.auto.cpp:1:
/home/vitaly/p/Prime-World/pw/branches/r1117/Src/System/../System/MultiReaderLock.h:22:14: warning: ‘template<class> class std::auto_ptr’ is deprecated: use 'std::unique_ptr' instead [-Wdeprecated-declarations]
   22 |   const std::auto_ptr< MultiReaderLockImpl > impl_;
      |              ^~~~~~~~
In file included from /usr/lib/gcc/x86_64-pc-linux-gnu/15/include/g++-v15/memory:80,
                 from /home/vitaly/p/Prime-World/pw/branches/r1117/Src/System/../System/MultiReaderLock.h:3:
/usr/lib/gcc/x86_64-pc-linux-gnu/15/include/g++-v15/bits/unique_ptr.h:58:28: note: declared here
   58 |   template<typename> class auto_ptr;
      |                            ^~~~~~~~
In file included from /home/vitaly/p/Prime-World/pw/branches/r1117/Src/System/systemStdAfx.h:162:
/home/vitaly/p/Prime-World/pw/branches/r1117/Src/System/../System/ncircular_buffer.h:293:15: warning: ‘template<class _Category, class _Tp, class _Distance, class _Pointer, class _Reference> struct std::iterator’ is deprecated [-Wdeprecated-declarations]
  293 | : public std::iterator<std::random_access_iterator_tag,
      |               ^~~~~~~~
In file included from /usr/lib/gcc/x86_64-pc-linux-gnu/15/include/g++-v15/bits/stl_algobase.h:65,
                 from /usr/lib/gcc/x86_64-pc-linux-gnu/15/include/g++-v15/bits/specfun.h:43,
                 from /usr/lib/gcc/x86_64-pc-linux-gnu/15/include/g++-v15/cmath:3913,
                 from /usr/lib/gcc/x86_64-pc-linux-gnu/15/include/g++-v15/math.h:36,
                 from /home/vitaly/p/Prime-World/pw/branches/r1117/Src/System/Win32_linux.h:9,
                 from /home/vitaly/p/Prime-World/pw/branches/r1117/Src/System/config.h:51,
                 from /home/vitaly/p/Prime-World/pw/branches/r1117/Src/System/systemStdAfx.h:4:
/usr/lib/gcc/x86_64-pc-linux-gnu/15/include/g++-v15/bits/stl_iterator_base_types.h:129:34: note: declared here
  129 |     struct _GLIBCXX17_DEPRECATED iterator
      |                                  ^~~~~~~~
[  2%] Building CXX object CMakeFiles/PrimeWorld.dir/Game/PF/Client/LobbyPvx/LobbyClientBase.cpp.o
In file included from /home/vitaly/p/Prime-World/pw/branches/r1117/Src/System/../System/Logger.h:7,
                 from /home/vitaly/p/Prime-World/pw/branches/r1117/Src/System/systemStdAfx.h:77,
                 from /home/vitaly/p/Prime-World/pw/branches/r1117/Src/Game/PF/Client/LobbyPvx/stdafx.h:3,
                 from /home/vitaly/p/Prime-World/pw/branches/r1117/Src/Game/PF/Client/LobbyPvx/LobbyClientBase.cpp:1:
/home/vitaly/p/Prime-World/pw/branches/r1117/Src/System/../System/MultiReaderLock.h:22:14: warning: ‘template<class> class std::auto_ptr’ is deprecated: use 'std::unique_ptr' instead [-Wdeprecated-declarations]
   22 |   const std::auto_ptr< MultiReaderLockImpl > impl_;
      |              ^~~~~~~~
In file included from /usr/lib/gcc/x86_64-pc-linux-gnu/15/include/g++-v15/memory:80,
                 from /home/vitaly/p/Prime-World/pw/branches/r1117/Src/System/../System/MultiReaderLock.h:3:
/usr/lib/gcc/x86_64-pc-linux-gnu/15/include/g++-v15/bits/unique_ptr.h:58:28: note: declared here
   58 |   template<typename> class auto_ptr;
      |                            ^~~~~~~~
In file included from /home/vitaly/p/Prime-World/pw/branches/r1117/Src/System/systemStdAfx.h:162:
/home/vitaly/p/Prime-World/pw/branches/r1117/Src/System/../System/ncircular_buffer.h:293:15: warning: ‘template<class _Category, class _Tp, class _Distance, class _Pointer, class _Reference> struct std::iterator’ is deprecated [-Wdeprecated-declarations]
  293 | : public std::iterator<std::random_access_iterator_tag,
      |               ^~~~~~~~
In file included from /usr/lib/gcc/x86_64-pc-linux-gnu/15/include/g++-v15/bits/stl_algobase.h:65,
                 from /usr/lib/gcc/x86_64-pc-linux-gnu/15/include/g++-v15/bits/specfun.h:43,
                 from /usr/lib/gcc/x86_64-pc-linux-gnu/15/include/g++-v15/cmath:3913,
                 from /usr/lib/gcc/x86_64-pc-linux-gnu/15/include/g++-v15/math.h:36,
                 from /home/vitaly/p/Prime-World/pw/branches/r1117/Src/System/Win32_linux.h:9,
                 from /home/vitaly/p/Prime-World/pw/branches/r1117/Src/System/config.h:51,
                 from /home/vitaly/p/Prime-World/pw/branches/r1117/Src/System/systemStdAfx.h:4:
/usr/lib/gcc/x86_64-pc-linux-gnu/15/include/g++-v15/bits/stl_iterator_base_types.h:129:34: note: declared here
  129 |     struct _GLIBCXX17_DEPRECATED iterator
      |                                  ^~~~~~~~
[  2%] Building CXX object CMakeFiles/PrimeWorld.dir/Game/PF/Client/LobbyPvx/LobbyGameClient.cpp.o
In file included from /home/vitaly/p/Prime-World/pw/branches/r1117/Src/PF_GameLogic/specific.h:21,
                 from /home/vitaly/p/Prime-World/pw/branches/r1117/Src/PF_GameLogic/stdafx.h:5,
                 from /home/vitaly/p/Prime-World/pw/branches/r1117/Src/PF_GameLogic/ReplayInfo.h:3,
                 from /home/vitaly/p/Prime-World/pw/branches/r1117/Src/Game/PF/Client/LobbyPvx/LobbyGameClient.h:10,
                 from /home/vitaly/p/Prime-World/pw/branches/r1117/Src/Game/PF/Client/LobbyPvx/LobbyGameClient.cpp:3:
/home/vitaly/p/Prime-World/pw/branches/r1117/Src/PF_GameLogic/../Scene/DiAnGrUtils.h:198:8: warning: extra tokens at end of ‘#endif’ directive [-Wendif-labels]
  198 | #endif _DIANGRUTILS_H_
      |        ^~~~~~~~~~~~~~~
In file included from /home/vitaly/p/Prime-World/pw/branches/r1117/Src/System/../System/Logger.h:7,
                 from /home/vitaly/p/Prime-World/pw/branches/r1117/Src/System/systemStdAfx.h:77,
                 from /home/vitaly/p/Prime-World/pw/branches/r1117/Src/Game/PF/Client/LobbyPvx/stdafx.h:3,
                 from /home/vitaly/p/Prime-World/pw/branches/r1117/Src/Game/PF/Client/LobbyPvx/LobbyGameClient.cpp:1:
/home/vitaly/p/Prime-World/pw/branches/r1117/Src/System/../System/MultiReaderLock.h:22:14: warning: ‘template<class> class std::auto_ptr’ is deprecated: use 'std::unique_ptr' instead [-Wdeprecated-declarations]
   22 |   const std::auto_ptr< MultiReaderLockImpl > impl_;
      |              ^~~~~~~~
In file included from /usr/lib/gcc/x86_64-pc-linux-gnu/15/include/g++-v15/memory:80,
                 from /home/vitaly/p/Prime-World/pw/branches/r1117/Src/System/../System/MultiReaderLock.h:3:
/usr/lib/gcc/x86_64-pc-linux-gnu/15/include/g++-v15/bits/unique_ptr.h:58:28: note: declared here
   58 |   template<typename> class auto_ptr;
      |                            ^~~~~~~~
In file included from /home/vitaly/p/Prime-World/pw/branches/r1117/Src/System/systemStdAfx.h:162:
/home/vitaly/p/Prime-World/pw/branches/r1117/Src/System/../System/ncircular_buffer.h:293:15: warning: ‘template<class _Category, class _Tp, class _Distance, class _Pointer, class _Reference> struct std::iterator’ is deprecated [-Wdeprecated-declarations]
  293 | : public std::iterator<std::random_access_iterator_tag,
      |               ^~~~~~~~
In file included from /usr/lib/gcc/x86_64-pc-linux-gnu/15/include/g++-v15/bits/stl_algobase.h:65,
                 from /usr/lib/gcc/x86_64-pc-linux-gnu/15/include/g++-v15/bits/specfun.h:43,
                 from /usr/lib/gcc/x86_64-pc-linux-gnu/15/include/g++-v15/cmath:3913,
                 from /usr/lib/gcc/x86_64-pc-linux-gnu/15/include/g++-v15/math.h:36,
                 from /home/vitaly/p/Prime-World/pw/branches/r1117/Src/System/Win32_linux.h:9,
                 from /home/vitaly/p/Prime-World/pw/branches/r1117/Src/System/config.h:51,
                 from /home/vitaly/p/Prime-World/pw/branches/r1117/Src/System/systemStdAfx.h:4:
/usr/lib/gcc/x86_64-pc-linux-gnu/15/include/g++-v15/bits/stl_iterator_base_types.h:129:34: note: declared here
  129 |     struct _GLIBCXX17_DEPRECATED iterator
      |                                  ^~~~~~~~
In file included from /home/vitaly/p/Prime-World/pw/branches/r1117/Src/PF_GameLogic/../Render/sampler.h:4,
                 from /home/vitaly/p/Prime-World/pw/branches/r1117/Src/PF_GameLogic/../Render/material.h:9,
                 from /home/vitaly/p/Prime-World/pw/branches/r1117/Src/PF_GameLogic/../Render/renderstatesmanager.h:5,
                 from /home/vitaly/p/Prime-World/pw/branches/r1117/Src/PF_GameLogic/../Render/renderer.h:7,
                 from /home/vitaly/p/Prime-World/pw/branches/r1117/Src/PF_GameLogic/specific.h:11:
/home/vitaly/p/Prime-World/pw/branches/r1117/Src/PF_GameLogic/../Render/states.h: In member function ‘Render::SamplerState& Render::SamplerState::CreateMask()’:
/home/vitaly/p/Prime-World/pw/branches/r1117/Src/PF_GameLogic/../Render/states.h:125:17: warning: conversion from ‘unsigned int’ to ‘unsigned char:3’ changes value from ‘4294967295’ to ‘7’ [-Woverflow]
  125 |     minFilter = UINT_MAX;
      |                 ^~~~~~~~
/home/vitaly/p/Prime-World/pw/branches/r1117/Src/PF_GameLogic/../Render/states.h:126:17: warning: conversion from ‘unsigned int’ to ‘unsigned char:1’ changes value from ‘4294967295’ to ‘1’ [-Woverflow]
  126 |     magFilter = UINT_MAX;
      |                 ^~~~~~~~
/home/vitaly/p/Prime-World/pw/branches/r1117/Src/PF_GameLogic/../Render/states.h:127:17: warning: conversion from ‘unsigned int’ to ‘unsigned char:2’ changes value from ‘4294967295’ to ‘3’ [-Woverflow]
  127 |     mipFilter = UINT_MAX;
      |                 ^~~~~~~~
/home/vitaly/p/Prime-World/pw/branches/r1117/Src/PF_GameLogic/../Render/states.h:128:17: warning: conversion from ‘unsigned int’ to ‘unsigned char:2’ changes value from ‘4294967295’ to ‘3’ [-Woverflow]
  128 |     addressU  = UINT_MAX;
      |                 ^~~~~~~~
/home/vitaly/p/Prime-World/pw/branches/r1117/Src/PF_GameLogic/../Render/states.h:129:17: warning: conversion from ‘unsigned int’ to ‘unsigned char:2’ changes value from ‘4294967295’ to ‘3’ [-Woverflow]
  129 |     addressV  = UINT_MAX;
      |                 ^~~~~~~~
/home/vitaly/p/Prime-World/pw/branches/r1117/Src/PF_GameLogic/../Render/states.h:130:25: warning: conversion from ‘unsigned int’ to ‘unsigned char:1’ changes value from ‘4294967295’ to ‘1’ [-Woverflow]
  130 |     alwaysFailCompare = UINT_MAX;
      |                         ^~~~~~~~
/home/vitaly/p/Prime-World/pw/branches/r1117/Src/PF_GameLogic/../Render/states.h: At global scope:
/home/vitaly/p/Prime-World/pw/branches/r1117/Src/PF_GameLogic/../Render/states.h:168:3: warning: converting ‘Render::SamplerState2’ to a base class ‘Render::SamplerState’ will never use a type conversion operator [-Wclass-conversion]
  168 |   operator SamplerState()
      |   ^~~~~~~~
In file included from /home/vitaly/p/Prime-World/pw/branches/r1117/Src/PF_GameLogic/../Render/LightsManager.h:5,
                 from /home/vitaly/p/Prime-World/pw/branches/r1117/Src/PF_GameLogic/../Render/renderer.h:16:
/home/vitaly/p/Prime-World/pw/branches/r1117/Src/PF_GameLogic/../Render/AABB.h:11:16: warning: attribute ignored in declaration of ‘struct Render::AABB’ [-Wattributes]
   11 |         struct AABB
      |                ^~~~
/home/vitaly/p/Prime-World/pw/branches/r1117/Src/PF_GameLogic/../Render/AABB.h:11:16: note: attribute for ‘struct Render::AABB’ must follow the ‘struct’ keyword
In file included from /home/vitaly/p/Prime-World/pw/branches/r1117/Src/PF_GameLogic/../Render/../Scene/VoxelGrid.h:3,
                 from /home/vitaly/p/Prime-World/pw/branches/r1117/Src/PF_GameLogic/../Render/../Scene/CollectionVG.h:6,
                 from /home/vitaly/p/Prime-World/pw/branches/r1117/Src/PF_GameLogic/../Render/../Scene/VoxelGridObj.h:3,
                 from /home/vitaly/p/Prime-World/pw/branches/r1117/Src/PF_GameLogic/../Render/light.h:4,
                 from /home/vitaly/p/Prime-World/pw/branches/r1117/Src/PF_GameLogic/../Render/LightsManager.h:6:
/home/vitaly/p/Prime-World/pw/branches/r1117/Src/Render/ConvexVolume.h:12:16: warning: attribute ignored in declaration of ‘struct Render::FPlane’ [-Wattributes]
   12 |         struct FPlane
      |                ^~~~~~
/home/vitaly/p/Prime-World/pw/branches/r1117/Src/Render/ConvexVolume.h:12:16: note: attribute for ‘struct Render::FPlane’ must follow the ‘struct’ keyword
/home/vitaly/p/Prime-World/pw/branches/r1117/Src/Render/ConvexVolume.h:28:15: warning: attribute ignored in declaration of ‘class Render::ConvexVolume’ [-Wattributes]
   28 |         class ConvexVolume
      |               ^~~~~~~~~~~~
/home/vitaly/p/Prime-World/pw/branches/r1117/Src/Render/ConvexVolume.h:28:15: note: attribute for ‘class Render::ConvexVolume’ must follow the ‘class’ keyword
In file included from /home/vitaly/p/Prime-World/pw/branches/r1117/Src/PF_GameLogic/../Scene/SceneComponent.h:8,
                 from /home/vitaly/p/Prime-World/pw/branches/r1117/Src/PF_GameLogic/../Scene/SceneObject.h:2,
                 from /home/vitaly/p/Prime-World/pw/branches/r1117/Src/PF_GameLogic/specific.h:19:
/home/vitaly/p/Prime-World/pw/branches/r1117/Src/PF_GameLogic/../Scene/../Render/RenderComponent.h:40:7: warning: attribute ignored in declaration of ‘class Render::RenderComponent’ [-Wattributes]
   40 | class RenderComponent : public NonCopyable
      |       ^~~~~~~~~~~~~~~
/home/vitaly/p/Prime-World/pw/branches/r1117/Src/PF_GameLogic/../Scene/../Render/RenderComponent.h:40:7: note: attribute for ‘class Render::RenderComponent’ must follow the ‘class’ keyword
In file included from /usr/include/locale.h:28,
                 from /usr/lib/gcc/x86_64-pc-linux-gnu/15/include/g++-v15/clocale:47,
                 from /usr/lib/gcc/x86_64-pc-linux-gnu/15/include/g++-v15/x86_64-pc-linux-gnu/bits/c++locale.h:41,
                 from /usr/lib/gcc/x86_64-pc-linux-gnu/15/include/g++-v15/bits/localefwd.h:42,
                 from /usr/lib/gcc/x86_64-pc-linux-gnu/15/include/g++-v15/string:47,
                 from /home/vitaly/p/Prime-World/pw/branches/r1117/Src/System/ported/cwfn.h:13,
                 from /home/vitaly/p/Prime-World/pw/branches/r1117/Src/Server/RPC/Types.h:5,
                 from /home/vitaly/p/Prime-World/pw/branches/r1117/Src/Server/RPC/Interfaces.h:12,
                 from /home/vitaly/p/Prime-World/pw/branches/r1117/Src/Server/RPC/RPC.h:21,
                 from /home/vitaly/p/Prime-World/pw/branches/r1117/Src/Game/PF/Client/LobbyPvx/LobbyClientBase.h:2,
                 from /home/vitaly/p/Prime-World/pw/branches/r1117/Src/Game/PF/Client/LobbyPvx/LobbyGameClient.h:4:
/home/vitaly/p/Prime-World/pw/branches/r1117/Src/PF_GameLogic/../Scene/../Render/MaterialSpec.h: In member function ‘virtual int Render::AIGeometryMaterialType::SignificantPartLength() const’:
/home/vitaly/p/Prime-World/pw/branches/r1117/Src/PF_GameLogic/../Scene/../Render/MaterialSpec.h:208:70: warning: ‘offsetof’ within non-standard-layout type ‘Render::AIGeometryMaterialType’ is conditionally-supported [-Winvalid-offsetof]
  208 |         virtual int SignificantPartLength() const { return offsetof( AIGeometryMaterialType, renderState ) - offsetof( AIGeometryMaterialType, renderState ) + sizeof( renderState ); }
      |                                                                      ^
/home/vitaly/p/Prime-World/pw/branches/r1117/Src/PF_GameLogic/../Scene/../Render/MaterialSpec.h:208:120: warning: ‘offsetof’ within non-standard-layout type ‘Render::AIGeometryMaterialType’ is conditionally-supported [-Winvalid-offsetof]
  208 |         virtual int SignificantPartLength() const { return offsetof( AIGeometryMaterialType, renderState ) - offsetof( AIGeometryMaterialType, renderState ) + sizeof( renderState ); }
      |                                                                                                                        ^
/home/vitaly/p/Prime-World/pw/branches/r1117/Src/PF_GameLogic/../Scene/../Render/MaterialSpec.h: In member function ‘virtual int Render::AOEMaterial::SignificantPartLength() const’:
/home/vitaly/p/Prime-World/pw/branches/r1117/Src/PF_GameLogic/../Scene/../Render/MaterialSpec.h:307:70: warning: ‘offsetof’ within non-standard-layout type ‘Render::AOEMaterial’ is conditionally-supported [-Winvalid-offsetof]
  307 |         virtual int SignificantPartLength() const { return offsetof( AOEMaterial, aspectRatio ) - offsetof( AOEMaterial, renderState ) + sizeof( aspectRatio ); }
      |                                                                      ^
/home/vitaly/p/Prime-World/pw/branches/r1117/Src/PF_GameLogic/../Scene/../Render/MaterialSpec.h:307:109: warning: ‘offsetof’ within non-standard-layout type ‘Render::AOEMaterial’ is conditionally-supported [-Winvalid-offsetof]
  307 |         virtual int SignificantPartLength() const { return offsetof( AOEMaterial, aspectRatio ) - offsetof( AOEMaterial, renderState ) + sizeof( aspectRatio ); }
      |                                                                                                             ^
/home/vitaly/p/Prime-World/pw/branches/r1117/Src/PF_GameLogic/../Scene/../Render/MaterialSpec.h: In static member function ‘static void Render::AOEMaterial::InitSamplersOffsets()’:
/home/vitaly/p/Prime-World/pw/branches/r1117/Src/PF_GameLogic/../Scene/../Render/MaterialSpec.h:341:36: warning: ‘offsetof’ within non-standard-layout type ‘Render::AOEMaterial’ is conditionally-supported [-Winvalid-offsetof]
  341 |     samplersOffsets[0] = offsetof( AOEMaterial, DiffuseMap );
      |                                    ^
/home/vitaly/p/Prime-World/pw/branches/r1117/Src/PF_GameLogic/../Scene/../Render/MaterialSpec.h: In member function ‘virtual int Render::BasicFXMaterial::SignificantPartLength() const’:
/home/vitaly/p/Prime-World/pw/branches/r1117/Src/PF_GameLogic/../Scene/../Render/MaterialSpec.h:453:70: warning: ‘offsetof’ within non-standard-layout type ‘Render::BasicFXMaterial’ is conditionally-supported [-Winvalid-offsetof]
  453 |         virtual int SignificantPartLength() const { return offsetof( BasicFXMaterial, vOffset ) - offsetof( BasicFXMaterial, renderState ) + sizeof( vOffset ); }
      |                                                                      ^
/home/vitaly/p/Prime-World/pw/branches/r1117/Src/PF_GameLogic/../Scene/../Render/MaterialSpec.h:453:109: warning: ‘offsetof’ within non-standard-layout type ‘Render::BasicFXMaterial’ is conditionally-supported [-Winvalid-offsetof]
  453 |         virtual int SignificantPartLength() const { return offsetof( BasicFXMaterial, vOffset ) - offsetof( BasicFXMaterial, renderState ) + sizeof( vOffset ); }
      |                                                                                                             ^
/home/vitaly/p/Prime-World/pw/branches/r1117/Src/PF_GameLogic/../Scene/../Render/MaterialSpec.h: In static member function ‘static void Render::BasicFXMaterial::InitSamplersOffsets()’:
/home/vitaly/p/Prime-World/pw/branches/r1117/Src/PF_GameLogic/../Scene/../Render/MaterialSpec.h:507:36: warning: ‘offsetof’ within non-standard-layout type ‘Render::BasicFXMaterial’ is conditionally-supported [-Winvalid-offsetof]
  507 |     samplersOffsets[0] = offsetof( BasicFXMaterial, DiffuseMap );
      |                                    ^
/home/vitaly/p/Prime-World/pw/branches/r1117/Src/PF_GameLogic/../Scene/../Render/MaterialSpec.h: In member function ‘virtual int Render::BasicMaskMaterial::SignificantPartLength() const’:
/home/vitaly/p/Prime-World/pw/branches/r1117/Src/PF_GameLogic/../Scene/../Render/MaterialSpec.h:595:70: warning: ‘offsetof’ within non-standard-layout type ‘Render::BasicMaskMaterial’ is conditionally-supported [-Winvalid-offsetof]
  595 |         virtual int SignificantPartLength() const { return offsetof( BasicMaskMaterial, isBlendModeOverrided ) - offsetof( BasicMaskMaterial, renderState ) + sizeof( isBlendModeOverrided ); }
      |                                                                      ^
/home/vitaly/p/Prime-World/pw/branches/r1117/Src/PF_GameLogic/../Scene/../Render/MaterialSpec.h:595:124: warning: ‘offsetof’ within non-standard-layout type ‘Render::BasicMaskMaterial’ is conditionally-supported [-Winvalid-offsetof]
  595 |         virtual int SignificantPartLength() const { return offsetof( BasicMaskMaterial, isBlendModeOverrided ) - offsetof( BasicMaskMaterial, renderState ) + sizeof( isBlendModeOverrided ); }
      |                                                                                                                            ^
/home/vitaly/p/Prime-World/pw/branches/r1117/Src/PF_GameLogic/../Scene/../Render/MaterialSpec.h: In static member function ‘static void Render::BasicMaskMaterial::InitSamplersOffsets()’:
/home/vitaly/p/Prime-World/pw/branches/r1117/Src/PF_GameLogic/../Scene/../Render/MaterialSpec.h:628:36: warning: ‘offsetof’ within non-standard-layout type ‘Render::BasicMaskMaterial’ is conditionally-supported [-Winvalid-offsetof]
  628 |     samplersOffsets[0] = offsetof( BasicMaskMaterial, Diffuse );
      |                                    ^
/home/vitaly/p/Prime-World/pw/branches/r1117/Src/PF_GameLogic/../Scene/../Render/MaterialSpec.h:629:36: warning: ‘offsetof’ within non-standard-layout type ‘Render::BasicMaskMaterial’ is conditionally-supported [-Winvalid-offsetof]
  629 |     samplersOffsets[1] = offsetof( BasicMaskMaterial, Mask );
      |                                    ^
/home/vitaly/p/Prime-World/pw/branches/r1117/Src/PF_GameLogic/../Scene/../Render/MaterialSpec.h: In member function ‘virtual int Render::BasicMaterial::SignificantPartLength() const’:
/home/vitaly/p/Prime-World/pw/branches/r1117/Src/PF_GameLogic/../Scene/../Render/MaterialSpec.h:743:70: warning: ‘offsetof’ within non-standard-layout type ‘Render::BasicMaterial’ is conditionally-supported [-Winvalid-offsetof]
  743 |         virtual int SignificantPartLength() const { return offsetof( BasicMaterial, specialTransparency ) - offsetof( BasicMaterial, renderState ) + sizeof( specialTransparency ); }
      |                                                                      ^
/home/vitaly/p/Prime-World/pw/branches/r1117/Src/PF_GameLogic/../Scene/../Render/MaterialSpec.h:743:119: warning: ‘offsetof’ within non-standard-layout type ‘Render::BasicMaterial’ is conditionally-supported [-Winvalid-offsetof]
  743 |         virtual int SignificantPartLength() const { return offsetof( BasicMaterial, specialTransparency ) - offsetof( BasicMaterial, renderState ) + sizeof( specialTransparency ); }
      |                                                                                                                       ^
/home/vitaly/p/Prime-World/pw/branches/r1117/Src/PF_GameLogic/../Scene/../Render/MaterialSpec.h: In static member function ‘static void Render::BasicMaterial::InitSamplersOffsets()’:
/home/vitaly/p/Prime-World/pw/branches/r1117/Src/PF_GameLogic/../Scene/../Render/MaterialSpec.h:784:36: warning: ‘offsetof’ within non-standard-layout type ‘Render::BasicMaterial’ is conditionally-supported [-Winvalid-offsetof]
  784 |     samplersOffsets[0] = offsetof( BasicMaterial, DiffuseMap );
      |                                    ^
/home/vitaly/p/Prime-World/pw/branches/r1117/Src/PF_GameLogic/../Scene/../Render/MaterialSpec.h:785:36: warning: ‘offsetof’ within non-standard-layout type ‘Render::BasicMaterial’ is conditionally-supported [-Winvalid-offsetof]
  785 |     samplersOffsets[1] = offsetof( BasicMaterial, NormalMap );
      |                                    ^
/home/vitaly/p/Prime-World/pw/branches/r1117/Src/PF_GameLogic/../Scene/../Render/MaterialSpec.h:786:36: warning: ‘offsetof’ within non-standard-layout type ‘Render::BasicMaterial’ is conditionally-supported [-Winvalid-offsetof]
  786 |     samplersOffsets[2] = offsetof( BasicMaterial, SpecularMap );
      |                                    ^
/home/vitaly/p/Prime-World/pw/branches/r1117/Src/PF_GameLogic/../Scene/../Render/MaterialSpec.h:787:36: warning: ‘offsetof’ within non-standard-layout type ‘Render::BasicMaterial’ is conditionally-supported [-Winvalid-offsetof]
  787 |     samplersOffsets[3] = offsetof( BasicMaterial, ReflectionMap );
      |                                    ^
/home/vitaly/p/Prime-World/pw/branches/r1117/Src/PF_GameLogic/../Scene/../Render/MaterialSpec.h: In member function ‘virtual int Render::DecalMaterial::SignificantPartLength() const’:
/home/vitaly/p/Prime-World/pw/branches/r1117/Src/PF_GameLogic/../Scene/../Render/MaterialSpec.h:976:70: warning: ‘offsetof’ within non-standard-layout type ‘Render::DecalMaterial’ is conditionally-supported [-Winvalid-offsetof]
  976 |         virtual int SignificantPartLength() const { return offsetof( DecalMaterial, isBlendModeOverrided ) - offsetof( DecalMaterial, renderState ) + sizeof( isBlendModeOverrided ); }
      |                                                                      ^
/home/vitaly/p/Prime-World/pw/branches/r1117/Src/PF_GameLogic/../Scene/../Render/MaterialSpec.h:976:120: warning: ‘offsetof’ within non-standard-layout type ‘Render::DecalMaterial’ is conditionally-supported [-Winvalid-offsetof]
  976 |         virtual int SignificantPartLength() const { return offsetof( DecalMaterial, isBlendModeOverrided ) - offsetof( DecalMaterial, renderState ) + sizeof( isBlendModeOverrided ); }
      |                                                                                                                        ^
/home/vitaly/p/Prime-World/pw/branches/r1117/Src/PF_GameLogic/../Scene/../Render/MaterialSpec.h: In static member function ‘static void Render::DecalMaterial::InitSamplersOffsets()’:
/home/vitaly/p/Prime-World/pw/branches/r1117/Src/PF_GameLogic/../Scene/../Render/MaterialSpec.h:1020:36: warning: ‘offsetof’ within non-standard-layout type ‘Render::DecalMaterial’ is conditionally-supported [-Winvalid-offsetof]
 1020 |     samplersOffsets[0] = offsetof( DecalMaterial, DiffuseMap );
      |                                    ^
/home/vitaly/p/Prime-World/pw/branches/r1117/Src/PF_GameLogic/../Scene/../Render/MaterialSpec.h: In member function ‘virtual int Render::DecalTerrainMaterial::SignificantPartLength() const’:
/home/vitaly/p/Prime-World/pw/branches/r1117/Src/PF_GameLogic/../Scene/../Render/MaterialSpec.h:1140:70: warning: ‘offsetof’ within non-standard-layout type ‘Render::DecalTerrainMaterial’ is conditionally-supported [-Winvalid-offsetof]
 1140 |         virtual int SignificantPartLength() const { return offsetof( DecalTerrainMaterial, isBlendModeOverrided ) - offsetof( DecalTerrainMaterial, renderState ) + sizeof( isBlendModeOverrided ); }
      |                                                                      ^
/home/vitaly/p/Prime-World/pw/branches/r1117/Src/PF_GameLogic/../Scene/../Render/MaterialSpec.h:1140:127: warning: ‘offsetof’ within non-standard-layout type ‘Render::DecalTerrainMaterial’ is conditionally-supported [-Winvalid-offsetof]
 1140 |         virtual int SignificantPartLength() const { return offsetof( DecalTerrainMaterial, isBlendModeOverrided ) - offsetof( DecalTerrainMaterial, renderState ) + sizeof( isBlendModeOverrided ); }
      |                                                                                                                               ^
/home/vitaly/p/Prime-World/pw/branches/r1117/Src/PF_GameLogic/../Scene/../Render/MaterialSpec.h: In static member function ‘static void Render::DecalTerrainMaterial::InitSamplersOffsets()’:
/home/vitaly/p/Prime-World/pw/branches/r1117/Src/PF_GameLogic/../Scene/../Render/MaterialSpec.h:1185:36: warning: ‘offsetof’ within non-standard-layout type ‘Render::DecalTerrainMaterial’ is conditionally-supported [-Winvalid-offsetof]
 1185 |     samplersOffsets[0] = offsetof( DecalTerrainMaterial, DiffuseMap );
      |                                    ^
/home/vitaly/p/Prime-World/pw/branches/r1117/Src/PF_GameLogic/../Scene/../Render/MaterialSpec.h:1186:36: warning: ‘offsetof’ within non-standard-layout type ‘Render::DecalTerrainMaterial’ is conditionally-supported [-Winvalid-offsetof]
 1186 |     samplersOffsets[1] = offsetof( DecalTerrainMaterial, MaskMap );
      |                                    ^
/home/vitaly/p/Prime-World/pw/branches/r1117/Src/PF_GameLogic/../Scene/../Render/MaterialSpec.h: In member function ‘virtual int Render::DropMaterial::SignificantPartLength() const’:
/home/vitaly/p/Prime-World/pw/branches/r1117/Src/PF_GameLogic/../Scene/../Render/MaterialSpec.h:1364:70: warning: ‘offsetof’ within non-standard-layout type ‘Render::DropMaterial’ is conditionally-supported [-Winvalid-offsetof]
 1364 |         virtual int SignificantPartLength() const { return offsetof( DropMaterial, vOffset2 ) - offsetof( DropMaterial, renderState ) + sizeof( vOffset2 ); }
      |                                                                      ^
/home/vitaly/p/Prime-World/pw/branches/r1117/Src/PF_GameLogic/../Scene/../Render/MaterialSpec.h:1364:107: warning: ‘offsetof’ within non-standard-layout type ‘Render::DropMaterial’ is conditionally-supported [-Winvalid-offsetof]
 1364 |         virtual int SignificantPartLength() const { return offsetof( DropMaterial, vOffset2 ) - offsetof( DropMaterial, renderState ) + sizeof( vOffset2 ); }
      |                                                                                                           ^
/home/vitaly/p/Prime-World/pw/branches/r1117/Src/PF_GameLogic/../Scene/../Render/MaterialSpec.h: In static member function ‘static void Render::DropMaterial::InitSamplersOffsets()’:
/home/vitaly/p/Prime-World/pw/branches/r1117/Src/PF_GameLogic/../Scene/../Render/MaterialSpec.h:1419:36: warning: ‘offsetof’ within non-standard-layout type ‘Render::DropMaterial’ is conditionally-supported [-Winvalid-offsetof]
 1419 |     samplersOffsets[0] = offsetof( DropMaterial, DiffuseMap );
      |                                    ^
/home/vitaly/p/Prime-World/pw/branches/r1117/Src/PF_GameLogic/../Scene/../Render/MaterialSpec.h:1420:36: warning: ‘offsetof’ within non-standard-layout type ‘Render::DropMaterial’ is conditionally-supported [-Winvalid-offsetof]
 1420 |     samplersOffsets[1] = offsetof( DropMaterial, NormalMap );
      |                                    ^
/home/vitaly/p/Prime-World/pw/branches/r1117/Src/PF_GameLogic/../Scene/../Render/MaterialSpec.h:1421:36: warning: ‘offsetof’ within non-standard-layout type ‘Render::DropMaterial’ is conditionally-supported [-Winvalid-offsetof]
 1421 |     samplersOffsets[2] = offsetof( DropMaterial, SpecularMap );
      |                                    ^
/home/vitaly/p/Prime-World/pw/branches/r1117/Src/PF_GameLogic/../Scene/../Render/MaterialSpec.h:1422:36: warning: ‘offsetof’ within non-standard-layout type ‘Render::DropMaterial’ is conditionally-supported [-Winvalid-offsetof]
 1422 |     samplersOffsets[3] = offsetof( DropMaterial, ReflectionMap );
      |                                    ^
/home/vitaly/p/Prime-World/pw/branches/r1117/Src/PF_GameLogic/../Scene/../Render/MaterialSpec.h: In member function ‘virtual int Render::FullScreenMaterial::SignificantPartLength() const’:
/home/vitaly/p/Prime-World/pw/branches/r1117/Src/PF_GameLogic/../Scene/../Render/MaterialSpec.h:1516:70: warning: ‘offsetof’ within non-standard-layout type ‘Render::FullScreenMaterial’ is conditionally-supported [-Winvalid-offsetof]
 1516 |         virtual int SignificantPartLength() const { return offsetof( FullScreenMaterial, BloomMap ) - offsetof( FullScreenMaterial, renderState ) + sizeof( BloomMap ); }
      |                                                                      ^
/home/vitaly/p/Prime-World/pw/branches/r1117/Src/PF_GameLogic/../Scene/../Render/MaterialSpec.h:1516:113: warning: ‘offsetof’ within non-standard-layout type ‘Render::FullScreenMaterial’ is conditionally-supported [-Winvalid-offsetof]
 1516 |         virtual int SignificantPartLength() const { return offsetof( FullScreenMaterial, BloomMap ) - offsetof( FullScreenMaterial, renderState ) + sizeof( BloomMap ); }
      |                                                                                                                 ^
/home/vitaly/p/Prime-World/pw/branches/r1117/Src/PF_GameLogic/../Scene/../Render/MaterialSpec.h: In static member function ‘static void Render::FullScreenMaterial::InitSamplersOffsets()’:
/home/vitaly/p/Prime-World/pw/branches/r1117/Src/PF_GameLogic/../Scene/../Render/MaterialSpec.h:1566:36: warning: ‘offsetof’ within non-standard-layout type ‘Render::FullScreenMaterial’ is conditionally-supported [-Winvalid-offsetof]
 1566 |     samplersOffsets[0] = offsetof( FullScreenMaterial, DepthMap );
      |                                    ^
/home/vitaly/p/Prime-World/pw/branches/r1117/Src/PF_GameLogic/../Scene/../Render/MaterialSpec.h:1567:36: warning: ‘offsetof’ within non-standard-layout type ‘Render::FullScreenMaterial’ is conditionally-supported [-Winvalid-offsetof]
 1567 |     samplersOffsets[1] = offsetof( FullScreenMaterial, DiffuseMap );
      |                                    ^
/home/vitaly/p/Prime-World/pw/branches/r1117/Src/PF_GameLogic/../Scene/../Render/MaterialSpec.h:1568:36: warning: ‘offsetof’ within non-standard-layout type ‘Render::FullScreenMaterial’ is conditionally-supported [-Winvalid-offsetof]
 1568 |     samplersOffsets[2] = offsetof( FullScreenMaterial, BloomMap );
      |                                    ^
/home/vitaly/p/Prime-World/pw/branches/r1117/Src/PF_GameLogic/../Scene/../Render/MaterialSpec.h: In member function ‘virtual int Render::GrassMaterial::SignificantPartLength() const’:
/home/vitaly/p/Prime-World/pw/branches/r1117/Src/PF_GameLogic/../Scene/../Render/MaterialSpec.h:1639:70: warning: ‘offsetof’ within non-standard-layout type ‘Render::GrassMaterial’ is conditionally-supported [-Winvalid-offsetof]
 1639 |         virtual int SignificantPartLength() const { return offsetof( GrassMaterial, elasticity ) - offsetof( GrassMaterial, renderState ) + sizeof( elasticity ); }
      |                                                                      ^
/home/vitaly/p/Prime-World/pw/branches/r1117/Src/PF_GameLogic/../Scene/../Render/MaterialSpec.h:1639:110: warning: ‘offsetof’ within non-standard-layout type ‘Render::GrassMaterial’ is conditionally-supported [-Winvalid-offsetof]
 1639 |         virtual int SignificantPartLength() const { return offsetof( GrassMaterial, elasticity ) - offsetof( GrassMaterial, renderState ) + sizeof( elasticity ); }
      |                                                                                                              ^
/home/vitaly/p/Prime-World/pw/branches/r1117/Src/PF_GameLogic/../Scene/../Render/MaterialSpec.h: In static member function ‘static void Render::GrassMaterial::InitSamplersOffsets()’:
/home/vitaly/p/Prime-World/pw/branches/r1117/Src/PF_GameLogic/../Scene/../Render/MaterialSpec.h:1673:36: warning: ‘offsetof’ within non-standard-layout type ‘Render::GrassMaterial’ is conditionally-supported [-Winvalid-offsetof]
 1673 |     samplersOffsets[0] = offsetof( GrassMaterial, FrozenDiffuseMap );
      |                                    ^
/home/vitaly/p/Prime-World/pw/branches/r1117/Src/PF_GameLogic/../Scene/../Render/MaterialSpec.h:1674:36: warning: ‘offsetof’ within non-standard-layout type ‘Render::GrassMaterial’ is conditionally-supported [-Winvalid-offsetof]
 1674 |     samplersOffsets[1] = offsetof( GrassMaterial, NormalDiffuseMap );
      |                                    ^
/home/vitaly/p/Prime-World/pw/branches/r1117/Src/PF_GameLogic/../Scene/../Render/MaterialSpec.h:1675:36: warning: ‘offsetof’ within non-standard-layout type ‘Render::GrassMaterial’ is conditionally-supported [-Winvalid-offsetof]
 1675 |     samplersOffsets[2] = offsetof( GrassMaterial, BurnedDiffuseMap );
      |                                    ^
/home/vitaly/p/Prime-World/pw/branches/r1117/Src/PF_GameLogic/../Scene/../Render/MaterialSpec.h: In member function ‘virtual int Render::HeightfogMaterial::SignificantPartLength() const’:
/home/vitaly/p/Prime-World/pw/branches/r1117/Src/PF_GameLogic/../Scene/../Render/MaterialSpec.h:1760:70: warning: ‘offsetof’ within non-standard-layout type ‘Render::HeightfogMaterial’ is conditionally-supported [-Winvalid-offsetof]
 1760 |         virtual int SignificantPartLength() const { return offsetof( HeightfogMaterial, halfFadeDistance ) - offsetof( HeightfogMaterial, renderState ) + sizeof( halfFadeDistance ); }
      |                                                                      ^
/home/vitaly/p/Prime-World/pw/branches/r1117/Src/PF_GameLogic/../Scene/../Render/MaterialSpec.h:1760:120: warning: ‘offsetof’ within non-standard-layout type ‘Render::HeightfogMaterial’ is conditionally-supported [-Winvalid-offsetof]
 1760 |         virtual int SignificantPartLength() const { return offsetof( HeightfogMaterial, halfFadeDistance ) - offsetof( HeightfogMaterial, renderState ) + sizeof( halfFadeDistance ); }
      |                                                                                                                        ^
/home/vitaly/p/Prime-World/pw/branches/r1117/Src/PF_GameLogic/../Scene/../Render/MaterialSpec.h: In static member function ‘static void Render::HeightfogMaterial::InitSamplersOffsets()’:
/home/vitaly/p/Prime-World/pw/branches/r1117/Src/PF_GameLogic/../Scene/../Render/MaterialSpec.h:1792:36: warning: ‘offsetof’ within non-standard-layout type ‘Render::HeightfogMaterial’ is conditionally-supported [-Winvalid-offsetof]
 1792 |     samplersOffsets[0] = offsetof( HeightfogMaterial, noiseMap );
      |                                    ^
/home/vitaly/p/Prime-World/pw/branches/r1117/Src/PF_GameLogic/../Scene/../Render/MaterialSpec.h: In member function ‘virtual int Render::LightningMaterial::SignificantPartLength() const’:
/home/vitaly/p/Prime-World/pw/branches/r1117/Src/PF_GameLogic/../Scene/../Render/MaterialSpec.h:1849:70: warning: ‘offsetof’ within non-standard-layout type ‘Render::LightningMaterial’ is conditionally-supported [-Winvalid-offsetof]
 1849 |         virtual int SignificantPartLength() const { return offsetof( LightningMaterial, DiffuseMap ) - offsetof( LightningMaterial, renderState ) + sizeof( DiffuseMap ); }
      |                                                                      ^
/home/vitaly/p/Prime-World/pw/branches/r1117/Src/PF_GameLogic/../Scene/../Render/MaterialSpec.h:1849:114: warning: ‘offsetof’ within non-standard-layout type ‘Render::LightningMaterial’ is conditionally-supported [-Winvalid-offsetof]
 1849 |         virtual int SignificantPartLength() const { return offsetof( LightningMaterial, DiffuseMap ) - offsetof( LightningMaterial, renderState ) + sizeof( DiffuseMap ); }
      |                                                                                                                  ^
/home/vitaly/p/Prime-World/pw/branches/r1117/Src/PF_GameLogic/../Scene/../Render/MaterialSpec.h: In static member function ‘static void Render::LightningMaterial::InitSamplersOffsets()’:
/home/vitaly/p/Prime-World/pw/branches/r1117/Src/PF_GameLogic/../Scene/../Render/MaterialSpec.h:1881:36: warning: ‘offsetof’ within non-standard-layout type ‘Render::LightningMaterial’ is conditionally-supported [-Winvalid-offsetof]
 1881 |     samplersOffsets[0] = offsetof( LightningMaterial, DiffuseMap );
      |                                    ^
/home/vitaly/p/Prime-World/pw/branches/r1117/Src/PF_GameLogic/../Scene/../Render/MaterialSpec.h: In member function ‘virtual int Render::PaintMaterial::SignificantPartLength() const’:
/home/vitaly/p/Prime-World/pw/branches/r1117/Src/PF_GameLogic/../Scene/../Render/MaterialSpec.h:2042:70: warning: ‘offsetof’ within non-standard-layout type ‘Render::PaintMaterial’ is conditionally-supported [-Winvalid-offsetof]
 2042 |         virtual int SignificantPartLength() const { return offsetof( PaintMaterial, isBlendModeOverrided ) - offsetof( PaintMaterial, renderState ) + sizeof( isBlendModeOverrided ); }
      |                                                                      ^
/home/vitaly/p/Prime-World/pw/branches/r1117/Src/PF_GameLogic/../Scene/../Render/MaterialSpec.h:2042:120: warning: ‘offsetof’ within non-standard-layout type ‘Render::PaintMaterial’ is conditionally-supported [-Winvalid-offsetof]
 2042 |         virtual int SignificantPartLength() const { return offsetof( PaintMaterial, isBlendModeOverrided ) - offsetof( PaintMaterial, renderState ) + sizeof( isBlendModeOverrided ); }
      |                                                                                                                        ^
/home/vitaly/p/Prime-World/pw/branches/r1117/Src/PF_GameLogic/../Scene/../Render/MaterialSpec.h: In static member function ‘static void Render::PaintMaterial::InitSamplersOffsets()’:
/home/vitaly/p/Prime-World/pw/branches/r1117/Src/PF_GameLogic/../Scene/../Render/MaterialSpec.h:2082:36: warning: ‘offsetof’ within non-standard-layout type ‘Render::PaintMaterial’ is conditionally-supported [-Winvalid-offsetof]
 2082 |     samplersOffsets[0] = offsetof( PaintMaterial, Draft );
      |                                    ^
/home/vitaly/p/Prime-World/pw/branches/r1117/Src/PF_GameLogic/../Scene/../Render/MaterialSpec.h:2083:36: warning: ‘offsetof’ within non-standard-layout type ‘Render::PaintMaterial’ is conditionally-supported [-Winvalid-offsetof]
 2083 |     samplersOffsets[1] = offsetof( PaintMaterial, Background );
      |                                    ^
/home/vitaly/p/Prime-World/pw/branches/r1117/Src/PF_GameLogic/../Scene/../Render/MaterialSpec.h:2084:36: warning: ‘offsetof’ within non-standard-layout type ‘Render::PaintMaterial’ is conditionally-supported [-Winvalid-offsetof]
 2084 |     samplersOffsets[2] = offsetof( PaintMaterial, BaseBackground );
      |                                    ^
/home/vitaly/p/Prime-World/pw/branches/r1117/Src/PF_GameLogic/../Scene/../Render/MaterialSpec.h:2085:36: warning: ‘offsetof’ within non-standard-layout type ‘Render::PaintMaterial’ is conditionally-supported [-Winvalid-offsetof]
 2085 |     samplersOffsets[3] = offsetof( PaintMaterial, Complete );
      |                                    ^
/home/vitaly/p/Prime-World/pw/branches/r1117/Src/PF_GameLogic/../Scene/../Render/MaterialSpec.h:2086:36: warning: ‘offsetof’ within non-standard-layout type ‘Render::PaintMaterial’ is conditionally-supported [-Winvalid-offsetof]
 2086 |     samplersOffsets[4] = offsetof( PaintMaterial, Mask );
      |                                    ^
/home/vitaly/p/Prime-World/pw/branches/r1117/Src/PF_GameLogic/../Scene/../Render/MaterialSpec.h: In member function ‘virtual int Render::ParticleFXMaterial::SignificantPartLength() const’:
/home/vitaly/p/Prime-World/pw/branches/r1117/Src/PF_GameLogic/../Scene/../Render/MaterialSpec.h:2165:70: warning: ‘offsetof’ within non-standard-layout type ‘Render::ParticleFXMaterial’ is conditionally-supported [-Winvalid-offsetof]
 2165 |         virtual int SignificantPartLength() const { return offsetof( ParticleFXMaterial, scale ) - offsetof( ParticleFXMaterial, renderState ) + sizeof( scale ); }
      |                                                                      ^
/home/vitaly/p/Prime-World/pw/branches/r1117/Src/PF_GameLogic/../Scene/../Render/MaterialSpec.h:2165:110: warning: ‘offsetof’ within non-standard-layout type ‘Render::ParticleFXMaterial’ is conditionally-supported [-Winvalid-offsetof]
 2165 |         virtual int SignificantPartLength() const { return offsetof( ParticleFXMaterial, scale ) - offsetof( ParticleFXMaterial, renderState ) + sizeof( scale ); }
      |                                                                                                              ^
/home/vitaly/p/Prime-World/pw/branches/r1117/Src/PF_GameLogic/../Scene/../Render/MaterialSpec.h: In static member function ‘static void Render::ParticleFXMaterial::InitSamplersOffsets()’:
/home/vitaly/p/Prime-World/pw/branches/r1117/Src/PF_GameLogic/../Scene/../Render/MaterialSpec.h:2203:36: warning: ‘offsetof’ within non-standard-layout type ‘Render::ParticleFXMaterial’ is conditionally-supported [-Winvalid-offsetof]
 2203 |     samplersOffsets[0] = offsetof( ParticleFXMaterial, DiffuseMap );
      |                                    ^
/home/vitaly/p/Prime-World/pw/branches/r1117/Src/PF_GameLogic/../Scene/../Render/MaterialSpec.h: In member function ‘virtual int Render::RoadMaterial::SignificantPartLength() const’:
/home/vitaly/p/Prime-World/pw/branches/r1117/Src/PF_GameLogic/../Scene/../Render/MaterialSpec.h:2267:70: warning: ‘offsetof’ within non-standard-layout type ‘Render::RoadMaterial’ is conditionally-supported [-Winvalid-offsetof]
 2267 |         virtual int SignificantPartLength() const { return offsetof( RoadMaterial, BorderMap ) - offsetof( RoadMaterial, renderState ) + sizeof( BorderMap ); }
      |                                                                      ^
/home/vitaly/p/Prime-World/pw/branches/r1117/Src/PF_GameLogic/../Scene/../Render/MaterialSpec.h:2267:108: warning: ‘offsetof’ within non-standard-layout type ‘Render::RoadMaterial’ is conditionally-supported [-Winvalid-offsetof]
 2267 |         virtual int SignificantPartLength() const { return offsetof( RoadMaterial, BorderMap ) - offsetof( RoadMaterial, renderState ) + sizeof( BorderMap ); }
      |                                                                                                            ^
/home/vitaly/p/Prime-World/pw/branches/r1117/Src/PF_GameLogic/../Scene/../Render/MaterialSpec.h: In static member function ‘static void Render::RoadMaterial::InitSamplersOffsets()’:
/home/vitaly/p/Prime-World/pw/branches/r1117/Src/PF_GameLogic/../Scene/../Render/MaterialSpec.h:2308:36: warning: ‘offsetof’ within non-standard-layout type ‘Render::RoadMaterial’ is conditionally-supported [-Winvalid-offsetof]
 2308 |     samplersOffsets[0] = offsetof( RoadMaterial, RoadMap );
      |                                    ^
/home/vitaly/p/Prime-World/pw/branches/r1117/Src/PF_GameLogic/../Scene/../Render/MaterialSpec.h:2309:36: warning: ‘offsetof’ within non-standard-layout type ‘Render::RoadMaterial’ is conditionally-supported [-Winvalid-offsetof]
 2309 |     samplersOffsets[1] = offsetof( RoadMaterial, BorderMap );
      |                                    ^
/home/vitaly/p/Prime-World/pw/branches/r1117/Src/PF_GameLogic/../Scene/../Render/MaterialSpec.h: In member function ‘virtual int Render::ShadowMaterial::SignificantPartLength() const’:
/home/vitaly/p/Prime-World/pw/branches/r1117/Src/PF_GameLogic/../Scene/../Render/MaterialSpec.h:2369:70: warning: ‘offsetof’ within non-standard-layout type ‘Render::ShadowMaterial’ is conditionally-supported [-Winvalid-offsetof]
 2369 |         virtual int SignificantPartLength() const { return offsetof( ShadowMaterial, DiffuseMap ) - offsetof( ShadowMaterial, renderState ) + sizeof( DiffuseMap ); }
      |                                                                      ^
/home/vitaly/p/Prime-World/pw/branches/r1117/Src/PF_GameLogic/../Scene/../Render/MaterialSpec.h:2369:111: warning: ‘offsetof’ within non-standard-layout type ‘Render::ShadowMaterial’ is conditionally-supported [-Winvalid-offsetof]
 2369 |         virtual int SignificantPartLength() const { return offsetof( ShadowMaterial, DiffuseMap ) - offsetof( ShadowMaterial, renderState ) + sizeof( DiffuseMap ); }
      |                                                                                                               ^
/home/vitaly/p/Prime-World/pw/branches/r1117/Src/PF_GameLogic/../Scene/../Render/MaterialSpec.h: In static member function ‘static void Render::ShadowMaterial::InitSamplersOffsets()’:
/home/vitaly/p/Prime-World/pw/branches/r1117/Src/PF_GameLogic/../Scene/../Render/MaterialSpec.h:2405:36: warning: ‘offsetof’ within non-standard-layout type ‘Render::ShadowMaterial’ is conditionally-supported [-Winvalid-offsetof]
 2405 |     samplersOffsets[0] = offsetof( ShadowMaterial, DiffuseMap );
      |                                    ^
/home/vitaly/p/Prime-World/pw/branches/r1117/Src/PF_GameLogic/../Scene/../Render/MaterialSpec.h: In member function ‘virtual int Render::SilhouetteMaterial::SignificantPartLength() const’:
/home/vitaly/p/Prime-World/pw/branches/r1117/Src/PF_GameLogic/../Scene/../Render/MaterialSpec.h:2462:70: warning: ‘offsetof’ within non-standard-layout type ‘Render::SilhouetteMaterial’ is conditionally-supported [-Winvalid-offsetof]
 2462 |         virtual int SignificantPartLength() const { return offsetof( SilhouetteMaterial, renderState ) - offsetof( SilhouetteMaterial, renderState ) + sizeof( renderState ); }
      |                                                                      ^
/home/vitaly/p/Prime-World/pw/branches/r1117/Src/PF_GameLogic/../Scene/../Render/MaterialSpec.h:2462:116: warning: ‘offsetof’ within non-standard-layout type ‘Render::SilhouetteMaterial’ is conditionally-supported [-Winvalid-offsetof]
 2462 |         virtual int SignificantPartLength() const { return offsetof( SilhouetteMaterial, renderState ) - offsetof( SilhouetteMaterial, renderState ) + sizeof( renderState ); }
      |                                                                                                                    ^
/home/vitaly/p/Prime-World/pw/branches/r1117/Src/PF_GameLogic/../Scene/../Render/MaterialSpec.h: In member function ‘virtual int Render::SkyMaterial::SignificantPartLength() const’:
/home/vitaly/p/Prime-World/pw/branches/r1117/Src/PF_GameLogic/../Scene/../Render/MaterialSpec.h:2586:70: warning: ‘offsetof’ within non-standard-layout type ‘Render::SkyMaterial’ is conditionally-supported [-Winvalid-offsetof]
 2586 |         virtual int SignificantPartLength() const { return offsetof( SkyMaterial, vOffset2 ) - offsetof( SkyMaterial, renderState ) + sizeof( vOffset2 ); }
      |                                                                      ^
/home/vitaly/p/Prime-World/pw/branches/r1117/Src/PF_GameLogic/../Scene/../Render/MaterialSpec.h:2586:106: warning: ‘offsetof’ within non-standard-layout type ‘Render::SkyMaterial’ is conditionally-supported [-Winvalid-offsetof]
 2586 |         virtual int SignificantPartLength() const { return offsetof( SkyMaterial, vOffset2 ) - offsetof( SkyMaterial, renderState ) + sizeof( vOffset2 ); }
      |                                                                                                          ^
/home/vitaly/p/Prime-World/pw/branches/r1117/Src/PF_GameLogic/../Scene/../Render/MaterialSpec.h: In static member function ‘static void Render::SkyMaterial::InitSamplersOffsets()’:
/home/vitaly/p/Prime-World/pw/branches/r1117/Src/PF_GameLogic/../Scene/../Render/MaterialSpec.h:2634:36: warning: ‘offsetof’ within non-standard-layout type ‘Render::SkyMaterial’ is conditionally-supported [-Winvalid-offsetof]
 2634 |     samplersOffsets[0] = offsetof( SkyMaterial, DiffuseMap );
      |                                    ^
/home/vitaly/p/Prime-World/pw/branches/r1117/Src/PF_GameLogic/../Scene/../Render/MaterialSpec.h: In member function ‘virtual int Render::TerrainAOEMaterial::SignificantPartLength() const’:
/home/vitaly/p/Prime-World/pw/branches/r1117/Src/PF_GameLogic/../Scene/../Render/MaterialSpec.h:2717:70: warning: ‘offsetof’ within non-standard-layout type ‘Render::TerrainAOEMaterial’ is conditionally-supported [-Winvalid-offsetof]
 2717 |         virtual int SignificantPartLength() const { return offsetof( TerrainAOEMaterial, uvOffset ) - offsetof( TerrainAOEMaterial, renderState ) + sizeof( uvOffset ); }
      |                                                                      ^
/home/vitaly/p/Prime-World/pw/branches/r1117/Src/PF_GameLogic/../Scene/../Render/MaterialSpec.h:2717:113: warning: ‘offsetof’ within non-standard-layout type ‘Render::TerrainAOEMaterial’ is conditionally-supported [-Winvalid-offsetof]
 2717 |         virtual int SignificantPartLength() const { return offsetof( TerrainAOEMaterial, uvOffset ) - offsetof( TerrainAOEMaterial, renderState ) + sizeof( uvOffset ); }
      |                                                                                                                 ^
/home/vitaly/p/Prime-World/pw/branches/r1117/Src/PF_GameLogic/../Scene/../Render/MaterialSpec.h: In static member function ‘static void Render::TerrainAOEMaterial::InitSamplersOffsets()’:
/home/vitaly/p/Prime-World/pw/branches/r1117/Src/PF_GameLogic/../Scene/../Render/MaterialSpec.h:2749:36: warning: ‘offsetof’ within non-standard-layout type ‘Render::TerrainAOEMaterial’ is conditionally-supported [-Winvalid-offsetof]
 2749 |     samplersOffsets[0] = offsetof( TerrainAOEMaterial, DiffuseMap );
      |                                    ^
/home/vitaly/p/Prime-World/pw/branches/r1117/Src/PF_GameLogic/../Scene/../Render/MaterialSpec.h: In member function ‘virtual int Render::TerrainHeightBuilderMaterial::SignificantPartLength() const’:
/home/vitaly/p/Prime-World/pw/branches/r1117/Src/PF_GameLogic/../Scene/../Render/MaterialSpec.h:2973:70: warning: ‘offsetof’ within non-standard-layout type ‘Render::TerrainHeightBuilderMaterial’ is conditionally-supported [-Winvalid-offsetof]
 2973 |         virtual int SignificantPartLength() const { return offsetof( TerrainHeightBuilderMaterial, renderState ) - offsetof( TerrainHeightBuilderMaterial, renderState ) + sizeof( renderState ); }
      |                                                                      ^
/home/vitaly/p/Prime-World/pw/branches/r1117/Src/PF_GameLogic/../Scene/../Render/MaterialSpec.h:2973:126: warning: ‘offsetof’ within non-standard-layout type ‘Render::TerrainHeightBuilderMaterial’ is conditionally-supported [-Winvalid-offsetof]
 2973 |         virtual int SignificantPartLength() const { return offsetof( TerrainHeightBuilderMaterial, renderState ) - offsetof( TerrainHeightBuilderMaterial, renderState ) + sizeof( renderState ); }
      |                                                                                                                              ^
/home/vitaly/p/Prime-World/pw/branches/r1117/Src/PF_GameLogic/../Scene/../Render/MaterialSpec.h: In member function ‘virtual int Render::TerrainMaterial::SignificantPartLength() const’:
/home/vitaly/p/Prime-World/pw/branches/r1117/Src/PF_GameLogic/../Scene/../Render/MaterialSpec.h:3102:70: warning: ‘offsetof’ within non-standard-layout type ‘Render::TerrainMaterial’ is conditionally-supported [-Winvalid-offsetof]
 3102 |         virtual int SignificantPartLength() const { return offsetof( TerrainMaterial, grassRect ) - offsetof( TerrainMaterial, A_DiffuseMap ) + sizeof( grassRect ); }
      |                                                                      ^
/home/vitaly/p/Prime-World/pw/branches/r1117/Src/PF_GameLogic/../Scene/../Render/MaterialSpec.h:3102:111: warning: ‘offsetof’ within non-standard-layout type ‘Render::TerrainMaterial’ is conditionally-supported [-Winvalid-offsetof]
 3102 |         virtual int SignificantPartLength() const { return offsetof( TerrainMaterial, grassRect ) - offsetof( TerrainMaterial, A_DiffuseMap ) + sizeof( grassRect ); }
      |                                                                                                               ^
/home/vitaly/p/Prime-World/pw/branches/r1117/Src/PF_GameLogic/../Scene/../Render/MaterialSpec.h: In static member function ‘static void Render::TerrainMaterial::InitSamplersOffsets()’:
/home/vitaly/p/Prime-World/pw/branches/r1117/Src/PF_GameLogic/../Scene/../Render/MaterialSpec.h:3150:36: warning: ‘offsetof’ within non-standard-layout type ‘Render::TerrainMaterial’ is conditionally-supported [-Winvalid-offsetof]
 3150 |     samplersOffsets[0] = offsetof( TerrainMaterial, A_DiffuseMap );
      |                                    ^
/home/vitaly/p/Prime-World/pw/branches/r1117/Src/PF_GameLogic/../Scene/../Render/MaterialSpec.h:3151:36: warning: ‘offsetof’ within non-standard-layout type ‘Render::TerrainMaterial’ is conditionally-supported [-Winvalid-offsetof]
 3151 |     samplersOffsets[1] = offsetof( TerrainMaterial, N_DiffuseMap );
      |                                    ^
/home/vitaly/p/Prime-World/pw/branches/r1117/Src/PF_GameLogic/../Scene/../Render/MaterialSpec.h:3152:36: warning: ‘offsetof’ within non-standard-layout type ‘Render::TerrainMaterial’ is conditionally-supported [-Winvalid-offsetof]
 3152 |     samplersOffsets[2] = offsetof( TerrainMaterial, B_DiffuseMap );
      |                                    ^
/home/vitaly/p/Prime-World/pw/branches/r1117/Src/PF_GameLogic/../Scene/../Render/MaterialSpec.h:3153:36: warning: ‘offsetof’ within non-standard-layout type ‘Render::TerrainMaterial’ is conditionally-supported [-Winvalid-offsetof]
 3153 |     samplersOffsets[3] = offsetof( TerrainMaterial, FrozenNormalMap );
      |                                    ^
/home/vitaly/p/Prime-World/pw/branches/r1117/Src/PF_GameLogic/../Scene/../Render/MaterialSpec.h:3154:36: warning: ‘offsetof’ within non-standard-layout type ‘Render::TerrainMaterial’ is conditionally-supported [-Winvalid-offsetof]
 3154 |     samplersOffsets[4] = offsetof( TerrainMaterial, NormalNormalMap );
      |                                    ^
/home/vitaly/p/Prime-World/pw/branches/r1117/Src/PF_GameLogic/../Scene/../Render/MaterialSpec.h:3155:36: warning: ‘offsetof’ within non-standard-layout type ‘Render::TerrainMaterial’ is conditionally-supported [-Winvalid-offsetof]
 3155 |     samplersOffsets[5] = offsetof( TerrainMaterial, BurnedNormalMap );
      |                                    ^
/home/vitaly/p/Prime-World/pw/branches/r1117/Src/PF_GameLogic/../Scene/../Render/MaterialSpec.h:3156:36: warning: ‘offsetof’ within non-standard-layout type ‘Render::TerrainMaterial’ is conditionally-supported [-Winvalid-offsetof]
 3156 |     samplersOffsets[6] = offsetof( TerrainMaterial, FrozenSpecularMap );
      |                                    ^
/home/vitaly/p/Prime-World/pw/branches/r1117/Src/PF_GameLogic/../Scene/../Render/MaterialSpec.h:3157:36: warning: ‘offsetof’ within non-standard-layout type ‘Render::TerrainMaterial’ is conditionally-supported [-Winvalid-offsetof]
 3157 |     samplersOffsets[7] = offsetof( TerrainMaterial, NormalSpecularMap );
      |                                    ^
/home/vitaly/p/Prime-World/pw/branches/r1117/Src/PF_GameLogic/../Scene/../Render/MaterialSpec.h:3158:36: warning: ‘offsetof’ within non-standard-layout type ‘Render::TerrainMaterial’ is conditionally-supported [-Winvalid-offsetof]
 3158 |     samplersOffsets[8] = offsetof( TerrainMaterial, BurnedSpecularMap );
      |                                    ^
/home/vitaly/p/Prime-World/pw/branches/r1117/Src/PF_GameLogic/../Scene/../Render/MaterialSpec.h:3159:36: warning: ‘offsetof’ within non-standard-layout type ‘Render::TerrainMaterial’ is conditionally-supported [-Winvalid-offsetof]
 3159 |     samplersOffsets[9] = offsetof( TerrainMaterial, DarkMap );
      |                                    ^
/home/vitaly/p/Prime-World/pw/branches/r1117/Src/PF_GameLogic/../Scene/../Render/MaterialSpec.h: In member function ‘virtual int Render::TestTownMaterial::SignificantPartLength() const’:
/home/vitaly/p/Prime-World/pw/branches/r1117/Src/PF_GameLogic/../Scene/../Render/MaterialSpec.h:3225:70: warning: ‘offsetof’ within non-standard-layout type ‘Render::TestTownMaterial’ is conditionally-supported [-Winvalid-offsetof]
 3225 |         virtual int SignificantPartLength() const { return offsetof( TestTownMaterial, outputAdd ) - offsetof( TestTownMaterial, RenderState ) + sizeof( outputAdd ); }
      |                                                                      ^
/home/vitaly/p/Prime-World/pw/branches/r1117/Src/PF_GameLogic/../Scene/../Render/MaterialSpec.h:3225:112: warning: ‘offsetof’ within non-standard-layout type ‘Render::TestTownMaterial’ is conditionally-supported [-Winvalid-offsetof]
 3225 |         virtual int SignificantPartLength() const { return offsetof( TestTownMaterial, outputAdd ) - offsetof( TestTownMaterial, RenderState ) + sizeof( outputAdd ); }
      |                                                                                                                ^
/home/vitaly/p/Prime-World/pw/branches/r1117/Src/PF_GameLogic/../Scene/../Render/MaterialSpec.h: In static member function ‘static void Render::TestTownMaterial::InitSamplersOffsets()’:
/home/vitaly/p/Prime-World/pw/branches/r1117/Src/PF_GameLogic/../Scene/../Render/MaterialSpec.h:3261:36: warning: ‘offsetof’ within non-standard-layout type ‘Render::TestTownMaterial’ is conditionally-supported [-Winvalid-offsetof]
 3261 |     samplersOffsets[0] = offsetof( TestTownMaterial, DiffuseMap );
      |                                    ^
/home/vitaly/p/Prime-World/pw/branches/r1117/Src/PF_GameLogic/../Scene/../Render/MaterialSpec.h: In member function ‘virtual int Render::TraceMaterial::SignificantPartLength() const’:
/home/vitaly/p/Prime-World/pw/branches/r1117/Src/PF_GameLogic/../Scene/../Render/MaterialSpec.h:3343:70: warning: ‘offsetof’ within non-standard-layout type ‘Render::TraceMaterial’ is conditionally-supported [-Winvalid-offsetof]
 3343 |         virtual int SignificantPartLength() const { return offsetof( TraceMaterial, vOffset ) - offsetof( TraceMaterial, renderState ) + sizeof( vOffset ); }
      |                                                                      ^
/home/vitaly/p/Prime-World/pw/branches/r1117/Src/PF_GameLogic/../Scene/../Render/MaterialSpec.h:3343:107: warning: ‘offsetof’ within non-standard-layout type ‘Render::TraceMaterial’ is conditionally-supported [-Winvalid-offsetof]
 3343 |         virtual int SignificantPartLength() const { return offsetof( TraceMaterial, vOffset ) - offsetof( TraceMaterial, renderState ) + sizeof( vOffset ); }
      |                                                                                                           ^
/home/vitaly/p/Prime-World/pw/branches/r1117/Src/PF_GameLogic/../Scene/../Render/MaterialSpec.h: In static member function ‘static void Render::TraceMaterial::InitSamplersOffsets()’:
/home/vitaly/p/Prime-World/pw/branches/r1117/Src/PF_GameLogic/../Scene/../Render/MaterialSpec.h:3389:36: warning: ‘offsetof’ within non-standard-layout type ‘Render::TraceMaterial’ is conditionally-supported [-Winvalid-offsetof]
 3389 |     samplersOffsets[0] = offsetof( TraceMaterial, DiffuseMap );
      |                                    ^
/home/vitaly/p/Prime-World/pw/branches/r1117/Src/PF_GameLogic/../Scene/../Render/MaterialSpec.h: In member function ‘virtual int Render::UIBaseMaterial::SignificantPartLength() const’:
/home/vitaly/p/Prime-World/pw/branches/r1117/Src/PF_GameLogic/../Scene/../Render/MaterialSpec.h:3511:70: warning: ‘offsetof’ within non-standard-layout type ‘Render::UIBaseMaterial’ is conditionally-supported [-Winvalid-offsetof]
 3511 |         virtual int SignificantPartLength() const { return offsetof( UIBaseMaterial, colorStripe1000 ) - offsetof( UIBaseMaterial, DiffuseMap ) + sizeof( colorStripe1000 ); }
      |                                                                      ^
/home/vitaly/p/Prime-World/pw/branches/r1117/Src/PF_GameLogic/../Scene/../Render/MaterialSpec.h:3511:116: warning: ‘offsetof’ within non-standard-layout type ‘Render::UIBaseMaterial’ is conditionally-supported [-Winvalid-offsetof]
 3511 |         virtual int SignificantPartLength() const { return offsetof( UIBaseMaterial, colorStripe1000 ) - offsetof( UIBaseMaterial, DiffuseMap ) + sizeof( colorStripe1000 ); }
      |                                                                                                                    ^
/home/vitaly/p/Prime-World/pw/branches/r1117/Src/PF_GameLogic/../Scene/../Render/MaterialSpec.h: In static member function ‘static void Render::UIBaseMaterial::InitSamplersOffsets()’:
/home/vitaly/p/Prime-World/pw/branches/r1117/Src/PF_GameLogic/../Scene/../Render/MaterialSpec.h:3558:36: warning: ‘offsetof’ within non-standard-layout type ‘Render::UIBaseMaterial’ is conditionally-supported [-Winvalid-offsetof]
 3558 |     samplersOffsets[0] = offsetof( UIBaseMaterial, DiffuseMap );
      |                                    ^
/home/vitaly/p/Prime-World/pw/branches/r1117/Src/PF_GameLogic/../Scene/../Render/MaterialSpec.h:3559:36: warning: ‘offsetof’ within non-standard-layout type ‘Render::UIBaseMaterial’ is conditionally-supported [-Winvalid-offsetof]
 3559 |     samplersOffsets[1] = offsetof( UIBaseMaterial, MaskMap );
      |                                    ^
/home/vitaly/p/Prime-World/pw/branches/r1117/Src/PF_GameLogic/../Scene/../Render/MaterialSpec.h: In member function ‘virtual int Render::UIButtonMaterial::SignificantPartLength() const’:
/home/vitaly/p/Prime-World/pw/branches/r1117/Src/PF_GameLogic/../Scene/../Render/MaterialSpec.h:3652:70: warning: ‘offsetof’ within non-standard-layout type ‘Render::UIButtonMaterial’ is conditionally-supported [-Winvalid-offsetof]
 3652 |         virtual int SignificantPartLength() const { return offsetof( UIButtonMaterial, ScreenOpacity ) - offsetof( UIButtonMaterial, BackgroundMap ) + sizeof( ScreenOpacity ); }
      |                                                                      ^
/home/vitaly/p/Prime-World/pw/branches/r1117/Src/PF_GameLogic/../Scene/../Render/MaterialSpec.h:3652:116: warning: ‘offsetof’ within non-standard-layout type ‘Render::UIButtonMaterial’ is conditionally-supported [-Winvalid-offsetof]
 3652 |         virtual int SignificantPartLength() const { return offsetof( UIButtonMaterial, ScreenOpacity ) - offsetof( UIButtonMaterial, BackgroundMap ) + sizeof( ScreenOpacity ); }
      |                                                                                                                    ^
/home/vitaly/p/Prime-World/pw/branches/r1117/Src/PF_GameLogic/../Scene/../Render/MaterialSpec.h: In static member function ‘static void Render::UIButtonMaterial::InitSamplersOffsets()’:
/home/vitaly/p/Prime-World/pw/branches/r1117/Src/PF_GameLogic/../Scene/../Render/MaterialSpec.h:3718:36: warning: ‘offsetof’ within non-standard-layout type ‘Render::UIButtonMaterial’ is conditionally-supported [-Winvalid-offsetof]
 3718 |     samplersOffsets[0] = offsetof( UIButtonMaterial, BackgroundMap );
      |                                    ^
/home/vitaly/p/Prime-World/pw/branches/r1117/Src/PF_GameLogic/../Scene/../Render/MaterialSpec.h:3719:36: warning: ‘offsetof’ within non-standard-layout type ‘Render::UIButtonMaterial’ is conditionally-supported [-Winvalid-offsetof]
 3719 |     samplersOffsets[1] = offsetof( UIButtonMaterial, DiffuseMap );
      |                                    ^
/home/vitaly/p/Prime-World/pw/branches/r1117/Src/PF_GameLogic/../Scene/../Render/MaterialSpec.h:3720:36: warning: ‘offsetof’ within non-standard-layout type ‘Render::UIButtonMaterial’ is conditionally-supported [-Winvalid-offsetof]
 3720 |     samplersOffsets[2] = offsetof( UIButtonMaterial, WaitForActMap );
      |                                    ^
/home/vitaly/p/Prime-World/pw/branches/r1117/Src/PF_GameLogic/../Scene/../Render/MaterialSpec.h:3721:36: warning: ‘offsetof’ within non-standard-layout type ‘Render::UIButtonMaterial’ is conditionally-supported [-Winvalid-offsetof]
 3721 |     samplersOffsets[3] = offsetof( UIButtonMaterial, LackOfManaMap );
      |                                    ^
/home/vitaly/p/Prime-World/pw/branches/r1117/Src/PF_GameLogic/../Scene/../Render/MaterialSpec.h:3722:36: warning: ‘offsetof’ within non-standard-layout type ‘Render::UIButtonMaterial’ is conditionally-supported [-Winvalid-offsetof]
 3722 |     samplersOffsets[4] = offsetof( UIButtonMaterial, PressedMap );
      |                                    ^
/home/vitaly/p/Prime-World/pw/branches/r1117/Src/PF_GameLogic/../Scene/../Render/MaterialSpec.h:3723:36: warning: ‘offsetof’ within non-standard-layout type ‘Render::UIButtonMaterial’ is conditionally-supported [-Winvalid-offsetof]
 3723 |     samplersOffsets[5] = offsetof( UIButtonMaterial, HighlightMap );
      |                                    ^
/home/vitaly/p/Prime-World/pw/branches/r1117/Src/PF_GameLogic/../Scene/../Render/MaterialSpec.h:3724:36: warning: ‘offsetof’ within non-standard-layout type ‘Render::UIButtonMaterial’ is conditionally-supported [-Winvalid-offsetof]
 3724 |     samplersOffsets[6] = offsetof( UIButtonMaterial, ScreenMap );
      |                                    ^
/home/vitaly/p/Prime-World/pw/branches/r1117/Src/PF_GameLogic/../Scene/../Render/MaterialSpec.h: In member function ‘virtual int Render::UIFlashMaterial::SignificantPartLength() const’:
/home/vitaly/p/Prime-World/pw/branches/r1117/Src/PF_GameLogic/../Scene/../Render/MaterialSpec.h:3803:70: warning: ‘offsetof’ within non-standard-layout type ‘Render::UIFlashMaterial’ is conditionally-supported [-Winvalid-offsetof]
 3803 |         virtual int SignificantPartLength() const { return offsetof( UIFlashMaterial, CXFormAdd ) - offsetof( UIFlashMaterial, DiffuseMap ) + sizeof( CXFormAdd ); }
      |                                                                      ^
/home/vitaly/p/Prime-World/pw/branches/r1117/Src/PF_GameLogic/../Scene/../Render/MaterialSpec.h:3803:111: warning: ‘offsetof’ within non-standard-layout type ‘Render::UIFlashMaterial’ is conditionally-supported [-Winvalid-offsetof]
 3803 |         virtual int SignificantPartLength() const { return offsetof( UIFlashMaterial, CXFormAdd ) - offsetof( UIFlashMaterial, DiffuseMap ) + sizeof( CXFormAdd ); }
      |                                                                                                               ^
/home/vitaly/p/Prime-World/pw/branches/r1117/Src/PF_GameLogic/../Scene/../Render/MaterialSpec.h: In static member function ‘static void Render::UIFlashMaterial::InitSamplersOffsets()’:
/home/vitaly/p/Prime-World/pw/branches/r1117/Src/PF_GameLogic/../Scene/../Render/MaterialSpec.h:3855:36: warning: ‘offsetof’ within non-standard-layout type ‘Render::UIFlashMaterial’ is conditionally-supported [-Winvalid-offsetof]
 3855 |     samplersOffsets[0] = offsetof( UIFlashMaterial, DiffuseMap );
      |                                    ^
/home/vitaly/p/Prime-World/pw/branches/r1117/Src/PF_GameLogic/../Scene/../Render/MaterialSpec.h:3856:36: warning: ‘offsetof’ within non-standard-layout type ‘Render::UIFlashMaterial’ is conditionally-supported [-Winvalid-offsetof]
 3856 |     samplersOffsets[1] = offsetof( UIFlashMaterial, DiffuseMap2 );
      |                                    ^
/home/vitaly/p/Prime-World/pw/branches/r1117/Src/PF_GameLogic/../Scene/../Render/MaterialSpec.h: In member function ‘virtual int Render::UIFontMaterial::SignificantPartLength() const’:
/home/vitaly/p/Prime-World/pw/branches/r1117/Src/PF_GameLogic/../Scene/../Render/MaterialSpec.h:3924:70: warning: ‘offsetof’ within non-standard-layout type ‘Render::UIFontMaterial’ is conditionally-supported [-Winvalid-offsetof]
 3924 |         virtual int SignificantPartLength() const { return offsetof( UIFontMaterial, SecondaryColor ) - offsetof( UIFontMaterial, DiffuseMap ) + sizeof( SecondaryColor ); }
      |                                                                      ^
/home/vitaly/p/Prime-World/pw/branches/r1117/Src/PF_GameLogic/../Scene/../Render/MaterialSpec.h:3924:115: warning: ‘offsetof’ within non-standard-layout type ‘Render::UIFontMaterial’ is conditionally-supported [-Winvalid-offsetof]
 3924 |         virtual int SignificantPartLength() const { return offsetof( UIFontMaterial, SecondaryColor ) - offsetof( UIFontMaterial, DiffuseMap ) + sizeof( SecondaryColor ); }
      |                                                                                                                   ^
/home/vitaly/p/Prime-World/pw/branches/r1117/Src/PF_GameLogic/../Scene/../Render/MaterialSpec.h: In static member function ‘static void Render::UIFontMaterial::InitSamplersOffsets()’:
/home/vitaly/p/Prime-World/pw/branches/r1117/Src/PF_GameLogic/../Scene/../Render/MaterialSpec.h:3962:36: warning: ‘offsetof’ within non-standard-layout type ‘Render::UIFontMaterial’ is conditionally-supported [-Winvalid-offsetof]
 3962 |     samplersOffsets[0] = offsetof( UIFontMaterial, DiffuseMap );
      |                                    ^
/home/vitaly/p/Prime-World/pw/branches/r1117/Src/PF_GameLogic/../Scene/../Render/MaterialSpec.h: In member function ‘virtual int Render::UIGlassMaterial::SignificantPartLength() const’:
/home/vitaly/p/Prime-World/pw/branches/r1117/Src/PF_GameLogic/../Scene/../Render/MaterialSpec.h:4035:70: warning: ‘offsetof’ within non-standard-layout type ‘Render::UIGlassMaterial’ is conditionally-supported [-Winvalid-offsetof]
 4035 |         virtual int SignificantPartLength() const { return offsetof( UIGlassMaterial, ScreenOpacity ) - offsetof( UIGlassMaterial, BackgroundMap ) + sizeof( ScreenOpacity ); }
      |                                                                      ^
/home/vitaly/p/Prime-World/pw/branches/r1117/Src/PF_GameLogic/../Scene/../Render/MaterialSpec.h:4035:115: warning: ‘offsetof’ within non-standard-layout type ‘Render::UIGlassMaterial’ is conditionally-supported [-Winvalid-offsetof]
 4035 |         virtual int SignificantPartLength() const { return offsetof( UIGlassMaterial, ScreenOpacity ) - offsetof( UIGlassMaterial, BackgroundMap ) + sizeof( ScreenOpacity ); }
      |                                                                                                                   ^
/home/vitaly/p/Prime-World/pw/branches/r1117/Src/PF_GameLogic/../Scene/../Render/MaterialSpec.h: In static member function ‘static void Render::UIGlassMaterial::InitSamplersOffsets()’:
/home/vitaly/p/Prime-World/pw/branches/r1117/Src/PF_GameLogic/../Scene/../Render/MaterialSpec.h:4078:36: warning: ‘offsetof’ within non-standard-layout type ‘Render::UIGlassMaterial’ is conditionally-supported [-Winvalid-offsetof]
 4078 |     samplersOffsets[0] = offsetof( UIGlassMaterial, BackgroundMap );
      |                                    ^
/home/vitaly/p/Prime-World/pw/branches/r1117/Src/PF_GameLogic/../Scene/../Render/MaterialSpec.h:4079:36: warning: ‘offsetof’ within non-standard-layout type ‘Render::UIGlassMaterial’ is conditionally-supported [-Winvalid-offsetof]
 4079 |     samplersOffsets[1] = offsetof( UIGlassMaterial, DiffuseMap );
      |                                    ^
/home/vitaly/p/Prime-World/pw/branches/r1117/Src/PF_GameLogic/../Scene/../Render/MaterialSpec.h:4080:36: warning: ‘offsetof’ within non-standard-layout type ‘Render::UIGlassMaterial’ is conditionally-supported [-Winvalid-offsetof]
 4080 |     samplersOffsets[2] = offsetof( UIGlassMaterial, OverlayMap );
      |                                    ^
/home/vitaly/p/Prime-World/pw/branches/r1117/Src/PF_GameLogic/../Scene/../Render/MaterialSpec.h:4081:36: warning: ‘offsetof’ within non-standard-layout type ‘Render::UIGlassMaterial’ is conditionally-supported [-Winvalid-offsetof]
 4081 |     samplersOffsets[3] = offsetof( UIGlassMaterial, ScreenMap );
      |                                    ^
In file included from /home/vitaly/p/Prime-World/pw/branches/r1117/Src/PF_GameLogic/../Scene/RenderableScene.h:5,
                 from /home/vitaly/p/Prime-World/pw/branches/r1117/Src/PF_GameLogic/../Scene/SceneObject.h:5:
/home/vitaly/p/Prime-World/pw/branches/r1117/Src/PF_GameLogic/../Scene/../Render/batch.h: At global scope:
/home/vitaly/p/Prime-World/pw/branches/r1117/Src/PF_GameLogic/../Scene/../Render/batch.h:15:8: warning: attribute ignored in declaration of ‘struct Render::Batch’ [-Wattributes]
   15 | struct Batch
      |        ^~~~~
/home/vitaly/p/Prime-World/pw/branches/r1117/Src/PF_GameLogic/../Scene/../Render/batch.h:15:8: note: attribute for ‘struct Render::Batch’ must follow the ‘struct’ keyword
/home/vitaly/p/Prime-World/pw/branches/r1117/Src/PF_GameLogic/../Scene/../Render/batch.h:79:8: warning: ‘template<class> class std::auto_ptr’ is deprecated: use 'std::unique_ptr' instead [-Wdeprecated-declarations]
   79 |   std::auto_ptr<class DXManager>  resourceManager;
      |        ^~~~~~~~
/usr/lib/gcc/x86_64-pc-linux-gnu/15/include/g++-v15/bits/unique_ptr.h:58:28: note: declared here
   58 |   template<typename> class auto_ptr;
      |                            ^~~~~~~~
/home/vitaly/p/Prime-World/pw/branches/r1117/Src/PF_GameLogic/../Scene/SceneObject.h:56:7: warning: attribute ignored in declaration of ‘class NScene::SceneObject’ [-Wattributes]
   56 | class SceneObject : public SceneObjectBase
      |       ^~~~~~~~~~~
/home/vitaly/p/Prime-World/pw/branches/r1117/Src/PF_GameLogic/../Scene/SceneObject.h:56:7: note: attribute for ‘class NScene::SceneObject’ must follow the ‘class’ keyword
In file included from /home/vitaly/p/Prime-World/pw/branches/r1117/Src/Game/PF/Client/LobbyPvx/LobbyGameClient.cpp:6:
/home/vitaly/p/Prime-World/pw/branches/r1117/Src/Core/Transceiver.h:265:7: warning: ‘NCore::Transceiver’ has a field ‘NCore::{anonymous}::ProtectionMagicStepCalculator NCore::Transceiver::pmsc’ whose type uses the anonymous namespace [-Wsubobject-linkage]
  265 | class Transceiver : public ITransceiver, public BaseObjectST
      |       ^~~~~~~~~~~
[  2%] Building CXX object CMakeFiles/PrimeWorld.dir/Game/PF/Client/LobbyPvx/NewReplay.cpp.o
In file included from /home/vitaly/p/Prime-World/pw/branches/r1117/Src/PF_GameLogic/specific.h:21,
                 from /home/vitaly/p/Prime-World/pw/branches/r1117/Src/PF_GameLogic/stdafx.h:5,
                 from /home/vitaly/p/Prime-World/pw/branches/r1117/Src/PF_GameLogic/ReplayInfo.h:3,
                 from /home/vitaly/p/Prime-World/pw/branches/r1117/Src/Game/PF/Client/LobbyPvx/NewReplay.h:3,
                 from /home/vitaly/p/Prime-World/pw/branches/r1117/Src/Game/PF/Client/LobbyPvx/NewReplay.cpp:3:
/home/vitaly/p/Prime-World/pw/branches/r1117/Src/PF_GameLogic/../Scene/DiAnGrUtils.h:198:8: warning: extra tokens at end of ‘#endif’ directive [-Wendif-labels]
  198 | #endif _DIANGRUTILS_H_
      |        ^~~~~~~~~~~~~~~
/home/vitaly/p/Prime-World/pw/branches/r1117/Src/Game/PF/Client/LobbyPvx/NewReplay.cpp:120:22: warning: multi-character character constant [-Wmultichar]
  120 |   const int marker = 'PRWP';
      |                      ^~~~~~
In file included from /home/vitaly/p/Prime-World/pw/branches/r1117/Src/System/../System/Logger.h:7,
                 from /home/vitaly/p/Prime-World/pw/branches/r1117/Src/System/systemStdAfx.h:77,
                 from /home/vitaly/p/Prime-World/pw/branches/r1117/Src/Game/PF/Client/LobbyPvx/stdafx.h:3,
                 from /home/vitaly/p/Prime-World/pw/branches/r1117/Src/Game/PF/Client/LobbyPvx/NewReplay.cpp:1:
/home/vitaly/p/Prime-World/pw/branches/r1117/Src/System/../System/MultiReaderLock.h:22:14: warning: ‘template<class> class std::auto_ptr’ is deprecated: use 'std::unique_ptr' instead [-Wdeprecated-declarations]
   22 |   const std::auto_ptr< MultiReaderLockImpl > impl_;
      |              ^~~~~~~~
In file included from /usr/lib/gcc/x86_64-pc-linux-gnu/15/include/g++-v15/memory:80,
                 from /home/vitaly/p/Prime-World/pw/branches/r1117/Src/System/../System/MultiReaderLock.h:3:
/usr/lib/gcc/x86_64-pc-linux-gnu/15/include/g++-v15/bits/unique_ptr.h:58:28: note: declared here
   58 |   template<typename> class auto_ptr;
      |                            ^~~~~~~~
In file included from /home/vitaly/p/Prime-World/pw/branches/r1117/Src/System/systemStdAfx.h:162:
/home/vitaly/p/Prime-World/pw/branches/r1117/Src/System/../System/ncircular_buffer.h:293:15: warning: ‘template<class _Category, class _Tp, class _Distance, class _Pointer, class _Reference> struct std::iterator’ is deprecated [-Wdeprecated-declarations]
  293 | : public std::iterator<std::random_access_iterator_tag,
      |               ^~~~~~~~
In file included from /usr/lib/gcc/x86_64-pc-linux-gnu/15/include/g++-v15/bits/stl_algobase.h:65,
                 from /usr/lib/gcc/x86_64-pc-linux-gnu/15/include/g++-v15/bits/specfun.h:43,
                 from /usr/lib/gcc/x86_64-pc-linux-gnu/15/include/g++-v15/cmath:3913,
                 from /usr/lib/gcc/x86_64-pc-linux-gnu/15/include/g++-v15/math.h:36,
                 from /home/vitaly/p/Prime-World/pw/branches/r1117/Src/System/Win32_linux.h:9,
                 from /home/vitaly/p/Prime-World/pw/branches/r1117/Src/System/config.h:51,
                 from /home/vitaly/p/Prime-World/pw/branches/r1117/Src/System/systemStdAfx.h:4:
/usr/lib/gcc/x86_64-pc-linux-gnu/15/include/g++-v15/bits/stl_iterator_base_types.h:129:34: note: declared here
  129 |     struct _GLIBCXX17_DEPRECATED iterator
      |                                  ^~~~~~~~
In file included from /home/vitaly/p/Prime-World/pw/branches/r1117/Src/PF_GameLogic/../Render/sampler.h:4,
                 from /home/vitaly/p/Prime-World/pw/branches/r1117/Src/PF_GameLogic/../Render/material.h:9,
                 from /home/vitaly/p/Prime-World/pw/branches/r1117/Src/PF_GameLogic/../Render/renderstatesmanager.h:5,
                 from /home/vitaly/p/Prime-World/pw/branches/r1117/Src/PF_GameLogic/../Render/renderer.h:7,
                 from /home/vitaly/p/Prime-World/pw/branches/r1117/Src/PF_GameLogic/specific.h:11:
/home/vitaly/p/Prime-World/pw/branches/r1117/Src/PF_GameLogic/../Render/states.h: In member function ‘Render::SamplerState& Render::SamplerState::CreateMask()’:
/home/vitaly/p/Prime-World/pw/branches/r1117/Src/PF_GameLogic/../Render/states.h:125:17: warning: conversion from ‘unsigned int’ to ‘unsigned char:3’ changes value from ‘4294967295’ to ‘7’ [-Woverflow]
  125 |     minFilter = UINT_MAX;
      |                 ^~~~~~~~
/home/vitaly/p/Prime-World/pw/branches/r1117/Src/PF_GameLogic/../Render/states.h:126:17: warning: conversion from ‘unsigned int’ to ‘unsigned char:1’ changes value from ‘4294967295’ to ‘1’ [-Woverflow]
  126 |     magFilter = UINT_MAX;
      |                 ^~~~~~~~
/home/vitaly/p/Prime-World/pw/branches/r1117/Src/PF_GameLogic/../Render/states.h:127:17: warning: conversion from ‘unsigned int’ to ‘unsigned char:2’ changes value from ‘4294967295’ to ‘3’ [-Woverflow]
  127 |     mipFilter = UINT_MAX;
      |                 ^~~~~~~~
/home/vitaly/p/Prime-World/pw/branches/r1117/Src/PF_GameLogic/../Render/states.h:128:17: warning: conversion from ‘unsigned int’ to ‘unsigned char:2’ changes value from ‘4294967295’ to ‘3’ [-Woverflow]
  128 |     addressU  = UINT_MAX;
      |                 ^~~~~~~~
/home/vitaly/p/Prime-World/pw/branches/r1117/Src/PF_GameLogic/../Render/states.h:129:17: warning: conversion from ‘unsigned int’ to ‘unsigned char:2’ changes value from ‘4294967295’ to ‘3’ [-Woverflow]
  129 |     addressV  = UINT_MAX;
      |                 ^~~~~~~~
/home/vitaly/p/Prime-World/pw/branches/r1117/Src/PF_GameLogic/../Render/states.h:130:25: warning: conversion from ‘unsigned int’ to ‘unsigned char:1’ changes value from ‘4294967295’ to ‘1’ [-Woverflow]
  130 |     alwaysFailCompare = UINT_MAX;
      |                         ^~~~~~~~
/home/vitaly/p/Prime-World/pw/branches/r1117/Src/PF_GameLogic/../Render/states.h: At global scope:
/home/vitaly/p/Prime-World/pw/branches/r1117/Src/PF_GameLogic/../Render/states.h:168:3: warning: converting ‘Render::SamplerState2’ to a base class ‘Render::SamplerState’ will never use a type conversion operator [-Wclass-conversion]
  168 |   operator SamplerState()
      |   ^~~~~~~~
In file included from /home/vitaly/p/Prime-World/pw/branches/r1117/Src/PF_GameLogic/../Render/LightsManager.h:5,
                 from /home/vitaly/p/Prime-World/pw/branches/r1117/Src/PF_GameLogic/../Render/renderer.h:16:
/home/vitaly/p/Prime-World/pw/branches/r1117/Src/PF_GameLogic/../Render/AABB.h:11:16: warning: attribute ignored in declaration of ‘struct Render::AABB’ [-Wattributes]
   11 |         struct AABB
      |                ^~~~
/home/vitaly/p/Prime-World/pw/branches/r1117/Src/PF_GameLogic/../Render/AABB.h:11:16: note: attribute for ‘struct Render::AABB’ must follow the ‘struct’ keyword
In file included from /home/vitaly/p/Prime-World/pw/branches/r1117/Src/PF_GameLogic/../Render/../Scene/VoxelGrid.h:3,
                 from /home/vitaly/p/Prime-World/pw/branches/r1117/Src/PF_GameLogic/../Render/../Scene/CollectionVG.h:6,
                 from /home/vitaly/p/Prime-World/pw/branches/r1117/Src/PF_GameLogic/../Render/../Scene/VoxelGridObj.h:3,
                 from /home/vitaly/p/Prime-World/pw/branches/r1117/Src/PF_GameLogic/../Render/light.h:4,
                 from /home/vitaly/p/Prime-World/pw/branches/r1117/Src/PF_GameLogic/../Render/LightsManager.h:6:
/home/vitaly/p/Prime-World/pw/branches/r1117/Src/Render/ConvexVolume.h:12:16: warning: attribute ignored in declaration of ‘struct Render::FPlane’ [-Wattributes]
   12 |         struct FPlane
      |                ^~~~~~
/home/vitaly/p/Prime-World/pw/branches/r1117/Src/Render/ConvexVolume.h:12:16: note: attribute for ‘struct Render::FPlane’ must follow the ‘struct’ keyword
/home/vitaly/p/Prime-World/pw/branches/r1117/Src/Render/ConvexVolume.h:28:15: warning: attribute ignored in declaration of ‘class Render::ConvexVolume’ [-Wattributes]
   28 |         class ConvexVolume
      |               ^~~~~~~~~~~~
/home/vitaly/p/Prime-World/pw/branches/r1117/Src/Render/ConvexVolume.h:28:15: note: attribute for ‘class Render::ConvexVolume’ must follow the ‘class’ keyword
In file included from /home/vitaly/p/Prime-World/pw/branches/r1117/Src/PF_GameLogic/../Scene/SceneComponent.h:8,
                 from /home/vitaly/p/Prime-World/pw/branches/r1117/Src/PF_GameLogic/../Scene/SceneObject.h:2,
                 from /home/vitaly/p/Prime-World/pw/branches/r1117/Src/PF_GameLogic/specific.h:19:
/home/vitaly/p/Prime-World/pw/branches/r1117/Src/PF_GameLogic/../Scene/../Render/RenderComponent.h:40:7: warning: attribute ignored in declaration of ‘class Render::RenderComponent’ [-Wattributes]
   40 | class RenderComponent : public NonCopyable
      |       ^~~~~~~~~~~~~~~
/home/vitaly/p/Prime-World/pw/branches/r1117/Src/PF_GameLogic/../Scene/../Render/RenderComponent.h:40:7: note: attribute for ‘class Render::RenderComponent’ must follow the ‘class’ keyword
In file included from /usr/include/locale.h:28,
                 from /usr/lib/gcc/x86_64-pc-linux-gnu/15/include/g++-v15/clocale:47,
                 from /usr/lib/gcc/x86_64-pc-linux-gnu/15/include/g++-v15/x86_64-pc-linux-gnu/bits/c++locale.h:41,
                 from /usr/lib/gcc/x86_64-pc-linux-gnu/15/include/g++-v15/bits/localefwd.h:42,
                 from /usr/lib/gcc/x86_64-pc-linux-gnu/15/include/g++-v15/string:47,
                 from /home/vitaly/p/Prime-World/pw/branches/r1117/Src/System/ported/cwfn.h:13,
                 from /home/vitaly/p/Prime-World/pw/branches/r1117/Src/Server/RPC/Types.h:5,
                 from /home/vitaly/p/Prime-World/pw/branches/r1117/Src/Server/RPC/Interfaces.h:12,
                 from /home/vitaly/p/Prime-World/pw/branches/r1117/Src/Server/RPC/RpcUtils.h:3,
                 from /home/vitaly/p/Prime-World/pw/branches/r1117/Src/Server/RPC/RpcDataProcessor.h:9,
                 from /home/vitaly/p/Prime-World/pw/branches/r1117/Src/Server/RPC/RpcGate.h:7,
                 from /home/vitaly/p/Prime-World/pw/branches/r1117/Src/Server/RPC/Base.h:3,
                 from /home/vitaly/p/Prime-World/pw/branches/r1117/Src/Game/PF/Server/Statistic/StatisticsCommonTypes.h:2,
                 from /home/vitaly/p/Prime-World/pw/branches/r1117/Src/PW_Client/GameStatistics.h:6,
                 from /home/vitaly/p/Prime-World/pw/branches/r1117/Src/Game/PF/Client/LobbyPvx/NewReplay.h:2:
/home/vitaly/p/Prime-World/pw/branches/r1117/Src/PF_GameLogic/../Scene/../Render/MaterialSpec.h: In member function ‘virtual int Render::AIGeometryMaterialType::SignificantPartLength() const’:
/home/vitaly/p/Prime-World/pw/branches/r1117/Src/PF_GameLogic/../Scene/../Render/MaterialSpec.h:208:70: warning: ‘offsetof’ within non-standard-layout type ‘Render::AIGeometryMaterialType’ is conditionally-supported [-Winvalid-offsetof]
  208 |         virtual int SignificantPartLength() const { return offsetof( AIGeometryMaterialType, renderState ) - offsetof( AIGeometryMaterialType, renderState ) + sizeof( renderState ); }
      |                                                                      ^
/home/vitaly/p/Prime-World/pw/branches/r1117/Src/PF_GameLogic/../Scene/../Render/MaterialSpec.h:208:120: warning: ‘offsetof’ within non-standard-layout type ‘Render::AIGeometryMaterialType’ is conditionally-supported [-Winvalid-offsetof]
  208 |         virtual int SignificantPartLength() const { return offsetof( AIGeometryMaterialType, renderState ) - offsetof( AIGeometryMaterialType, renderState ) + sizeof( renderState ); }
      |                                                                                                                        ^
/home/vitaly/p/Prime-World/pw/branches/r1117/Src/PF_GameLogic/../Scene/../Render/MaterialSpec.h: In member function ‘virtual int Render::AOEMaterial::SignificantPartLength() const’:
/home/vitaly/p/Prime-World/pw/branches/r1117/Src/PF_GameLogic/../Scene/../Render/MaterialSpec.h:307:70: warning: ‘offsetof’ within non-standard-layout type ‘Render::AOEMaterial’ is conditionally-supported [-Winvalid-offsetof]
  307 |         virtual int SignificantPartLength() const { return offsetof( AOEMaterial, aspectRatio ) - offsetof( AOEMaterial, renderState ) + sizeof( aspectRatio ); }
      |                                                                      ^
/home/vitaly/p/Prime-World/pw/branches/r1117/Src/PF_GameLogic/../Scene/../Render/MaterialSpec.h:307:109: warning: ‘offsetof’ within non-standard-layout type ‘Render::AOEMaterial’ is conditionally-supported [-Winvalid-offsetof]
  307 |         virtual int SignificantPartLength() const { return offsetof( AOEMaterial, aspectRatio ) - offsetof( AOEMaterial, renderState ) + sizeof( aspectRatio ); }
      |                                                                                                             ^
/home/vitaly/p/Prime-World/pw/branches/r1117/Src/PF_GameLogic/../Scene/../Render/MaterialSpec.h: In static member function ‘static void Render::AOEMaterial::InitSamplersOffsets()’:
/home/vitaly/p/Prime-World/pw/branches/r1117/Src/PF_GameLogic/../Scene/../Render/MaterialSpec.h:341:36: warning: ‘offsetof’ within non-standard-layout type ‘Render::AOEMaterial’ is conditionally-supported [-Winvalid-offsetof]
  341 |     samplersOffsets[0] = offsetof( AOEMaterial, DiffuseMap );
      |                                    ^
/home/vitaly/p/Prime-World/pw/branches/r1117/Src/PF_GameLogic/../Scene/../Render/MaterialSpec.h: In member function ‘virtual int Render::BasicFXMaterial::SignificantPartLength() const’:
/home/vitaly/p/Prime-World/pw/branches/r1117/Src/PF_GameLogic/../Scene/../Render/MaterialSpec.h:453:70: warning: ‘offsetof’ within non-standard-layout type ‘Render::BasicFXMaterial’ is conditionally-supported [-Winvalid-offsetof]
  453 |         virtual int SignificantPartLength() const { return offsetof( BasicFXMaterial, vOffset ) - offsetof( BasicFXMaterial, renderState ) + sizeof( vOffset ); }
      |                                                                      ^
/home/vitaly/p/Prime-World/pw/branches/r1117/Src/PF_GameLogic/../Scene/../Render/MaterialSpec.h:453:109: warning: ‘offsetof’ within non-standard-layout type ‘Render::BasicFXMaterial’ is conditionally-supported [-Winvalid-offsetof]
  453 |         virtual int SignificantPartLength() const { return offsetof( BasicFXMaterial, vOffset ) - offsetof( BasicFXMaterial, renderState ) + sizeof( vOffset ); }
      |                                                                                                             ^
/home/vitaly/p/Prime-World/pw/branches/r1117/Src/PF_GameLogic/../Scene/../Render/MaterialSpec.h: In static member function ‘static void Render::BasicFXMaterial::InitSamplersOffsets()’:
/home/vitaly/p/Prime-World/pw/branches/r1117/Src/PF_GameLogic/../Scene/../Render/MaterialSpec.h:507:36: warning: ‘offsetof’ within non-standard-layout type ‘Render::BasicFXMaterial’ is conditionally-supported [-Winvalid-offsetof]
  507 |     samplersOffsets[0] = offsetof( BasicFXMaterial, DiffuseMap );
      |                                    ^
/home/vitaly/p/Prime-World/pw/branches/r1117/Src/PF_GameLogic/../Scene/../Render/MaterialSpec.h: In member function ‘virtual int Render::BasicMaskMaterial::SignificantPartLength() const’:
/home/vitaly/p/Prime-World/pw/branches/r1117/Src/PF_GameLogic/../Scene/../Render/MaterialSpec.h:595:70: warning: ‘offsetof’ within non-standard-layout type ‘Render::BasicMaskMaterial’ is conditionally-supported [-Winvalid-offsetof]
  595 |         virtual int SignificantPartLength() const { return offsetof( BasicMaskMaterial, isBlendModeOverrided ) - offsetof( BasicMaskMaterial, renderState ) + sizeof( isBlendModeOverrided ); }
      |                                                                      ^
/home/vitaly/p/Prime-World/pw/branches/r1117/Src/PF_GameLogic/../Scene/../Render/MaterialSpec.h:595:124: warning: ‘offsetof’ within non-standard-layout type ‘Render::BasicMaskMaterial’ is conditionally-supported [-Winvalid-offsetof]
  595 |         virtual int SignificantPartLength() const { return offsetof( BasicMaskMaterial, isBlendModeOverrided ) - offsetof( BasicMaskMaterial, renderState ) + sizeof( isBlendModeOverrided ); }
      |                                                                                                                            ^
/home/vitaly/p/Prime-World/pw/branches/r1117/Src/PF_GameLogic/../Scene/../Render/MaterialSpec.h: In static member function ‘static void Render::BasicMaskMaterial::InitSamplersOffsets()’:
/home/vitaly/p/Prime-World/pw/branches/r1117/Src/PF_GameLogic/../Scene/../Render/MaterialSpec.h:628:36: warning: ‘offsetof’ within non-standard-layout type ‘Render::BasicMaskMaterial’ is conditionally-supported [-Winvalid-offsetof]
  628 |     samplersOffsets[0] = offsetof( BasicMaskMaterial, Diffuse );
      |                                    ^
/home/vitaly/p/Prime-World/pw/branches/r1117/Src/PF_GameLogic/../Scene/../Render/MaterialSpec.h:629:36: warning: ‘offsetof’ within non-standard-layout type ‘Render::BasicMaskMaterial’ is conditionally-supported [-Winvalid-offsetof]
  629 |     samplersOffsets[1] = offsetof( BasicMaskMaterial, Mask );
      |                                    ^
/home/vitaly/p/Prime-World/pw/branches/r1117/Src/PF_GameLogic/../Scene/../Render/MaterialSpec.h: In member function ‘virtual int Render::BasicMaterial::SignificantPartLength() const’:
/home/vitaly/p/Prime-World/pw/branches/r1117/Src/PF_GameLogic/../Scene/../Render/MaterialSpec.h:743:70: warning: ‘offsetof’ within non-standard-layout type ‘Render::BasicMaterial’ is conditionally-supported [-Winvalid-offsetof]
  743 |         virtual int SignificantPartLength() const { return offsetof( BasicMaterial, specialTransparency ) - offsetof( BasicMaterial, renderState ) + sizeof( specialTransparency ); }
      |                                                                      ^
/home/vitaly/p/Prime-World/pw/branches/r1117/Src/PF_GameLogic/../Scene/../Render/MaterialSpec.h:743:119: warning: ‘offsetof’ within non-standard-layout type ‘Render::BasicMaterial’ is conditionally-supported [-Winvalid-offsetof]
  743 |         virtual int SignificantPartLength() const { return offsetof( BasicMaterial, specialTransparency ) - offsetof( BasicMaterial, renderState ) + sizeof( specialTransparency ); }
      |                                                                                                                       ^
/home/vitaly/p/Prime-World/pw/branches/r1117/Src/PF_GameLogic/../Scene/../Render/MaterialSpec.h: In static member function ‘static void Render::BasicMaterial::InitSamplersOffsets()’:
/home/vitaly/p/Prime-World/pw/branches/r1117/Src/PF_GameLogic/../Scene/../Render/MaterialSpec.h:784:36: warning: ‘offsetof’ within non-standard-layout type ‘Render::BasicMaterial’ is conditionally-supported [-Winvalid-offsetof]
  784 |     samplersOffsets[0] = offsetof( BasicMaterial, DiffuseMap );
      |                                    ^
/home/vitaly/p/Prime-World/pw/branches/r1117/Src/PF_GameLogic/../Scene/../Render/MaterialSpec.h:785:36: warning: ‘offsetof’ within non-standard-layout type ‘Render::BasicMaterial’ is conditionally-supported [-Winvalid-offsetof]
  785 |     samplersOffsets[1] = offsetof( BasicMaterial, NormalMap );
      |                                    ^
/home/vitaly/p/Prime-World/pw/branches/r1117/Src/PF_GameLogic/../Scene/../Render/MaterialSpec.h:786:36: warning: ‘offsetof’ within non-standard-layout type ‘Render::BasicMaterial’ is conditionally-supported [-Winvalid-offsetof]
  786 |     samplersOffsets[2] = offsetof( BasicMaterial, SpecularMap );
      |                                    ^
/home/vitaly/p/Prime-World/pw/branches/r1117/Src/PF_GameLogic/../Scene/../Render/MaterialSpec.h:787:36: warning: ‘offsetof’ within non-standard-layout type ‘Render::BasicMaterial’ is conditionally-supported [-Winvalid-offsetof]
  787 |     samplersOffsets[3] = offsetof( BasicMaterial, ReflectionMap );
      |                                    ^
/home/vitaly/p/Prime-World/pw/branches/r1117/Src/PF_GameLogic/../Scene/../Render/MaterialSpec.h: In member function ‘virtual int Render::DecalMaterial::SignificantPartLength() const’:
/home/vitaly/p/Prime-World/pw/branches/r1117/Src/PF_GameLogic/../Scene/../Render/MaterialSpec.h:976:70: warning: ‘offsetof’ within non-standard-layout type ‘Render::DecalMaterial’ is conditionally-supported [-Winvalid-offsetof]
  976 |         virtual int SignificantPartLength() const { return offsetof( DecalMaterial, isBlendModeOverrided ) - offsetof( DecalMaterial, renderState ) + sizeof( isBlendModeOverrided ); }
      |                                                                      ^
/home/vitaly/p/Prime-World/pw/branches/r1117/Src/PF_GameLogic/../Scene/../Render/MaterialSpec.h:976:120: warning: ‘offsetof’ within non-standard-layout type ‘Render::DecalMaterial’ is conditionally-supported [-Winvalid-offsetof]
  976 |         virtual int SignificantPartLength() const { return offsetof( DecalMaterial, isBlendModeOverrided ) - offsetof( DecalMaterial, renderState ) + sizeof( isBlendModeOverrided ); }
      |                                                                                                                        ^
/home/vitaly/p/Prime-World/pw/branches/r1117/Src/PF_GameLogic/../Scene/../Render/MaterialSpec.h: In static member function ‘static void Render::DecalMaterial::InitSamplersOffsets()’:
/home/vitaly/p/Prime-World/pw/branches/r1117/Src/PF_GameLogic/../Scene/../Render/MaterialSpec.h:1020:36: warning: ‘offsetof’ within non-standard-layout type ‘Render::DecalMaterial’ is conditionally-supported [-Winvalid-offsetof]
 1020 |     samplersOffsets[0] = offsetof( DecalMaterial, DiffuseMap );
      |                                    ^
/home/vitaly/p/Prime-World/pw/branches/r1117/Src/PF_GameLogic/../Scene/../Render/MaterialSpec.h: In member function ‘virtual int Render::DecalTerrainMaterial::SignificantPartLength() const’:
/home/vitaly/p/Prime-World/pw/branches/r1117/Src/PF_GameLogic/../Scene/../Render/MaterialSpec.h:1140:70: warning: ‘offsetof’ within non-standard-layout type ‘Render::DecalTerrainMaterial’ is conditionally-supported [-Winvalid-offsetof]
 1140 |         virtual int SignificantPartLength() const { return offsetof( DecalTerrainMaterial, isBlendModeOverrided ) - offsetof( DecalTerrainMaterial, renderState ) + sizeof( isBlendModeOverrided ); }
      |                                                                      ^
/home/vitaly/p/Prime-World/pw/branches/r1117/Src/PF_GameLogic/../Scene/../Render/MaterialSpec.h:1140:127: warning: ‘offsetof’ within non-standard-layout type ‘Render::DecalTerrainMaterial’ is conditionally-supported [-Winvalid-offsetof]
 1140 |         virtual int SignificantPartLength() const { return offsetof( DecalTerrainMaterial, isBlendModeOverrided ) - offsetof( DecalTerrainMaterial, renderState ) + sizeof( isBlendModeOverrided ); }
      |                                                                                                                               ^
/home/vitaly/p/Prime-World/pw/branches/r1117/Src/PF_GameLogic/../Scene/../Render/MaterialSpec.h: In static member function ‘static void Render::DecalTerrainMaterial::InitSamplersOffsets()’:
/home/vitaly/p/Prime-World/pw/branches/r1117/Src/PF_GameLogic/../Scene/../Render/MaterialSpec.h:1185:36: warning: ‘offsetof’ within non-standard-layout type ‘Render::DecalTerrainMaterial’ is conditionally-supported [-Winvalid-offsetof]
 1185 |     samplersOffsets[0] = offsetof( DecalTerrainMaterial, DiffuseMap );
      |                                    ^
/home/vitaly/p/Prime-World/pw/branches/r1117/Src/PF_GameLogic/../Scene/../Render/MaterialSpec.h:1186:36: warning: ‘offsetof’ within non-standard-layout type ‘Render::DecalTerrainMaterial’ is conditionally-supported [-Winvalid-offsetof]
 1186 |     samplersOffsets[1] = offsetof( DecalTerrainMaterial, MaskMap );
      |                                    ^
/home/vitaly/p/Prime-World/pw/branches/r1117/Src/PF_GameLogic/../Scene/../Render/MaterialSpec.h: In member function ‘virtual int Render::DropMaterial::SignificantPartLength() const’:
/home/vitaly/p/Prime-World/pw/branches/r1117/Src/PF_GameLogic/../Scene/../Render/MaterialSpec.h:1364:70: warning: ‘offsetof’ within non-standard-layout type ‘Render::DropMaterial’ is conditionally-supported [-Winvalid-offsetof]
 1364 |         virtual int SignificantPartLength() const { return offsetof( DropMaterial, vOffset2 ) - offsetof( DropMaterial, renderState ) + sizeof( vOffset2 ); }
      |                                                                      ^
/home/vitaly/p/Prime-World/pw/branches/r1117/Src/PF_GameLogic/../Scene/../Render/MaterialSpec.h:1364:107: warning: ‘offsetof’ within non-standard-layout type ‘Render::DropMaterial’ is conditionally-supported [-Winvalid-offsetof]
 1364 |         virtual int SignificantPartLength() const { return offsetof( DropMaterial, vOffset2 ) - offsetof( DropMaterial, renderState ) + sizeof( vOffset2 ); }
      |                                                                                                           ^
/home/vitaly/p/Prime-World/pw/branches/r1117/Src/PF_GameLogic/../Scene/../Render/MaterialSpec.h: In static member function ‘static void Render::DropMaterial::InitSamplersOffsets()’:
/home/vitaly/p/Prime-World/pw/branches/r1117/Src/PF_GameLogic/../Scene/../Render/MaterialSpec.h:1419:36: warning: ‘offsetof’ within non-standard-layout type ‘Render::DropMaterial’ is conditionally-supported [-Winvalid-offsetof]
 1419 |     samplersOffsets[0] = offsetof( DropMaterial, DiffuseMap );
      |                                    ^
/home/vitaly/p/Prime-World/pw/branches/r1117/Src/PF_GameLogic/../Scene/../Render/MaterialSpec.h:1420:36: warning: ‘offsetof’ within non-standard-layout type ‘Render::DropMaterial’ is conditionally-supported [-Winvalid-offsetof]
 1420 |     samplersOffsets[1] = offsetof( DropMaterial, NormalMap );
      |                                    ^
/home/vitaly/p/Prime-World/pw/branches/r1117/Src/PF_GameLogic/../Scene/../Render/MaterialSpec.h:1421:36: warning: ‘offsetof’ within non-standard-layout type ‘Render::DropMaterial’ is conditionally-supported [-Winvalid-offsetof]
 1421 |     samplersOffsets[2] = offsetof( DropMaterial, SpecularMap );
      |                                    ^
/home/vitaly/p/Prime-World/pw/branches/r1117/Src/PF_GameLogic/../Scene/../Render/MaterialSpec.h:1422:36: warning: ‘offsetof’ within non-standard-layout type ‘Render::DropMaterial’ is conditionally-supported [-Winvalid-offsetof]
 1422 |     samplersOffsets[3] = offsetof( DropMaterial, ReflectionMap );
      |                                    ^
/home/vitaly/p/Prime-World/pw/branches/r1117/Src/PF_GameLogic/../Scene/../Render/MaterialSpec.h: In member function ‘virtual int Render::FullScreenMaterial::SignificantPartLength() const’:
/home/vitaly/p/Prime-World/pw/branches/r1117/Src/PF_GameLogic/../Scene/../Render/MaterialSpec.h:1516:70: warning: ‘offsetof’ within non-standard-layout type ‘Render::FullScreenMaterial’ is conditionally-supported [-Winvalid-offsetof]
 1516 |         virtual int SignificantPartLength() const { return offsetof( FullScreenMaterial, BloomMap ) - offsetof( FullScreenMaterial, renderState ) + sizeof( BloomMap ); }
      |                                                                      ^
/home/vitaly/p/Prime-World/pw/branches/r1117/Src/PF_GameLogic/../Scene/../Render/MaterialSpec.h:1516:113: warning: ‘offsetof’ within non-standard-layout type ‘Render::FullScreenMaterial’ is conditionally-supported [-Winvalid-offsetof]
 1516 |         virtual int SignificantPartLength() const { return offsetof( FullScreenMaterial, BloomMap ) - offsetof( FullScreenMaterial, renderState ) + sizeof( BloomMap ); }
      |                                                                                                                 ^
/home/vitaly/p/Prime-World/pw/branches/r1117/Src/PF_GameLogic/../Scene/../Render/MaterialSpec.h: In static member function ‘static void Render::FullScreenMaterial::InitSamplersOffsets()’:
/home/vitaly/p/Prime-World/pw/branches/r1117/Src/PF_GameLogic/../Scene/../Render/MaterialSpec.h:1566:36: warning: ‘offsetof’ within non-standard-layout type ‘Render::FullScreenMaterial’ is conditionally-supported [-Winvalid-offsetof]
 1566 |     samplersOffsets[0] = offsetof( FullScreenMaterial, DepthMap );
      |                                    ^
/home/vitaly/p/Prime-World/pw/branches/r1117/Src/PF_GameLogic/../Scene/../Render/MaterialSpec.h:1567:36: warning: ‘offsetof’ within non-standard-layout type ‘Render::FullScreenMaterial’ is conditionally-supported [-Winvalid-offsetof]
 1567 |     samplersOffsets[1] = offsetof( FullScreenMaterial, DiffuseMap );
      |                                    ^
/home/vitaly/p/Prime-World/pw/branches/r1117/Src/PF_GameLogic/../Scene/../Render/MaterialSpec.h:1568:36: warning: ‘offsetof’ within non-standard-layout type ‘Render::FullScreenMaterial’ is conditionally-supported [-Winvalid-offsetof]
 1568 |     samplersOffsets[2] = offsetof( FullScreenMaterial, BloomMap );
      |                                    ^
/home/vitaly/p/Prime-World/pw/branches/r1117/Src/PF_GameLogic/../Scene/../Render/MaterialSpec.h: In member function ‘virtual int Render::GrassMaterial::SignificantPartLength() const’:
/home/vitaly/p/Prime-World/pw/branches/r1117/Src/PF_GameLogic/../Scene/../Render/MaterialSpec.h:1639:70: warning: ‘offsetof’ within non-standard-layout type ‘Render::GrassMaterial’ is conditionally-supported [-Winvalid-offsetof]
 1639 |         virtual int SignificantPartLength() const { return offsetof( GrassMaterial, elasticity ) - offsetof( GrassMaterial, renderState ) + sizeof( elasticity ); }
      |                                                                      ^
/home/vitaly/p/Prime-World/pw/branches/r1117/Src/PF_GameLogic/../Scene/../Render/MaterialSpec.h:1639:110: warning: ‘offsetof’ within non-standard-layout type ‘Render::GrassMaterial’ is conditionally-supported [-Winvalid-offsetof]
 1639 |         virtual int SignificantPartLength() const { return offsetof( GrassMaterial, elasticity ) - offsetof( GrassMaterial, renderState ) + sizeof( elasticity ); }
      |                                                                                                              ^
/home/vitaly/p/Prime-World/pw/branches/r1117/Src/PF_GameLogic/../Scene/../Render/MaterialSpec.h: In static member function ‘static void Render::GrassMaterial::InitSamplersOffsets()’:
/home/vitaly/p/Prime-World/pw/branches/r1117/Src/PF_GameLogic/../Scene/../Render/MaterialSpec.h:1673:36: warning: ‘offsetof’ within non-standard-layout type ‘Render::GrassMaterial’ is conditionally-supported [-Winvalid-offsetof]
 1673 |     samplersOffsets[0] = offsetof( GrassMaterial, FrozenDiffuseMap );
      |                                    ^
/home/vitaly/p/Prime-World/pw/branches/r1117/Src/PF_GameLogic/../Scene/../Render/MaterialSpec.h:1674:36: warning: ‘offsetof’ within non-standard-layout type ‘Render::GrassMaterial’ is conditionally-supported [-Winvalid-offsetof]
 1674 |     samplersOffsets[1] = offsetof( GrassMaterial, NormalDiffuseMap );
      |                                    ^
/home/vitaly/p/Prime-World/pw/branches/r1117/Src/PF_GameLogic/../Scene/../Render/MaterialSpec.h:1675:36: warning: ‘offsetof’ within non-standard-layout type ‘Render::GrassMaterial’ is conditionally-supported [-Winvalid-offsetof]
 1675 |     samplersOffsets[2] = offsetof( GrassMaterial, BurnedDiffuseMap );
      |                                    ^
/home/vitaly/p/Prime-World/pw/branches/r1117/Src/PF_GameLogic/../Scene/../Render/MaterialSpec.h: In member function ‘virtual int Render::HeightfogMaterial::SignificantPartLength() const’:
/home/vitaly/p/Prime-World/pw/branches/r1117/Src/PF_GameLogic/../Scene/../Render/MaterialSpec.h:1760:70: warning: ‘offsetof’ within non-standard-layout type ‘Render::HeightfogMaterial’ is conditionally-supported [-Winvalid-offsetof]
 1760 |         virtual int SignificantPartLength() const { return offsetof( HeightfogMaterial, halfFadeDistance ) - offsetof( HeightfogMaterial, renderState ) + sizeof( halfFadeDistance ); }
      |                                                                      ^
/home/vitaly/p/Prime-World/pw/branches/r1117/Src/PF_GameLogic/../Scene/../Render/MaterialSpec.h:1760:120: warning: ‘offsetof’ within non-standard-layout type ‘Render::HeightfogMaterial’ is conditionally-supported [-Winvalid-offsetof]
 1760 |         virtual int SignificantPartLength() const { return offsetof( HeightfogMaterial, halfFadeDistance ) - offsetof( HeightfogMaterial, renderState ) + sizeof( halfFadeDistance ); }
      |                                                                                                                        ^
/home/vitaly/p/Prime-World/pw/branches/r1117/Src/PF_GameLogic/../Scene/../Render/MaterialSpec.h: In static member function ‘static void Render::HeightfogMaterial::InitSamplersOffsets()’:
/home/vitaly/p/Prime-World/pw/branches/r1117/Src/PF_GameLogic/../Scene/../Render/MaterialSpec.h:1792:36: warning: ‘offsetof’ within non-standard-layout type ‘Render::HeightfogMaterial’ is conditionally-supported [-Winvalid-offsetof]
 1792 |     samplersOffsets[0] = offsetof( HeightfogMaterial, noiseMap );
      |                                    ^
/home/vitaly/p/Prime-World/pw/branches/r1117/Src/PF_GameLogic/../Scene/../Render/MaterialSpec.h: In member function ‘virtual int Render::LightningMaterial::SignificantPartLength() const’:
/home/vitaly/p/Prime-World/pw/branches/r1117/Src/PF_GameLogic/../Scene/../Render/MaterialSpec.h:1849:70: warning: ‘offsetof’ within non-standard-layout type ‘Render::LightningMaterial’ is conditionally-supported [-Winvalid-offsetof]
 1849 |         virtual int SignificantPartLength() const { return offsetof( LightningMaterial, DiffuseMap ) - offsetof( LightningMaterial, renderState ) + sizeof( DiffuseMap ); }
      |                                                                      ^
/home/vitaly/p/Prime-World/pw/branches/r1117/Src/PF_GameLogic/../Scene/../Render/MaterialSpec.h:1849:114: warning: ‘offsetof’ within non-standard-layout type ‘Render::LightningMaterial’ is conditionally-supported [-Winvalid-offsetof]
 1849 |         virtual int SignificantPartLength() const { return offsetof( LightningMaterial, DiffuseMap ) - offsetof( LightningMaterial, renderState ) + sizeof( DiffuseMap ); }
      |                                                                                                                  ^
/home/vitaly/p/Prime-World/pw/branches/r1117/Src/PF_GameLogic/../Scene/../Render/MaterialSpec.h: In static member function ‘static void Render::LightningMaterial::InitSamplersOffsets()’:
/home/vitaly/p/Prime-World/pw/branches/r1117/Src/PF_GameLogic/../Scene/../Render/MaterialSpec.h:1881:36: warning: ‘offsetof’ within non-standard-layout type ‘Render::LightningMaterial’ is conditionally-supported [-Winvalid-offsetof]
 1881 |     samplersOffsets[0] = offsetof( LightningMaterial, DiffuseMap );
      |                                    ^
/home/vitaly/p/Prime-World/pw/branches/r1117/Src/PF_GameLogic/../Scene/../Render/MaterialSpec.h: In member function ‘virtual int Render::PaintMaterial::SignificantPartLength() const’:
/home/vitaly/p/Prime-World/pw/branches/r1117/Src/PF_GameLogic/../Scene/../Render/MaterialSpec.h:2042:70: warning: ‘offsetof’ within non-standard-layout type ‘Render::PaintMaterial’ is conditionally-supported [-Winvalid-offsetof]
 2042 |         virtual int SignificantPartLength() const { return offsetof( PaintMaterial, isBlendModeOverrided ) - offsetof( PaintMaterial, renderState ) + sizeof( isBlendModeOverrided ); }
      |                                                                      ^
/home/vitaly/p/Prime-World/pw/branches/r1117/Src/PF_GameLogic/../Scene/../Render/MaterialSpec.h:2042:120: warning: ‘offsetof’ within non-standard-layout type ‘Render::PaintMaterial’ is conditionally-supported [-Winvalid-offsetof]
 2042 |         virtual int SignificantPartLength() const { return offsetof( PaintMaterial, isBlendModeOverrided ) - offsetof( PaintMaterial, renderState ) + sizeof( isBlendModeOverrided ); }
      |                                                                                                                        ^
/home/vitaly/p/Prime-World/pw/branches/r1117/Src/PF_GameLogic/../Scene/../Render/MaterialSpec.h: In static member function ‘static void Render::PaintMaterial::InitSamplersOffsets()’:
/home/vitaly/p/Prime-World/pw/branches/r1117/Src/PF_GameLogic/../Scene/../Render/MaterialSpec.h:2082:36: warning: ‘offsetof’ within non-standard-layout type ‘Render::PaintMaterial’ is conditionally-supported [-Winvalid-offsetof]
 2082 |     samplersOffsets[0] = offsetof( PaintMaterial, Draft );
      |                                    ^
/home/vitaly/p/Prime-World/pw/branches/r1117/Src/PF_GameLogic/../Scene/../Render/MaterialSpec.h:2083:36: warning: ‘offsetof’ within non-standard-layout type ‘Render::PaintMaterial’ is conditionally-supported [-Winvalid-offsetof]
 2083 |     samplersOffsets[1] = offsetof( PaintMaterial, Background );
      |                                    ^
/home/vitaly/p/Prime-World/pw/branches/r1117/Src/PF_GameLogic/../Scene/../Render/MaterialSpec.h:2084:36: warning: ‘offsetof’ within non-standard-layout type ‘Render::PaintMaterial’ is conditionally-supported [-Winvalid-offsetof]
 2084 |     samplersOffsets[2] = offsetof( PaintMaterial, BaseBackground );
      |                                    ^
/home/vitaly/p/Prime-World/pw/branches/r1117/Src/PF_GameLogic/../Scene/../Render/MaterialSpec.h:2085:36: warning: ‘offsetof’ within non-standard-layout type ‘Render::PaintMaterial’ is conditionally-supported [-Winvalid-offsetof]
 2085 |     samplersOffsets[3] = offsetof( PaintMaterial, Complete );
      |                                    ^
/home/vitaly/p/Prime-World/pw/branches/r1117/Src/PF_GameLogic/../Scene/../Render/MaterialSpec.h:2086:36: warning: ‘offsetof’ within non-standard-layout type ‘Render::PaintMaterial’ is conditionally-supported [-Winvalid-offsetof]
 2086 |     samplersOffsets[4] = offsetof( PaintMaterial, Mask );
      |                                    ^
/home/vitaly/p/Prime-World/pw/branches/r1117/Src/PF_GameLogic/../Scene/../Render/MaterialSpec.h: In member function ‘virtual int Render::ParticleFXMaterial::SignificantPartLength() const’:
/home/vitaly/p/Prime-World/pw/branches/r1117/Src/PF_GameLogic/../Scene/../Render/MaterialSpec.h:2165:70: warning: ‘offsetof’ within non-standard-layout type ‘Render::ParticleFXMaterial’ is conditionally-supported [-Winvalid-offsetof]
 2165 |         virtual int SignificantPartLength() const { return offsetof( ParticleFXMaterial, scale ) - offsetof( ParticleFXMaterial, renderState ) + sizeof( scale ); }
      |                                                                      ^
/home/vitaly/p/Prime-World/pw/branches/r1117/Src/PF_GameLogic/../Scene/../Render/MaterialSpec.h:2165:110: warning: ‘offsetof’ within non-standard-layout type ‘Render::ParticleFXMaterial’ is conditionally-supported [-Winvalid-offsetof]
 2165 |         virtual int SignificantPartLength() const { return offsetof( ParticleFXMaterial, scale ) - offsetof( ParticleFXMaterial, renderState ) + sizeof( scale ); }
      |                                                                                                              ^
/home/vitaly/p/Prime-World/pw/branches/r1117/Src/PF_GameLogic/../Scene/../Render/MaterialSpec.h: In static member function ‘static void Render::ParticleFXMaterial::InitSamplersOffsets()’:
/home/vitaly/p/Prime-World/pw/branches/r1117/Src/PF_GameLogic/../Scene/../Render/MaterialSpec.h:2203:36: warning: ‘offsetof’ within non-standard-layout type ‘Render::ParticleFXMaterial’ is conditionally-supported [-Winvalid-offsetof]
 2203 |     samplersOffsets[0] = offsetof( ParticleFXMaterial, DiffuseMap );
      |                                    ^
/home/vitaly/p/Prime-World/pw/branches/r1117/Src/PF_GameLogic/../Scene/../Render/MaterialSpec.h: In member function ‘virtual int Render::RoadMaterial::SignificantPartLength() const’:
/home/vitaly/p/Prime-World/pw/branches/r1117/Src/PF_GameLogic/../Scene/../Render/MaterialSpec.h:2267:70: warning: ‘offsetof’ within non-standard-layout type ‘Render::RoadMaterial’ is conditionally-supported [-Winvalid-offsetof]
 2267 |         virtual int SignificantPartLength() const { return offsetof( RoadMaterial, BorderMap ) - offsetof( RoadMaterial, renderState ) + sizeof( BorderMap ); }
      |                                                                      ^
/home/vitaly/p/Prime-World/pw/branches/r1117/Src/PF_GameLogic/../Scene/../Render/MaterialSpec.h:2267:108: warning: ‘offsetof’ within non-standard-layout type ‘Render::RoadMaterial’ is conditionally-supported [-Winvalid-offsetof]
 2267 |         virtual int SignificantPartLength() const { return offsetof( RoadMaterial, BorderMap ) - offsetof( RoadMaterial, renderState ) + sizeof( BorderMap ); }
      |                                                                                                            ^
/home/vitaly/p/Prime-World/pw/branches/r1117/Src/PF_GameLogic/../Scene/../Render/MaterialSpec.h: In static member function ‘static void Render::RoadMaterial::InitSamplersOffsets()’:
/home/vitaly/p/Prime-World/pw/branches/r1117/Src/PF_GameLogic/../Scene/../Render/MaterialSpec.h:2308:36: warning: ‘offsetof’ within non-standard-layout type ‘Render::RoadMaterial’ is conditionally-supported [-Winvalid-offsetof]
 2308 |     samplersOffsets[0] = offsetof( RoadMaterial, RoadMap );
      |                                    ^
/home/vitaly/p/Prime-World/pw/branches/r1117/Src/PF_GameLogic/../Scene/../Render/MaterialSpec.h:2309:36: warning: ‘offsetof’ within non-standard-layout type ‘Render::RoadMaterial’ is conditionally-supported [-Winvalid-offsetof]
 2309 |     samplersOffsets[1] = offsetof( RoadMaterial, BorderMap );
      |                                    ^
/home/vitaly/p/Prime-World/pw/branches/r1117/Src/PF_GameLogic/../Scene/../Render/MaterialSpec.h: In member function ‘virtual int Render::ShadowMaterial::SignificantPartLength() const’:
/home/vitaly/p/Prime-World/pw/branches/r1117/Src/PF_GameLogic/../Scene/../Render/MaterialSpec.h:2369:70: warning: ‘offsetof’ within non-standard-layout type ‘Render::ShadowMaterial’ is conditionally-supported [-Winvalid-offsetof]
 2369 |         virtual int SignificantPartLength() const { return offsetof( ShadowMaterial, DiffuseMap ) - offsetof( ShadowMaterial, renderState ) + sizeof( DiffuseMap ); }
      |                                                                      ^
/home/vitaly/p/Prime-World/pw/branches/r1117/Src/PF_GameLogic/../Scene/../Render/MaterialSpec.h:2369:111: warning: ‘offsetof’ within non-standard-layout type ‘Render::ShadowMaterial’ is conditionally-supported [-Winvalid-offsetof]
 2369 |         virtual int SignificantPartLength() const { return offsetof( ShadowMaterial, DiffuseMap ) - offsetof( ShadowMaterial, renderState ) + sizeof( DiffuseMap ); }
      |                                                                                                               ^
/home/vitaly/p/Prime-World/pw/branches/r1117/Src/PF_GameLogic/../Scene/../Render/MaterialSpec.h: In static member function ‘static void Render::ShadowMaterial::InitSamplersOffsets()’:
/home/vitaly/p/Prime-World/pw/branches/r1117/Src/PF_GameLogic/../Scene/../Render/MaterialSpec.h:2405:36: warning: ‘offsetof’ within non-standard-layout type ‘Render::ShadowMaterial’ is conditionally-supported [-Winvalid-offsetof]
 2405 |     samplersOffsets[0] = offsetof( ShadowMaterial, DiffuseMap );
      |                                    ^
/home/vitaly/p/Prime-World/pw/branches/r1117/Src/PF_GameLogic/../Scene/../Render/MaterialSpec.h: In member function ‘virtual int Render::SilhouetteMaterial::SignificantPartLength() const’:
/home/vitaly/p/Prime-World/pw/branches/r1117/Src/PF_GameLogic/../Scene/../Render/MaterialSpec.h:2462:70: warning: ‘offsetof’ within non-standard-layout type ‘Render::SilhouetteMaterial’ is conditionally-supported [-Winvalid-offsetof]
 2462 |         virtual int SignificantPartLength() const { return offsetof( SilhouetteMaterial, renderState ) - offsetof( SilhouetteMaterial, renderState ) + sizeof( renderState ); }
      |                                                                      ^
/home/vitaly/p/Prime-World/pw/branches/r1117/Src/PF_GameLogic/../Scene/../Render/MaterialSpec.h:2462:116: warning: ‘offsetof’ within non-standard-layout type ‘Render::SilhouetteMaterial’ is conditionally-supported [-Winvalid-offsetof]
 2462 |         virtual int SignificantPartLength() const { return offsetof( SilhouetteMaterial, renderState ) - offsetof( SilhouetteMaterial, renderState ) + sizeof( renderState ); }
      |                                                                                                                    ^
/home/vitaly/p/Prime-World/pw/branches/r1117/Src/PF_GameLogic/../Scene/../Render/MaterialSpec.h: In member function ‘virtual int Render::SkyMaterial::SignificantPartLength() const’:
/home/vitaly/p/Prime-World/pw/branches/r1117/Src/PF_GameLogic/../Scene/../Render/MaterialSpec.h:2586:70: warning: ‘offsetof’ within non-standard-layout type ‘Render::SkyMaterial’ is conditionally-supported [-Winvalid-offsetof]
 2586 |         virtual int SignificantPartLength() const { return offsetof( SkyMaterial, vOffset2 ) - offsetof( SkyMaterial, renderState ) + sizeof( vOffset2 ); }
      |                                                                      ^
/home/vitaly/p/Prime-World/pw/branches/r1117/Src/PF_GameLogic/../Scene/../Render/MaterialSpec.h:2586:106: warning: ‘offsetof’ within non-standard-layout type ‘Render::SkyMaterial’ is conditionally-supported [-Winvalid-offsetof]
 2586 |         virtual int SignificantPartLength() const { return offsetof( SkyMaterial, vOffset2 ) - offsetof( SkyMaterial, renderState ) + sizeof( vOffset2 ); }
      |                                                                                                          ^
/home/vitaly/p/Prime-World/pw/branches/r1117/Src/PF_GameLogic/../Scene/../Render/MaterialSpec.h: In static member function ‘static void Render::SkyMaterial::InitSamplersOffsets()’:
/home/vitaly/p/Prime-World/pw/branches/r1117/Src/PF_GameLogic/../Scene/../Render/MaterialSpec.h:2634:36: warning: ‘offsetof’ within non-standard-layout type ‘Render::SkyMaterial’ is conditionally-supported [-Winvalid-offsetof]
 2634 |     samplersOffsets[0] = offsetof( SkyMaterial, DiffuseMap );
      |                                    ^
/home/vitaly/p/Prime-World/pw/branches/r1117/Src/PF_GameLogic/../Scene/../Render/MaterialSpec.h: In member function ‘virtual int Render::TerrainAOEMaterial::SignificantPartLength() const’:
/home/vitaly/p/Prime-World/pw/branches/r1117/Src/PF_GameLogic/../Scene/../Render/MaterialSpec.h:2717:70: warning: ‘offsetof’ within non-standard-layout type ‘Render::TerrainAOEMaterial’ is conditionally-supported [-Winvalid-offsetof]
 2717 |         virtual int SignificantPartLength() const { return offsetof( TerrainAOEMaterial, uvOffset ) - offsetof( TerrainAOEMaterial, renderState ) + sizeof( uvOffset ); }
      |                                                                      ^
/home/vitaly/p/Prime-World/pw/branches/r1117/Src/PF_GameLogic/../Scene/../Render/MaterialSpec.h:2717:113: warning: ‘offsetof’ within non-standard-layout type ‘Render::TerrainAOEMaterial’ is conditionally-supported [-Winvalid-offsetof]
 2717 |         virtual int SignificantPartLength() const { return offsetof( TerrainAOEMaterial, uvOffset ) - offsetof( TerrainAOEMaterial, renderState ) + sizeof( uvOffset ); }
      |                                                                                                                 ^
/home/vitaly/p/Prime-World/pw/branches/r1117/Src/PF_GameLogic/../Scene/../Render/MaterialSpec.h: In static member function ‘static void Render::TerrainAOEMaterial::InitSamplersOffsets()’:
/home/vitaly/p/Prime-World/pw/branches/r1117/Src/PF_GameLogic/../Scene/../Render/MaterialSpec.h:2749:36: warning: ‘offsetof’ within non-standard-layout type ‘Render::TerrainAOEMaterial’ is conditionally-supported [-Winvalid-offsetof]
 2749 |     samplersOffsets[0] = offsetof( TerrainAOEMaterial, DiffuseMap );
      |                                    ^
/home/vitaly/p/Prime-World/pw/branches/r1117/Src/PF_GameLogic/../Scene/../Render/MaterialSpec.h: In member function ‘virtual int Render::TerrainHeightBuilderMaterial::SignificantPartLength() const’:
/home/vitaly/p/Prime-World/pw/branches/r1117/Src/PF_GameLogic/../Scene/../Render/MaterialSpec.h:2973:70: warning: ‘offsetof’ within non-standard-layout type ‘Render::TerrainHeightBuilderMaterial’ is conditionally-supported [-Winvalid-offsetof]
 2973 |         virtual int SignificantPartLength() const { return offsetof( TerrainHeightBuilderMaterial, renderState ) - offsetof( TerrainHeightBuilderMaterial, renderState ) + sizeof( renderState ); }
      |                                                                      ^
/home/vitaly/p/Prime-World/pw/branches/r1117/Src/PF_GameLogic/../Scene/../Render/MaterialSpec.h:2973:126: warning: ‘offsetof’ within non-standard-layout type ‘Render::TerrainHeightBuilderMaterial’ is conditionally-supported [-Winvalid-offsetof]
 2973 |         virtual int SignificantPartLength() const { return offsetof( TerrainHeightBuilderMaterial, renderState ) - offsetof( TerrainHeightBuilderMaterial, renderState ) + sizeof( renderState ); }
      |                                                                                                                              ^
/home/vitaly/p/Prime-World/pw/branches/r1117/Src/PF_GameLogic/../Scene/../Render/MaterialSpec.h: In member function ‘virtual int Render::TerrainMaterial::SignificantPartLength() const’:
/home/vitaly/p/Prime-World/pw/branches/r1117/Src/PF_GameLogic/../Scene/../Render/MaterialSpec.h:3102:70: warning: ‘offsetof’ within non-standard-layout type ‘Render::TerrainMaterial’ is conditionally-supported [-Winvalid-offsetof]
 3102 |         virtual int SignificantPartLength() const { return offsetof( TerrainMaterial, grassRect ) - offsetof( TerrainMaterial, A_DiffuseMap ) + sizeof( grassRect ); }
      |                                                                      ^
/home/vitaly/p/Prime-World/pw/branches/r1117/Src/PF_GameLogic/../Scene/../Render/MaterialSpec.h:3102:111: warning: ‘offsetof’ within non-standard-layout type ‘Render::TerrainMaterial’ is conditionally-supported [-Winvalid-offsetof]
 3102 |         virtual int SignificantPartLength() const { return offsetof( TerrainMaterial, grassRect ) - offsetof( TerrainMaterial, A_DiffuseMap ) + sizeof( grassRect ); }
      |                                                                                                               ^
/home/vitaly/p/Prime-World/pw/branches/r1117/Src/PF_GameLogic/../Scene/../Render/MaterialSpec.h: In static member function ‘static void Render::TerrainMaterial::InitSamplersOffsets()’:
/home/vitaly/p/Prime-World/pw/branches/r1117/Src/PF_GameLogic/../Scene/../Render/MaterialSpec.h:3150:36: warning: ‘offsetof’ within non-standard-layout type ‘Render::TerrainMaterial’ is conditionally-supported [-Winvalid-offsetof]
 3150 |     samplersOffsets[0] = offsetof( TerrainMaterial, A_DiffuseMap );
      |                                    ^
/home/vitaly/p/Prime-World/pw/branches/r1117/Src/PF_GameLogic/../Scene/../Render/MaterialSpec.h:3151:36: warning: ‘offsetof’ within non-standard-layout type ‘Render::TerrainMaterial’ is conditionally-supported [-Winvalid-offsetof]
 3151 |     samplersOffsets[1] = offsetof( TerrainMaterial, N_DiffuseMap );
      |                                    ^
/home/vitaly/p/Prime-World/pw/branches/r1117/Src/PF_GameLogic/../Scene/../Render/MaterialSpec.h:3152:36: warning: ‘offsetof’ within non-standard-layout type ‘Render::TerrainMaterial’ is conditionally-supported [-Winvalid-offsetof]
 3152 |     samplersOffsets[2] = offsetof( TerrainMaterial, B_DiffuseMap );
      |                                    ^
/home/vitaly/p/Prime-World/pw/branches/r1117/Src/PF_GameLogic/../Scene/../Render/MaterialSpec.h:3153:36: warning: ‘offsetof’ within non-standard-layout type ‘Render::TerrainMaterial’ is conditionally-supported [-Winvalid-offsetof]
 3153 |     samplersOffsets[3] = offsetof( TerrainMaterial, FrozenNormalMap );
      |                                    ^
/home/vitaly/p/Prime-World/pw/branches/r1117/Src/PF_GameLogic/../Scene/../Render/MaterialSpec.h:3154:36: warning: ‘offsetof’ within non-standard-layout type ‘Render::TerrainMaterial’ is conditionally-supported [-Winvalid-offsetof]
 3154 |     samplersOffsets[4] = offsetof( TerrainMaterial, NormalNormalMap );
      |                                    ^
/home/vitaly/p/Prime-World/pw/branches/r1117/Src/PF_GameLogic/../Scene/../Render/MaterialSpec.h:3155:36: warning: ‘offsetof’ within non-standard-layout type ‘Render::TerrainMaterial’ is conditionally-supported [-Winvalid-offsetof]
 3155 |     samplersOffsets[5] = offsetof( TerrainMaterial, BurnedNormalMap );
      |                                    ^
/home/vitaly/p/Prime-World/pw/branches/r1117/Src/PF_GameLogic/../Scene/../Render/MaterialSpec.h:3156:36: warning: ‘offsetof’ within non-standard-layout type ‘Render::TerrainMaterial’ is conditionally-supported [-Winvalid-offsetof]
 3156 |     samplersOffsets[6] = offsetof( TerrainMaterial, FrozenSpecularMap );
      |                                    ^
/home/vitaly/p/Prime-World/pw/branches/r1117/Src/PF_GameLogic/../Scene/../Render/MaterialSpec.h:3157:36: warning: ‘offsetof’ within non-standard-layout type ‘Render::TerrainMaterial’ is conditionally-supported [-Winvalid-offsetof]
 3157 |     samplersOffsets[7] = offsetof( TerrainMaterial, NormalSpecularMap );
      |                                    ^
/home/vitaly/p/Prime-World/pw/branches/r1117/Src/PF_GameLogic/../Scene/../Render/MaterialSpec.h:3158:36: warning: ‘offsetof’ within non-standard-layout type ‘Render::TerrainMaterial’ is conditionally-supported [-Winvalid-offsetof]
 3158 |     samplersOffsets[8] = offsetof( TerrainMaterial, BurnedSpecularMap );
      |                                    ^
/home/vitaly/p/Prime-World/pw/branches/r1117/Src/PF_GameLogic/../Scene/../Render/MaterialSpec.h:3159:36: warning: ‘offsetof’ within non-standard-layout type ‘Render::TerrainMaterial’ is conditionally-supported [-Winvalid-offsetof]
 3159 |     samplersOffsets[9] = offsetof( TerrainMaterial, DarkMap );
      |                                    ^
/home/vitaly/p/Prime-World/pw/branches/r1117/Src/PF_GameLogic/../Scene/../Render/MaterialSpec.h: In member function ‘virtual int Render::TestTownMaterial::SignificantPartLength() const’:
/home/vitaly/p/Prime-World/pw/branches/r1117/Src/PF_GameLogic/../Scene/../Render/MaterialSpec.h:3225:70: warning: ‘offsetof’ within non-standard-layout type ‘Render::TestTownMaterial’ is conditionally-supported [-Winvalid-offsetof]
 3225 |         virtual int SignificantPartLength() const { return offsetof( TestTownMaterial, outputAdd ) - offsetof( TestTownMaterial, RenderState ) + sizeof( outputAdd ); }
      |                                                                      ^
/home/vitaly/p/Prime-World/pw/branches/r1117/Src/PF_GameLogic/../Scene/../Render/MaterialSpec.h:3225:112: warning: ‘offsetof’ within non-standard-layout type ‘Render::TestTownMaterial’ is conditionally-supported [-Winvalid-offsetof]
 3225 |         virtual int SignificantPartLength() const { return offsetof( TestTownMaterial, outputAdd ) - offsetof( TestTownMaterial, RenderState ) + sizeof( outputAdd ); }
      |                                                                                                                ^
/home/vitaly/p/Prime-World/pw/branches/r1117/Src/PF_GameLogic/../Scene/../Render/MaterialSpec.h: In static member function ‘static void Render::TestTownMaterial::InitSamplersOffsets()’:
/home/vitaly/p/Prime-World/pw/branches/r1117/Src/PF_GameLogic/../Scene/../Render/MaterialSpec.h:3261:36: warning: ‘offsetof’ within non-standard-layout type ‘Render::TestTownMaterial’ is conditionally-supported [-Winvalid-offsetof]
 3261 |     samplersOffsets[0] = offsetof( TestTownMaterial, DiffuseMap );
      |                                    ^
/home/vitaly/p/Prime-World/pw/branches/r1117/Src/PF_GameLogic/../Scene/../Render/MaterialSpec.h: In member function ‘virtual int Render::TraceMaterial::SignificantPartLength() const’:
/home/vitaly/p/Prime-World/pw/branches/r1117/Src/PF_GameLogic/../Scene/../Render/MaterialSpec.h:3343:70: warning: ‘offsetof’ within non-standard-layout type ‘Render::TraceMaterial’ is conditionally-supported [-Winvalid-offsetof]
 3343 |         virtual int SignificantPartLength() const { return offsetof( TraceMaterial, vOffset ) - offsetof( TraceMaterial, renderState ) + sizeof( vOffset ); }
      |                                                                      ^
/home/vitaly/p/Prime-World/pw/branches/r1117/Src/PF_GameLogic/../Scene/../Render/MaterialSpec.h:3343:107: warning: ‘offsetof’ within non-standard-layout type ‘Render::TraceMaterial’ is conditionally-supported [-Winvalid-offsetof]
 3343 |         virtual int SignificantPartLength() const { return offsetof( TraceMaterial, vOffset ) - offsetof( TraceMaterial, renderState ) + sizeof( vOffset ); }
      |                                                                                                           ^
/home/vitaly/p/Prime-World/pw/branches/r1117/Src/PF_GameLogic/../Scene/../Render/MaterialSpec.h: In static member function ‘static void Render::TraceMaterial::InitSamplersOffsets()’:
/home/vitaly/p/Prime-World/pw/branches/r1117/Src/PF_GameLogic/../Scene/../Render/MaterialSpec.h:3389:36: warning: ‘offsetof’ within non-standard-layout type ‘Render::TraceMaterial’ is conditionally-supported [-Winvalid-offsetof]
 3389 |     samplersOffsets[0] = offsetof( TraceMaterial, DiffuseMap );
      |                                    ^
/home/vitaly/p/Prime-World/pw/branches/r1117/Src/PF_GameLogic/../Scene/../Render/MaterialSpec.h: In member function ‘virtual int Render::UIBaseMaterial::SignificantPartLength() const’:
/home/vitaly/p/Prime-World/pw/branches/r1117/Src/PF_GameLogic/../Scene/../Render/MaterialSpec.h:3511:70: warning: ‘offsetof’ within non-standard-layout type ‘Render::UIBaseMaterial’ is conditionally-supported [-Winvalid-offsetof]
 3511 |         virtual int SignificantPartLength() const { return offsetof( UIBaseMaterial, colorStripe1000 ) - offsetof( UIBaseMaterial, DiffuseMap ) + sizeof( colorStripe1000 ); }
      |                                                                      ^
/home/vitaly/p/Prime-World/pw/branches/r1117/Src/PF_GameLogic/../Scene/../Render/MaterialSpec.h:3511:116: warning: ‘offsetof’ within non-standard-layout type ‘Render::UIBaseMaterial’ is conditionally-supported [-Winvalid-offsetof]
 3511 |         virtual int SignificantPartLength() const { return offsetof( UIBaseMaterial, colorStripe1000 ) - offsetof( UIBaseMaterial, DiffuseMap ) + sizeof( colorStripe1000 ); }
      |                                                                                                                    ^
/home/vitaly/p/Prime-World/pw/branches/r1117/Src/PF_GameLogic/../Scene/../Render/MaterialSpec.h: In static member function ‘static void Render::UIBaseMaterial::InitSamplersOffsets()’:
/home/vitaly/p/Prime-World/pw/branches/r1117/Src/PF_GameLogic/../Scene/../Render/MaterialSpec.h:3558:36: warning: ‘offsetof’ within non-standard-layout type ‘Render::UIBaseMaterial’ is conditionally-supported [-Winvalid-offsetof]
 3558 |     samplersOffsets[0] = offsetof( UIBaseMaterial, DiffuseMap );
      |                                    ^
/home/vitaly/p/Prime-World/pw/branches/r1117/Src/PF_GameLogic/../Scene/../Render/MaterialSpec.h:3559:36: warning: ‘offsetof’ within non-standard-layout type ‘Render::UIBaseMaterial’ is conditionally-supported [-Winvalid-offsetof]
 3559 |     samplersOffsets[1] = offsetof( UIBaseMaterial, MaskMap );
      |                                    ^
/home/vitaly/p/Prime-World/pw/branches/r1117/Src/PF_GameLogic/../Scene/../Render/MaterialSpec.h: In member function ‘virtual int Render::UIButtonMaterial::SignificantPartLength() const’:
/home/vitaly/p/Prime-World/pw/branches/r1117/Src/PF_GameLogic/../Scene/../Render/MaterialSpec.h:3652:70: warning: ‘offsetof’ within non-standard-layout type ‘Render::UIButtonMaterial’ is conditionally-supported [-Winvalid-offsetof]
 3652 |         virtual int SignificantPartLength() const { return offsetof( UIButtonMaterial, ScreenOpacity ) - offsetof( UIButtonMaterial, BackgroundMap ) + sizeof( ScreenOpacity ); }
      |                                                                      ^
/home/vitaly/p/Prime-World/pw/branches/r1117/Src/PF_GameLogic/../Scene/../Render/MaterialSpec.h:3652:116: warning: ‘offsetof’ within non-standard-layout type ‘Render::UIButtonMaterial’ is conditionally-supported [-Winvalid-offsetof]
 3652 |         virtual int SignificantPartLength() const { return offsetof( UIButtonMaterial, ScreenOpacity ) - offsetof( UIButtonMaterial, BackgroundMap ) + sizeof( ScreenOpacity ); }
      |                                                                                                                    ^
/home/vitaly/p/Prime-World/pw/branches/r1117/Src/PF_GameLogic/../Scene/../Render/MaterialSpec.h: In static member function ‘static void Render::UIButtonMaterial::InitSamplersOffsets()’:
/home/vitaly/p/Prime-World/pw/branches/r1117/Src/PF_GameLogic/../Scene/../Render/MaterialSpec.h:3718:36: warning: ‘offsetof’ within non-standard-layout type ‘Render::UIButtonMaterial’ is conditionally-supported [-Winvalid-offsetof]
 3718 |     samplersOffsets[0] = offsetof( UIButtonMaterial, BackgroundMap );
      |                                    ^
/home/vitaly/p/Prime-World/pw/branches/r1117/Src/PF_GameLogic/../Scene/../Render/MaterialSpec.h:3719:36: warning: ‘offsetof’ within non-standard-layout type ‘Render::UIButtonMaterial’ is conditionally-supported [-Winvalid-offsetof]
 3719 |     samplersOffsets[1] = offsetof( UIButtonMaterial, DiffuseMap );
      |                                    ^
/home/vitaly/p/Prime-World/pw/branches/r1117/Src/PF_GameLogic/../Scene/../Render/MaterialSpec.h:3720:36: warning: ‘offsetof’ within non-standard-layout type ‘Render::UIButtonMaterial’ is conditionally-supported [-Winvalid-offsetof]
 3720 |     samplersOffsets[2] = offsetof( UIButtonMaterial, WaitForActMap );
      |                                    ^
/home/vitaly/p/Prime-World/pw/branches/r1117/Src/PF_GameLogic/../Scene/../Render/MaterialSpec.h:3721:36: warning: ‘offsetof’ within non-standard-layout type ‘Render::UIButtonMaterial’ is conditionally-supported [-Winvalid-offsetof]
 3721 |     samplersOffsets[3] = offsetof( UIButtonMaterial, LackOfManaMap );
      |                                    ^
/home/vitaly/p/Prime-World/pw/branches/r1117/Src/PF_GameLogic/../Scene/../Render/MaterialSpec.h:3722:36: warning: ‘offsetof’ within non-standard-layout type ‘Render::UIButtonMaterial’ is conditionally-supported [-Winvalid-offsetof]
 3722 |     samplersOffsets[4] = offsetof( UIButtonMaterial, PressedMap );
      |                                    ^
/home/vitaly/p/Prime-World/pw/branches/r1117/Src/PF_GameLogic/../Scene/../Render/MaterialSpec.h:3723:36: warning: ‘offsetof’ within non-standard-layout type ‘Render::UIButtonMaterial’ is conditionally-supported [-Winvalid-offsetof]
 3723 |     samplersOffsets[5] = offsetof( UIButtonMaterial, HighlightMap );
      |                                    ^
/home/vitaly/p/Prime-World/pw/branches/r1117/Src/PF_GameLogic/../Scene/../Render/MaterialSpec.h:3724:36: warning: ‘offsetof’ within non-standard-layout type ‘Render::UIButtonMaterial’ is conditionally-supported [-Winvalid-offsetof]
 3724 |     samplersOffsets[6] = offsetof( UIButtonMaterial, ScreenMap );
      |                                    ^
/home/vitaly/p/Prime-World/pw/branches/r1117/Src/PF_GameLogic/../Scene/../Render/MaterialSpec.h: In member function ‘virtual int Render::UIFlashMaterial::SignificantPartLength() const’:
/home/vitaly/p/Prime-World/pw/branches/r1117/Src/PF_GameLogic/../Scene/../Render/MaterialSpec.h:3803:70: warning: ‘offsetof’ within non-standard-layout type ‘Render::UIFlashMaterial’ is conditionally-supported [-Winvalid-offsetof]
 3803 |         virtual int SignificantPartLength() const { return offsetof( UIFlashMaterial, CXFormAdd ) - offsetof( UIFlashMaterial, DiffuseMap ) + sizeof( CXFormAdd ); }
      |                                                                      ^
/home/vitaly/p/Prime-World/pw/branches/r1117/Src/PF_GameLogic/../Scene/../Render/MaterialSpec.h:3803:111: warning: ‘offsetof’ within non-standard-layout type ‘Render::UIFlashMaterial’ is conditionally-supported [-Winvalid-offsetof]
 3803 |         virtual int SignificantPartLength() const { return offsetof( UIFlashMaterial, CXFormAdd ) - offsetof( UIFlashMaterial, DiffuseMap ) + sizeof( CXFormAdd ); }
      |                                                                                                               ^
/home/vitaly/p/Prime-World/pw/branches/r1117/Src/PF_GameLogic/../Scene/../Render/MaterialSpec.h: In static member function ‘static void Render::UIFlashMaterial::InitSamplersOffsets()’:
/home/vitaly/p/Prime-World/pw/branches/r1117/Src/PF_GameLogic/../Scene/../Render/MaterialSpec.h:3855:36: warning: ‘offsetof’ within non-standard-layout type ‘Render::UIFlashMaterial’ is conditionally-supported [-Winvalid-offsetof]
 3855 |     samplersOffsets[0] = offsetof( UIFlashMaterial, DiffuseMap );
      |                                    ^
/home/vitaly/p/Prime-World/pw/branches/r1117/Src/PF_GameLogic/../Scene/../Render/MaterialSpec.h:3856:36: warning: ‘offsetof’ within non-standard-layout type ‘Render::UIFlashMaterial’ is conditionally-supported [-Winvalid-offsetof]
 3856 |     samplersOffsets[1] = offsetof( UIFlashMaterial, DiffuseMap2 );
      |                                    ^
/home/vitaly/p/Prime-World/pw/branches/r1117/Src/PF_GameLogic/../Scene/../Render/MaterialSpec.h: In member function ‘virtual int Render::UIFontMaterial::SignificantPartLength() const’:
/home/vitaly/p/Prime-World/pw/branches/r1117/Src/PF_GameLogic/../Scene/../Render/MaterialSpec.h:3924:70: warning: ‘offsetof’ within non-standard-layout type ‘Render::UIFontMaterial’ is conditionally-supported [-Winvalid-offsetof]
 3924 |         virtual int SignificantPartLength() const { return offsetof( UIFontMaterial, SecondaryColor ) - offsetof( UIFontMaterial, DiffuseMap ) + sizeof( SecondaryColor ); }
      |                                                                      ^
/home/vitaly/p/Prime-World/pw/branches/r1117/Src/PF_GameLogic/../Scene/../Render/MaterialSpec.h:3924:115: warning: ‘offsetof’ within non-standard-layout type ‘Render::UIFontMaterial’ is conditionally-supported [-Winvalid-offsetof]
 3924 |         virtual int SignificantPartLength() const { return offsetof( UIFontMaterial, SecondaryColor ) - offsetof( UIFontMaterial, DiffuseMap ) + sizeof( SecondaryColor ); }
      |                                                                                                                   ^
/home/vitaly/p/Prime-World/pw/branches/r1117/Src/PF_GameLogic/../Scene/../Render/MaterialSpec.h: In static member function ‘static void Render::UIFontMaterial::InitSamplersOffsets()’:
/home/vitaly/p/Prime-World/pw/branches/r1117/Src/PF_GameLogic/../Scene/../Render/MaterialSpec.h:3962:36: warning: ‘offsetof’ within non-standard-layout type ‘Render::UIFontMaterial’ is conditionally-supported [-Winvalid-offsetof]
 3962 |     samplersOffsets[0] = offsetof( UIFontMaterial, DiffuseMap );
      |                                    ^
/home/vitaly/p/Prime-World/pw/branches/r1117/Src/PF_GameLogic/../Scene/../Render/MaterialSpec.h: In member function ‘virtual int Render::UIGlassMaterial::SignificantPartLength() const’:
/home/vitaly/p/Prime-World/pw/branches/r1117/Src/PF_GameLogic/../Scene/../Render/MaterialSpec.h:4035:70: warning: ‘offsetof’ within non-standard-layout type ‘Render::UIGlassMaterial’ is conditionally-supported [-Winvalid-offsetof]
 4035 |         virtual int SignificantPartLength() const { return offsetof( UIGlassMaterial, ScreenOpacity ) - offsetof( UIGlassMaterial, BackgroundMap ) + sizeof( ScreenOpacity ); }
      |                                                                      ^
/home/vitaly/p/Prime-World/pw/branches/r1117/Src/PF_GameLogic/../Scene/../Render/MaterialSpec.h:4035:115: warning: ‘offsetof’ within non-standard-layout type ‘Render::UIGlassMaterial’ is conditionally-supported [-Winvalid-offsetof]
 4035 |         virtual int SignificantPartLength() const { return offsetof( UIGlassMaterial, ScreenOpacity ) - offsetof( UIGlassMaterial, BackgroundMap ) + sizeof( ScreenOpacity ); }
      |                                                                                                                   ^
/home/vitaly/p/Prime-World/pw/branches/r1117/Src/PF_GameLogic/../Scene/../Render/MaterialSpec.h: In static member function ‘static void Render::UIGlassMaterial::InitSamplersOffsets()’:
/home/vitaly/p/Prime-World/pw/branches/r1117/Src/PF_GameLogic/../Scene/../Render/MaterialSpec.h:4078:36: warning: ‘offsetof’ within non-standard-layout type ‘Render::UIGlassMaterial’ is conditionally-supported [-Winvalid-offsetof]
 4078 |     samplersOffsets[0] = offsetof( UIGlassMaterial, BackgroundMap );
      |                                    ^
/home/vitaly/p/Prime-World/pw/branches/r1117/Src/PF_GameLogic/../Scene/../Render/MaterialSpec.h:4079:36: warning: ‘offsetof’ within non-standard-layout type ‘Render::UIGlassMaterial’ is conditionally-supported [-Winvalid-offsetof]
 4079 |     samplersOffsets[1] = offsetof( UIGlassMaterial, DiffuseMap );
      |                                    ^
/home/vitaly/p/Prime-World/pw/branches/r1117/Src/PF_GameLogic/../Scene/../Render/MaterialSpec.h:4080:36: warning: ‘offsetof’ within non-standard-layout type ‘Render::UIGlassMaterial’ is conditionally-supported [-Winvalid-offsetof]
 4080 |     samplersOffsets[2] = offsetof( UIGlassMaterial, OverlayMap );
      |                                    ^
/home/vitaly/p/Prime-World/pw/branches/r1117/Src/PF_GameLogic/../Scene/../Render/MaterialSpec.h:4081:36: warning: ‘offsetof’ within non-standard-layout type ‘Render::UIGlassMaterial’ is conditionally-supported [-Winvalid-offsetof]
 4081 |     samplersOffsets[3] = offsetof( UIGlassMaterial, ScreenMap );
      |                                    ^
In file included from /home/vitaly/p/Prime-World/pw/branches/r1117/Src/PF_GameLogic/../Scene/RenderableScene.h:5,
                 from /home/vitaly/p/Prime-World/pw/branches/r1117/Src/PF_GameLogic/../Scene/SceneObject.h:5:
/home/vitaly/p/Prime-World/pw/branches/r1117/Src/PF_GameLogic/../Scene/../Render/batch.h: At global scope:
/home/vitaly/p/Prime-World/pw/branches/r1117/Src/PF_GameLogic/../Scene/../Render/batch.h:15:8: warning: attribute ignored in declaration of ‘struct Render::Batch’ [-Wattributes]
   15 | struct Batch
      |        ^~~~~
/home/vitaly/p/Prime-World/pw/branches/r1117/Src/PF_GameLogic/../Scene/../Render/batch.h:15:8: note: attribute for ‘struct Render::Batch’ must follow the ‘struct’ keyword
/home/vitaly/p/Prime-World/pw/branches/r1117/Src/PF_GameLogic/../Scene/../Render/batch.h:79:8: warning: ‘template<class> class std::auto_ptr’ is deprecated: use 'std::unique_ptr' instead [-Wdeprecated-declarations]
   79 |   std::auto_ptr<class DXManager>  resourceManager;
      |        ^~~~~~~~
/usr/lib/gcc/x86_64-pc-linux-gnu/15/include/g++-v15/bits/unique_ptr.h:58:28: note: declared here
   58 |   template<typename> class auto_ptr;
      |                            ^~~~~~~~
/home/vitaly/p/Prime-World/pw/branches/r1117/Src/PF_GameLogic/../Scene/SceneObject.h:56:7: warning: attribute ignored in declaration of ‘class NScene::SceneObject’ [-Wattributes]
   56 | class SceneObject : public SceneObjectBase
      |       ^~~~~~~~~~~
/home/vitaly/p/Prime-World/pw/branches/r1117/Src/PF_GameLogic/../Scene/SceneObject.h:56:7: note: attribute for ‘class NScene::SceneObject’ must follow the ‘class’ keyword
[  2%] Building CXX object CMakeFiles/PrimeWorld.dir/Game/PF/Client/LobbyPvx/RLobbyClientInterface.auto.cpp.o
In file included from /home/vitaly/p/Prime-World/pw/branches/r1117/Src/System/../System/Logger.h:7,
                 from /home/vitaly/p/Prime-World/pw/branches/r1117/Src/System/systemStdAfx.h:77,
                 from /home/vitaly/p/Prime-World/pw/branches/r1117/Src/Game/PF/Client/LobbyPvx/stdafx.h:3,
                 from /home/vitaly/p/Prime-World/pw/branches/r1117/Src/Game/PF/Client/LobbyPvx/RLobbyClientInterface.auto.cpp:1:
/home/vitaly/p/Prime-World/pw/branches/r1117/Src/System/../System/MultiReaderLock.h:22:14: warning: ‘template<class> class std::auto_ptr’ is deprecated: use 'std::unique_ptr' instead [-Wdeprecated-declarations]
   22 |   const std::auto_ptr< MultiReaderLockImpl > impl_;
      |              ^~~~~~~~
In file included from /usr/lib/gcc/x86_64-pc-linux-gnu/15/include/g++-v15/memory:80,
                 from /home/vitaly/p/Prime-World/pw/branches/r1117/Src/System/../System/MultiReaderLock.h:3:
/usr/lib/gcc/x86_64-pc-linux-gnu/15/include/g++-v15/bits/unique_ptr.h:58:28: note: declared here
   58 |   template<typename> class auto_ptr;
      |                            ^~~~~~~~
In file included from /home/vitaly/p/Prime-World/pw/branches/r1117/Src/System/systemStdAfx.h:162:
/home/vitaly/p/Prime-World/pw/branches/r1117/Src/System/../System/ncircular_buffer.h:293:15: warning: ‘template<class _Category, class _Tp, class _Distance, class _Pointer, class _Reference> struct std::iterator’ is deprecated [-Wdeprecated-declarations]
  293 | : public std::iterator<std::random_access_iterator_tag,
      |               ^~~~~~~~
In file included from /usr/lib/gcc/x86_64-pc-linux-gnu/15/include/g++-v15/bits/stl_algobase.h:65,
                 from /usr/lib/gcc/x86_64-pc-linux-gnu/15/include/g++-v15/bits/specfun.h:43,
                 from /usr/lib/gcc/x86_64-pc-linux-gnu/15/include/g++-v15/cmath:3913,
                 from /usr/lib/gcc/x86_64-pc-linux-gnu/15/include/g++-v15/math.h:36,
                 from /home/vitaly/p/Prime-World/pw/branches/r1117/Src/System/Win32_linux.h:9,
                 from /home/vitaly/p/Prime-World/pw/branches/r1117/Src/System/config.h:51,
                 from /home/vitaly/p/Prime-World/pw/branches/r1117/Src/System/systemStdAfx.h:4:
/usr/lib/gcc/x86_64-pc-linux-gnu/15/include/g++-v15/bits/stl_iterator_base_types.h:129:34: note: declared here
  129 |     struct _GLIBCXX17_DEPRECATED iterator
      |                                  ^~~~~~~~
[  3%] Building CXX object CMakeFiles/PrimeWorld.dir/Game/PF/Client/LobbyPvx/base64.cpp.o
In file included from /home/vitaly/p/Prime-World/pw/branches/r1117/Src/System/../System/Logger.h:7,
                 from /home/vitaly/p/Prime-World/pw/branches/r1117/Src/System/systemStdAfx.h:77,
                 from /home/vitaly/p/Prime-World/pw/branches/r1117/Src/Game/PF/Client/LobbyPvx/stdafx.h:3,
                 from /home/vitaly/p/Prime-World/pw/branches/r1117/Src/Game/PF/Client/LobbyPvx/base64.cpp:32:
/home/vitaly/p/Prime-World/pw/branches/r1117/Src/System/../System/MultiReaderLock.h:22:14: warning: ‘template<class> class std::auto_ptr’ is deprecated: use 'std::unique_ptr' instead [-Wdeprecated-declarations]
   22 |   const std::auto_ptr< MultiReaderLockImpl > impl_;
      |              ^~~~~~~~
In file included from /usr/lib/gcc/x86_64-pc-linux-gnu/15/include/g++-v15/memory:80,
                 from /home/vitaly/p/Prime-World/pw/branches/r1117/Src/System/../System/MultiReaderLock.h:3:
/usr/lib/gcc/x86_64-pc-linux-gnu/15/include/g++-v15/bits/unique_ptr.h:58:28: note: declared here
   58 |   template<typename> class auto_ptr;
      |                            ^~~~~~~~
In file included from /home/vitaly/p/Prime-World/pw/branches/r1117/Src/System/systemStdAfx.h:162:
/home/vitaly/p/Prime-World/pw/branches/r1117/Src/System/../System/ncircular_buffer.h:293:15: warning: ‘template<class _Category, class _Tp, class _Distance, class _Pointer, class _Reference> struct std::iterator’ is deprecated [-Wdeprecated-declarations]
  293 | : public std::iterator<std::random_access_iterator_tag,
      |               ^~~~~~~~
In file included from /usr/lib/gcc/x86_64-pc-linux-gnu/15/include/g++-v15/bits/stl_algobase.h:65,
                 from /usr/lib/gcc/x86_64-pc-linux-gnu/15/include/g++-v15/bits/specfun.h:43,
                 from /usr/lib/gcc/x86_64-pc-linux-gnu/15/include/g++-v15/cmath:3913,
                 from /usr/lib/gcc/x86_64-pc-linux-gnu/15/include/g++-v15/math.h:36,
                 from /home/vitaly/p/Prime-World/pw/branches/r1117/Src/System/Win32_linux.h:9,
                 from /home/vitaly/p/Prime-World/pw/branches/r1117/Src/System/config.h:51,
                 from /home/vitaly/p/Prime-World/pw/branches/r1117/Src/System/systemStdAfx.h:4:
/usr/lib/gcc/x86_64-pc-linux-gnu/15/include/g++-v15/bits/stl_iterator_base_types.h:129:34: note: declared here
  129 |     struct _GLIBCXX17_DEPRECATED iterator
      |                                  ^~~~~~~~
[  3%] Building CXX object CMakeFiles/PrimeWorld.dir/Game/PF/Client/LobbyPvx/stdafx.cpp.o
In file included from /home/vitaly/p/Prime-World/pw/branches/r1117/Src/System/../System/Logger.h:7,
                 from /home/vitaly/p/Prime-World/pw/branches/r1117/Src/System/systemStdAfx.h:77,
                 from /home/vitaly/p/Prime-World/pw/branches/r1117/Src/Game/PF/Client/LobbyPvx/stdafx.h:3,
                 from /home/vitaly/p/Prime-World/pw/branches/r1117/Src/Game/PF/Client/LobbyPvx/stdafx.cpp:1:
/home/vitaly/p/Prime-World/pw/branches/r1117/Src/System/../System/MultiReaderLock.h:22:14: warning: ‘template<class> class std::auto_ptr’ is deprecated: use 'std::unique_ptr' instead [-Wdeprecated-declarations]
   22 |   const std::auto_ptr< MultiReaderLockImpl > impl_;
      |              ^~~~~~~~
In file included from /usr/lib/gcc/x86_64-pc-linux-gnu/15/include/g++-v15/memory:80,
                 from /home/vitaly/p/Prime-World/pw/branches/r1117/Src/System/../System/MultiReaderLock.h:3:
/usr/lib/gcc/x86_64-pc-linux-gnu/15/include/g++-v15/bits/unique_ptr.h:58:28: note: declared here
   58 |   template<typename> class auto_ptr;
      |                            ^~~~~~~~
In file included from /home/vitaly/p/Prime-World/pw/branches/r1117/Src/System/systemStdAfx.h:162:
/home/vitaly/p/Prime-World/pw/branches/r1117/Src/System/../System/ncircular_buffer.h:293:15: warning: ‘template<class _Category, class _Tp, class _Distance, class _Pointer, class _Reference> struct std::iterator’ is deprecated [-Wdeprecated-declarations]
  293 | : public std::iterator<std::random_access_iterator_tag,
      |               ^~~~~~~~
In file included from /usr/lib/gcc/x86_64-pc-linux-gnu/15/include/g++-v15/bits/stl_algobase.h:65,
                 from /usr/lib/gcc/x86_64-pc-linux-gnu/15/include/g++-v15/bits/specfun.h:43,
                 from /usr/lib/gcc/x86_64-pc-linux-gnu/15/include/g++-v15/cmath:3913,
                 from /usr/lib/gcc/x86_64-pc-linux-gnu/15/include/g++-v15/math.h:36,
                 from /home/vitaly/p/Prime-World/pw/branches/r1117/Src/System/Win32_linux.h:9,
                 from /home/vitaly/p/Prime-World/pw/branches/r1117/Src/System/config.h:51,
                 from /home/vitaly/p/Prime-World/pw/branches/r1117/Src/System/systemStdAfx.h:4:
/usr/lib/gcc/x86_64-pc-linux-gnu/15/include/g++-v15/bits/stl_iterator_base_types.h:129:34: note: declared here
  129 |     struct _GLIBCXX17_DEPRECATED iterator
      |                                  ^~~~~~~~
[  3%] Building CXX object CMakeFiles/PrimeWorld.dir/MemoryLib/NewHandler.cpp.o
In file included from /home/vitaly/p/Prime-World/pw/branches/r1117/Src/System/../System/Logger.h:7,
                 from /home/vitaly/p/Prime-World/pw/branches/r1117/Src/System/systemStdAfx.h:77,
                 from /home/vitaly/p/Prime-World/pw/branches/r1117/Src/MemoryLib/NewHandler.cpp:2:
/home/vitaly/p/Prime-World/pw/branches/r1117/Src/System/../System/MultiReaderLock.h:22:14: warning: ‘template<class> class std::auto_ptr’ is deprecated: use 'std::unique_ptr' instead [-Wdeprecated-declarations]
   22 |   const std::auto_ptr< MultiReaderLockImpl > impl_;
      |              ^~~~~~~~
In file included from /usr/lib/gcc/x86_64-pc-linux-gnu/15/include/g++-v15/memory:80,
                 from /home/vitaly/p/Prime-World/pw/branches/r1117/Src/System/../System/MultiReaderLock.h:3:
/usr/lib/gcc/x86_64-pc-linux-gnu/15/include/g++-v15/bits/unique_ptr.h:58:28: note: declared here
   58 |   template<typename> class auto_ptr;
      |                            ^~~~~~~~
In file included from /home/vitaly/p/Prime-World/pw/branches/r1117/Src/System/systemStdAfx.h:162:
/home/vitaly/p/Prime-World/pw/branches/r1117/Src/System/../System/ncircular_buffer.h:293:15: warning: ‘template<class _Category, class _Tp, class _Distance, class _Pointer, class _Reference> struct std::iterator’ is deprecated [-Wdeprecated-declarations]
  293 | : public std::iterator<std::random_access_iterator_tag,
      |               ^~~~~~~~
In file included from /usr/lib/gcc/x86_64-pc-linux-gnu/15/include/g++-v15/bits/stl_algobase.h:65,
                 from /usr/lib/gcc/x86_64-pc-linux-gnu/15/include/g++-v15/bits/specfun.h:43,
                 from /usr/lib/gcc/x86_64-pc-linux-gnu/15/include/g++-v15/cmath:3913,
                 from /usr/lib/gcc/x86_64-pc-linux-gnu/15/include/g++-v15/math.h:36,
                 from /home/vitaly/p/Prime-World/pw/branches/r1117/Src/System/Win32_linux.h:9,
                 from /home/vitaly/p/Prime-World/pw/branches/r1117/Src/System/config.h:51,
                 from /home/vitaly/p/Prime-World/pw/branches/r1117/Src/System/systemStdAfx.h:4:
/usr/lib/gcc/x86_64-pc-linux-gnu/15/include/g++-v15/bits/stl_iterator_base_types.h:129:34: note: declared here
  129 |     struct _GLIBCXX17_DEPRECATED iterator
      |                                  ^~~~~~~~
[  3%] Building CXX object CMakeFiles/PrimeWorld.dir/MemoryLib/SymAccess.cpp.o
In file included from /home/vitaly/p/Prime-World/pw/branches/r1117/Src/MemoryLib/../System/../System/Logger.h:7,
                 from /home/vitaly/p/Prime-World/pw/branches/r1117/Src/MemoryLib/../System/systemStdAfx.h:77,
                 from /home/vitaly/p/Prime-World/pw/branches/r1117/Src/MemoryLib/SymAccess.h:5,
                 from /home/vitaly/p/Prime-World/pw/branches/r1117/Src/MemoryLib/SymAccess.cpp:2:
/home/vitaly/p/Prime-World/pw/branches/r1117/Src/MemoryLib/../System/../System/MultiReaderLock.h:22:14: warning: ‘template<class> class std::auto_ptr’ is deprecated: use 'std::unique_ptr' instead [-Wdeprecated-declarations]
   22 |   const std::auto_ptr< MultiReaderLockImpl > impl_;
      |              ^~~~~~~~
In file included from /usr/lib/gcc/x86_64-pc-linux-gnu/15/include/g++-v15/memory:80,
                 from /home/vitaly/p/Prime-World/pw/branches/r1117/Src/MemoryLib/../System/../System/MultiReaderLock.h:3:
/usr/lib/gcc/x86_64-pc-linux-gnu/15/include/g++-v15/bits/unique_ptr.h:58:28: note: declared here
   58 |   template<typename> class auto_ptr;
      |                            ^~~~~~~~
In file included from /home/vitaly/p/Prime-World/pw/branches/r1117/Src/MemoryLib/../System/systemStdAfx.h:162:
/home/vitaly/p/Prime-World/pw/branches/r1117/Src/MemoryLib/../System/../System/ncircular_buffer.h:293:15: warning: ‘template<class _Category, class _Tp, class _Distance, class _Pointer, class _Reference> struct std::iterator’ is deprecated [-Wdeprecated-declarations]
  293 | : public std::iterator<std::random_access_iterator_tag,
      |               ^~~~~~~~
In file included from /usr/lib/gcc/x86_64-pc-linux-gnu/15/include/g++-v15/bits/stl_algobase.h:65,
                 from /usr/lib/gcc/x86_64-pc-linux-gnu/15/include/g++-v15/bits/specfun.h:43,
                 from /usr/lib/gcc/x86_64-pc-linux-gnu/15/include/g++-v15/cmath:3913,
                 from /usr/lib/gcc/x86_64-pc-linux-gnu/15/include/g++-v15/math.h:36,
                 from /home/vitaly/p/Prime-World/pw/branches/r1117/Src/MemoryLib/../System/Win32_linux.h:9,
                 from /home/vitaly/p/Prime-World/pw/branches/r1117/Src/MemoryLib/../System/config.h:51,
                 from /home/vitaly/p/Prime-World/pw/branches/r1117/Src/MemoryLib/StdAfx.h:6,
                 from /home/vitaly/p/Prime-World/pw/branches/r1117/Src/MemoryLib/SymAccess.cpp:1:
/usr/lib/gcc/x86_64-pc-linux-gnu/15/include/g++-v15/bits/stl_iterator_base_types.h:129:34: note: declared here
  129 |     struct _GLIBCXX17_DEPRECATED iterator
      |                                  ^~~~~~~~
[  3%] Building CXX object CMakeFiles/PrimeWorld.dir/MemoryLib/UserMessage.cpp.o
In file included from /home/vitaly/p/Prime-World/pw/branches/r1117/Src/System/../System/Logger.h:7,
                 from /home/vitaly/p/Prime-World/pw/branches/r1117/Src/System/systemStdAfx.h:77,
                 from /home/vitaly/p/Prime-World/pw/branches/r1117/Src/MemoryLib/UserMessage.cpp:2:
/home/vitaly/p/Prime-World/pw/branches/r1117/Src/System/../System/MultiReaderLock.h:22:14: warning: ‘template<class> class std::auto_ptr’ is deprecated: use 'std::unique_ptr' instead [-Wdeprecated-declarations]
   22 |   const std::auto_ptr< MultiReaderLockImpl > impl_;
      |              ^~~~~~~~
In file included from /usr/lib/gcc/x86_64-pc-linux-gnu/15/include/g++-v15/memory:80,
                 from /home/vitaly/p/Prime-World/pw/branches/r1117/Src/System/../System/MultiReaderLock.h:3:
/usr/lib/gcc/x86_64-pc-linux-gnu/15/include/g++-v15/bits/unique_ptr.h:58:28: note: declared here
   58 |   template<typename> class auto_ptr;
      |                            ^~~~~~~~
In file included from /home/vitaly/p/Prime-World/pw/branches/r1117/Src/System/systemStdAfx.h:162:
/home/vitaly/p/Prime-World/pw/branches/r1117/Src/System/../System/ncircular_buffer.h:293:15: warning: ‘template<class _Category, class _Tp, class _Distance, class _Pointer, class _Reference> struct std::iterator’ is deprecated [-Wdeprecated-declarations]
  293 | : public std::iterator<std::random_access_iterator_tag,
      |               ^~~~~~~~
In file included from /usr/lib/gcc/x86_64-pc-linux-gnu/15/include/g++-v15/bits/stl_algobase.h:65,
                 from /usr/lib/gcc/x86_64-pc-linux-gnu/15/include/g++-v15/bits/specfun.h:43,
                 from /usr/lib/gcc/x86_64-pc-linux-gnu/15/include/g++-v15/cmath:3913,
                 from /usr/lib/gcc/x86_64-pc-linux-gnu/15/include/g++-v15/math.h:36,
                 from /home/vitaly/p/Prime-World/pw/branches/r1117/Src/System/Win32_linux.h:9,
                 from /home/vitaly/p/Prime-World/pw/branches/r1117/Src/System/config.h:51,
                 from /home/vitaly/p/Prime-World/pw/branches/r1117/Src/System/systemStdAfx.h:4:
/usr/lib/gcc/x86_64-pc-linux-gnu/15/include/g++-v15/bits/stl_iterator_base_types.h:129:34: note: declared here
  129 |     struct _GLIBCXX17_DEPRECATED iterator
      |                                  ^~~~~~~~
[  3%] Building CXX object CMakeFiles/PrimeWorld.dir/MemoryLib/nedmalloc.cpp.o
In file included from /home/vitaly/p/Prime-World/pw/branches/r1117/Src/MemoryLib/nedmalloc.cpp:70:
/home/vitaly/p/Prime-World/pw/branches/r1117/Src/MemoryLib/malloc.c.h:660:9: warning: ‘M_TRIM_THRESHOLD’ redefined
  660 | #define M_TRIM_THRESHOLD     (-1)
      |         ^~~~~~~~~~~~~~~~
In file included from /home/vitaly/p/Prime-World/pw/branches/r1117/Src/MemoryLib/../System/Win32_linux.h:7,
                 from /home/vitaly/p/Prime-World/pw/branches/r1117/Src/MemoryLib/../System/config.h:51,
                 from /home/vitaly/p/Prime-World/pw/branches/r1117/Src/MemoryLib/stdafx.h:6,
                 from /home/vitaly/p/Prime-World/pw/branches/r1117/Src/MemoryLib/nedmalloc.cpp:1:
/usr/include/malloc.h:134:9: note: this is the location of the previous definition
  134 | #define M_TRIM_THRESHOLD    -1
      |         ^~~~~~~~~~~~~~~~
/home/vitaly/p/Prime-World/pw/branches/r1117/Src/MemoryLib/malloc.c.h:662:9: warning: ‘M_MMAP_THRESHOLD’ redefined
  662 | #define M_MMAP_THRESHOLD     (-3)
      |         ^~~~~~~~~~~~~~~~
/usr/include/malloc.h:136:9: note: this is the location of the previous definition
  136 | #define M_MMAP_THRESHOLD    -3
      |         ^~~~~~~~~~~~~~~~
[  3%] Building CXX object CMakeFiles/PrimeWorld.dir/MemoryLib/newdelete.cpp.o
In file included from /home/vitaly/p/Prime-World/pw/branches/r1117/Src/MemoryLib/../System/../System/Logger.h:7,
                 from /home/vitaly/p/Prime-World/pw/branches/r1117/Src/MemoryLib/../System/systemStdAfx.h:77,
                 from /home/vitaly/p/Prime-World/pw/branches/r1117/Src/MemoryLib/SymAccess.h:5,
                 from /home/vitaly/p/Prime-World/pw/branches/r1117/Src/MemoryLib/newdelete.cpp:4:
/home/vitaly/p/Prime-World/pw/branches/r1117/Src/MemoryLib/../System/../System/MultiReaderLock.h:22:14: warning: ‘template<class> class std::auto_ptr’ is deprecated: use 'std::unique_ptr' instead [-Wdeprecated-declarations]
   22 |   const std::auto_ptr< MultiReaderLockImpl > impl_;
      |              ^~~~~~~~
In file included from /usr/lib/gcc/x86_64-pc-linux-gnu/15/include/g++-v15/memory:80,
                 from /home/vitaly/p/Prime-World/pw/branches/r1117/Src/MemoryLib/../System/../System/MultiReaderLock.h:3:
/usr/lib/gcc/x86_64-pc-linux-gnu/15/include/g++-v15/bits/unique_ptr.h:58:28: note: declared here
   58 |   template<typename> class auto_ptr;
      |                            ^~~~~~~~
In file included from /home/vitaly/p/Prime-World/pw/branches/r1117/Src/MemoryLib/../System/systemStdAfx.h:162:
/home/vitaly/p/Prime-World/pw/branches/r1117/Src/MemoryLib/../System/../System/ncircular_buffer.h:293:15: warning: ‘template<class _Category, class _Tp, class _Distance, class _Pointer, class _Reference> struct std::iterator’ is deprecated [-Wdeprecated-declarations]
  293 | : public std::iterator<std::random_access_iterator_tag,
      |               ^~~~~~~~
In file included from /usr/lib/gcc/x86_64-pc-linux-gnu/15/include/g++-v15/bits/stl_algobase.h:65,
                 from /usr/lib/gcc/x86_64-pc-linux-gnu/15/include/g++-v15/bits/specfun.h:43,
                 from /usr/lib/gcc/x86_64-pc-linux-gnu/15/include/g++-v15/cmath:3913,
                 from /usr/lib/gcc/x86_64-pc-linux-gnu/15/include/g++-v15/math.h:36,
                 from /home/vitaly/p/Prime-World/pw/branches/r1117/Src/MemoryLib/../System/Win32_linux.h:9,
                 from /home/vitaly/p/Prime-World/pw/branches/r1117/Src/MemoryLib/../System/config.h:51,
                 from /home/vitaly/p/Prime-World/pw/branches/r1117/Src/MemoryLib/stdafx.h:6,
                 from /home/vitaly/p/Prime-World/pw/branches/r1117/Src/MemoryLib/newdelete.cpp:1:
/usr/lib/gcc/x86_64-pc-linux-gnu/15/include/g++-v15/bits/stl_iterator_base_types.h:129:34: note: declared here
  129 |     struct _GLIBCXX17_DEPRECATED iterator
      |                                  ^~~~~~~~
/home/vitaly/p/Prime-World/pw/branches/r1117/Src/MemoryLib/newdelete.cpp:679:20: warning: declaration of ‘void operator delete(void*)’ has a different exception specifier
  679 | void NEWDEL_CCDECL operator delete( void *pRes )
      |                    ^~~~~~~~
In file included from /home/vitaly/p/Prime-World/pw/branches/r1117/Src/MemoryLib/../MemoryLib/newdelete.h:10,
                 from /home/vitaly/p/Prime-World/pw/branches/r1117/Src/MemoryLib/stdafx.h:19:
/usr/lib/gcc/x86_64-pc-linux-gnu/15/include/g++-v15/new:143:6: note: from previous declaration ‘void operator delete(void*) noexcept’
  143 | void operator delete(void*) _GLIBCXX_TXN_SAFE _GLIBCXX_USE_NOEXCEPT
      |      ^~~~~~~~
/home/vitaly/p/Prime-World/pw/branches/r1117/Src/MemoryLib/newdelete.cpp:719:20: warning: declaration of ‘void operator delete [](void*)’ has a different exception specifier
  719 | void NEWDEL_CCDECL operator delete[]( void * p )
      |                    ^~~~~~~~
/usr/lib/gcc/x86_64-pc-linux-gnu/15/include/g++-v15/new:145:6: note: from previous declaration ‘void operator delete [](void*) noexcept’
  145 | void operator delete[](void*) _GLIBCXX_TXN_SAFE _GLIBCXX_USE_NOEXCEPT
      |      ^~~~~~~~
/home/vitaly/p/Prime-World/pw/branches/r1117/Src/MemoryLib/newdelete.cpp:749:21: warning: declaration of ‘void* operator new(size_t, const std::nothrow_t&)’ has a different exception specifier
  749 | void *NEWDEL_CCDECL operator new(size_t size, const std::nothrow_t&)
      |                     ^~~~~~~~
/usr/lib/gcc/x86_64-pc-linux-gnu/15/include/g++-v15/new:155:26: note: from previous declaration ‘void* operator new(std::size_t, const std::nothrow_t&) noexcept’
  155 | _GLIBCXX_NODISCARD void* operator new(std::size_t, const std::nothrow_t&)
      |                          ^~~~~~~~
/home/vitaly/p/Prime-World/pw/branches/r1117/Src/MemoryLib/newdelete.cpp:754:21: warning: declaration of ‘void* operator new [](size_t, const std::nothrow_t&)’ has a different exception specifier
  754 | void *NEWDEL_CCDECL operator new[](size_t size, const std::nothrow_t&)
      |                     ^~~~~~~~
/usr/lib/gcc/x86_64-pc-linux-gnu/15/include/g++-v15/new:158:26: note: from previous declaration ‘void* operator new [](std::size_t, const std::nothrow_t&) noexcept’
  158 | _GLIBCXX_NODISCARD void* operator new[](std::size_t, const std::nothrow_t&)
      |                          ^~~~~~~~
/home/vitaly/p/Prime-World/pw/branches/r1117/Src/MemoryLib/newdelete.cpp:759:20: warning: declaration of ‘void operator delete(void*, const std::nothrow_t&)’ has a different exception specifier
  759 | void NEWDEL_CCDECL operator delete(void * p, const std::nothrow_t&)
      |                    ^~~~~~~~
/usr/lib/gcc/x86_64-pc-linux-gnu/15/include/g++-v15/new:161:6: note: from previous declaration ‘void operator delete(void*, const std::nothrow_t&) noexcept’
  161 | void operator delete(void*, const std::nothrow_t&)
      |      ^~~~~~~~
/home/vitaly/p/Prime-World/pw/branches/r1117/Src/MemoryLib/newdelete.cpp:764:20: warning: declaration of ‘void operator delete [](void*, const std::nothrow_t&)’ has a different exception specifier
  764 | void NEWDEL_CCDECL operator delete[](void * p, const std::nothrow_t&)
      |                    ^~~~~~~~
/usr/lib/gcc/x86_64-pc-linux-gnu/15/include/g++-v15/new:164:6: note: from previous declaration ‘void operator delete [](void*, const std::nothrow_t&) noexcept’
  164 | void operator delete[](void*, const std::nothrow_t&)
      |      ^~~~~~~~
[  3%] Building CXX object CMakeFiles/PrimeWorld.dir/MemoryLib/stdafx.cpp.o
[  3%] Building CXX object CMakeFiles/PrimeWorld.dir/Network/Address.cpp.o
In file included from /home/vitaly/p/Prime-World/pw/branches/r1117/Src/System/../System/Logger.h:7,
                 from /home/vitaly/p/Prime-World/pw/branches/r1117/Src/System/systemStdAfx.h:77,
                 from /home/vitaly/p/Prime-World/pw/branches/r1117/Src/Network/stdafx.h:4,
                 from /home/vitaly/p/Prime-World/pw/branches/r1117/Src/Network/Address.cpp:1:
/home/vitaly/p/Prime-World/pw/branches/r1117/Src/System/../System/MultiReaderLock.h:22:14: warning: ‘template<class> class std::auto_ptr’ is deprecated: use 'std::unique_ptr' instead [-Wdeprecated-declarations]
   22 |   const std::auto_ptr< MultiReaderLockImpl > impl_;
      |              ^~~~~~~~
In file included from /usr/lib/gcc/x86_64-pc-linux-gnu/15/include/g++-v15/memory:80,
                 from /home/vitaly/p/Prime-World/pw/branches/r1117/Src/System/../System/MultiReaderLock.h:3:
/usr/lib/gcc/x86_64-pc-linux-gnu/15/include/g++-v15/bits/unique_ptr.h:58:28: note: declared here
   58 |   template<typename> class auto_ptr;
      |                            ^~~~~~~~
In file included from /home/vitaly/p/Prime-World/pw/branches/r1117/Src/System/systemStdAfx.h:162:
/home/vitaly/p/Prime-World/pw/branches/r1117/Src/System/../System/ncircular_buffer.h:293:15: warning: ‘template<class _Category, class _Tp, class _Distance, class _Pointer, class _Reference> struct std::iterator’ is deprecated [-Wdeprecated-declarations]
  293 | : public std::iterator<std::random_access_iterator_tag,
      |               ^~~~~~~~
In file included from /usr/lib/gcc/x86_64-pc-linux-gnu/15/include/g++-v15/bits/stl_algobase.h:65,
                 from /usr/lib/gcc/x86_64-pc-linux-gnu/15/include/g++-v15/bits/specfun.h:43,
                 from /usr/lib/gcc/x86_64-pc-linux-gnu/15/include/g++-v15/cmath:3913,
                 from /usr/lib/gcc/x86_64-pc-linux-gnu/15/include/g++-v15/math.h:36,
                 from /home/vitaly/p/Prime-World/pw/branches/r1117/Src/System/Win32_linux.h:9,
                 from /home/vitaly/p/Prime-World/pw/branches/r1117/Src/System/config.h:51,
                 from /home/vitaly/p/Prime-World/pw/branches/r1117/Src/System/systemStdAfx.h:4:
/usr/lib/gcc/x86_64-pc-linux-gnu/15/include/g++-v15/bits/stl_iterator_base_types.h:129:34: note: declared here
  129 |     struct _GLIBCXX17_DEPRECATED iterator
      |                                  ^~~~~~~~
[  3%] Building CXX object CMakeFiles/PrimeWorld.dir/Network/ClientTransportConfig.cpp.o
In file included from /home/vitaly/p/Prime-World/pw/branches/r1117/Src/System/../System/Logger.h:7,
                 from /home/vitaly/p/Prime-World/pw/branches/r1117/Src/System/systemStdAfx.h:77,
                 from /home/vitaly/p/Prime-World/pw/branches/r1117/Src/Server/NetworkAIO/transport/stdafx.h:3,
                 from /home/vitaly/p/Prime-World/pw/branches/r1117/Src/Network/ClientTransportConfig.cpp:1:
/home/vitaly/p/Prime-World/pw/branches/r1117/Src/System/../System/MultiReaderLock.h:22:14: warning: ‘template<class> class std::auto_ptr’ is deprecated: use 'std::unique_ptr' instead [-Wdeprecated-declarations]
   22 |   const std::auto_ptr< MultiReaderLockImpl > impl_;
      |              ^~~~~~~~
In file included from /usr/lib/gcc/x86_64-pc-linux-gnu/15/include/g++-v15/memory:80,
                 from /home/vitaly/p/Prime-World/pw/branches/r1117/Src/System/../System/MultiReaderLock.h:3:
/usr/lib/gcc/x86_64-pc-linux-gnu/15/include/g++-v15/bits/unique_ptr.h:58:28: note: declared here
   58 |   template<typename> class auto_ptr;
      |                            ^~~~~~~~
In file included from /home/vitaly/p/Prime-World/pw/branches/r1117/Src/System/systemStdAfx.h:162:
/home/vitaly/p/Prime-World/pw/branches/r1117/Src/System/../System/ncircular_buffer.h:293:15: warning: ‘template<class _Category, class _Tp, class _Distance, class _Pointer, class _Reference> struct std::iterator’ is deprecated [-Wdeprecated-declarations]
  293 | : public std::iterator<std::random_access_iterator_tag,
      |               ^~~~~~~~
In file included from /usr/lib/gcc/x86_64-pc-linux-gnu/15/include/g++-v15/bits/stl_algobase.h:65,
                 from /usr/lib/gcc/x86_64-pc-linux-gnu/15/include/g++-v15/bits/specfun.h:43,
                 from /usr/lib/gcc/x86_64-pc-linux-gnu/15/include/g++-v15/cmath:3913,
                 from /usr/lib/gcc/x86_64-pc-linux-gnu/15/include/g++-v15/math.h:36,
                 from /home/vitaly/p/Prime-World/pw/branches/r1117/Src/System/Win32_linux.h:9,
                 from /home/vitaly/p/Prime-World/pw/branches/r1117/Src/System/config.h:51,
                 from /home/vitaly/p/Prime-World/pw/branches/r1117/Src/System/systemStdAfx.h:4:
/usr/lib/gcc/x86_64-pc-linux-gnu/15/include/g++-v15/bits/stl_iterator_base_types.h:129:34: note: declared here
  129 |     struct _GLIBCXX17_DEPRECATED iterator
      |                                  ^~~~~~~~
[  3%] Building CXX object CMakeFiles/PrimeWorld.dir/Network/ClientTransportSystem2.cpp.o
In file included from /home/vitaly/p/Prime-World/pw/branches/r1117/Src/System/../System/Logger.h:7,
                 from /home/vitaly/p/Prime-World/pw/branches/r1117/Src/System/systemStdAfx.h:77,
                 from /home/vitaly/p/Prime-World/pw/branches/r1117/Src/Server/NetworkAIO/transport/stdafx.h:3,
                 from /home/vitaly/p/Prime-World/pw/branches/r1117/Src/Network/ClientTransportSystem2.cpp:1:
/home/vitaly/p/Prime-World/pw/branches/r1117/Src/System/../System/MultiReaderLock.h:22:14: warning: ‘template<class> class std::auto_ptr’ is deprecated: use 'std::unique_ptr' instead [-Wdeprecated-declarations]
   22 |   const std::auto_ptr< MultiReaderLockImpl > impl_;
      |              ^~~~~~~~
In file included from /usr/lib/gcc/x86_64-pc-linux-gnu/15/include/g++-v15/memory:80,
                 from /home/vitaly/p/Prime-World/pw/branches/r1117/Src/System/../System/MultiReaderLock.h:3:
/usr/lib/gcc/x86_64-pc-linux-gnu/15/include/g++-v15/bits/unique_ptr.h:58:28: note: declared here
   58 |   template<typename> class auto_ptr;
      |                            ^~~~~~~~
In file included from /home/vitaly/p/Prime-World/pw/branches/r1117/Src/System/systemStdAfx.h:162:
/home/vitaly/p/Prime-World/pw/branches/r1117/Src/System/../System/ncircular_buffer.h:293:15: warning: ‘template<class _Category, class _Tp, class _Distance, class _Pointer, class _Reference> struct std::iterator’ is deprecated [-Wdeprecated-declarations]
  293 | : public std::iterator<std::random_access_iterator_tag,
      |               ^~~~~~~~
In file included from /usr/lib/gcc/x86_64-pc-linux-gnu/15/include/g++-v15/bits/stl_algobase.h:65,
                 from /usr/lib/gcc/x86_64-pc-linux-gnu/15/include/g++-v15/bits/specfun.h:43,
                 from /usr/lib/gcc/x86_64-pc-linux-gnu/15/include/g++-v15/cmath:3913,
                 from /usr/lib/gcc/x86_64-pc-linux-gnu/15/include/g++-v15/math.h:36,
                 from /home/vitaly/p/Prime-World/pw/branches/r1117/Src/System/Win32_linux.h:9,
                 from /home/vitaly/p/Prime-World/pw/branches/r1117/Src/System/config.h:51,
                 from /home/vitaly/p/Prime-World/pw/branches/r1117/Src/System/systemStdAfx.h:4:
/usr/lib/gcc/x86_64-pc-linux-gnu/15/include/g++-v15/bits/stl_iterator_base_types.h:129:34: note: declared here
  129 |     struct _GLIBCXX17_DEPRECATED iterator
      |                                  ^~~~~~~~
In file included from /home/vitaly/p/Prime-World/pw/branches/r1117/Src/Server/NetworkAIO/naio/Types.h:4,
                 from /home/vitaly/p/Prime-World/pw/branches/r1117/Src/Server/NetworkAIO/naio/ProtocolHandler.h:2,
                 from /home/vitaly/p/Prime-World/pw/branches/r1117/Src/Server/NetworkAIO/transport/TLProtocolHandlerFactory.h:2,
                 from /home/vitaly/p/Prime-World/pw/branches/r1117/Src/Network/ClientTransportSystem2.h:9,
                 from /home/vitaly/p/Prime-World/pw/branches/r1117/Src/Network/ClientTransportSystem2.cpp:2:
/home/vitaly/p/Prime-World/pw/branches/r1117/Src/../Vendor/ACE_wrappers/ace/Bound_Ptr.h:121:34: warning: ‘template<class> class std::auto_ptr’ is deprecated: use 'std::unique_ptr' instead [-Wdeprecated-declarations]
  121 |   explicit ACE_Strong_Bound_Ptr (auto_ptr<X> p);
      |                                  ^~~~~~~~
/usr/lib/gcc/x86_64-pc-linux-gnu/15/include/g++-v15/bits/unique_ptr.h:58:28: note: declared here
   58 |   template<typename> class auto_ptr;
      |                            ^~~~~~~~
/home/vitaly/p/Prime-World/pw/branches/r1117/Src/../Vendor/ACE_wrappers/ace/Bound_Ptr.h:222:15: warning: ‘template<class> class std::auto_ptr’ is deprecated: use 'std::unique_ptr' instead [-Wdeprecated-declarations]
  222 |   void reset (auto_ptr<X> p);
      |               ^~~~~~~~
/usr/lib/gcc/x86_64-pc-linux-gnu/15/include/g++-v15/bits/unique_ptr.h:58:28: note: declared here
   58 |   template<typename> class auto_ptr;
      |                            ^~~~~~~~
In file included from /home/vitaly/p/Prime-World/pw/branches/r1117/Src/../Vendor/ACE_wrappers/ace/Bound_Ptr.h:384:
/home/vitaly/p/Prime-World/pw/branches/r1117/Src/../Vendor/ACE_wrappers/ace/Bound_Ptr.inl:154:58: warning: ‘template<class> class std::auto_ptr’ is deprecated: use 'std::unique_ptr' instead [-Wdeprecated-declarations]
  154 | ACE_Strong_Bound_Ptr<X, ACE_LOCK>::ACE_Strong_Bound_Ptr (auto_ptr<X> p)
      |                                                          ^~~~~~~~
/usr/lib/gcc/x86_64-pc-linux-gnu/15/include/g++-v15/bits/unique_ptr.h:58:28: note: declared here
   58 |   template<typename> class auto_ptr;
      |                            ^~~~~~~~
/home/vitaly/p/Prime-World/pw/branches/r1117/Src/../Vendor/ACE_wrappers/ace/Bound_Ptr.inl:309:43: warning: ‘template<class> class std::auto_ptr’ is deprecated: use 'std::unique_ptr' instead [-Wdeprecated-declarations]
  309 | ACE_Strong_Bound_Ptr<X, ACE_LOCK>::reset (auto_ptr<X> p)
      |                                           ^~~~~~~~
/usr/lib/gcc/x86_64-pc-linux-gnu/15/include/g++-v15/bits/unique_ptr.h:58:28: note: declared here
   58 |   template<typename> class auto_ptr;
      |                            ^~~~~~~~
In file included from /home/vitaly/p/Prime-World/pw/branches/r1117/Src/../Vendor/Terabit/TProactor/Double_List_T.h:27,
                 from /home/vitaly/p/Prime-World/pw/branches/r1117/Src/../Vendor/Terabit/app/IOTerabit/Protocol.h:23,
                 from /home/vitaly/p/Prime-World/pw/branches/r1117/Src/../Vendor/Terabit/app/IOTerabit/ProtocolFactory_T.h:22,
                 from /home/vitaly/p/Prime-World/pw/branches/r1117/Src/Server/NetworkAIO/naio/BaseProtocolFactory.h:2,
                 from /home/vitaly/p/Prime-World/pw/branches/r1117/Src/Server/NetworkAIO/naio/Driver.h:2,
                 from /home/vitaly/p/Prime-World/pw/branches/r1117/Src/Network/ClientTransportSystem2.cpp:5:
/home/vitaly/p/Prime-World/pw/branches/r1117/Src/../Vendor/Terabit/TProactor/Single_List_T.h:97:38: warning: ‘template<class _Arg, class _Result> struct std::unary_function’ is deprecated [-Wdeprecated-declarations]
   97 | class LinkS_Functor_T :  public std::unary_function < X, LinkS_T <X> >
      |                                      ^~~~~~~~~~~~~~
In file included from /usr/lib/gcc/x86_64-pc-linux-gnu/15/include/g++-v15/bits/unique_ptr.h:37:
/usr/lib/gcc/x86_64-pc-linux-gnu/15/include/g++-v15/bits/stl_function.h:120:12: note: declared here
  120 |     struct unary_function
      |            ^~~~~~~~~~~~~~
/home/vitaly/p/Prime-World/pw/branches/r1117/Src/../Vendor/Terabit/TProactor/Double_List_T.h:98:38: warning: ‘template<class _Arg, class _Result> struct std::unary_function’ is deprecated [-Wdeprecated-declarations]
   98 | class LinkD_Functor_T :  public std::unary_function < X, LinkD_T <X> >
      |                                      ^~~~~~~~~~~~~~
/usr/lib/gcc/x86_64-pc-linux-gnu/15/include/g++-v15/bits/stl_function.h:120:12: note: declared here
  120 |     struct unary_function
      |            ^~~~~~~~~~~~~~
In file included from /home/vitaly/p/Prime-World/pw/branches/r1117/Src/Server/NetworkAIO/naio/Channel.h:5,
                 from /home/vitaly/p/Prime-World/pw/branches/r1117/Src/Server/NetworkAIO/naio/Driver.h:4:
/home/vitaly/p/Prime-World/pw/branches/r1117/Src/../Vendor/Terabit/app/IOTerabit/TcpChannel.h:64:55: warning: conversion from ‘size_t’ {aka ‘long unsigned int’} to ‘unsigned int’ changes value from ‘18446744073709551615’ to ‘4294967295’ [-Woverflow]
   64 |                        unsigned int  max_cache_size = (size_t) -1);
      |                                                       ^~~~~~~~~~~
/home/vitaly/p/Prime-World/pw/branches/r1117/Src/../Vendor/ACE_wrappers/ace/Bound_Ptr.inl: In instantiation of ‘ACE_Strong_Bound_Ptr<X, ACE_LOCK>::~ACE_Strong_Bound_Ptr() [with X = TransportLayer::MessageBlockFactory; ACE_LOCK = ACE_Thread_Mutex]’:
/home/vitaly/p/Prime-World/pw/branches/r1117/Src/Server/NetworkAIO/transport/TLProtocolHandlerFactory.h:27:83:   required from here
   27 |               TL::MessageBlockFactorySP const & spmbf = TL::MessageBlockFactorySP());
      |                                                                                   ^
/home/vitaly/p/Prime-World/pw/branches/r1117/Src/../Vendor/ACE_wrappers/ace/Bound_Ptr.inl:188:5: warning: possible problem detected in invocation of ‘operator delete’ [-Wdelete-incomplete]
  188 |     delete this->ptr_;
      |     ^~~~~~~~~~~~~~~~~
/home/vitaly/p/Prime-World/pw/branches/r1117/Src/../Vendor/ACE_wrappers/ace/Bound_Ptr.inl:188:18: warning: invalid use of incomplete type ‘class TransportLayer::MessageBlockFactory’
  188 |     delete this->ptr_;
      |            ~~~~~~^~~~
In file included from /home/vitaly/p/Prime-World/pw/branches/r1117/Src/Server/NetworkAIO/transport/TLProtocolHandlerFactory.h:5:
/home/vitaly/p/Prime-World/pw/branches/r1117/Src/Server/NetworkAIO/transport/TLTypes.h:93:9: note: forward declaration of ‘class TransportLayer::MessageBlockFactory’
   93 |   class MessageBlockFactory;
      |         ^~~~~~~~~~~~~~~~~~~
/home/vitaly/p/Prime-World/pw/branches/r1117/Src/../Vendor/ACE_wrappers/ace/Bound_Ptr.inl:188:5: note: neither the destructor nor the class-specific ‘operator delete’ will be called, even if they are declared when the class is defined
  188 |     delete this->ptr_;
      |     ^~~~~~~~~~~~~~~~~
[  3%] Building CXX object CMakeFiles/PrimeWorld.dir/Network/ClientTransportSystem3.cpp.o
In file included from /home/vitaly/p/Prime-World/pw/branches/r1117/Src/System/../System/Logger.h:7,
                 from /home/vitaly/p/Prime-World/pw/branches/r1117/Src/System/systemStdAfx.h:77,
                 from /home/vitaly/p/Prime-World/pw/branches/r1117/Src/Server/NetworkAIO/transport/stdafx.h:3,
                 from /home/vitaly/p/Prime-World/pw/branches/r1117/Src/Network/ClientTransportSystem3.cpp:1:
/home/vitaly/p/Prime-World/pw/branches/r1117/Src/System/../System/MultiReaderLock.h:22:14: warning: ‘template<class> class std::auto_ptr’ is deprecated: use 'std::unique_ptr' instead [-Wdeprecated-declarations]
   22 |   const std::auto_ptr< MultiReaderLockImpl > impl_;
      |              ^~~~~~~~
In file included from /usr/lib/gcc/x86_64-pc-linux-gnu/15/include/g++-v15/memory:80,
                 from /home/vitaly/p/Prime-World/pw/branches/r1117/Src/System/../System/MultiReaderLock.h:3:
/usr/lib/gcc/x86_64-pc-linux-gnu/15/include/g++-v15/bits/unique_ptr.h:58:28: note: declared here
   58 |   template<typename> class auto_ptr;
      |                            ^~~~~~~~
In file included from /home/vitaly/p/Prime-World/pw/branches/r1117/Src/System/systemStdAfx.h:162:
/home/vitaly/p/Prime-World/pw/branches/r1117/Src/System/../System/ncircular_buffer.h:293:15: warning: ‘template<class _Category, class _Tp, class _Distance, class _Pointer, class _Reference> struct std::iterator’ is deprecated [-Wdeprecated-declarations]
  293 | : public std::iterator<std::random_access_iterator_tag,
      |               ^~~~~~~~
In file included from /usr/lib/gcc/x86_64-pc-linux-gnu/15/include/g++-v15/bits/stl_algobase.h:65,
                 from /usr/lib/gcc/x86_64-pc-linux-gnu/15/include/g++-v15/bits/specfun.h:43,
                 from /usr/lib/gcc/x86_64-pc-linux-gnu/15/include/g++-v15/cmath:3913,
                 from /usr/lib/gcc/x86_64-pc-linux-gnu/15/include/g++-v15/math.h:36,
                 from /home/vitaly/p/Prime-World/pw/branches/r1117/Src/System/Win32_linux.h:9,
                 from /home/vitaly/p/Prime-World/pw/branches/r1117/Src/System/config.h:51,
                 from /home/vitaly/p/Prime-World/pw/branches/r1117/Src/System/systemStdAfx.h:4:
/usr/lib/gcc/x86_64-pc-linux-gnu/15/include/g++-v15/bits/stl_iterator_base_types.h:129:34: note: declared here
  129 |     struct _GLIBCXX17_DEPRECATED iterator
      |                                  ^~~~~~~~
In file included from /home/vitaly/p/Prime-World/pw/branches/r1117/Src/Server/NetworkAIO/naio/Types.h:4,
                 from /home/vitaly/p/Prime-World/pw/branches/r1117/Src/Server/NetworkAIO/naio/ProtocolHandler.h:2,
                 from /home/vitaly/p/Prime-World/pw/branches/r1117/Src/Server/NetworkAIO/transport/TLProtocolHandlerFactory.h:2,
                 from /home/vitaly/p/Prime-World/pw/branches/r1117/Src/Network/ClientTransportSystem3.h:9,
                 from /home/vitaly/p/Prime-World/pw/branches/r1117/Src/Network/ClientTransportSystem3.cpp:2:
/home/vitaly/p/Prime-World/pw/branches/r1117/Src/../Vendor/ACE_wrappers/ace/Bound_Ptr.h:121:34: warning: ‘template<class> class std::auto_ptr’ is deprecated: use 'std::unique_ptr' instead [-Wdeprecated-declarations]
  121 |   explicit ACE_Strong_Bound_Ptr (auto_ptr<X> p);
      |                                  ^~~~~~~~
/usr/lib/gcc/x86_64-pc-linux-gnu/15/include/g++-v15/bits/unique_ptr.h:58:28: note: declared here
   58 |   template<typename> class auto_ptr;
      |                            ^~~~~~~~
/home/vitaly/p/Prime-World/pw/branches/r1117/Src/../Vendor/ACE_wrappers/ace/Bound_Ptr.h:222:15: warning: ‘template<class> class std::auto_ptr’ is deprecated: use 'std::unique_ptr' instead [-Wdeprecated-declarations]
  222 |   void reset (auto_ptr<X> p);
      |               ^~~~~~~~
/usr/lib/gcc/x86_64-pc-linux-gnu/15/include/g++-v15/bits/unique_ptr.h:58:28: note: declared here
   58 |   template<typename> class auto_ptr;
      |                            ^~~~~~~~
In file included from /home/vitaly/p/Prime-World/pw/branches/r1117/Src/../Vendor/ACE_wrappers/ace/Bound_Ptr.h:384:
/home/vitaly/p/Prime-World/pw/branches/r1117/Src/../Vendor/ACE_wrappers/ace/Bound_Ptr.inl:154:58: warning: ‘template<class> class std::auto_ptr’ is deprecated: use 'std::unique_ptr' instead [-Wdeprecated-declarations]
  154 | ACE_Strong_Bound_Ptr<X, ACE_LOCK>::ACE_Strong_Bound_Ptr (auto_ptr<X> p)
      |                                                          ^~~~~~~~
/usr/lib/gcc/x86_64-pc-linux-gnu/15/include/g++-v15/bits/unique_ptr.h:58:28: note: declared here
   58 |   template<typename> class auto_ptr;
      |                            ^~~~~~~~
/home/vitaly/p/Prime-World/pw/branches/r1117/Src/../Vendor/ACE_wrappers/ace/Bound_Ptr.inl:309:43: warning: ‘template<class> class std::auto_ptr’ is deprecated: use 'std::unique_ptr' instead [-Wdeprecated-declarations]
  309 | ACE_Strong_Bound_Ptr<X, ACE_LOCK>::reset (auto_ptr<X> p)
      |                                           ^~~~~~~~
/usr/lib/gcc/x86_64-pc-linux-gnu/15/include/g++-v15/bits/unique_ptr.h:58:28: note: declared here
   58 |   template<typename> class auto_ptr;
      |                            ^~~~~~~~
In file included from /home/vitaly/p/Prime-World/pw/branches/r1117/Src/../Vendor/Terabit/TProactor/Double_List_T.h:27,
                 from /home/vitaly/p/Prime-World/pw/branches/r1117/Src/../Vendor/Terabit/app/IOTerabit/Protocol.h:23,
                 from /home/vitaly/p/Prime-World/pw/branches/r1117/Src/../Vendor/Terabit/app/IOTerabit/ProtocolFactory_T.h:22,
                 from /home/vitaly/p/Prime-World/pw/branches/r1117/Src/Server/NetworkAIO/naio/BaseProtocolFactory.h:2,
                 from /home/vitaly/p/Prime-World/pw/branches/r1117/Src/Server/NetworkAIO/naio/Driver.h:2,
                 from /home/vitaly/p/Prime-World/pw/branches/r1117/Src/Network/ClientTransportSystem3.cpp:5:
/home/vitaly/p/Prime-World/pw/branches/r1117/Src/../Vendor/Terabit/TProactor/Single_List_T.h:97:38: warning: ‘template<class _Arg, class _Result> struct std::unary_function’ is deprecated [-Wdeprecated-declarations]
   97 | class LinkS_Functor_T :  public std::unary_function < X, LinkS_T <X> >
      |                                      ^~~~~~~~~~~~~~
In file included from /usr/lib/gcc/x86_64-pc-linux-gnu/15/include/g++-v15/bits/unique_ptr.h:37:
/usr/lib/gcc/x86_64-pc-linux-gnu/15/include/g++-v15/bits/stl_function.h:120:12: note: declared here
  120 |     struct unary_function
      |            ^~~~~~~~~~~~~~
/home/vitaly/p/Prime-World/pw/branches/r1117/Src/../Vendor/Terabit/TProactor/Double_List_T.h:98:38: warning: ‘template<class _Arg, class _Result> struct std::unary_function’ is deprecated [-Wdeprecated-declarations]
   98 | class LinkD_Functor_T :  public std::unary_function < X, LinkD_T <X> >
      |                                      ^~~~~~~~~~~~~~
/usr/lib/gcc/x86_64-pc-linux-gnu/15/include/g++-v15/bits/stl_function.h:120:12: note: declared here
  120 |     struct unary_function
      |            ^~~~~~~~~~~~~~
In file included from /home/vitaly/p/Prime-World/pw/branches/r1117/Src/Server/NetworkAIO/naio/Channel.h:5,
                 from /home/vitaly/p/Prime-World/pw/branches/r1117/Src/Server/NetworkAIO/naio/Driver.h:4:
/home/vitaly/p/Prime-World/pw/branches/r1117/Src/../Vendor/Terabit/app/IOTerabit/TcpChannel.h:64:55: warning: conversion from ‘size_t’ {aka ‘long unsigned int’} to ‘unsigned int’ changes value from ‘18446744073709551615’ to ‘4294967295’ [-Woverflow]
   64 |                        unsigned int  max_cache_size = (size_t) -1);
      |                                                       ^~~~~~~~~~~
/home/vitaly/p/Prime-World/pw/branches/r1117/Src/Network/ClientTransportSystem3.cpp: In constructor ‘Transport::ClientTransportSystem3::ClientTransportSystem3(Network::INetworkDriver*, Transport::MessageFactory*, const Login::ClientVersion&, const StrongMT<Transport::ITransportSystem>&)’:
/home/vitaly/p/Prime-World/pw/branches/r1117/Src/Network/ClientTransportSystem3.cpp:28:15: warning: ISO C++ forbids converting a string constant to ‘char*’ [-Wwrite-strings]
   28 |     , logtag_("[CTS3]")
      |               ^~~~~~~~
/home/vitaly/p/Prime-World/pw/branches/r1117/Src/../Vendor/ACE_wrappers/ace/Bound_Ptr.inl: In instantiation of ‘ACE_Strong_Bound_Ptr<X, ACE_LOCK>::~ACE_Strong_Bound_Ptr() [with X = TransportLayer::MessageBlockFactory; ACE_LOCK = ACE_Thread_Mutex]’:
/home/vitaly/p/Prime-World/pw/branches/r1117/Src/Server/NetworkAIO/transport/TLProtocolHandlerFactory.h:27:83:   required from here
   27 |               TL::MessageBlockFactorySP const & spmbf = TL::MessageBlockFactorySP());
      |                                                                                   ^
/home/vitaly/p/Prime-World/pw/branches/r1117/Src/../Vendor/ACE_wrappers/ace/Bound_Ptr.inl:188:5: warning: possible problem detected in invocation of ‘operator delete’ [-Wdelete-incomplete]
  188 |     delete this->ptr_;
      |     ^~~~~~~~~~~~~~~~~
/home/vitaly/p/Prime-World/pw/branches/r1117/Src/../Vendor/ACE_wrappers/ace/Bound_Ptr.inl:188:18: warning: invalid use of incomplete type ‘class TransportLayer::MessageBlockFactory’
  188 |     delete this->ptr_;
      |            ~~~~~~^~~~
In file included from /home/vitaly/p/Prime-World/pw/branches/r1117/Src/Server/NetworkAIO/transport/TLProtocolHandlerFactory.h:5:
/home/vitaly/p/Prime-World/pw/branches/r1117/Src/Server/NetworkAIO/transport/TLTypes.h:93:9: note: forward declaration of ‘class TransportLayer::MessageBlockFactory’
   93 |   class MessageBlockFactory;
      |         ^~~~~~~~~~~~~~~~~~~
/home/vitaly/p/Prime-World/pw/branches/r1117/Src/../Vendor/ACE_wrappers/ace/Bound_Ptr.inl:188:5: note: neither the destructor nor the class-specific ‘operator delete’ will be called, even if they are declared when the class is defined
  188 |     delete this->ptr_;
      |     ^~~~~~~~~~~~~~~~~
[  3%] Building CXX object CMakeFiles/PrimeWorld.dir/Network/ClientTransportSystemIntf.cpp.o
In file included from /home/vitaly/p/Prime-World/pw/branches/r1117/Src/System/../System/Logger.h:7,
                 from /home/vitaly/p/Prime-World/pw/branches/r1117/Src/System/systemStdAfx.h:77,
                 from /home/vitaly/p/Prime-World/pw/branches/r1117/Src/Network/stdafx.h:4,
                 from /home/vitaly/p/Prime-World/pw/branches/r1117/Src/Network/ClientTransportSystemIntf.cpp:1:
/home/vitaly/p/Prime-World/pw/branches/r1117/Src/System/../System/MultiReaderLock.h:22:14: warning: ‘template<class> class std::auto_ptr’ is deprecated: use 'std::unique_ptr' instead [-Wdeprecated-declarations]
   22 |   const std::auto_ptr< MultiReaderLockImpl > impl_;
      |              ^~~~~~~~
In file included from /usr/lib/gcc/x86_64-pc-linux-gnu/15/include/g++-v15/memory:80,
                 from /home/vitaly/p/Prime-World/pw/branches/r1117/Src/System/../System/MultiReaderLock.h:3:
/usr/lib/gcc/x86_64-pc-linux-gnu/15/include/g++-v15/bits/unique_ptr.h:58:28: note: declared here
   58 |   template<typename> class auto_ptr;
      |                            ^~~~~~~~
In file included from /home/vitaly/p/Prime-World/pw/branches/r1117/Src/System/systemStdAfx.h:162:
/home/vitaly/p/Prime-World/pw/branches/r1117/Src/System/../System/ncircular_buffer.h:293:15: warning: ‘template<class _Category, class _Tp, class _Distance, class _Pointer, class _Reference> struct std::iterator’ is deprecated [-Wdeprecated-declarations]
  293 | : public std::iterator<std::random_access_iterator_tag,
      |               ^~~~~~~~
In file included from /usr/lib/gcc/x86_64-pc-linux-gnu/15/include/g++-v15/bits/stl_algobase.h:65,
                 from /usr/lib/gcc/x86_64-pc-linux-gnu/15/include/g++-v15/bits/specfun.h:43,
                 from /usr/lib/gcc/x86_64-pc-linux-gnu/15/include/g++-v15/cmath:3913,
                 from /usr/lib/gcc/x86_64-pc-linux-gnu/15/include/g++-v15/math.h:36,
                 from /home/vitaly/p/Prime-World/pw/branches/r1117/Src/System/Win32_linux.h:9,
                 from /home/vitaly/p/Prime-World/pw/branches/r1117/Src/System/config.h:51,
                 from /home/vitaly/p/Prime-World/pw/branches/r1117/Src/System/systemStdAfx.h:4:
/usr/lib/gcc/x86_64-pc-linux-gnu/15/include/g++-v15/bits/stl_iterator_base_types.h:129:34: note: declared here
  129 |     struct _GLIBCXX17_DEPRECATED iterator
      |                                  ^~~~~~~~
[  3%] Building CXX object CMakeFiles/PrimeWorld.dir/Network/ClusterConfiguration.cpp.o
In file included from /home/vitaly/p/Prime-World/pw/branches/r1117/Src/System/../System/Logger.h:7,
                 from /home/vitaly/p/Prime-World/pw/branches/r1117/Src/System/systemStdAfx.h:77,
                 from /home/vitaly/p/Prime-World/pw/branches/r1117/Src/Network/stdafx.h:4,
                 from /home/vitaly/p/Prime-World/pw/branches/r1117/Src/Network/ClusterConfiguration.cpp:1:
/home/vitaly/p/Prime-World/pw/branches/r1117/Src/System/../System/MultiReaderLock.h:22:14: warning: ‘template<class> class std::auto_ptr’ is deprecated: use 'std::unique_ptr' instead [-Wdeprecated-declarations]
   22 |   const std::auto_ptr< MultiReaderLockImpl > impl_;
      |              ^~~~~~~~
In file included from /usr/lib/gcc/x86_64-pc-linux-gnu/15/include/g++-v15/memory:80,
                 from /home/vitaly/p/Prime-World/pw/branches/r1117/Src/System/../System/MultiReaderLock.h:3:
/usr/lib/gcc/x86_64-pc-linux-gnu/15/include/g++-v15/bits/unique_ptr.h:58:28: note: declared here
   58 |   template<typename> class auto_ptr;
      |                            ^~~~~~~~
In file included from /home/vitaly/p/Prime-World/pw/branches/r1117/Src/System/systemStdAfx.h:162:
/home/vitaly/p/Prime-World/pw/branches/r1117/Src/System/../System/ncircular_buffer.h:293:15: warning: ‘template<class _Category, class _Tp, class _Distance, class _Pointer, class _Reference> struct std::iterator’ is deprecated [-Wdeprecated-declarations]
  293 | : public std::iterator<std::random_access_iterator_tag,
      |               ^~~~~~~~
In file included from /usr/lib/gcc/x86_64-pc-linux-gnu/15/include/g++-v15/bits/stl_algobase.h:65,
                 from /usr/lib/gcc/x86_64-pc-linux-gnu/15/include/g++-v15/bits/specfun.h:43,
                 from /usr/lib/gcc/x86_64-pc-linux-gnu/15/include/g++-v15/cmath:3913,
                 from /usr/lib/gcc/x86_64-pc-linux-gnu/15/include/g++-v15/math.h:36,
                 from /home/vitaly/p/Prime-World/pw/branches/r1117/Src/System/Win32_linux.h:9,
                 from /home/vitaly/p/Prime-World/pw/branches/r1117/Src/System/config.h:51,
                 from /home/vitaly/p/Prime-World/pw/branches/r1117/Src/System/systemStdAfx.h:4:
/usr/lib/gcc/x86_64-pc-linux-gnu/15/include/g++-v15/bits/stl_iterator_base_types.h:129:34: note: declared here
  129 |     struct _GLIBCXX17_DEPRECATED iterator
      |                                  ^~~~~~~~
[  4%] Building CXX object CMakeFiles/PrimeWorld.dir/Network/Connection.cpp.o
In file included from /home/vitaly/p/Prime-World/pw/branches/r1117/Src/System/../System/Logger.h:7,
                 from /home/vitaly/p/Prime-World/pw/branches/r1117/Src/System/systemStdAfx.h:77,
                 from /home/vitaly/p/Prime-World/pw/branches/r1117/Src/Network/stdafx.h:4,
                 from /home/vitaly/p/Prime-World/pw/branches/r1117/Src/Network/Connection.cpp:1:
/home/vitaly/p/Prime-World/pw/branches/r1117/Src/System/../System/MultiReaderLock.h:22:14: warning: ‘template<class> class std::auto_ptr’ is deprecated: use 'std::unique_ptr' instead [-Wdeprecated-declarations]
   22 |   const std::auto_ptr< MultiReaderLockImpl > impl_;
      |              ^~~~~~~~
In file included from /usr/lib/gcc/x86_64-pc-linux-gnu/15/include/g++-v15/memory:80,
                 from /home/vitaly/p/Prime-World/pw/branches/r1117/Src/System/../System/MultiReaderLock.h:3:
/usr/lib/gcc/x86_64-pc-linux-gnu/15/include/g++-v15/bits/unique_ptr.h:58:28: note: declared here
   58 |   template<typename> class auto_ptr;
      |                            ^~~~~~~~
In file included from /home/vitaly/p/Prime-World/pw/branches/r1117/Src/System/systemStdAfx.h:162:
/home/vitaly/p/Prime-World/pw/branches/r1117/Src/System/../System/ncircular_buffer.h:293:15: warning: ‘template<class _Category, class _Tp, class _Distance, class _Pointer, class _Reference> struct std::iterator’ is deprecated [-Wdeprecated-declarations]
  293 | : public std::iterator<std::random_access_iterator_tag,
      |               ^~~~~~~~
In file included from /usr/lib/gcc/x86_64-pc-linux-gnu/15/include/g++-v15/bits/stl_algobase.h:65,
                 from /usr/lib/gcc/x86_64-pc-linux-gnu/15/include/g++-v15/bits/specfun.h:43,
                 from /usr/lib/gcc/x86_64-pc-linux-gnu/15/include/g++-v15/cmath:3913,
                 from /usr/lib/gcc/x86_64-pc-linux-gnu/15/include/g++-v15/math.h:36,
                 from /home/vitaly/p/Prime-World/pw/branches/r1117/Src/System/Win32_linux.h:9,
                 from /home/vitaly/p/Prime-World/pw/branches/r1117/Src/System/config.h:51,
                 from /home/vitaly/p/Prime-World/pw/branches/r1117/Src/System/systemStdAfx.h:4:
/usr/lib/gcc/x86_64-pc-linux-gnu/15/include/g++-v15/bits/stl_iterator_base_types.h:129:34: note: declared here
  129 |     struct _GLIBCXX17_DEPRECATED iterator
      |                                  ^~~~~~~~
[  4%] Building CXX object CMakeFiles/PrimeWorld.dir/Network/ConnectionHandler.cpp.o
In file included from /home/vitaly/p/Prime-World/pw/branches/r1117/Src/System/../System/Logger.h:7,
                 from /home/vitaly/p/Prime-World/pw/branches/r1117/Src/System/systemStdAfx.h:77,
                 from /home/vitaly/p/Prime-World/pw/branches/r1117/Src/Network/stdafx.h:4,
                 from /home/vitaly/p/Prime-World/pw/branches/r1117/Src/Network/ConnectionHandler.cpp:1:
/home/vitaly/p/Prime-World/pw/branches/r1117/Src/System/../System/MultiReaderLock.h:22:14: warning: ‘template<class> class std::auto_ptr’ is deprecated: use 'std::unique_ptr' instead [-Wdeprecated-declarations]
   22 |   const std::auto_ptr< MultiReaderLockImpl > impl_;
      |              ^~~~~~~~
In file included from /usr/lib/gcc/x86_64-pc-linux-gnu/15/include/g++-v15/memory:80,
                 from /home/vitaly/p/Prime-World/pw/branches/r1117/Src/System/../System/MultiReaderLock.h:3:
/usr/lib/gcc/x86_64-pc-linux-gnu/15/include/g++-v15/bits/unique_ptr.h:58:28: note: declared here
   58 |   template<typename> class auto_ptr;
      |                            ^~~~~~~~
In file included from /home/vitaly/p/Prime-World/pw/branches/r1117/Src/System/systemStdAfx.h:162:
/home/vitaly/p/Prime-World/pw/branches/r1117/Src/System/../System/ncircular_buffer.h:293:15: warning: ‘template<class _Category, class _Tp, class _Distance, class _Pointer, class _Reference> struct std::iterator’ is deprecated [-Wdeprecated-declarations]
  293 | : public std::iterator<std::random_access_iterator_tag,
      |               ^~~~~~~~
In file included from /usr/lib/gcc/x86_64-pc-linux-gnu/15/include/g++-v15/bits/stl_algobase.h:65,
                 from /usr/lib/gcc/x86_64-pc-linux-gnu/15/include/g++-v15/bits/specfun.h:43,
                 from /usr/lib/gcc/x86_64-pc-linux-gnu/15/include/g++-v15/cmath:3913,
                 from /usr/lib/gcc/x86_64-pc-linux-gnu/15/include/g++-v15/math.h:36,
                 from /home/vitaly/p/Prime-World/pw/branches/r1117/Src/System/Win32_linux.h:9,
                 from /home/vitaly/p/Prime-World/pw/branches/r1117/Src/System/config.h:51,
                 from /home/vitaly/p/Prime-World/pw/branches/r1117/Src/System/systemStdAfx.h:4:
/usr/lib/gcc/x86_64-pc-linux-gnu/15/include/g++-v15/bits/stl_iterator_base_types.h:129:34: note: declared here
  129 |     struct _GLIBCXX17_DEPRECATED iterator
      |                                  ^~~~~~~~
[  4%] Building CXX object CMakeFiles/PrimeWorld.dir/Network/ConnectionManager.cpp.o
In file included from /home/vitaly/p/Prime-World/pw/branches/r1117/Src/System/../System/Logger.h:7,
                 from /home/vitaly/p/Prime-World/pw/branches/r1117/Src/System/systemStdAfx.h:77,
                 from /home/vitaly/p/Prime-World/pw/branches/r1117/Src/Network/stdafx.h:4,
                 from /home/vitaly/p/Prime-World/pw/branches/r1117/Src/Network/ConnectionManager.cpp:1:
/home/vitaly/p/Prime-World/pw/branches/r1117/Src/System/../System/MultiReaderLock.h:22:14: warning: ‘template<class> class std::auto_ptr’ is deprecated: use 'std::unique_ptr' instead [-Wdeprecated-declarations]
   22 |   const std::auto_ptr< MultiReaderLockImpl > impl_;
      |              ^~~~~~~~
In file included from /usr/lib/gcc/x86_64-pc-linux-gnu/15/include/g++-v15/memory:80,
                 from /home/vitaly/p/Prime-World/pw/branches/r1117/Src/System/../System/MultiReaderLock.h:3:
/usr/lib/gcc/x86_64-pc-linux-gnu/15/include/g++-v15/bits/unique_ptr.h:58:28: note: declared here
   58 |   template<typename> class auto_ptr;
      |                            ^~~~~~~~
In file included from /home/vitaly/p/Prime-World/pw/branches/r1117/Src/System/systemStdAfx.h:162:
/home/vitaly/p/Prime-World/pw/branches/r1117/Src/System/../System/ncircular_buffer.h:293:15: warning: ‘template<class _Category, class _Tp, class _Distance, class _Pointer, class _Reference> struct std::iterator’ is deprecated [-Wdeprecated-declarations]
  293 | : public std::iterator<std::random_access_iterator_tag,
      |               ^~~~~~~~
In file included from /usr/lib/gcc/x86_64-pc-linux-gnu/15/include/g++-v15/bits/stl_algobase.h:65,
                 from /usr/lib/gcc/x86_64-pc-linux-gnu/15/include/g++-v15/bits/specfun.h:43,
                 from /usr/lib/gcc/x86_64-pc-linux-gnu/15/include/g++-v15/cmath:3913,
                 from /usr/lib/gcc/x86_64-pc-linux-gnu/15/include/g++-v15/math.h:36,
                 from /home/vitaly/p/Prime-World/pw/branches/r1117/Src/System/Win32_linux.h:9,
                 from /home/vitaly/p/Prime-World/pw/branches/r1117/Src/System/config.h:51,
                 from /home/vitaly/p/Prime-World/pw/branches/r1117/Src/System/systemStdAfx.h:4:
/usr/lib/gcc/x86_64-pc-linux-gnu/15/include/g++-v15/bits/stl_iterator_base_types.h:129:34: note: declared here
  129 |     struct _GLIBCXX17_DEPRECATED iterator
      |                                  ^~~~~~~~
[  4%] Building CXX object CMakeFiles/PrimeWorld.dir/Network/ConnectionState.cpp.o
In file included from /home/vitaly/p/Prime-World/pw/branches/r1117/Src/System/../System/Logger.h:7,
                 from /home/vitaly/p/Prime-World/pw/branches/r1117/Src/System/systemStdAfx.h:77,
                 from /home/vitaly/p/Prime-World/pw/branches/r1117/Src/Network/stdafx.h:4,
                 from /home/vitaly/p/Prime-World/pw/branches/r1117/Src/Network/ConnectionState.cpp:1:
/home/vitaly/p/Prime-World/pw/branches/r1117/Src/System/../System/MultiReaderLock.h:22:14: warning: ‘template<class> class std::auto_ptr’ is deprecated: use 'std::unique_ptr' instead [-Wdeprecated-declarations]
   22 |   const std::auto_ptr< MultiReaderLockImpl > impl_;
      |              ^~~~~~~~
In file included from /usr/lib/gcc/x86_64-pc-linux-gnu/15/include/g++-v15/memory:80,
                 from /home/vitaly/p/Prime-World/pw/branches/r1117/Src/System/../System/MultiReaderLock.h:3:
/usr/lib/gcc/x86_64-pc-linux-gnu/15/include/g++-v15/bits/unique_ptr.h:58:28: note: declared here
   58 |   template<typename> class auto_ptr;
      |                            ^~~~~~~~
In file included from /home/vitaly/p/Prime-World/pw/branches/r1117/Src/System/systemStdAfx.h:162:
/home/vitaly/p/Prime-World/pw/branches/r1117/Src/System/../System/ncircular_buffer.h:293:15: warning: ‘template<class _Category, class _Tp, class _Distance, class _Pointer, class _Reference> struct std::iterator’ is deprecated [-Wdeprecated-declarations]
  293 | : public std::iterator<std::random_access_iterator_tag,
      |               ^~~~~~~~
In file included from /usr/lib/gcc/x86_64-pc-linux-gnu/15/include/g++-v15/bits/stl_algobase.h:65,
                 from /usr/lib/gcc/x86_64-pc-linux-gnu/15/include/g++-v15/bits/specfun.h:43,
                 from /usr/lib/gcc/x86_64-pc-linux-gnu/15/include/g++-v15/cmath:3913,
                 from /usr/lib/gcc/x86_64-pc-linux-gnu/15/include/g++-v15/math.h:36,
                 from /home/vitaly/p/Prime-World/pw/branches/r1117/Src/System/Win32_linux.h:9,
                 from /home/vitaly/p/Prime-World/pw/branches/r1117/Src/System/config.h:51,
                 from /home/vitaly/p/Prime-World/pw/branches/r1117/Src/System/systemStdAfx.h:4:
/usr/lib/gcc/x86_64-pc-linux-gnu/15/include/g++-v15/bits/stl_iterator_base_types.h:129:34: note: declared here
  129 |     struct _GLIBCXX17_DEPRECATED iterator
      |                                  ^~~~~~~~
[  4%] Building CXX object CMakeFiles/PrimeWorld.dir/Network/ConnectionsContainer.cpp.o
In file included from /home/vitaly/p/Prime-World/pw/branches/r1117/Src/System/../System/Logger.h:7,
                 from /home/vitaly/p/Prime-World/pw/branches/r1117/Src/System/systemStdAfx.h:77,
                 from /home/vitaly/p/Prime-World/pw/branches/r1117/Src/Network/stdafx.h:4,
                 from /home/vitaly/p/Prime-World/pw/branches/r1117/Src/Network/ConnectionsContainer.cpp:1:
/home/vitaly/p/Prime-World/pw/branches/r1117/Src/System/../System/MultiReaderLock.h:22:14: warning: ‘template<class> class std::auto_ptr’ is deprecated: use 'std::unique_ptr' instead [-Wdeprecated-declarations]
   22 |   const std::auto_ptr< MultiReaderLockImpl > impl_;
      |              ^~~~~~~~
In file included from /usr/lib/gcc/x86_64-pc-linux-gnu/15/include/g++-v15/memory:80,
                 from /home/vitaly/p/Prime-World/pw/branches/r1117/Src/System/../System/MultiReaderLock.h:3:
/usr/lib/gcc/x86_64-pc-linux-gnu/15/include/g++-v15/bits/unique_ptr.h:58:28: note: declared here
   58 |   template<typename> class auto_ptr;
      |                            ^~~~~~~~
In file included from /home/vitaly/p/Prime-World/pw/branches/r1117/Src/System/systemStdAfx.h:162:
/home/vitaly/p/Prime-World/pw/branches/r1117/Src/System/../System/ncircular_buffer.h:293:15: warning: ‘template<class _Category, class _Tp, class _Distance, class _Pointer, class _Reference> struct std::iterator’ is deprecated [-Wdeprecated-declarations]
  293 | : public std::iterator<std::random_access_iterator_tag,
      |               ^~~~~~~~
In file included from /usr/lib/gcc/x86_64-pc-linux-gnu/15/include/g++-v15/bits/stl_algobase.h:65,
                 from /usr/lib/gcc/x86_64-pc-linux-gnu/15/include/g++-v15/bits/specfun.h:43,
                 from /usr/lib/gcc/x86_64-pc-linux-gnu/15/include/g++-v15/cmath:3913,
                 from /usr/lib/gcc/x86_64-pc-linux-gnu/15/include/g++-v15/math.h:36,
                 from /home/vitaly/p/Prime-World/pw/branches/r1117/Src/System/Win32_linux.h:9,
                 from /home/vitaly/p/Prime-World/pw/branches/r1117/Src/System/config.h:51,
                 from /home/vitaly/p/Prime-World/pw/branches/r1117/Src/System/systemStdAfx.h:4:
/usr/lib/gcc/x86_64-pc-linux-gnu/15/include/g++-v15/bits/stl_iterator_base_types.h:129:34: note: declared here
  129 |     struct _GLIBCXX17_DEPRECATED iterator
      |                                  ^~~~~~~~
[  4%] Building CXX object CMakeFiles/PrimeWorld.dir/Network/Driver.cpp.o
In file included from /home/vitaly/p/Prime-World/pw/branches/r1117/Src/System/../System/Logger.h:7,
                 from /home/vitaly/p/Prime-World/pw/branches/r1117/Src/System/systemStdAfx.h:77,
                 from /home/vitaly/p/Prime-World/pw/branches/r1117/Src/Network/stdafx.h:4,
                 from /home/vitaly/p/Prime-World/pw/branches/r1117/Src/Network/Driver.cpp:1:
/home/vitaly/p/Prime-World/pw/branches/r1117/Src/System/../System/MultiReaderLock.h:22:14: warning: ‘template<class> class std::auto_ptr’ is deprecated: use 'std::unique_ptr' instead [-Wdeprecated-declarations]
   22 |   const std::auto_ptr< MultiReaderLockImpl > impl_;
      |              ^~~~~~~~
In file included from /usr/lib/gcc/x86_64-pc-linux-gnu/15/include/g++-v15/memory:80,
                 from /home/vitaly/p/Prime-World/pw/branches/r1117/Src/System/../System/MultiReaderLock.h:3:
/usr/lib/gcc/x86_64-pc-linux-gnu/15/include/g++-v15/bits/unique_ptr.h:58:28: note: declared here
   58 |   template<typename> class auto_ptr;
      |                            ^~~~~~~~
In file included from /home/vitaly/p/Prime-World/pw/branches/r1117/Src/System/systemStdAfx.h:162:
/home/vitaly/p/Prime-World/pw/branches/r1117/Src/System/../System/ncircular_buffer.h:293:15: warning: ‘template<class _Category, class _Tp, class _Distance, class _Pointer, class _Reference> struct std::iterator’ is deprecated [-Wdeprecated-declarations]
  293 | : public std::iterator<std::random_access_iterator_tag,
      |               ^~~~~~~~
In file included from /usr/lib/gcc/x86_64-pc-linux-gnu/15/include/g++-v15/bits/stl_algobase.h:65,
                 from /usr/lib/gcc/x86_64-pc-linux-gnu/15/include/g++-v15/bits/specfun.h:43,
                 from /usr/lib/gcc/x86_64-pc-linux-gnu/15/include/g++-v15/cmath:3913,
                 from /usr/lib/gcc/x86_64-pc-linux-gnu/15/include/g++-v15/math.h:36,
                 from /home/vitaly/p/Prime-World/pw/branches/r1117/Src/System/Win32_linux.h:9,
                 from /home/vitaly/p/Prime-World/pw/branches/r1117/Src/System/config.h:51,
                 from /home/vitaly/p/Prime-World/pw/branches/r1117/Src/System/systemStdAfx.h:4:
/usr/lib/gcc/x86_64-pc-linux-gnu/15/include/g++-v15/bits/stl_iterator_base_types.h:129:34: note: declared here
  129 |     struct _GLIBCXX17_DEPRECATED iterator
      |                                  ^~~~~~~~
[  4%] Building CXX object CMakeFiles/PrimeWorld.dir/Network/DriverSettings.cpp.o
In file included from /home/vitaly/p/Prime-World/pw/branches/r1117/Src/System/../System/Logger.h:7,
                 from /home/vitaly/p/Prime-World/pw/branches/r1117/Src/System/systemStdAfx.h:77,
                 from /home/vitaly/p/Prime-World/pw/branches/r1117/Src/Network/stdafx.h:4,
                 from /home/vitaly/p/Prime-World/pw/branches/r1117/Src/Network/DriverSettings.cpp:1:
/home/vitaly/p/Prime-World/pw/branches/r1117/Src/System/../System/MultiReaderLock.h:22:14: warning: ‘template<class> class std::auto_ptr’ is deprecated: use 'std::unique_ptr' instead [-Wdeprecated-declarations]
   22 |   const std::auto_ptr< MultiReaderLockImpl > impl_;
      |              ^~~~~~~~
In file included from /usr/lib/gcc/x86_64-pc-linux-gnu/15/include/g++-v15/memory:80,
                 from /home/vitaly/p/Prime-World/pw/branches/r1117/Src/System/../System/MultiReaderLock.h:3:
/usr/lib/gcc/x86_64-pc-linux-gnu/15/include/g++-v15/bits/unique_ptr.h:58:28: note: declared here
   58 |   template<typename> class auto_ptr;
      |                            ^~~~~~~~
In file included from /home/vitaly/p/Prime-World/pw/branches/r1117/Src/System/systemStdAfx.h:162:
/home/vitaly/p/Prime-World/pw/branches/r1117/Src/System/../System/ncircular_buffer.h:293:15: warning: ‘template<class _Category, class _Tp, class _Distance, class _Pointer, class _Reference> struct std::iterator’ is deprecated [-Wdeprecated-declarations]
  293 | : public std::iterator<std::random_access_iterator_tag,
      |               ^~~~~~~~
In file included from /usr/lib/gcc/x86_64-pc-linux-gnu/15/include/g++-v15/bits/stl_algobase.h:65,
                 from /usr/lib/gcc/x86_64-pc-linux-gnu/15/include/g++-v15/bits/specfun.h:43,
                 from /usr/lib/gcc/x86_64-pc-linux-gnu/15/include/g++-v15/cmath:3913,
                 from /usr/lib/gcc/x86_64-pc-linux-gnu/15/include/g++-v15/math.h:36,
                 from /home/vitaly/p/Prime-World/pw/branches/r1117/Src/System/Win32_linux.h:9,
                 from /home/vitaly/p/Prime-World/pw/branches/r1117/Src/System/config.h:51,
                 from /home/vitaly/p/Prime-World/pw/branches/r1117/Src/System/systemStdAfx.h:4:
/usr/lib/gcc/x86_64-pc-linux-gnu/15/include/g++-v15/bits/stl_iterator_base_types.h:129:34: note: declared here
  129 |     struct _GLIBCXX17_DEPRECATED iterator
      |                                  ^~~~~~~~
[  4%] Building CXX object CMakeFiles/PrimeWorld.dir/Network/Errors.cpp.o
In file included from /home/vitaly/p/Prime-World/pw/branches/r1117/Src/System/../System/Logger.h:7,
                 from /home/vitaly/p/Prime-World/pw/branches/r1117/Src/System/systemStdAfx.h:77,
                 from /home/vitaly/p/Prime-World/pw/branches/r1117/Src/Network/stdafx.h:4,
                 from /home/vitaly/p/Prime-World/pw/branches/r1117/Src/Network/Errors.cpp:1:
/home/vitaly/p/Prime-World/pw/branches/r1117/Src/System/../System/MultiReaderLock.h:22:14: warning: ‘template<class> class std::auto_ptr’ is deprecated: use 'std::unique_ptr' instead [-Wdeprecated-declarations]
   22 |   const std::auto_ptr< MultiReaderLockImpl > impl_;
      |              ^~~~~~~~
In file included from /usr/lib/gcc/x86_64-pc-linux-gnu/15/include/g++-v15/memory:80,
                 from /home/vitaly/p/Prime-World/pw/branches/r1117/Src/System/../System/MultiReaderLock.h:3:
/usr/lib/gcc/x86_64-pc-linux-gnu/15/include/g++-v15/bits/unique_ptr.h:58:28: note: declared here
   58 |   template<typename> class auto_ptr;
      |                            ^~~~~~~~
In file included from /home/vitaly/p/Prime-World/pw/branches/r1117/Src/System/systemStdAfx.h:162:
/home/vitaly/p/Prime-World/pw/branches/r1117/Src/System/../System/ncircular_buffer.h:293:15: warning: ‘template<class _Category, class _Tp, class _Distance, class _Pointer, class _Reference> struct std::iterator’ is deprecated [-Wdeprecated-declarations]
  293 | : public std::iterator<std::random_access_iterator_tag,
      |               ^~~~~~~~
In file included from /usr/lib/gcc/x86_64-pc-linux-gnu/15/include/g++-v15/bits/stl_algobase.h:65,
                 from /usr/lib/gcc/x86_64-pc-linux-gnu/15/include/g++-v15/bits/specfun.h:43,
                 from /usr/lib/gcc/x86_64-pc-linux-gnu/15/include/g++-v15/cmath:3913,
                 from /usr/lib/gcc/x86_64-pc-linux-gnu/15/include/g++-v15/math.h:36,
                 from /home/vitaly/p/Prime-World/pw/branches/r1117/Src/System/Win32_linux.h:9,
                 from /home/vitaly/p/Prime-World/pw/branches/r1117/Src/System/config.h:51,
                 from /home/vitaly/p/Prime-World/pw/branches/r1117/Src/System/systemStdAfx.h:4:
/usr/lib/gcc/x86_64-pc-linux-gnu/15/include/g++-v15/bits/stl_iterator_base_types.h:129:34: note: declared here
  129 |     struct _GLIBCXX17_DEPRECATED iterator
      |                                  ^~~~~~~~
[  4%] Building CXX object CMakeFiles/PrimeWorld.dir/Network/FreePortsFinder.cpp.o
In file included from /home/vitaly/p/Prime-World/pw/branches/r1117/Src/System/../System/Logger.h:7,
                 from /home/vitaly/p/Prime-World/pw/branches/r1117/Src/System/systemStdAfx.h:77,
                 from /home/vitaly/p/Prime-World/pw/branches/r1117/Src/Network/stdafx.h:4,
                 from /home/vitaly/p/Prime-World/pw/branches/r1117/Src/Network/FreePortsFinder.cpp:1:
/home/vitaly/p/Prime-World/pw/branches/r1117/Src/System/../System/MultiReaderLock.h:22:14: warning: ‘template<class> class std::auto_ptr’ is deprecated: use 'std::unique_ptr' instead [-Wdeprecated-declarations]
   22 |   const std::auto_ptr< MultiReaderLockImpl > impl_;
      |              ^~~~~~~~
In file included from /usr/lib/gcc/x86_64-pc-linux-gnu/15/include/g++-v15/memory:80,
                 from /home/vitaly/p/Prime-World/pw/branches/r1117/Src/System/../System/MultiReaderLock.h:3:
/usr/lib/gcc/x86_64-pc-linux-gnu/15/include/g++-v15/bits/unique_ptr.h:58:28: note: declared here
   58 |   template<typename> class auto_ptr;
      |                            ^~~~~~~~
In file included from /home/vitaly/p/Prime-World/pw/branches/r1117/Src/System/systemStdAfx.h:162:
/home/vitaly/p/Prime-World/pw/branches/r1117/Src/System/../System/ncircular_buffer.h:293:15: warning: ‘template<class _Category, class _Tp, class _Distance, class _Pointer, class _Reference> struct std::iterator’ is deprecated [-Wdeprecated-declarations]
  293 | : public std::iterator<std::random_access_iterator_tag,
      |               ^~~~~~~~
In file included from /usr/lib/gcc/x86_64-pc-linux-gnu/15/include/g++-v15/bits/stl_algobase.h:65,
                 from /usr/lib/gcc/x86_64-pc-linux-gnu/15/include/g++-v15/bits/specfun.h:43,
                 from /usr/lib/gcc/x86_64-pc-linux-gnu/15/include/g++-v15/cmath:3913,
                 from /usr/lib/gcc/x86_64-pc-linux-gnu/15/include/g++-v15/math.h:36,
                 from /home/vitaly/p/Prime-World/pw/branches/r1117/Src/System/Win32_linux.h:9,
                 from /home/vitaly/p/Prime-World/pw/branches/r1117/Src/System/config.h:51,
                 from /home/vitaly/p/Prime-World/pw/branches/r1117/Src/System/systemStdAfx.h:4:
/usr/lib/gcc/x86_64-pc-linux-gnu/15/include/g++-v15/bits/stl_iterator_base_types.h:129:34: note: declared here
  129 |     struct _GLIBCXX17_DEPRECATED iterator
      |                                  ^~~~~~~~
[  4%] Building CXX object CMakeFiles/PrimeWorld.dir/Network/Initializer.cpp.o
In file included from /home/vitaly/p/Prime-World/pw/branches/r1117/Src/System/../System/Logger.h:7,
                 from /home/vitaly/p/Prime-World/pw/branches/r1117/Src/System/systemStdAfx.h:77,
                 from /home/vitaly/p/Prime-World/pw/branches/r1117/Src/Network/stdafx.h:4,
                 from /home/vitaly/p/Prime-World/pw/branches/r1117/Src/Network/Initializer.cpp:1:
/home/vitaly/p/Prime-World/pw/branches/r1117/Src/System/../System/MultiReaderLock.h:22:14: warning: ‘template<class> class std::auto_ptr’ is deprecated: use 'std::unique_ptr' instead [-Wdeprecated-declarations]
   22 |   const std::auto_ptr< MultiReaderLockImpl > impl_;
      |              ^~~~~~~~
In file included from /usr/lib/gcc/x86_64-pc-linux-gnu/15/include/g++-v15/memory:80,
                 from /home/vitaly/p/Prime-World/pw/branches/r1117/Src/System/../System/MultiReaderLock.h:3:
/usr/lib/gcc/x86_64-pc-linux-gnu/15/include/g++-v15/bits/unique_ptr.h:58:28: note: declared here
   58 |   template<typename> class auto_ptr;
      |                            ^~~~~~~~
In file included from /home/vitaly/p/Prime-World/pw/branches/r1117/Src/System/systemStdAfx.h:162:
/home/vitaly/p/Prime-World/pw/branches/r1117/Src/System/../System/ncircular_buffer.h:293:15: warning: ‘template<class _Category, class _Tp, class _Distance, class _Pointer, class _Reference> struct std::iterator’ is deprecated [-Wdeprecated-declarations]
  293 | : public std::iterator<std::random_access_iterator_tag,
      |               ^~~~~~~~
In file included from /usr/lib/gcc/x86_64-pc-linux-gnu/15/include/g++-v15/bits/stl_algobase.h:65,
                 from /usr/lib/gcc/x86_64-pc-linux-gnu/15/include/g++-v15/bits/specfun.h:43,
                 from /usr/lib/gcc/x86_64-pc-linux-gnu/15/include/g++-v15/cmath:3913,
                 from /usr/lib/gcc/x86_64-pc-linux-gnu/15/include/g++-v15/math.h:36,
                 from /home/vitaly/p/Prime-World/pw/branches/r1117/Src/System/Win32_linux.h:9,
                 from /home/vitaly/p/Prime-World/pw/branches/r1117/Src/System/config.h:51,
                 from /home/vitaly/p/Prime-World/pw/branches/r1117/Src/System/systemStdAfx.h:4:
/usr/lib/gcc/x86_64-pc-linux-gnu/15/include/g++-v15/bits/stl_iterator_base_types.h:129:34: note: declared here
  129 |     struct _GLIBCXX17_DEPRECATED iterator
      |                                  ^~~~~~~~
[  4%] Building CXX object CMakeFiles/PrimeWorld.dir/Network/LSessionKeyRegisterIface.auto.cpp.o
In file included from /home/vitaly/p/Prime-World/pw/branches/r1117/Src/System/../System/Logger.h:7,
                 from /home/vitaly/p/Prime-World/pw/branches/r1117/Src/System/systemStdAfx.h:77,
                 from /home/vitaly/p/Prime-World/pw/branches/r1117/Src/Network/stdafx.h:4,
                 from /home/vitaly/p/Prime-World/pw/branches/r1117/Src/Network/LSessionKeyRegisterIface.auto.cpp:1:
/home/vitaly/p/Prime-World/pw/branches/r1117/Src/System/../System/MultiReaderLock.h:22:14: warning: ‘template<class> class std::auto_ptr’ is deprecated: use 'std::unique_ptr' instead [-Wdeprecated-declarations]
   22 |   const std::auto_ptr< MultiReaderLockImpl > impl_;
      |              ^~~~~~~~
In file included from /usr/lib/gcc/x86_64-pc-linux-gnu/15/include/g++-v15/memory:80,
                 from /home/vitaly/p/Prime-World/pw/branches/r1117/Src/System/../System/MultiReaderLock.h:3:
/usr/lib/gcc/x86_64-pc-linux-gnu/15/include/g++-v15/bits/unique_ptr.h:58:28: note: declared here
   58 |   template<typename> class auto_ptr;
      |                            ^~~~~~~~
In file included from /home/vitaly/p/Prime-World/pw/branches/r1117/Src/System/systemStdAfx.h:162:
/home/vitaly/p/Prime-World/pw/branches/r1117/Src/System/../System/ncircular_buffer.h:293:15: warning: ‘template<class _Category, class _Tp, class _Distance, class _Pointer, class _Reference> struct std::iterator’ is deprecated [-Wdeprecated-declarations]
  293 | : public std::iterator<std::random_access_iterator_tag,
      |               ^~~~~~~~
In file included from /usr/lib/gcc/x86_64-pc-linux-gnu/15/include/g++-v15/bits/stl_algobase.h:65,
                 from /usr/lib/gcc/x86_64-pc-linux-gnu/15/include/g++-v15/bits/specfun.h:43,
                 from /usr/lib/gcc/x86_64-pc-linux-gnu/15/include/g++-v15/cmath:3913,
                 from /usr/lib/gcc/x86_64-pc-linux-gnu/15/include/g++-v15/math.h:36,
                 from /home/vitaly/p/Prime-World/pw/branches/r1117/Src/System/Win32_linux.h:9,
                 from /home/vitaly/p/Prime-World/pw/branches/r1117/Src/System/config.h:51,
                 from /home/vitaly/p/Prime-World/pw/branches/r1117/Src/System/systemStdAfx.h:4:
/usr/lib/gcc/x86_64-pc-linux-gnu/15/include/g++-v15/bits/stl_iterator_base_types.h:129:34: note: declared here
  129 |     struct _GLIBCXX17_DEPRECATED iterator
      |                                  ^~~~~~~~
[  4%] Building CXX object CMakeFiles/PrimeWorld.dir/Network/LocalNetDriver.cpp.o
In file included from /home/vitaly/p/Prime-World/pw/branches/r1117/Src/System/../System/Logger.h:7,
                 from /home/vitaly/p/Prime-World/pw/branches/r1117/Src/System/systemStdAfx.h:77,
                 from /home/vitaly/p/Prime-World/pw/branches/r1117/Src/Network/stdafx.h:4,
                 from /home/vitaly/p/Prime-World/pw/branches/r1117/Src/Network/LocalNetDriver.cpp:1:
/home/vitaly/p/Prime-World/pw/branches/r1117/Src/System/../System/MultiReaderLock.h:22:14: warning: ‘template<class> class std::auto_ptr’ is deprecated: use 'std::unique_ptr' instead [-Wdeprecated-declarations]
   22 |   const std::auto_ptr< MultiReaderLockImpl > impl_;
      |              ^~~~~~~~
In file included from /usr/lib/gcc/x86_64-pc-linux-gnu/15/include/g++-v15/memory:80,
                 from /home/vitaly/p/Prime-World/pw/branches/r1117/Src/System/../System/MultiReaderLock.h:3:
/usr/lib/gcc/x86_64-pc-linux-gnu/15/include/g++-v15/bits/unique_ptr.h:58:28: note: declared here
   58 |   template<typename> class auto_ptr;
      |                            ^~~~~~~~
In file included from /home/vitaly/p/Prime-World/pw/branches/r1117/Src/System/systemStdAfx.h:162:
/home/vitaly/p/Prime-World/pw/branches/r1117/Src/System/../System/ncircular_buffer.h:293:15: warning: ‘template<class _Category, class _Tp, class _Distance, class _Pointer, class _Reference> struct std::iterator’ is deprecated [-Wdeprecated-declarations]
  293 | : public std::iterator<std::random_access_iterator_tag,
      |               ^~~~~~~~
In file included from /usr/lib/gcc/x86_64-pc-linux-gnu/15/include/g++-v15/bits/stl_algobase.h:65,
                 from /usr/lib/gcc/x86_64-pc-linux-gnu/15/include/g++-v15/bits/specfun.h:43,
                 from /usr/lib/gcc/x86_64-pc-linux-gnu/15/include/g++-v15/cmath:3913,
                 from /usr/lib/gcc/x86_64-pc-linux-gnu/15/include/g++-v15/math.h:36,
                 from /home/vitaly/p/Prime-World/pw/branches/r1117/Src/System/Win32_linux.h:9,
                 from /home/vitaly/p/Prime-World/pw/branches/r1117/Src/System/config.h:51,
                 from /home/vitaly/p/Prime-World/pw/branches/r1117/Src/System/systemStdAfx.h:4:
/usr/lib/gcc/x86_64-pc-linux-gnu/15/include/g++-v15/bits/stl_iterator_base_types.h:129:34: note: declared here
  129 |     struct _GLIBCXX17_DEPRECATED iterator
      |                                  ^~~~~~~~
[  4%] Building CXX object CMakeFiles/PrimeWorld.dir/Network/LoginClient.cpp.o
In file included from /home/vitaly/p/Prime-World/pw/branches/r1117/Src/System/../System/Logger.h:7,
                 from /home/vitaly/p/Prime-World/pw/branches/r1117/Src/System/systemStdAfx.h:77,
                 from /home/vitaly/p/Prime-World/pw/branches/r1117/Src/Network/stdafx.h:4,
                 from /home/vitaly/p/Prime-World/pw/branches/r1117/Src/Network/LoginClient.cpp:1:
/home/vitaly/p/Prime-World/pw/branches/r1117/Src/System/../System/MultiReaderLock.h:22:14: warning: ‘template<class> class std::auto_ptr’ is deprecated: use 'std::unique_ptr' instead [-Wdeprecated-declarations]
   22 |   const std::auto_ptr< MultiReaderLockImpl > impl_;
      |              ^~~~~~~~
In file included from /usr/lib/gcc/x86_64-pc-linux-gnu/15/include/g++-v15/memory:80,
                 from /home/vitaly/p/Prime-World/pw/branches/r1117/Src/System/../System/MultiReaderLock.h:3:
/usr/lib/gcc/x86_64-pc-linux-gnu/15/include/g++-v15/bits/unique_ptr.h:58:28: note: declared here
   58 |   template<typename> class auto_ptr;
      |                            ^~~~~~~~
In file included from /home/vitaly/p/Prime-World/pw/branches/r1117/Src/System/systemStdAfx.h:162:
/home/vitaly/p/Prime-World/pw/branches/r1117/Src/System/../System/ncircular_buffer.h:293:15: warning: ‘template<class _Category, class _Tp, class _Distance, class _Pointer, class _Reference> struct std::iterator’ is deprecated [-Wdeprecated-declarations]
  293 | : public std::iterator<std::random_access_iterator_tag,
      |               ^~~~~~~~
In file included from /usr/lib/gcc/x86_64-pc-linux-gnu/15/include/g++-v15/bits/stl_algobase.h:65,
                 from /usr/lib/gcc/x86_64-pc-linux-gnu/15/include/g++-v15/bits/specfun.h:43,
                 from /usr/lib/gcc/x86_64-pc-linux-gnu/15/include/g++-v15/cmath:3913,
                 from /usr/lib/gcc/x86_64-pc-linux-gnu/15/include/g++-v15/math.h:36,
                 from /home/vitaly/p/Prime-World/pw/branches/r1117/Src/System/Win32_linux.h:9,
                 from /home/vitaly/p/Prime-World/pw/branches/r1117/Src/System/config.h:51,
                 from /home/vitaly/p/Prime-World/pw/branches/r1117/Src/System/systemStdAfx.h:4:
/usr/lib/gcc/x86_64-pc-linux-gnu/15/include/g++-v15/bits/stl_iterator_base_types.h:129:34: note: declared here
  129 |     struct _GLIBCXX17_DEPRECATED iterator
      |                                  ^~~~~~~~
[  5%] Building CXX object CMakeFiles/PrimeWorld.dir/Network/LoginContext.cpp.o
In file included from /home/vitaly/p/Prime-World/pw/branches/r1117/Src/System/../System/Logger.h:7,
                 from /home/vitaly/p/Prime-World/pw/branches/r1117/Src/System/systemStdAfx.h:77,
                 from /home/vitaly/p/Prime-World/pw/branches/r1117/Src/Network/stdafx.h:4,
                 from /home/vitaly/p/Prime-World/pw/branches/r1117/Src/Network/LoginContext.cpp:1:
/home/vitaly/p/Prime-World/pw/branches/r1117/Src/System/../System/MultiReaderLock.h:22:14: warning: ‘template<class> class std::auto_ptr’ is deprecated: use 'std::unique_ptr' instead [-Wdeprecated-declarations]
   22 |   const std::auto_ptr< MultiReaderLockImpl > impl_;
      |              ^~~~~~~~
In file included from /usr/lib/gcc/x86_64-pc-linux-gnu/15/include/g++-v15/memory:80,
                 from /home/vitaly/p/Prime-World/pw/branches/r1117/Src/System/../System/MultiReaderLock.h:3:
/usr/lib/gcc/x86_64-pc-linux-gnu/15/include/g++-v15/bits/unique_ptr.h:58:28: note: declared here
   58 |   template<typename> class auto_ptr;
      |                            ^~~~~~~~
In file included from /home/vitaly/p/Prime-World/pw/branches/r1117/Src/System/systemStdAfx.h:162:
/home/vitaly/p/Prime-World/pw/branches/r1117/Src/System/../System/ncircular_buffer.h:293:15: warning: ‘template<class _Category, class _Tp, class _Distance, class _Pointer, class _Reference> struct std::iterator’ is deprecated [-Wdeprecated-declarations]
  293 | : public std::iterator<std::random_access_iterator_tag,
      |               ^~~~~~~~
In file included from /usr/lib/gcc/x86_64-pc-linux-gnu/15/include/g++-v15/bits/stl_algobase.h:65,
                 from /usr/lib/gcc/x86_64-pc-linux-gnu/15/include/g++-v15/bits/specfun.h:43,
                 from /usr/lib/gcc/x86_64-pc-linux-gnu/15/include/g++-v15/cmath:3913,
                 from /usr/lib/gcc/x86_64-pc-linux-gnu/15/include/g++-v15/math.h:36,
                 from /home/vitaly/p/Prime-World/pw/branches/r1117/Src/System/Win32_linux.h:9,
                 from /home/vitaly/p/Prime-World/pw/branches/r1117/Src/System/config.h:51,
                 from /home/vitaly/p/Prime-World/pw/branches/r1117/Src/System/systemStdAfx.h:4:
/usr/lib/gcc/x86_64-pc-linux-gnu/15/include/g++-v15/bits/stl_iterator_base_types.h:129:34: note: declared here
  129 |     struct _GLIBCXX17_DEPRECATED iterator
      |                                  ^~~~~~~~
[  5%] Building CXX object CMakeFiles/PrimeWorld.dir/Network/LoginData.cpp.o
In file included from /home/vitaly/p/Prime-World/pw/branches/r1117/Src/System/../System/Logger.h:7,
                 from /home/vitaly/p/Prime-World/pw/branches/r1117/Src/System/systemStdAfx.h:77,
                 from /home/vitaly/p/Prime-World/pw/branches/r1117/Src/Network/stdafx.h:4,
                 from /home/vitaly/p/Prime-World/pw/branches/r1117/Src/Network/LoginData.cpp:1:
/home/vitaly/p/Prime-World/pw/branches/r1117/Src/System/../System/MultiReaderLock.h:22:14: warning: ‘template<class> class std::auto_ptr’ is deprecated: use 'std::unique_ptr' instead [-Wdeprecated-declarations]
   22 |   const std::auto_ptr< MultiReaderLockImpl > impl_;
      |              ^~~~~~~~
In file included from /usr/lib/gcc/x86_64-pc-linux-gnu/15/include/g++-v15/memory:80,
                 from /home/vitaly/p/Prime-World/pw/branches/r1117/Src/System/../System/MultiReaderLock.h:3:
/usr/lib/gcc/x86_64-pc-linux-gnu/15/include/g++-v15/bits/unique_ptr.h:58:28: note: declared here
   58 |   template<typename> class auto_ptr;
      |                            ^~~~~~~~
In file included from /home/vitaly/p/Prime-World/pw/branches/r1117/Src/System/systemStdAfx.h:162:
/home/vitaly/p/Prime-World/pw/branches/r1117/Src/System/../System/ncircular_buffer.h:293:15: warning: ‘template<class _Category, class _Tp, class _Distance, class _Pointer, class _Reference> struct std::iterator’ is deprecated [-Wdeprecated-declarations]
  293 | : public std::iterator<std::random_access_iterator_tag,
      |               ^~~~~~~~
In file included from /usr/lib/gcc/x86_64-pc-linux-gnu/15/include/g++-v15/bits/stl_algobase.h:65,
                 from /usr/lib/gcc/x86_64-pc-linux-gnu/15/include/g++-v15/bits/specfun.h:43,
                 from /usr/lib/gcc/x86_64-pc-linux-gnu/15/include/g++-v15/cmath:3913,
                 from /usr/lib/gcc/x86_64-pc-linux-gnu/15/include/g++-v15/math.h:36,
                 from /home/vitaly/p/Prime-World/pw/branches/r1117/Src/System/Win32_linux.h:9,
                 from /home/vitaly/p/Prime-World/pw/branches/r1117/Src/System/config.h:51,
                 from /home/vitaly/p/Prime-World/pw/branches/r1117/Src/System/systemStdAfx.h:4:
/usr/lib/gcc/x86_64-pc-linux-gnu/15/include/g++-v15/bits/stl_iterator_base_types.h:129:34: note: declared here
  129 |     struct _GLIBCXX17_DEPRECATED iterator
      |                                  ^~~~~~~~
[  5%] Building CXX object CMakeFiles/PrimeWorld.dir/Network/LoginServerBase.cpp.o
In file included from /home/vitaly/p/Prime-World/pw/branches/r1117/Src/System/../System/Logger.h:7,
                 from /home/vitaly/p/Prime-World/pw/branches/r1117/Src/System/systemStdAfx.h:77,
                 from /home/vitaly/p/Prime-World/pw/branches/r1117/Src/Network/stdafx.h:4,
                 from /home/vitaly/p/Prime-World/pw/branches/r1117/Src/Network/LoginServerBase.cpp:1:
/home/vitaly/p/Prime-World/pw/branches/r1117/Src/System/../System/MultiReaderLock.h:22:14: warning: ‘template<class> class std::auto_ptr’ is deprecated: use 'std::unique_ptr' instead [-Wdeprecated-declarations]
   22 |   const std::auto_ptr< MultiReaderLockImpl > impl_;
      |              ^~~~~~~~
In file included from /usr/lib/gcc/x86_64-pc-linux-gnu/15/include/g++-v15/memory:80,
                 from /home/vitaly/p/Prime-World/pw/branches/r1117/Src/System/../System/MultiReaderLock.h:3:
/usr/lib/gcc/x86_64-pc-linux-gnu/15/include/g++-v15/bits/unique_ptr.h:58:28: note: declared here
   58 |   template<typename> class auto_ptr;
      |                            ^~~~~~~~
In file included from /home/vitaly/p/Prime-World/pw/branches/r1117/Src/System/systemStdAfx.h:162:
/home/vitaly/p/Prime-World/pw/branches/r1117/Src/System/../System/ncircular_buffer.h:293:15: warning: ‘template<class _Category, class _Tp, class _Distance, class _Pointer, class _Reference> struct std::iterator’ is deprecated [-Wdeprecated-declarations]
  293 | : public std::iterator<std::random_access_iterator_tag,
      |               ^~~~~~~~
In file included from /usr/lib/gcc/x86_64-pc-linux-gnu/15/include/g++-v15/bits/stl_algobase.h:65,
                 from /usr/lib/gcc/x86_64-pc-linux-gnu/15/include/g++-v15/bits/specfun.h:43,
                 from /usr/lib/gcc/x86_64-pc-linux-gnu/15/include/g++-v15/cmath:3913,
                 from /usr/lib/gcc/x86_64-pc-linux-gnu/15/include/g++-v15/math.h:36,
                 from /home/vitaly/p/Prime-World/pw/branches/r1117/Src/System/Win32_linux.h:9,
                 from /home/vitaly/p/Prime-World/pw/branches/r1117/Src/System/config.h:51,
                 from /home/vitaly/p/Prime-World/pw/branches/r1117/Src/System/systemStdAfx.h:4:
/usr/lib/gcc/x86_64-pc-linux-gnu/15/include/g++-v15/bits/stl_iterator_base_types.h:129:34: note: declared here
  129 |     struct _GLIBCXX17_DEPRECATED iterator
      |                                  ^~~~~~~~
[  5%] Building CXX object CMakeFiles/PrimeWorld.dir/Network/LoginTypes.cpp.o
In file included from /home/vitaly/p/Prime-World/pw/branches/r1117/Src/System/../System/Logger.h:7,
                 from /home/vitaly/p/Prime-World/pw/branches/r1117/Src/System/systemStdAfx.h:77,
                 from /home/vitaly/p/Prime-World/pw/branches/r1117/Src/Network/stdafx.h:4,
                 from /home/vitaly/p/Prime-World/pw/branches/r1117/Src/Network/LoginTypes.cpp:1:
/home/vitaly/p/Prime-World/pw/branches/r1117/Src/System/../System/MultiReaderLock.h:22:14: warning: ‘template<class> class std::auto_ptr’ is deprecated: use 'std::unique_ptr' instead [-Wdeprecated-declarations]
   22 |   const std::auto_ptr< MultiReaderLockImpl > impl_;
      |              ^~~~~~~~
In file included from /usr/lib/gcc/x86_64-pc-linux-gnu/15/include/g++-v15/memory:80,
                 from /home/vitaly/p/Prime-World/pw/branches/r1117/Src/System/../System/MultiReaderLock.h:3:
/usr/lib/gcc/x86_64-pc-linux-gnu/15/include/g++-v15/bits/unique_ptr.h:58:28: note: declared here
   58 |   template<typename> class auto_ptr;
      |                            ^~~~~~~~
In file included from /home/vitaly/p/Prime-World/pw/branches/r1117/Src/System/systemStdAfx.h:162:
/home/vitaly/p/Prime-World/pw/branches/r1117/Src/System/../System/ncircular_buffer.h:293:15: warning: ‘template<class _Category, class _Tp, class _Distance, class _Pointer, class _Reference> struct std::iterator’ is deprecated [-Wdeprecated-declarations]
  293 | : public std::iterator<std::random_access_iterator_tag,
      |               ^~~~~~~~
In file included from /usr/lib/gcc/x86_64-pc-linux-gnu/15/include/g++-v15/bits/stl_algobase.h:65,
                 from /usr/lib/gcc/x86_64-pc-linux-gnu/15/include/g++-v15/bits/specfun.h:43,
                 from /usr/lib/gcc/x86_64-pc-linux-gnu/15/include/g++-v15/cmath:3913,
                 from /usr/lib/gcc/x86_64-pc-linux-gnu/15/include/g++-v15/math.h:36,
                 from /home/vitaly/p/Prime-World/pw/branches/r1117/Src/System/Win32_linux.h:9,
                 from /home/vitaly/p/Prime-World/pw/branches/r1117/Src/System/config.h:51,
                 from /home/vitaly/p/Prime-World/pw/branches/r1117/Src/System/systemStdAfx.h:4:
/usr/lib/gcc/x86_64-pc-linux-gnu/15/include/g++-v15/bits/stl_iterator_base_types.h:129:34: note: declared here
  129 |     struct _GLIBCXX17_DEPRECATED iterator
      |                                  ^~~~~~~~
[  5%] Building CXX object CMakeFiles/PrimeWorld.dir/Network/Message.cpp.o
In file included from /home/vitaly/p/Prime-World/pw/branches/r1117/Src/System/../System/Logger.h:7,
                 from /home/vitaly/p/Prime-World/pw/branches/r1117/Src/System/systemStdAfx.h:77,
                 from /home/vitaly/p/Prime-World/pw/branches/r1117/Src/Network/stdafx.h:4,
                 from /home/vitaly/p/Prime-World/pw/branches/r1117/Src/Network/Message.cpp:1:
/home/vitaly/p/Prime-World/pw/branches/r1117/Src/System/../System/MultiReaderLock.h:22:14: warning: ‘template<class> class std::auto_ptr’ is deprecated: use 'std::unique_ptr' instead [-Wdeprecated-declarations]
   22 |   const std::auto_ptr< MultiReaderLockImpl > impl_;
      |              ^~~~~~~~
In file included from /usr/lib/gcc/x86_64-pc-linux-gnu/15/include/g++-v15/memory:80,
                 from /home/vitaly/p/Prime-World/pw/branches/r1117/Src/System/../System/MultiReaderLock.h:3:
/usr/lib/gcc/x86_64-pc-linux-gnu/15/include/g++-v15/bits/unique_ptr.h:58:28: note: declared here
   58 |   template<typename> class auto_ptr;
      |                            ^~~~~~~~
In file included from /home/vitaly/p/Prime-World/pw/branches/r1117/Src/System/systemStdAfx.h:162:
/home/vitaly/p/Prime-World/pw/branches/r1117/Src/System/../System/ncircular_buffer.h:293:15: warning: ‘template<class _Category, class _Tp, class _Distance, class _Pointer, class _Reference> struct std::iterator’ is deprecated [-Wdeprecated-declarations]
  293 | : public std::iterator<std::random_access_iterator_tag,
      |               ^~~~~~~~
In file included from /usr/lib/gcc/x86_64-pc-linux-gnu/15/include/g++-v15/bits/stl_algobase.h:65,
                 from /usr/lib/gcc/x86_64-pc-linux-gnu/15/include/g++-v15/bits/specfun.h:43,
                 from /usr/lib/gcc/x86_64-pc-linux-gnu/15/include/g++-v15/cmath:3913,
                 from /usr/lib/gcc/x86_64-pc-linux-gnu/15/include/g++-v15/math.h:36,
                 from /home/vitaly/p/Prime-World/pw/branches/r1117/Src/System/Win32_linux.h:9,
                 from /home/vitaly/p/Prime-World/pw/branches/r1117/Src/System/config.h:51,
                 from /home/vitaly/p/Prime-World/pw/branches/r1117/Src/System/systemStdAfx.h:4:
/usr/lib/gcc/x86_64-pc-linux-gnu/15/include/g++-v15/bits/stl_iterator_base_types.h:129:34: note: declared here
  129 |     struct _GLIBCXX17_DEPRECATED iterator
      |                                  ^~~~~~~~
[  5%] Building CXX object CMakeFiles/PrimeWorld.dir/Network/Network.cpp.o
In file included from /home/vitaly/p/Prime-World/pw/branches/r1117/Src/System/../System/Logger.h:7,
                 from /home/vitaly/p/Prime-World/pw/branches/r1117/Src/System/systemStdAfx.h:77,
                 from /home/vitaly/p/Prime-World/pw/branches/r1117/Src/Network/stdafx.h:4,
                 from /home/vitaly/p/Prime-World/pw/branches/r1117/Src/Network/Network.cpp:1:
/home/vitaly/p/Prime-World/pw/branches/r1117/Src/System/../System/MultiReaderLock.h:22:14: warning: ‘template<class> class std::auto_ptr’ is deprecated: use 'std::unique_ptr' instead [-Wdeprecated-declarations]
   22 |   const std::auto_ptr< MultiReaderLockImpl > impl_;
      |              ^~~~~~~~
In file included from /usr/lib/gcc/x86_64-pc-linux-gnu/15/include/g++-v15/memory:80,
                 from /home/vitaly/p/Prime-World/pw/branches/r1117/Src/System/../System/MultiReaderLock.h:3:
/usr/lib/gcc/x86_64-pc-linux-gnu/15/include/g++-v15/bits/unique_ptr.h:58:28: note: declared here
   58 |   template<typename> class auto_ptr;
      |                            ^~~~~~~~
In file included from /home/vitaly/p/Prime-World/pw/branches/r1117/Src/System/systemStdAfx.h:162:
/home/vitaly/p/Prime-World/pw/branches/r1117/Src/System/../System/ncircular_buffer.h:293:15: warning: ‘template<class _Category, class _Tp, class _Distance, class _Pointer, class _Reference> struct std::iterator’ is deprecated [-Wdeprecated-declarations]
  293 | : public std::iterator<std::random_access_iterator_tag,
      |               ^~~~~~~~
In file included from /usr/lib/gcc/x86_64-pc-linux-gnu/15/include/g++-v15/bits/stl_algobase.h:65,
                 from /usr/lib/gcc/x86_64-pc-linux-gnu/15/include/g++-v15/bits/specfun.h:43,
                 from /usr/lib/gcc/x86_64-pc-linux-gnu/15/include/g++-v15/cmath:3913,
                 from /usr/lib/gcc/x86_64-pc-linux-gnu/15/include/g++-v15/math.h:36,
                 from /home/vitaly/p/Prime-World/pw/branches/r1117/Src/System/Win32_linux.h:9,
                 from /home/vitaly/p/Prime-World/pw/branches/r1117/Src/System/config.h:51,
                 from /home/vitaly/p/Prime-World/pw/branches/r1117/Src/System/systemStdAfx.h:4:
/usr/lib/gcc/x86_64-pc-linux-gnu/15/include/g++-v15/bits/stl_iterator_base_types.h:129:34: note: declared here
  129 |     struct _GLIBCXX17_DEPRECATED iterator
      |                                  ^~~~~~~~
[  5%] Building CXX object CMakeFiles/PrimeWorld.dir/Network/PacketDispatcher.cpp.o
In file included from /home/vitaly/p/Prime-World/pw/branches/r1117/Src/System/../System/Logger.h:7,
                 from /home/vitaly/p/Prime-World/pw/branches/r1117/Src/System/systemStdAfx.h:77,
                 from /home/vitaly/p/Prime-World/pw/branches/r1117/Src/Network/stdafx.h:4,
                 from /home/vitaly/p/Prime-World/pw/branches/r1117/Src/Network/PacketDispatcher.cpp:1:
/home/vitaly/p/Prime-World/pw/branches/r1117/Src/System/../System/MultiReaderLock.h:22:14: warning: ‘template<class> class std::auto_ptr’ is deprecated: use 'std::unique_ptr' instead [-Wdeprecated-declarations]
   22 |   const std::auto_ptr< MultiReaderLockImpl > impl_;
      |              ^~~~~~~~
In file included from /usr/lib/gcc/x86_64-pc-linux-gnu/15/include/g++-v15/memory:80,
                 from /home/vitaly/p/Prime-World/pw/branches/r1117/Src/System/../System/MultiReaderLock.h:3:
/usr/lib/gcc/x86_64-pc-linux-gnu/15/include/g++-v15/bits/unique_ptr.h:58:28: note: declared here
   58 |   template<typename> class auto_ptr;
      |                            ^~~~~~~~
In file included from /home/vitaly/p/Prime-World/pw/branches/r1117/Src/System/systemStdAfx.h:162:
/home/vitaly/p/Prime-World/pw/branches/r1117/Src/System/../System/ncircular_buffer.h:293:15: warning: ‘template<class _Category, class _Tp, class _Distance, class _Pointer, class _Reference> struct std::iterator’ is deprecated [-Wdeprecated-declarations]
  293 | : public std::iterator<std::random_access_iterator_tag,
      |               ^~~~~~~~
In file included from /usr/lib/gcc/x86_64-pc-linux-gnu/15/include/g++-v15/bits/stl_algobase.h:65,
                 from /usr/lib/gcc/x86_64-pc-linux-gnu/15/include/g++-v15/bits/specfun.h:43,
                 from /usr/lib/gcc/x86_64-pc-linux-gnu/15/include/g++-v15/cmath:3913,
                 from /usr/lib/gcc/x86_64-pc-linux-gnu/15/include/g++-v15/math.h:36,
                 from /home/vitaly/p/Prime-World/pw/branches/r1117/Src/System/Win32_linux.h:9,
                 from /home/vitaly/p/Prime-World/pw/branches/r1117/Src/System/config.h:51,
                 from /home/vitaly/p/Prime-World/pw/branches/r1117/Src/System/systemStdAfx.h:4:
/usr/lib/gcc/x86_64-pc-linux-gnu/15/include/g++-v15/bits/stl_iterator_base_types.h:129:34: note: declared here
  129 |     struct _GLIBCXX17_DEPRECATED iterator
      |                                  ^~~~~~~~
[  5%] Building CXX object CMakeFiles/PrimeWorld.dir/Network/RSessionKeyRegisterIface.auto.cpp.o
In file included from /home/vitaly/p/Prime-World/pw/branches/r1117/Src/System/../System/Logger.h:7,
                 from /home/vitaly/p/Prime-World/pw/branches/r1117/Src/System/systemStdAfx.h:77,
                 from /home/vitaly/p/Prime-World/pw/branches/r1117/Src/Network/stdafx.h:4,
                 from /home/vitaly/p/Prime-World/pw/branches/r1117/Src/Network/RSessionKeyRegisterIface.auto.cpp:1:
/home/vitaly/p/Prime-World/pw/branches/r1117/Src/System/../System/MultiReaderLock.h:22:14: warning: ‘template<class> class std::auto_ptr’ is deprecated: use 'std::unique_ptr' instead [-Wdeprecated-declarations]
   22 |   const std::auto_ptr< MultiReaderLockImpl > impl_;
      |              ^~~~~~~~
In file included from /usr/lib/gcc/x86_64-pc-linux-gnu/15/include/g++-v15/memory:80,
                 from /home/vitaly/p/Prime-World/pw/branches/r1117/Src/System/../System/MultiReaderLock.h:3:
/usr/lib/gcc/x86_64-pc-linux-gnu/15/include/g++-v15/bits/unique_ptr.h:58:28: note: declared here
   58 |   template<typename> class auto_ptr;
      |                            ^~~~~~~~
In file included from /home/vitaly/p/Prime-World/pw/branches/r1117/Src/System/systemStdAfx.h:162:
/home/vitaly/p/Prime-World/pw/branches/r1117/Src/System/../System/ncircular_buffer.h:293:15: warning: ‘template<class _Category, class _Tp, class _Distance, class _Pointer, class _Reference> struct std::iterator’ is deprecated [-Wdeprecated-declarations]
  293 | : public std::iterator<std::random_access_iterator_tag,
      |               ^~~~~~~~
In file included from /usr/lib/gcc/x86_64-pc-linux-gnu/15/include/g++-v15/bits/stl_algobase.h:65,
                 from /usr/lib/gcc/x86_64-pc-linux-gnu/15/include/g++-v15/bits/specfun.h:43,
                 from /usr/lib/gcc/x86_64-pc-linux-gnu/15/include/g++-v15/cmath:3913,
                 from /usr/lib/gcc/x86_64-pc-linux-gnu/15/include/g++-v15/math.h:36,
                 from /home/vitaly/p/Prime-World/pw/branches/r1117/Src/System/Win32_linux.h:9,
                 from /home/vitaly/p/Prime-World/pw/branches/r1117/Src/System/config.h:51,
                 from /home/vitaly/p/Prime-World/pw/branches/r1117/Src/System/systemStdAfx.h:4:
/usr/lib/gcc/x86_64-pc-linux-gnu/15/include/g++-v15/bits/stl_iterator_base_types.h:129:34: note: declared here
  129 |     struct _GLIBCXX17_DEPRECATED iterator
      |                                  ^~~~~~~~
[  5%] Building CXX object CMakeFiles/PrimeWorld.dir/Network/RUDP/Rdp.cpp.o
In file included from /home/vitaly/p/Prime-World/pw/branches/r1117/Src/System/../System/Logger.h:7,
                 from /home/vitaly/p/Prime-World/pw/branches/r1117/Src/System/systemStdAfx.h:77,
                 from /home/vitaly/p/Prime-World/pw/branches/r1117/Src/Network/RUDP/stdafx.h:3,
                 from /home/vitaly/p/Prime-World/pw/branches/r1117/Src/Network/RUDP/Rdp.cpp:1:
/home/vitaly/p/Prime-World/pw/branches/r1117/Src/System/../System/MultiReaderLock.h:22:14: warning: ‘template<class> class std::auto_ptr’ is deprecated: use 'std::unique_ptr' instead [-Wdeprecated-declarations]
   22 |   const std::auto_ptr< MultiReaderLockImpl > impl_;
      |              ^~~~~~~~
In file included from /usr/lib/gcc/x86_64-pc-linux-gnu/15/include/g++-v15/memory:80,
                 from /home/vitaly/p/Prime-World/pw/branches/r1117/Src/System/../System/MultiReaderLock.h:3:
/usr/lib/gcc/x86_64-pc-linux-gnu/15/include/g++-v15/bits/unique_ptr.h:58:28: note: declared here
   58 |   template<typename> class auto_ptr;
      |                            ^~~~~~~~
In file included from /home/vitaly/p/Prime-World/pw/branches/r1117/Src/System/systemStdAfx.h:162:
/home/vitaly/p/Prime-World/pw/branches/r1117/Src/System/../System/ncircular_buffer.h:293:15: warning: ‘template<class _Category, class _Tp, class _Distance, class _Pointer, class _Reference> struct std::iterator’ is deprecated [-Wdeprecated-declarations]
  293 | : public std::iterator<std::random_access_iterator_tag,
      |               ^~~~~~~~
In file included from /usr/lib/gcc/x86_64-pc-linux-gnu/15/include/g++-v15/bits/stl_algobase.h:65,
                 from /usr/lib/gcc/x86_64-pc-linux-gnu/15/include/g++-v15/bits/specfun.h:43,
                 from /usr/lib/gcc/x86_64-pc-linux-gnu/15/include/g++-v15/cmath:3913,
                 from /usr/lib/gcc/x86_64-pc-linux-gnu/15/include/g++-v15/math.h:36,
                 from /home/vitaly/p/Prime-World/pw/branches/r1117/Src/System/Win32_linux.h:9,
                 from /home/vitaly/p/Prime-World/pw/branches/r1117/Src/System/config.h:51,
                 from /home/vitaly/p/Prime-World/pw/branches/r1117/Src/System/systemStdAfx.h:4:
/usr/lib/gcc/x86_64-pc-linux-gnu/15/include/g++-v15/bits/stl_iterator_base_types.h:129:34: note: declared here
  129 |     struct _GLIBCXX17_DEPRECATED iterator
      |                                  ^~~~~~~~
[  5%] Building CXX object CMakeFiles/PrimeWorld.dir/Network/RUDP/RdpCongestionControl.cpp.o
In file included from /home/vitaly/p/Prime-World/pw/branches/r1117/Src/System/../System/Logger.h:7,
                 from /home/vitaly/p/Prime-World/pw/branches/r1117/Src/System/systemStdAfx.h:77,
                 from /home/vitaly/p/Prime-World/pw/branches/r1117/Src/Network/RUDP/stdafx.h:3,
                 from /home/vitaly/p/Prime-World/pw/branches/r1117/Src/Network/RUDP/RdpCongestionControl.cpp:1:
/home/vitaly/p/Prime-World/pw/branches/r1117/Src/System/../System/MultiReaderLock.h:22:14: warning: ‘template<class> class std::auto_ptr’ is deprecated: use 'std::unique_ptr' instead [-Wdeprecated-declarations]
   22 |   const std::auto_ptr< MultiReaderLockImpl > impl_;
      |              ^~~~~~~~
In file included from /usr/lib/gcc/x86_64-pc-linux-gnu/15/include/g++-v15/memory:80,
                 from /home/vitaly/p/Prime-World/pw/branches/r1117/Src/System/../System/MultiReaderLock.h:3:
/usr/lib/gcc/x86_64-pc-linux-gnu/15/include/g++-v15/bits/unique_ptr.h:58:28: note: declared here
   58 |   template<typename> class auto_ptr;
      |                            ^~~~~~~~
In file included from /home/vitaly/p/Prime-World/pw/branches/r1117/Src/System/systemStdAfx.h:162:
/home/vitaly/p/Prime-World/pw/branches/r1117/Src/System/../System/ncircular_buffer.h:293:15: warning: ‘template<class _Category, class _Tp, class _Distance, class _Pointer, class _Reference> struct std::iterator’ is deprecated [-Wdeprecated-declarations]
  293 | : public std::iterator<std::random_access_iterator_tag,
      |               ^~~~~~~~
In file included from /usr/lib/gcc/x86_64-pc-linux-gnu/15/include/g++-v15/bits/stl_algobase.h:65,
                 from /usr/lib/gcc/x86_64-pc-linux-gnu/15/include/g++-v15/bits/specfun.h:43,
                 from /usr/lib/gcc/x86_64-pc-linux-gnu/15/include/g++-v15/cmath:3913,
                 from /usr/lib/gcc/x86_64-pc-linux-gnu/15/include/g++-v15/math.h:36,
                 from /home/vitaly/p/Prime-World/pw/branches/r1117/Src/System/Win32_linux.h:9,
                 from /home/vitaly/p/Prime-World/pw/branches/r1117/Src/System/config.h:51,
                 from /home/vitaly/p/Prime-World/pw/branches/r1117/Src/System/systemStdAfx.h:4:
/usr/lib/gcc/x86_64-pc-linux-gnu/15/include/g++-v15/bits/stl_iterator_base_types.h:129:34: note: declared here
  129 |     struct _GLIBCXX17_DEPRECATED iterator
      |                                  ^~~~~~~~
[  5%] Building CXX object CMakeFiles/PrimeWorld.dir/Network/RUDP/RdpConnection.cpp.o
In file included from /home/vitaly/p/Prime-World/pw/branches/r1117/Src/System/../System/Logger.h:7,
                 from /home/vitaly/p/Prime-World/pw/branches/r1117/Src/System/systemStdAfx.h:77,
                 from /home/vitaly/p/Prime-World/pw/branches/r1117/Src/Network/RUDP/stdafx.h:3,
                 from /home/vitaly/p/Prime-World/pw/branches/r1117/Src/Network/RUDP/RdpConnection.cpp:1:
/home/vitaly/p/Prime-World/pw/branches/r1117/Src/System/../System/MultiReaderLock.h:22:14: warning: ‘template<class> class std::auto_ptr’ is deprecated: use 'std::unique_ptr' instead [-Wdeprecated-declarations]
   22 |   const std::auto_ptr< MultiReaderLockImpl > impl_;
      |              ^~~~~~~~
In file included from /usr/lib/gcc/x86_64-pc-linux-gnu/15/include/g++-v15/memory:80,
                 from /home/vitaly/p/Prime-World/pw/branches/r1117/Src/System/../System/MultiReaderLock.h:3:
/usr/lib/gcc/x86_64-pc-linux-gnu/15/include/g++-v15/bits/unique_ptr.h:58:28: note: declared here
   58 |   template<typename> class auto_ptr;
      |                            ^~~~~~~~
In file included from /home/vitaly/p/Prime-World/pw/branches/r1117/Src/System/systemStdAfx.h:162:
/home/vitaly/p/Prime-World/pw/branches/r1117/Src/System/../System/ncircular_buffer.h:293:15: warning: ‘template<class _Category, class _Tp, class _Distance, class _Pointer, class _Reference> struct std::iterator’ is deprecated [-Wdeprecated-declarations]
  293 | : public std::iterator<std::random_access_iterator_tag,
      |               ^~~~~~~~
In file included from /usr/lib/gcc/x86_64-pc-linux-gnu/15/include/g++-v15/bits/stl_algobase.h:65,
                 from /usr/lib/gcc/x86_64-pc-linux-gnu/15/include/g++-v15/bits/specfun.h:43,
                 from /usr/lib/gcc/x86_64-pc-linux-gnu/15/include/g++-v15/cmath:3913,
                 from /usr/lib/gcc/x86_64-pc-linux-gnu/15/include/g++-v15/math.h:36,
                 from /home/vitaly/p/Prime-World/pw/branches/r1117/Src/System/Win32_linux.h:9,
                 from /home/vitaly/p/Prime-World/pw/branches/r1117/Src/System/config.h:51,
                 from /home/vitaly/p/Prime-World/pw/branches/r1117/Src/System/systemStdAfx.h:4:
/usr/lib/gcc/x86_64-pc-linux-gnu/15/include/g++-v15/bits/stl_iterator_base_types.h:129:34: note: declared here
  129 |     struct _GLIBCXX17_DEPRECATED iterator
      |                                  ^~~~~~~~
[  5%] Building CXX object CMakeFiles/PrimeWorld.dir/Network/RUDP/RdpEphMux.cpp.o
In file included from /home/vitaly/p/Prime-World/pw/branches/r1117/Src/System/../System/Logger.h:7,
                 from /home/vitaly/p/Prime-World/pw/branches/r1117/Src/System/systemStdAfx.h:77,
                 from /home/vitaly/p/Prime-World/pw/branches/r1117/Src/Network/RUDP/stdafx.h:3,
                 from /home/vitaly/p/Prime-World/pw/branches/r1117/Src/Network/RUDP/RdpEphMux.cpp:1:
/home/vitaly/p/Prime-World/pw/branches/r1117/Src/System/../System/MultiReaderLock.h:22:14: warning: ‘template<class> class std::auto_ptr’ is deprecated: use 'std::unique_ptr' instead [-Wdeprecated-declarations]
   22 |   const std::auto_ptr< MultiReaderLockImpl > impl_;
      |              ^~~~~~~~
In file included from /usr/lib/gcc/x86_64-pc-linux-gnu/15/include/g++-v15/memory:80,
                 from /home/vitaly/p/Prime-World/pw/branches/r1117/Src/System/../System/MultiReaderLock.h:3:
/usr/lib/gcc/x86_64-pc-linux-gnu/15/include/g++-v15/bits/unique_ptr.h:58:28: note: declared here
   58 |   template<typename> class auto_ptr;
      |                            ^~~~~~~~
In file included from /home/vitaly/p/Prime-World/pw/branches/r1117/Src/System/systemStdAfx.h:162:
/home/vitaly/p/Prime-World/pw/branches/r1117/Src/System/../System/ncircular_buffer.h:293:15: warning: ‘template<class _Category, class _Tp, class _Distance, class _Pointer, class _Reference> struct std::iterator’ is deprecated [-Wdeprecated-declarations]
  293 | : public std::iterator<std::random_access_iterator_tag,
      |               ^~~~~~~~
In file included from /usr/lib/gcc/x86_64-pc-linux-gnu/15/include/g++-v15/bits/stl_algobase.h:65,
                 from /usr/lib/gcc/x86_64-pc-linux-gnu/15/include/g++-v15/bits/specfun.h:43,
                 from /usr/lib/gcc/x86_64-pc-linux-gnu/15/include/g++-v15/cmath:3913,
                 from /usr/lib/gcc/x86_64-pc-linux-gnu/15/include/g++-v15/math.h:36,
                 from /home/vitaly/p/Prime-World/pw/branches/r1117/Src/System/Win32_linux.h:9,
                 from /home/vitaly/p/Prime-World/pw/branches/r1117/Src/System/config.h:51,
                 from /home/vitaly/p/Prime-World/pw/branches/r1117/Src/System/systemStdAfx.h:4:
/usr/lib/gcc/x86_64-pc-linux-gnu/15/include/g++-v15/bits/stl_iterator_base_types.h:129:34: note: declared here
  129 |     struct _GLIBCXX17_DEPRECATED iterator
      |                                  ^~~~~~~~
[  5%] Building CXX object CMakeFiles/PrimeWorld.dir/Network/RUDP/RdpHandshake.cpp.o
In file included from /home/vitaly/p/Prime-World/pw/branches/r1117/Src/System/../System/Logger.h:7,
                 from /home/vitaly/p/Prime-World/pw/branches/r1117/Src/System/systemStdAfx.h:77,
                 from /home/vitaly/p/Prime-World/pw/branches/r1117/Src/Network/RUDP/stdafx.h:3,
                 from /home/vitaly/p/Prime-World/pw/branches/r1117/Src/Network/RUDP/RdpHandshake.cpp:1:
/home/vitaly/p/Prime-World/pw/branches/r1117/Src/System/../System/MultiReaderLock.h:22:14: warning: ‘template<class> class std::auto_ptr’ is deprecated: use 'std::unique_ptr' instead [-Wdeprecated-declarations]
   22 |   const std::auto_ptr< MultiReaderLockImpl > impl_;
      |              ^~~~~~~~
In file included from /usr/lib/gcc/x86_64-pc-linux-gnu/15/include/g++-v15/memory:80,
                 from /home/vitaly/p/Prime-World/pw/branches/r1117/Src/System/../System/MultiReaderLock.h:3:
/usr/lib/gcc/x86_64-pc-linux-gnu/15/include/g++-v15/bits/unique_ptr.h:58:28: note: declared here
   58 |   template<typename> class auto_ptr;
      |                            ^~~~~~~~
In file included from /home/vitaly/p/Prime-World/pw/branches/r1117/Src/System/systemStdAfx.h:162:
/home/vitaly/p/Prime-World/pw/branches/r1117/Src/System/../System/ncircular_buffer.h:293:15: warning: ‘template<class _Category, class _Tp, class _Distance, class _Pointer, class _Reference> struct std::iterator’ is deprecated [-Wdeprecated-declarations]
  293 | : public std::iterator<std::random_access_iterator_tag,
      |               ^~~~~~~~
In file included from /usr/lib/gcc/x86_64-pc-linux-gnu/15/include/g++-v15/bits/stl_algobase.h:65,
                 from /usr/lib/gcc/x86_64-pc-linux-gnu/15/include/g++-v15/bits/specfun.h:43,
                 from /usr/lib/gcc/x86_64-pc-linux-gnu/15/include/g++-v15/cmath:3913,
                 from /usr/lib/gcc/x86_64-pc-linux-gnu/15/include/g++-v15/math.h:36,
                 from /home/vitaly/p/Prime-World/pw/branches/r1117/Src/System/Win32_linux.h:9,
                 from /home/vitaly/p/Prime-World/pw/branches/r1117/Src/System/config.h:51,
                 from /home/vitaly/p/Prime-World/pw/branches/r1117/Src/System/systemStdAfx.h:4:
/usr/lib/gcc/x86_64-pc-linux-gnu/15/include/g++-v15/bits/stl_iterator_base_types.h:129:34: note: declared here
  129 |     struct _GLIBCXX17_DEPRECATED iterator
      |                                  ^~~~~~~~
[  6%] Building CXX object CMakeFiles/PrimeWorld.dir/Network/RUDP/RdpInPktQueue.cpp.o
In file included from /home/vitaly/p/Prime-World/pw/branches/r1117/Src/System/../System/Logger.h:7,
                 from /home/vitaly/p/Prime-World/pw/branches/r1117/Src/System/systemStdAfx.h:77,
                 from /home/vitaly/p/Prime-World/pw/branches/r1117/Src/Network/RUDP/stdafx.h:3,
                 from /home/vitaly/p/Prime-World/pw/branches/r1117/Src/Network/RUDP/RdpInPktQueue.cpp:1:
/home/vitaly/p/Prime-World/pw/branches/r1117/Src/System/../System/MultiReaderLock.h:22:14: warning: ‘template<class> class std::auto_ptr’ is deprecated: use 'std::unique_ptr' instead [-Wdeprecated-declarations]
   22 |   const std::auto_ptr< MultiReaderLockImpl > impl_;
      |              ^~~~~~~~
In file included from /usr/lib/gcc/x86_64-pc-linux-gnu/15/include/g++-v15/memory:80,
                 from /home/vitaly/p/Prime-World/pw/branches/r1117/Src/System/../System/MultiReaderLock.h:3:
/usr/lib/gcc/x86_64-pc-linux-gnu/15/include/g++-v15/bits/unique_ptr.h:58:28: note: declared here
   58 |   template<typename> class auto_ptr;
      |                            ^~~~~~~~
In file included from /home/vitaly/p/Prime-World/pw/branches/r1117/Src/System/systemStdAfx.h:162:
/home/vitaly/p/Prime-World/pw/branches/r1117/Src/System/../System/ncircular_buffer.h:293:15: warning: ‘template<class _Category, class _Tp, class _Distance, class _Pointer, class _Reference> struct std::iterator’ is deprecated [-Wdeprecated-declarations]
  293 | : public std::iterator<std::random_access_iterator_tag,
      |               ^~~~~~~~
In file included from /usr/lib/gcc/x86_64-pc-linux-gnu/15/include/g++-v15/bits/stl_algobase.h:65,
                 from /usr/lib/gcc/x86_64-pc-linux-gnu/15/include/g++-v15/bits/specfun.h:43,
                 from /usr/lib/gcc/x86_64-pc-linux-gnu/15/include/g++-v15/cmath:3913,
                 from /usr/lib/gcc/x86_64-pc-linux-gnu/15/include/g++-v15/math.h:36,
                 from /home/vitaly/p/Prime-World/pw/branches/r1117/Src/System/Win32_linux.h:9,
                 from /home/vitaly/p/Prime-World/pw/branches/r1117/Src/System/config.h:51,
                 from /home/vitaly/p/Prime-World/pw/branches/r1117/Src/System/systemStdAfx.h:4:
/usr/lib/gcc/x86_64-pc-linux-gnu/15/include/g++-v15/bits/stl_iterator_base_types.h:129:34: note: declared here
  129 |     struct _GLIBCXX17_DEPRECATED iterator
      |                                  ^~~~~~~~
[  6%] Building CXX object CMakeFiles/PrimeWorld.dir/Network/RUDP/RdpListenContext.cpp.o
In file included from /home/vitaly/p/Prime-World/pw/branches/r1117/Src/System/../System/Logger.h:7,
                 from /home/vitaly/p/Prime-World/pw/branches/r1117/Src/System/systemStdAfx.h:77,
                 from /home/vitaly/p/Prime-World/pw/branches/r1117/Src/Network/RUDP/stdafx.h:3,
                 from /home/vitaly/p/Prime-World/pw/branches/r1117/Src/Network/RUDP/RdpListenContext.cpp:1:
/home/vitaly/p/Prime-World/pw/branches/r1117/Src/System/../System/MultiReaderLock.h:22:14: warning: ‘template<class> class std::auto_ptr’ is deprecated: use 'std::unique_ptr' instead [-Wdeprecated-declarations]
   22 |   const std::auto_ptr< MultiReaderLockImpl > impl_;
      |              ^~~~~~~~
In file included from /usr/lib/gcc/x86_64-pc-linux-gnu/15/include/g++-v15/memory:80,
                 from /home/vitaly/p/Prime-World/pw/branches/r1117/Src/System/../System/MultiReaderLock.h:3:
/usr/lib/gcc/x86_64-pc-linux-gnu/15/include/g++-v15/bits/unique_ptr.h:58:28: note: declared here
   58 |   template<typename> class auto_ptr;
      |                            ^~~~~~~~
In file included from /home/vitaly/p/Prime-World/pw/branches/r1117/Src/System/systemStdAfx.h:162:
/home/vitaly/p/Prime-World/pw/branches/r1117/Src/System/../System/ncircular_buffer.h:293:15: warning: ‘template<class _Category, class _Tp, class _Distance, class _Pointer, class _Reference> struct std::iterator’ is deprecated [-Wdeprecated-declarations]
  293 | : public std::iterator<std::random_access_iterator_tag,
      |               ^~~~~~~~
In file included from /usr/lib/gcc/x86_64-pc-linux-gnu/15/include/g++-v15/bits/stl_algobase.h:65,
                 from /usr/lib/gcc/x86_64-pc-linux-gnu/15/include/g++-v15/bits/specfun.h:43,
                 from /usr/lib/gcc/x86_64-pc-linux-gnu/15/include/g++-v15/cmath:3913,
                 from /usr/lib/gcc/x86_64-pc-linux-gnu/15/include/g++-v15/math.h:36,
                 from /home/vitaly/p/Prime-World/pw/branches/r1117/Src/System/Win32_linux.h:9,
                 from /home/vitaly/p/Prime-World/pw/branches/r1117/Src/System/config.h:51,
                 from /home/vitaly/p/Prime-World/pw/branches/r1117/Src/System/systemStdAfx.h:4:
/usr/lib/gcc/x86_64-pc-linux-gnu/15/include/g++-v15/bits/stl_iterator_base_types.h:129:34: note: declared here
  129 |     struct _GLIBCXX17_DEPRECATED iterator
      |                                  ^~~~~~~~
[  6%] Building CXX object CMakeFiles/PrimeWorld.dir/Network/RUDP/RdpLogic.cpp.o
In file included from /home/vitaly/p/Prime-World/pw/branches/r1117/Src/System/../System/Logger.h:7,
                 from /home/vitaly/p/Prime-World/pw/branches/r1117/Src/System/systemStdAfx.h:77,
                 from /home/vitaly/p/Prime-World/pw/branches/r1117/Src/Network/RUDP/stdafx.h:3,
                 from /home/vitaly/p/Prime-World/pw/branches/r1117/Src/Network/RUDP/RdpLogic.cpp:1:
/home/vitaly/p/Prime-World/pw/branches/r1117/Src/System/../System/MultiReaderLock.h:22:14: warning: ‘template<class> class std::auto_ptr’ is deprecated: use 'std::unique_ptr' instead [-Wdeprecated-declarations]
   22 |   const std::auto_ptr< MultiReaderLockImpl > impl_;
      |              ^~~~~~~~
In file included from /usr/lib/gcc/x86_64-pc-linux-gnu/15/include/g++-v15/memory:80,
                 from /home/vitaly/p/Prime-World/pw/branches/r1117/Src/System/../System/MultiReaderLock.h:3:
/usr/lib/gcc/x86_64-pc-linux-gnu/15/include/g++-v15/bits/unique_ptr.h:58:28: note: declared here
   58 |   template<typename> class auto_ptr;
      |                            ^~~~~~~~
In file included from /home/vitaly/p/Prime-World/pw/branches/r1117/Src/System/systemStdAfx.h:162:
/home/vitaly/p/Prime-World/pw/branches/r1117/Src/System/../System/ncircular_buffer.h:293:15: warning: ‘template<class _Category, class _Tp, class _Distance, class _Pointer, class _Reference> struct std::iterator’ is deprecated [-Wdeprecated-declarations]
  293 | : public std::iterator<std::random_access_iterator_tag,
      |               ^~~~~~~~
In file included from /usr/lib/gcc/x86_64-pc-linux-gnu/15/include/g++-v15/bits/stl_algobase.h:65,
                 from /usr/lib/gcc/x86_64-pc-linux-gnu/15/include/g++-v15/bits/specfun.h:43,
                 from /usr/lib/gcc/x86_64-pc-linux-gnu/15/include/g++-v15/cmath:3913,
                 from /usr/lib/gcc/x86_64-pc-linux-gnu/15/include/g++-v15/math.h:36,
                 from /home/vitaly/p/Prime-World/pw/branches/r1117/Src/System/Win32_linux.h:9,
                 from /home/vitaly/p/Prime-World/pw/branches/r1117/Src/System/config.h:51,
                 from /home/vitaly/p/Prime-World/pw/branches/r1117/Src/System/systemStdAfx.h:4:
/usr/lib/gcc/x86_64-pc-linux-gnu/15/include/g++-v15/bits/stl_iterator_base_types.h:129:34: note: declared here
  129 |     struct _GLIBCXX17_DEPRECATED iterator
      |                                  ^~~~~~~~
[  6%] Building CXX object CMakeFiles/PrimeWorld.dir/Network/RUDP/RdpOutPktQueue.cpp.o
In file included from /home/vitaly/p/Prime-World/pw/branches/r1117/Src/System/../System/Logger.h:7,
                 from /home/vitaly/p/Prime-World/pw/branches/r1117/Src/System/systemStdAfx.h:77,
                 from /home/vitaly/p/Prime-World/pw/branches/r1117/Src/Network/RUDP/stdafx.h:3,
                 from /home/vitaly/p/Prime-World/pw/branches/r1117/Src/Network/RUDP/RdpOutPktQueue.cpp:1:
/home/vitaly/p/Prime-World/pw/branches/r1117/Src/System/../System/MultiReaderLock.h:22:14: warning: ‘template<class> class std::auto_ptr’ is deprecated: use 'std::unique_ptr' instead [-Wdeprecated-declarations]
   22 |   const std::auto_ptr< MultiReaderLockImpl > impl_;
      |              ^~~~~~~~
In file included from /usr/lib/gcc/x86_64-pc-linux-gnu/15/include/g++-v15/memory:80,
                 from /home/vitaly/p/Prime-World/pw/branches/r1117/Src/System/../System/MultiReaderLock.h:3:
/usr/lib/gcc/x86_64-pc-linux-gnu/15/include/g++-v15/bits/unique_ptr.h:58:28: note: declared here
   58 |   template<typename> class auto_ptr;
      |                            ^~~~~~~~
In file included from /home/vitaly/p/Prime-World/pw/branches/r1117/Src/System/systemStdAfx.h:162:
/home/vitaly/p/Prime-World/pw/branches/r1117/Src/System/../System/ncircular_buffer.h:293:15: warning: ‘template<class _Category, class _Tp, class _Distance, class _Pointer, class _Reference> struct std::iterator’ is deprecated [-Wdeprecated-declarations]
  293 | : public std::iterator<std::random_access_iterator_tag,
      |               ^~~~~~~~
In file included from /usr/lib/gcc/x86_64-pc-linux-gnu/15/include/g++-v15/bits/stl_algobase.h:65,
                 from /usr/lib/gcc/x86_64-pc-linux-gnu/15/include/g++-v15/bits/specfun.h:43,
                 from /usr/lib/gcc/x86_64-pc-linux-gnu/15/include/g++-v15/cmath:3913,
                 from /usr/lib/gcc/x86_64-pc-linux-gnu/15/include/g++-v15/math.h:36,
                 from /home/vitaly/p/Prime-World/pw/branches/r1117/Src/System/Win32_linux.h:9,
                 from /home/vitaly/p/Prime-World/pw/branches/r1117/Src/System/config.h:51,
                 from /home/vitaly/p/Prime-World/pw/branches/r1117/Src/System/systemStdAfx.h:4:
/usr/lib/gcc/x86_64-pc-linux-gnu/15/include/g++-v15/bits/stl_iterator_base_types.h:129:34: note: declared here
  129 |     struct _GLIBCXX17_DEPRECATED iterator
      |                                  ^~~~~~~~
[  6%] Building CXX object CMakeFiles/PrimeWorld.dir/Network/RUDP/RdpPacket.cpp.o
In file included from /home/vitaly/p/Prime-World/pw/branches/r1117/Src/System/../System/Logger.h:7,
                 from /home/vitaly/p/Prime-World/pw/branches/r1117/Src/System/systemStdAfx.h:77,
                 from /home/vitaly/p/Prime-World/pw/branches/r1117/Src/Network/RUDP/stdafx.h:3,
                 from /home/vitaly/p/Prime-World/pw/branches/r1117/Src/Network/RUDP/RdpPacket.cpp:1:
/home/vitaly/p/Prime-World/pw/branches/r1117/Src/System/../System/MultiReaderLock.h:22:14: warning: ‘template<class> class std::auto_ptr’ is deprecated: use 'std::unique_ptr' instead [-Wdeprecated-declarations]
   22 |   const std::auto_ptr< MultiReaderLockImpl > impl_;
      |              ^~~~~~~~
In file included from /usr/lib/gcc/x86_64-pc-linux-gnu/15/include/g++-v15/memory:80,
                 from /home/vitaly/p/Prime-World/pw/branches/r1117/Src/System/../System/MultiReaderLock.h:3:
/usr/lib/gcc/x86_64-pc-linux-gnu/15/include/g++-v15/bits/unique_ptr.h:58:28: note: declared here
   58 |   template<typename> class auto_ptr;
      |                            ^~~~~~~~
In file included from /home/vitaly/p/Prime-World/pw/branches/r1117/Src/System/systemStdAfx.h:162:
/home/vitaly/p/Prime-World/pw/branches/r1117/Src/System/../System/ncircular_buffer.h:293:15: warning: ‘template<class _Category, class _Tp, class _Distance, class _Pointer, class _Reference> struct std::iterator’ is deprecated [-Wdeprecated-declarations]
  293 | : public std::iterator<std::random_access_iterator_tag,
      |               ^~~~~~~~
In file included from /usr/lib/gcc/x86_64-pc-linux-gnu/15/include/g++-v15/bits/stl_algobase.h:65,
                 from /usr/lib/gcc/x86_64-pc-linux-gnu/15/include/g++-v15/bits/specfun.h:43,
                 from /usr/lib/gcc/x86_64-pc-linux-gnu/15/include/g++-v15/cmath:3913,
                 from /usr/lib/gcc/x86_64-pc-linux-gnu/15/include/g++-v15/math.h:36,
                 from /home/vitaly/p/Prime-World/pw/branches/r1117/Src/System/Win32_linux.h:9,
                 from /home/vitaly/p/Prime-World/pw/branches/r1117/Src/System/config.h:51,
                 from /home/vitaly/p/Prime-World/pw/branches/r1117/Src/System/systemStdAfx.h:4:
/usr/lib/gcc/x86_64-pc-linux-gnu/15/include/g++-v15/bits/stl_iterator_base_types.h:129:34: note: declared here
  129 |     struct _GLIBCXX17_DEPRECATED iterator
      |                                  ^~~~~~~~
[  6%] Building CXX object CMakeFiles/PrimeWorld.dir/Network/RUDP/RdpPacketPool.cpp.o
In file included from /home/vitaly/p/Prime-World/pw/branches/r1117/Src/System/../System/Logger.h:7,
                 from /home/vitaly/p/Prime-World/pw/branches/r1117/Src/System/systemStdAfx.h:77,
                 from /home/vitaly/p/Prime-World/pw/branches/r1117/Src/Network/RUDP/stdafx.h:3,
                 from /home/vitaly/p/Prime-World/pw/branches/r1117/Src/Network/RUDP/RdpPacketPool.cpp:1:
/home/vitaly/p/Prime-World/pw/branches/r1117/Src/System/../System/MultiReaderLock.h:22:14: warning: ‘template<class> class std::auto_ptr’ is deprecated: use 'std::unique_ptr' instead [-Wdeprecated-declarations]
   22 |   const std::auto_ptr< MultiReaderLockImpl > impl_;
      |              ^~~~~~~~
In file included from /usr/lib/gcc/x86_64-pc-linux-gnu/15/include/g++-v15/memory:80,
                 from /home/vitaly/p/Prime-World/pw/branches/r1117/Src/System/../System/MultiReaderLock.h:3:
/usr/lib/gcc/x86_64-pc-linux-gnu/15/include/g++-v15/bits/unique_ptr.h:58:28: note: declared here
   58 |   template<typename> class auto_ptr;
      |                            ^~~~~~~~
In file included from /home/vitaly/p/Prime-World/pw/branches/r1117/Src/System/systemStdAfx.h:162:
/home/vitaly/p/Prime-World/pw/branches/r1117/Src/System/../System/ncircular_buffer.h:293:15: warning: ‘template<class _Category, class _Tp, class _Distance, class _Pointer, class _Reference> struct std::iterator’ is deprecated [-Wdeprecated-declarations]
  293 | : public std::iterator<std::random_access_iterator_tag,
      |               ^~~~~~~~
In file included from /usr/lib/gcc/x86_64-pc-linux-gnu/15/include/g++-v15/bits/stl_algobase.h:65,
                 from /usr/lib/gcc/x86_64-pc-linux-gnu/15/include/g++-v15/bits/specfun.h:43,
                 from /usr/lib/gcc/x86_64-pc-linux-gnu/15/include/g++-v15/cmath:3913,
                 from /usr/lib/gcc/x86_64-pc-linux-gnu/15/include/g++-v15/math.h:36,
                 from /home/vitaly/p/Prime-World/pw/branches/r1117/Src/System/Win32_linux.h:9,
                 from /home/vitaly/p/Prime-World/pw/branches/r1117/Src/System/config.h:51,
                 from /home/vitaly/p/Prime-World/pw/branches/r1117/Src/System/systemStdAfx.h:4:
/usr/lib/gcc/x86_64-pc-linux-gnu/15/include/g++-v15/bits/stl_iterator_base_types.h:129:34: note: declared here
  129 |     struct _GLIBCXX17_DEPRECATED iterator
      |                                  ^~~~~~~~
[  6%] Building CXX object CMakeFiles/PrimeWorld.dir/Network/RUDP/RdpPing.cpp.o
In file included from /home/vitaly/p/Prime-World/pw/branches/r1117/Src/System/../System/Logger.h:7,
                 from /home/vitaly/p/Prime-World/pw/branches/r1117/Src/System/systemStdAfx.h:77,
                 from /home/vitaly/p/Prime-World/pw/branches/r1117/Src/Network/RUDP/stdafx.h:3,
                 from /home/vitaly/p/Prime-World/pw/branches/r1117/Src/Network/RUDP/RdpPing.cpp:1:
/home/vitaly/p/Prime-World/pw/branches/r1117/Src/System/../System/MultiReaderLock.h:22:14: warning: ‘template<class> class std::auto_ptr’ is deprecated: use 'std::unique_ptr' instead [-Wdeprecated-declarations]
   22 |   const std::auto_ptr< MultiReaderLockImpl > impl_;
      |              ^~~~~~~~
In file included from /usr/lib/gcc/x86_64-pc-linux-gnu/15/include/g++-v15/memory:80,
                 from /home/vitaly/p/Prime-World/pw/branches/r1117/Src/System/../System/MultiReaderLock.h:3:
/usr/lib/gcc/x86_64-pc-linux-gnu/15/include/g++-v15/bits/unique_ptr.h:58:28: note: declared here
   58 |   template<typename> class auto_ptr;
      |                            ^~~~~~~~
In file included from /home/vitaly/p/Prime-World/pw/branches/r1117/Src/System/systemStdAfx.h:162:
/home/vitaly/p/Prime-World/pw/branches/r1117/Src/System/../System/ncircular_buffer.h:293:15: warning: ‘template<class _Category, class _Tp, class _Distance, class _Pointer, class _Reference> struct std::iterator’ is deprecated [-Wdeprecated-declarations]
  293 | : public std::iterator<std::random_access_iterator_tag,
      |               ^~~~~~~~
In file included from /usr/lib/gcc/x86_64-pc-linux-gnu/15/include/g++-v15/bits/stl_algobase.h:65,
                 from /usr/lib/gcc/x86_64-pc-linux-gnu/15/include/g++-v15/bits/specfun.h:43,
                 from /usr/lib/gcc/x86_64-pc-linux-gnu/15/include/g++-v15/cmath:3913,
                 from /usr/lib/gcc/x86_64-pc-linux-gnu/15/include/g++-v15/math.h:36,
                 from /home/vitaly/p/Prime-World/pw/branches/r1117/Src/System/Win32_linux.h:9,
                 from /home/vitaly/p/Prime-World/pw/branches/r1117/Src/System/config.h:51,
                 from /home/vitaly/p/Prime-World/pw/branches/r1117/Src/System/systemStdAfx.h:4:
/usr/lib/gcc/x86_64-pc-linux-gnu/15/include/g++-v15/bits/stl_iterator_base_types.h:129:34: note: declared here
  129 |     struct _GLIBCXX17_DEPRECATED iterator
      |                                  ^~~~~~~~
[  6%] Building CXX object CMakeFiles/PrimeWorld.dir/Network/RUDP/RdpProto.cpp.o
In file included from /home/vitaly/p/Prime-World/pw/branches/r1117/Src/System/../System/Logger.h:7,
                 from /home/vitaly/p/Prime-World/pw/branches/r1117/Src/System/systemStdAfx.h:77,
                 from /home/vitaly/p/Prime-World/pw/branches/r1117/Src/Network/RUDP/stdafx.h:3,
                 from /home/vitaly/p/Prime-World/pw/branches/r1117/Src/Network/RUDP/RdpProto.cpp:1:
/home/vitaly/p/Prime-World/pw/branches/r1117/Src/System/../System/MultiReaderLock.h:22:14: warning: ‘template<class> class std::auto_ptr’ is deprecated: use 'std::unique_ptr' instead [-Wdeprecated-declarations]
   22 |   const std::auto_ptr< MultiReaderLockImpl > impl_;
      |              ^~~~~~~~
In file included from /usr/lib/gcc/x86_64-pc-linux-gnu/15/include/g++-v15/memory:80,
                 from /home/vitaly/p/Prime-World/pw/branches/r1117/Src/System/../System/MultiReaderLock.h:3:
/usr/lib/gcc/x86_64-pc-linux-gnu/15/include/g++-v15/bits/unique_ptr.h:58:28: note: declared here
   58 |   template<typename> class auto_ptr;
      |                            ^~~~~~~~
In file included from /home/vitaly/p/Prime-World/pw/branches/r1117/Src/System/systemStdAfx.h:162:
/home/vitaly/p/Prime-World/pw/branches/r1117/Src/System/../System/ncircular_buffer.h:293:15: warning: ‘template<class _Category, class _Tp, class _Distance, class _Pointer, class _Reference> struct std::iterator’ is deprecated [-Wdeprecated-declarations]
  293 | : public std::iterator<std::random_access_iterator_tag,
      |               ^~~~~~~~
In file included from /usr/lib/gcc/x86_64-pc-linux-gnu/15/include/g++-v15/bits/stl_algobase.h:65,
                 from /usr/lib/gcc/x86_64-pc-linux-gnu/15/include/g++-v15/bits/specfun.h:43,
                 from /usr/lib/gcc/x86_64-pc-linux-gnu/15/include/g++-v15/cmath:3913,
                 from /usr/lib/gcc/x86_64-pc-linux-gnu/15/include/g++-v15/math.h:36,
                 from /home/vitaly/p/Prime-World/pw/branches/r1117/Src/System/Win32_linux.h:9,
                 from /home/vitaly/p/Prime-World/pw/branches/r1117/Src/System/config.h:51,
                 from /home/vitaly/p/Prime-World/pw/branches/r1117/Src/System/systemStdAfx.h:4:
/usr/lib/gcc/x86_64-pc-linux-gnu/15/include/g++-v15/bits/stl_iterator_base_types.h:129:34: note: declared here
  129 |     struct _GLIBCXX17_DEPRECATED iterator
      |                                  ^~~~~~~~
[  6%] Building CXX object CMakeFiles/PrimeWorld.dir/Network/RUDP/RdpTestSvClientCtx.cpp.o
In file included from /home/vitaly/p/Prime-World/pw/branches/r1117/Src/System/../System/Logger.h:7,
                 from /home/vitaly/p/Prime-World/pw/branches/r1117/Src/System/systemStdAfx.h:77,
                 from /home/vitaly/p/Prime-World/pw/branches/r1117/Src/Network/RUDP/stdafx.h:3,
                 from /home/vitaly/p/Prime-World/pw/branches/r1117/Src/Network/RUDP/RdpTestSvClientCtx.cpp:1:
/home/vitaly/p/Prime-World/pw/branches/r1117/Src/System/../System/MultiReaderLock.h:22:14: warning: ‘template<class> class std::auto_ptr’ is deprecated: use 'std::unique_ptr' instead [-Wdeprecated-declarations]
   22 |   const std::auto_ptr< MultiReaderLockImpl > impl_;
      |              ^~~~~~~~
In file included from /usr/lib/gcc/x86_64-pc-linux-gnu/15/include/g++-v15/memory:80,
                 from /home/vitaly/p/Prime-World/pw/branches/r1117/Src/System/../System/MultiReaderLock.h:3:
/usr/lib/gcc/x86_64-pc-linux-gnu/15/include/g++-v15/bits/unique_ptr.h:58:28: note: declared here
   58 |   template<typename> class auto_ptr;
      |                            ^~~~~~~~
In file included from /home/vitaly/p/Prime-World/pw/branches/r1117/Src/System/systemStdAfx.h:162:
/home/vitaly/p/Prime-World/pw/branches/r1117/Src/System/../System/ncircular_buffer.h:293:15: warning: ‘template<class _Category, class _Tp, class _Distance, class _Pointer, class _Reference> struct std::iterator’ is deprecated [-Wdeprecated-declarations]
  293 | : public std::iterator<std::random_access_iterator_tag,
      |               ^~~~~~~~
In file included from /usr/lib/gcc/x86_64-pc-linux-gnu/15/include/g++-v15/bits/stl_algobase.h:65,
                 from /usr/lib/gcc/x86_64-pc-linux-gnu/15/include/g++-v15/bits/specfun.h:43,
                 from /usr/lib/gcc/x86_64-pc-linux-gnu/15/include/g++-v15/cmath:3913,
                 from /usr/lib/gcc/x86_64-pc-linux-gnu/15/include/g++-v15/math.h:36,
                 from /home/vitaly/p/Prime-World/pw/branches/r1117/Src/System/Win32_linux.h:9,
                 from /home/vitaly/p/Prime-World/pw/branches/r1117/Src/System/config.h:51,
                 from /home/vitaly/p/Prime-World/pw/branches/r1117/Src/System/systemStdAfx.h:4:
/usr/lib/gcc/x86_64-pc-linux-gnu/15/include/g++-v15/bits/stl_iterator_base_types.h:129:34: note: declared here
  129 |     struct _GLIBCXX17_DEPRECATED iterator
      |                                  ^~~~~~~~
[  6%] Building CXX object CMakeFiles/PrimeWorld.dir/Network/RUDP/RdpTestSvGame.cpp.o
In file included from /home/vitaly/p/Prime-World/pw/branches/r1117/Src/System/../System/Logger.h:7,
                 from /home/vitaly/p/Prime-World/pw/branches/r1117/Src/System/systemStdAfx.h:77,
                 from /home/vitaly/p/Prime-World/pw/branches/r1117/Src/Network/RUDP/stdafx.h:3,
                 from /home/vitaly/p/Prime-World/pw/branches/r1117/Src/Network/RUDP/RdpTestSvGame.cpp:1:
/home/vitaly/p/Prime-World/pw/branches/r1117/Src/System/../System/MultiReaderLock.h:22:14: warning: ‘template<class> class std::auto_ptr’ is deprecated: use 'std::unique_ptr' instead [-Wdeprecated-declarations]
   22 |   const std::auto_ptr< MultiReaderLockImpl > impl_;
      |              ^~~~~~~~
In file included from /usr/lib/gcc/x86_64-pc-linux-gnu/15/include/g++-v15/memory:80,
                 from /home/vitaly/p/Prime-World/pw/branches/r1117/Src/System/../System/MultiReaderLock.h:3:
/usr/lib/gcc/x86_64-pc-linux-gnu/15/include/g++-v15/bits/unique_ptr.h:58:28: note: declared here
   58 |   template<typename> class auto_ptr;
      |                            ^~~~~~~~
In file included from /home/vitaly/p/Prime-World/pw/branches/r1117/Src/System/systemStdAfx.h:162:
/home/vitaly/p/Prime-World/pw/branches/r1117/Src/System/../System/ncircular_buffer.h:293:15: warning: ‘template<class _Category, class _Tp, class _Distance, class _Pointer, class _Reference> struct std::iterator’ is deprecated [-Wdeprecated-declarations]
  293 | : public std::iterator<std::random_access_iterator_tag,
      |               ^~~~~~~~
In file included from /usr/lib/gcc/x86_64-pc-linux-gnu/15/include/g++-v15/bits/stl_algobase.h:65,
                 from /usr/lib/gcc/x86_64-pc-linux-gnu/15/include/g++-v15/bits/specfun.h:43,
                 from /usr/lib/gcc/x86_64-pc-linux-gnu/15/include/g++-v15/cmath:3913,
                 from /usr/lib/gcc/x86_64-pc-linux-gnu/15/include/g++-v15/math.h:36,
                 from /home/vitaly/p/Prime-World/pw/branches/r1117/Src/System/Win32_linux.h:9,
                 from /home/vitaly/p/Prime-World/pw/branches/r1117/Src/System/config.h:51,
                 from /home/vitaly/p/Prime-World/pw/branches/r1117/Src/System/systemStdAfx.h:4:
/usr/lib/gcc/x86_64-pc-linux-gnu/15/include/g++-v15/bits/stl_iterator_base_types.h:129:34: note: declared here
  129 |     struct _GLIBCXX17_DEPRECATED iterator
      |                                  ^~~~~~~~
[  6%] Building CXX object CMakeFiles/PrimeWorld.dir/Network/RUDP/RdpWriter.cpp.o
In file included from /home/vitaly/p/Prime-World/pw/branches/r1117/Src/System/../System/Logger.h:7,
                 from /home/vitaly/p/Prime-World/pw/branches/r1117/Src/System/systemStdAfx.h:77,
                 from /home/vitaly/p/Prime-World/pw/branches/r1117/Src/Network/RUDP/stdafx.h:3,
                 from /home/vitaly/p/Prime-World/pw/branches/r1117/Src/Network/RUDP/RdpWriter.cpp:1:
/home/vitaly/p/Prime-World/pw/branches/r1117/Src/System/../System/MultiReaderLock.h:22:14: warning: ‘template<class> class std::auto_ptr’ is deprecated: use 'std::unique_ptr' instead [-Wdeprecated-declarations]
   22 |   const std::auto_ptr< MultiReaderLockImpl > impl_;
      |              ^~~~~~~~
In file included from /usr/lib/gcc/x86_64-pc-linux-gnu/15/include/g++-v15/memory:80,
                 from /home/vitaly/p/Prime-World/pw/branches/r1117/Src/System/../System/MultiReaderLock.h:3:
/usr/lib/gcc/x86_64-pc-linux-gnu/15/include/g++-v15/bits/unique_ptr.h:58:28: note: declared here
   58 |   template<typename> class auto_ptr;
      |                            ^~~~~~~~
In file included from /home/vitaly/p/Prime-World/pw/branches/r1117/Src/System/systemStdAfx.h:162:
/home/vitaly/p/Prime-World/pw/branches/r1117/Src/System/../System/ncircular_buffer.h:293:15: warning: ‘template<class _Category, class _Tp, class _Distance, class _Pointer, class _Reference> struct std::iterator’ is deprecated [-Wdeprecated-declarations]
  293 | : public std::iterator<std::random_access_iterator_tag,
      |               ^~~~~~~~
In file included from /usr/lib/gcc/x86_64-pc-linux-gnu/15/include/g++-v15/bits/stl_algobase.h:65,
                 from /usr/lib/gcc/x86_64-pc-linux-gnu/15/include/g++-v15/bits/specfun.h:43,
                 from /usr/lib/gcc/x86_64-pc-linux-gnu/15/include/g++-v15/cmath:3913,
                 from /usr/lib/gcc/x86_64-pc-linux-gnu/15/include/g++-v15/math.h:36,
                 from /home/vitaly/p/Prime-World/pw/branches/r1117/Src/System/Win32_linux.h:9,
                 from /home/vitaly/p/Prime-World/pw/branches/r1117/Src/System/config.h:51,
                 from /home/vitaly/p/Prime-World/pw/branches/r1117/Src/System/systemStdAfx.h:4:
/usr/lib/gcc/x86_64-pc-linux-gnu/15/include/g++-v15/bits/stl_iterator_base_types.h:129:34: note: declared here
  129 |     struct _GLIBCXX17_DEPRECATED iterator
      |                                  ^~~~~~~~
[  6%] Building CXX object CMakeFiles/PrimeWorld.dir/Network/RUDP/SockSrvLocal.cpp.o
In file included from /home/vitaly/p/Prime-World/pw/branches/r1117/Src/System/../System/Logger.h:7,
                 from /home/vitaly/p/Prime-World/pw/branches/r1117/Src/System/systemStdAfx.h:77,
                 from /home/vitaly/p/Prime-World/pw/branches/r1117/Src/Network/RUDP/stdafx.h:3,
                 from /home/vitaly/p/Prime-World/pw/branches/r1117/Src/Network/RUDP/SockSrvLocal.cpp:1:
/home/vitaly/p/Prime-World/pw/branches/r1117/Src/System/../System/MultiReaderLock.h:22:14: warning: ‘template<class> class std::auto_ptr’ is deprecated: use 'std::unique_ptr' instead [-Wdeprecated-declarations]
   22 |   const std::auto_ptr< MultiReaderLockImpl > impl_;
      |              ^~~~~~~~
In file included from /usr/lib/gcc/x86_64-pc-linux-gnu/15/include/g++-v15/memory:80,
                 from /home/vitaly/p/Prime-World/pw/branches/r1117/Src/System/../System/MultiReaderLock.h:3:
/usr/lib/gcc/x86_64-pc-linux-gnu/15/include/g++-v15/bits/unique_ptr.h:58:28: note: declared here
   58 |   template<typename> class auto_ptr;
      |                            ^~~~~~~~
In file included from /home/vitaly/p/Prime-World/pw/branches/r1117/Src/System/systemStdAfx.h:162:
/home/vitaly/p/Prime-World/pw/branches/r1117/Src/System/../System/ncircular_buffer.h:293:15: warning: ‘template<class _Category, class _Tp, class _Distance, class _Pointer, class _Reference> struct std::iterator’ is deprecated [-Wdeprecated-declarations]
  293 | : public std::iterator<std::random_access_iterator_tag,
      |               ^~~~~~~~
In file included from /usr/lib/gcc/x86_64-pc-linux-gnu/15/include/g++-v15/bits/stl_algobase.h:65,
                 from /usr/lib/gcc/x86_64-pc-linux-gnu/15/include/g++-v15/bits/specfun.h:43,
                 from /usr/lib/gcc/x86_64-pc-linux-gnu/15/include/g++-v15/cmath:3913,
                 from /usr/lib/gcc/x86_64-pc-linux-gnu/15/include/g++-v15/math.h:36,
                 from /home/vitaly/p/Prime-World/pw/branches/r1117/Src/System/Win32_linux.h:9,
                 from /home/vitaly/p/Prime-World/pw/branches/r1117/Src/System/config.h:51,
                 from /home/vitaly/p/Prime-World/pw/branches/r1117/Src/System/systemStdAfx.h:4:
/usr/lib/gcc/x86_64-pc-linux-gnu/15/include/g++-v15/bits/stl_iterator_base_types.h:129:34: note: declared here
  129 |     struct _GLIBCXX17_DEPRECATED iterator
      |                                  ^~~~~~~~
[  6%] Building CXX object CMakeFiles/PrimeWorld.dir/Network/RUDP/UdpAddr.cpp.o
In file included from /home/vitaly/p/Prime-World/pw/branches/r1117/Src/System/../System/Logger.h:7,
                 from /home/vitaly/p/Prime-World/pw/branches/r1117/Src/System/systemStdAfx.h:77,
                 from /home/vitaly/p/Prime-World/pw/branches/r1117/Src/Network/RUDP/stdafx.h:3,
                 from /home/vitaly/p/Prime-World/pw/branches/r1117/Src/Network/RUDP/UdpAddr.cpp:1:
/home/vitaly/p/Prime-World/pw/branches/r1117/Src/System/../System/MultiReaderLock.h:22:14: warning: ‘template<class> class std::auto_ptr’ is deprecated: use 'std::unique_ptr' instead [-Wdeprecated-declarations]
   22 |   const std::auto_ptr< MultiReaderLockImpl > impl_;
      |              ^~~~~~~~
In file included from /usr/lib/gcc/x86_64-pc-linux-gnu/15/include/g++-v15/memory:80,
                 from /home/vitaly/p/Prime-World/pw/branches/r1117/Src/System/../System/MultiReaderLock.h:3:
/usr/lib/gcc/x86_64-pc-linux-gnu/15/include/g++-v15/bits/unique_ptr.h:58:28: note: declared here
   58 |   template<typename> class auto_ptr;
      |                            ^~~~~~~~
In file included from /home/vitaly/p/Prime-World/pw/branches/r1117/Src/System/systemStdAfx.h:162:
/home/vitaly/p/Prime-World/pw/branches/r1117/Src/System/../System/ncircular_buffer.h:293:15: warning: ‘template<class _Category, class _Tp, class _Distance, class _Pointer, class _Reference> struct std::iterator’ is deprecated [-Wdeprecated-declarations]
  293 | : public std::iterator<std::random_access_iterator_tag,
      |               ^~~~~~~~
In file included from /usr/lib/gcc/x86_64-pc-linux-gnu/15/include/g++-v15/bits/stl_algobase.h:65,
                 from /usr/lib/gcc/x86_64-pc-linux-gnu/15/include/g++-v15/bits/specfun.h:43,
                 from /usr/lib/gcc/x86_64-pc-linux-gnu/15/include/g++-v15/cmath:3913,
                 from /usr/lib/gcc/x86_64-pc-linux-gnu/15/include/g++-v15/math.h:36,
                 from /home/vitaly/p/Prime-World/pw/branches/r1117/Src/System/Win32_linux.h:9,
                 from /home/vitaly/p/Prime-World/pw/branches/r1117/Src/System/config.h:51,
                 from /home/vitaly/p/Prime-World/pw/branches/r1117/Src/System/systemStdAfx.h:4:
/usr/lib/gcc/x86_64-pc-linux-gnu/15/include/g++-v15/bits/stl_iterator_base_types.h:129:34: note: declared here
  129 |     struct _GLIBCXX17_DEPRECATED iterator
      |                                  ^~~~~~~~
[  6%] Building CXX object CMakeFiles/PrimeWorld.dir/Network/RUDP/UdpSocket.cpp.o
In file included from /home/vitaly/p/Prime-World/pw/branches/r1117/Src/System/../System/Logger.h:7,
                 from /home/vitaly/p/Prime-World/pw/branches/r1117/Src/System/systemStdAfx.h:77,
                 from /home/vitaly/p/Prime-World/pw/branches/r1117/Src/Network/RUDP/stdafx.h:3,
                 from /home/vitaly/p/Prime-World/pw/branches/r1117/Src/Network/RUDP/UdpSocket.cpp:1:
/home/vitaly/p/Prime-World/pw/branches/r1117/Src/System/../System/MultiReaderLock.h:22:14: warning: ‘template<class> class std::auto_ptr’ is deprecated: use 'std::unique_ptr' instead [-Wdeprecated-declarations]
   22 |   const std::auto_ptr< MultiReaderLockImpl > impl_;
      |              ^~~~~~~~
In file included from /usr/lib/gcc/x86_64-pc-linux-gnu/15/include/g++-v15/memory:80,
                 from /home/vitaly/p/Prime-World/pw/branches/r1117/Src/System/../System/MultiReaderLock.h:3:
/usr/lib/gcc/x86_64-pc-linux-gnu/15/include/g++-v15/bits/unique_ptr.h:58:28: note: declared here
   58 |   template<typename> class auto_ptr;
      |                            ^~~~~~~~
In file included from /home/vitaly/p/Prime-World/pw/branches/r1117/Src/System/systemStdAfx.h:162:
/home/vitaly/p/Prime-World/pw/branches/r1117/Src/System/../System/ncircular_buffer.h:293:15: warning: ‘template<class _Category, class _Tp, class _Distance, class _Pointer, class _Reference> struct std::iterator’ is deprecated [-Wdeprecated-declarations]
  293 | : public std::iterator<std::random_access_iterator_tag,
      |               ^~~~~~~~
In file included from /usr/lib/gcc/x86_64-pc-linux-gnu/15/include/g++-v15/bits/stl_algobase.h:65,
                 from /usr/lib/gcc/x86_64-pc-linux-gnu/15/include/g++-v15/bits/specfun.h:43,
                 from /usr/lib/gcc/x86_64-pc-linux-gnu/15/include/g++-v15/cmath:3913,
                 from /usr/lib/gcc/x86_64-pc-linux-gnu/15/include/g++-v15/math.h:36,
                 from /home/vitaly/p/Prime-World/pw/branches/r1117/Src/System/Win32_linux.h:9,
                 from /home/vitaly/p/Prime-World/pw/branches/r1117/Src/System/config.h:51,
                 from /home/vitaly/p/Prime-World/pw/branches/r1117/Src/System/systemStdAfx.h:4:
/usr/lib/gcc/x86_64-pc-linux-gnu/15/include/g++-v15/bits/stl_iterator_base_types.h:129:34: note: declared here
  129 |     struct _GLIBCXX17_DEPRECATED iterator
      |                                  ^~~~~~~~
[  7%] Building CXX object CMakeFiles/PrimeWorld.dir/Network/RUDP/stdafx.cpp.o
In file included from /home/vitaly/p/Prime-World/pw/branches/r1117/Src/System/../System/Logger.h:7,
                 from /home/vitaly/p/Prime-World/pw/branches/r1117/Src/System/systemStdAfx.h:77,
                 from /home/vitaly/p/Prime-World/pw/branches/r1117/Src/Network/RUDP/stdafx.h:3,
                 from /home/vitaly/p/Prime-World/pw/branches/r1117/Src/Network/RUDP/stdafx.cpp:1:
/home/vitaly/p/Prime-World/pw/branches/r1117/Src/System/../System/MultiReaderLock.h:22:14: warning: ‘template<class> class std::auto_ptr’ is deprecated: use 'std::unique_ptr' instead [-Wdeprecated-declarations]
   22 |   const std::auto_ptr< MultiReaderLockImpl > impl_;
      |              ^~~~~~~~
In file included from /usr/lib/gcc/x86_64-pc-linux-gnu/15/include/g++-v15/memory:80,
                 from /home/vitaly/p/Prime-World/pw/branches/r1117/Src/System/../System/MultiReaderLock.h:3:
/usr/lib/gcc/x86_64-pc-linux-gnu/15/include/g++-v15/bits/unique_ptr.h:58:28: note: declared here
   58 |   template<typename> class auto_ptr;
      |                            ^~~~~~~~
In file included from /home/vitaly/p/Prime-World/pw/branches/r1117/Src/System/systemStdAfx.h:162:
/home/vitaly/p/Prime-World/pw/branches/r1117/Src/System/../System/ncircular_buffer.h:293:15: warning: ‘template<class _Category, class _Tp, class _Distance, class _Pointer, class _Reference> struct std::iterator’ is deprecated [-Wdeprecated-declarations]
  293 | : public std::iterator<std::random_access_iterator_tag,
      |               ^~~~~~~~
In file included from /usr/lib/gcc/x86_64-pc-linux-gnu/15/include/g++-v15/bits/stl_algobase.h:65,
                 from /usr/lib/gcc/x86_64-pc-linux-gnu/15/include/g++-v15/bits/specfun.h:43,
                 from /usr/lib/gcc/x86_64-pc-linux-gnu/15/include/g++-v15/cmath:3913,
                 from /usr/lib/gcc/x86_64-pc-linux-gnu/15/include/g++-v15/math.h:36,
                 from /home/vitaly/p/Prime-World/pw/branches/r1117/Src/System/Win32_linux.h:9,
                 from /home/vitaly/p/Prime-World/pw/branches/r1117/Src/System/config.h:51,
                 from /home/vitaly/p/Prime-World/pw/branches/r1117/Src/System/systemStdAfx.h:4:
/usr/lib/gcc/x86_64-pc-linux-gnu/15/include/g++-v15/bits/stl_iterator_base_types.h:129:34: note: declared here
  129 |     struct _GLIBCXX17_DEPRECATED iterator
      |                                  ^~~~~~~~
[  7%] Building CXX object CMakeFiles/PrimeWorld.dir/Network/RdpClientTransport/RdpClientChannel.cpp.o
In file included from /home/vitaly/p/Prime-World/pw/branches/r1117/Src/System/../System/Logger.h:7,
                 from /home/vitaly/p/Prime-World/pw/branches/r1117/Src/System/systemStdAfx.h:77,
                 from /home/vitaly/p/Prime-World/pw/branches/r1117/Src/Network/RdpClientTransport/stdafx.h:3,
                 from /home/vitaly/p/Prime-World/pw/branches/r1117/Src/Network/RdpClientTransport/RdpClientChannel.cpp:1:
/home/vitaly/p/Prime-World/pw/branches/r1117/Src/System/../System/MultiReaderLock.h:22:14: warning: ‘template<class> class std::auto_ptr’ is deprecated: use 'std::unique_ptr' instead [-Wdeprecated-declarations]
   22 |   const std::auto_ptr< MultiReaderLockImpl > impl_;
      |              ^~~~~~~~
In file included from /usr/lib/gcc/x86_64-pc-linux-gnu/15/include/g++-v15/memory:80,
                 from /home/vitaly/p/Prime-World/pw/branches/r1117/Src/System/../System/MultiReaderLock.h:3:
/usr/lib/gcc/x86_64-pc-linux-gnu/15/include/g++-v15/bits/unique_ptr.h:58:28: note: declared here
   58 |   template<typename> class auto_ptr;
      |                            ^~~~~~~~
In file included from /home/vitaly/p/Prime-World/pw/branches/r1117/Src/System/systemStdAfx.h:162:
/home/vitaly/p/Prime-World/pw/branches/r1117/Src/System/../System/ncircular_buffer.h:293:15: warning: ‘template<class _Category, class _Tp, class _Distance, class _Pointer, class _Reference> struct std::iterator’ is deprecated [-Wdeprecated-declarations]
  293 | : public std::iterator<std::random_access_iterator_tag,
      |               ^~~~~~~~
In file included from /usr/lib/gcc/x86_64-pc-linux-gnu/15/include/g++-v15/bits/stl_algobase.h:65,
                 from /usr/lib/gcc/x86_64-pc-linux-gnu/15/include/g++-v15/bits/specfun.h:43,
                 from /usr/lib/gcc/x86_64-pc-linux-gnu/15/include/g++-v15/cmath:3913,
                 from /usr/lib/gcc/x86_64-pc-linux-gnu/15/include/g++-v15/math.h:36,
                 from /home/vitaly/p/Prime-World/pw/branches/r1117/Src/System/Win32_linux.h:9,
                 from /home/vitaly/p/Prime-World/pw/branches/r1117/Src/System/config.h:51,
                 from /home/vitaly/p/Prime-World/pw/branches/r1117/Src/System/systemStdAfx.h:4:
/usr/lib/gcc/x86_64-pc-linux-gnu/15/include/g++-v15/bits/stl_iterator_base_types.h:129:34: note: declared here
  129 |     struct _GLIBCXX17_DEPRECATED iterator
      |                                  ^~~~~~~~
[  7%] Building CXX object CMakeFiles/PrimeWorld.dir/Network/RdpClientTransport/RdpClientTransport.cpp.o
In file included from /home/vitaly/p/Prime-World/pw/branches/r1117/Src/System/../System/Logger.h:7,
                 from /home/vitaly/p/Prime-World/pw/branches/r1117/Src/System/systemStdAfx.h:77,
                 from /home/vitaly/p/Prime-World/pw/branches/r1117/Src/Network/RdpClientTransport/stdafx.h:3,
                 from /home/vitaly/p/Prime-World/pw/branches/r1117/Src/Network/RdpClientTransport/RdpClientTransport.cpp:1:
/home/vitaly/p/Prime-World/pw/branches/r1117/Src/System/../System/MultiReaderLock.h:22:14: warning: ‘template<class> class std::auto_ptr’ is deprecated: use 'std::unique_ptr' instead [-Wdeprecated-declarations]
   22 |   const std::auto_ptr< MultiReaderLockImpl > impl_;
      |              ^~~~~~~~
In file included from /usr/lib/gcc/x86_64-pc-linux-gnu/15/include/g++-v15/memory:80,
                 from /home/vitaly/p/Prime-World/pw/branches/r1117/Src/System/../System/MultiReaderLock.h:3:
/usr/lib/gcc/x86_64-pc-linux-gnu/15/include/g++-v15/bits/unique_ptr.h:58:28: note: declared here
   58 |   template<typename> class auto_ptr;
      |                            ^~~~~~~~
In file included from /home/vitaly/p/Prime-World/pw/branches/r1117/Src/System/systemStdAfx.h:162:
/home/vitaly/p/Prime-World/pw/branches/r1117/Src/System/../System/ncircular_buffer.h:293:15: warning: ‘template<class _Category, class _Tp, class _Distance, class _Pointer, class _Reference> struct std::iterator’ is deprecated [-Wdeprecated-declarations]
  293 | : public std::iterator<std::random_access_iterator_tag,
      |               ^~~~~~~~
In file included from /usr/lib/gcc/x86_64-pc-linux-gnu/15/include/g++-v15/bits/stl_algobase.h:65,
                 from /usr/lib/gcc/x86_64-pc-linux-gnu/15/include/g++-v15/bits/specfun.h:43,
                 from /usr/lib/gcc/x86_64-pc-linux-gnu/15/include/g++-v15/cmath:3913,
                 from /usr/lib/gcc/x86_64-pc-linux-gnu/15/include/g++-v15/math.h:36,
                 from /home/vitaly/p/Prime-World/pw/branches/r1117/Src/System/Win32_linux.h:9,
                 from /home/vitaly/p/Prime-World/pw/branches/r1117/Src/System/config.h:51,
                 from /home/vitaly/p/Prime-World/pw/branches/r1117/Src/System/systemStdAfx.h:4:
/usr/lib/gcc/x86_64-pc-linux-gnu/15/include/g++-v15/bits/stl_iterator_base_types.h:129:34: note: declared here
  129 |     struct _GLIBCXX17_DEPRECATED iterator
      |                                  ^~~~~~~~
[  7%] Building CXX object CMakeFiles/PrimeWorld.dir/Network/RdpClientTransport/RdpLoginClient.cpp.o
In file included from /home/vitaly/p/Prime-World/pw/branches/r1117/Src/System/../System/Logger.h:7,
                 from /home/vitaly/p/Prime-World/pw/branches/r1117/Src/System/systemStdAfx.h:77,
                 from /home/vitaly/p/Prime-World/pw/branches/r1117/Src/Network/RdpClientTransport/stdafx.h:3,
                 from /home/vitaly/p/Prime-World/pw/branches/r1117/Src/Network/RdpClientTransport/RdpLoginClient.cpp:1:
/home/vitaly/p/Prime-World/pw/branches/r1117/Src/System/../System/MultiReaderLock.h:22:14: warning: ‘template<class> class std::auto_ptr’ is deprecated: use 'std::unique_ptr' instead [-Wdeprecated-declarations]
   22 |   const std::auto_ptr< MultiReaderLockImpl > impl_;
      |              ^~~~~~~~
In file included from /usr/lib/gcc/x86_64-pc-linux-gnu/15/include/g++-v15/memory:80,
                 from /home/vitaly/p/Prime-World/pw/branches/r1117/Src/System/../System/MultiReaderLock.h:3:
/usr/lib/gcc/x86_64-pc-linux-gnu/15/include/g++-v15/bits/unique_ptr.h:58:28: note: declared here
   58 |   template<typename> class auto_ptr;
      |                            ^~~~~~~~
In file included from /home/vitaly/p/Prime-World/pw/branches/r1117/Src/System/systemStdAfx.h:162:
/home/vitaly/p/Prime-World/pw/branches/r1117/Src/System/../System/ncircular_buffer.h:293:15: warning: ‘template<class _Category, class _Tp, class _Distance, class _Pointer, class _Reference> struct std::iterator’ is deprecated [-Wdeprecated-declarations]
  293 | : public std::iterator<std::random_access_iterator_tag,
      |               ^~~~~~~~
In file included from /usr/lib/gcc/x86_64-pc-linux-gnu/15/include/g++-v15/bits/stl_algobase.h:65,
                 from /usr/lib/gcc/x86_64-pc-linux-gnu/15/include/g++-v15/bits/specfun.h:43,
                 from /usr/lib/gcc/x86_64-pc-linux-gnu/15/include/g++-v15/cmath:3913,
                 from /usr/lib/gcc/x86_64-pc-linux-gnu/15/include/g++-v15/math.h:36,
                 from /home/vitaly/p/Prime-World/pw/branches/r1117/Src/System/Win32_linux.h:9,
                 from /home/vitaly/p/Prime-World/pw/branches/r1117/Src/System/config.h:51,
                 from /home/vitaly/p/Prime-World/pw/branches/r1117/Src/System/systemStdAfx.h:4:
/usr/lib/gcc/x86_64-pc-linux-gnu/15/include/g++-v15/bits/stl_iterator_base_types.h:129:34: note: declared here
  129 |     struct _GLIBCXX17_DEPRECATED iterator
      |                                  ^~~~~~~~
[  7%] Building CXX object CMakeFiles/PrimeWorld.dir/Network/SSLEncoder.cpp.o
In file included from /home/vitaly/p/Prime-World/pw/branches/r1117/Src/System/../System/Logger.h:7,
                 from /home/vitaly/p/Prime-World/pw/branches/r1117/Src/System/systemStdAfx.h:77,
                 from /home/vitaly/p/Prime-World/pw/branches/r1117/Src/Network/stdafx.h:4,
                 from /home/vitaly/p/Prime-World/pw/branches/r1117/Src/Network/SSLEncoder.cpp:1:
/home/vitaly/p/Prime-World/pw/branches/r1117/Src/System/../System/MultiReaderLock.h:22:14: warning: ‘template<class> class std::auto_ptr’ is deprecated: use 'std::unique_ptr' instead [-Wdeprecated-declarations]
   22 |   const std::auto_ptr< MultiReaderLockImpl > impl_;
      |              ^~~~~~~~
In file included from /usr/lib/gcc/x86_64-pc-linux-gnu/15/include/g++-v15/memory:80,
                 from /home/vitaly/p/Prime-World/pw/branches/r1117/Src/System/../System/MultiReaderLock.h:3:
/usr/lib/gcc/x86_64-pc-linux-gnu/15/include/g++-v15/bits/unique_ptr.h:58:28: note: declared here
   58 |   template<typename> class auto_ptr;
      |                            ^~~~~~~~
In file included from /home/vitaly/p/Prime-World/pw/branches/r1117/Src/System/systemStdAfx.h:162:
/home/vitaly/p/Prime-World/pw/branches/r1117/Src/System/../System/ncircular_buffer.h:293:15: warning: ‘template<class _Category, class _Tp, class _Distance, class _Pointer, class _Reference> struct std::iterator’ is deprecated [-Wdeprecated-declarations]
  293 | : public std::iterator<std::random_access_iterator_tag,
      |               ^~~~~~~~
In file included from /usr/lib/gcc/x86_64-pc-linux-gnu/15/include/g++-v15/bits/stl_algobase.h:65,
                 from /usr/lib/gcc/x86_64-pc-linux-gnu/15/include/g++-v15/bits/specfun.h:43,
                 from /usr/lib/gcc/x86_64-pc-linux-gnu/15/include/g++-v15/cmath:3913,
                 from /usr/lib/gcc/x86_64-pc-linux-gnu/15/include/g++-v15/math.h:36,
                 from /home/vitaly/p/Prime-World/pw/branches/r1117/Src/System/Win32_linux.h:9,
                 from /home/vitaly/p/Prime-World/pw/branches/r1117/Src/System/config.h:51,
                 from /home/vitaly/p/Prime-World/pw/branches/r1117/Src/System/systemStdAfx.h:4:
/usr/lib/gcc/x86_64-pc-linux-gnu/15/include/g++-v15/bits/stl_iterator_base_types.h:129:34: note: declared here
  129 |     struct _GLIBCXX17_DEPRECATED iterator
      |                                  ^~~~~~~~
[  7%] Building CXX object CMakeFiles/PrimeWorld.dir/Network/SecondaryRelayCtx.cpp.o
In file included from /home/vitaly/p/Prime-World/pw/branches/r1117/Src/System/../System/Logger.h:7,
                 from /home/vitaly/p/Prime-World/pw/branches/r1117/Src/System/systemStdAfx.h:77,
                 from /home/vitaly/p/Prime-World/pw/branches/r1117/Src/Server/NetworkAIO/transport/stdafx.h:3,
                 from /home/vitaly/p/Prime-World/pw/branches/r1117/Src/Network/SecondaryRelayCtx.cpp:1:
/home/vitaly/p/Prime-World/pw/branches/r1117/Src/System/../System/MultiReaderLock.h:22:14: warning: ‘template<class> class std::auto_ptr’ is deprecated: use 'std::unique_ptr' instead [-Wdeprecated-declarations]
   22 |   const std::auto_ptr< MultiReaderLockImpl > impl_;
      |              ^~~~~~~~
In file included from /usr/lib/gcc/x86_64-pc-linux-gnu/15/include/g++-v15/memory:80,
                 from /home/vitaly/p/Prime-World/pw/branches/r1117/Src/System/../System/MultiReaderLock.h:3:
/usr/lib/gcc/x86_64-pc-linux-gnu/15/include/g++-v15/bits/unique_ptr.h:58:28: note: declared here
   58 |   template<typename> class auto_ptr;
      |                            ^~~~~~~~
In file included from /home/vitaly/p/Prime-World/pw/branches/r1117/Src/System/systemStdAfx.h:162:
/home/vitaly/p/Prime-World/pw/branches/r1117/Src/System/../System/ncircular_buffer.h:293:15: warning: ‘template<class _Category, class _Tp, class _Distance, class _Pointer, class _Reference> struct std::iterator’ is deprecated [-Wdeprecated-declarations]
  293 | : public std::iterator<std::random_access_iterator_tag,
      |               ^~~~~~~~
In file included from /usr/lib/gcc/x86_64-pc-linux-gnu/15/include/g++-v15/bits/stl_algobase.h:65,
                 from /usr/lib/gcc/x86_64-pc-linux-gnu/15/include/g++-v15/bits/specfun.h:43,
                 from /usr/lib/gcc/x86_64-pc-linux-gnu/15/include/g++-v15/cmath:3913,
                 from /usr/lib/gcc/x86_64-pc-linux-gnu/15/include/g++-v15/math.h:36,
                 from /home/vitaly/p/Prime-World/pw/branches/r1117/Src/System/Win32_linux.h:9,
                 from /home/vitaly/p/Prime-World/pw/branches/r1117/Src/System/config.h:51,
                 from /home/vitaly/p/Prime-World/pw/branches/r1117/Src/System/systemStdAfx.h:4:
/usr/lib/gcc/x86_64-pc-linux-gnu/15/include/g++-v15/bits/stl_iterator_base_types.h:129:34: note: declared here
  129 |     struct _GLIBCXX17_DEPRECATED iterator
      |                                  ^~~~~~~~
/home/vitaly/p/Prime-World/pw/branches/r1117/Src/Network/SecondaryRelayCtx.cpp: In constructor ‘Transport::SecondaryRelayCtx::SecondaryRelayCtx(const StrongMT<Network::INetworkDriver>&, const Login::ClientVersion&, const StrongMT<Transport::ITransportSystem>&)’:
/home/vitaly/p/Prime-World/pw/branches/r1117/Src/Network/SecondaryRelayCtx.cpp:14:13: warning: ISO C++ forbids converting a string constant to ‘char*’ [-Wwrite-strings]
   14 |     logTag_("[SecondaryRelayCtx]"),
      |             ^~~~~~~~~~~~~~~~~~~~~
[  7%] Building CXX object CMakeFiles/PrimeWorld.dir/Network/StreamAllocator.cpp.o
In file included from /home/vitaly/p/Prime-World/pw/branches/r1117/Src/System/../System/Logger.h:7,
                 from /home/vitaly/p/Prime-World/pw/branches/r1117/Src/System/systemStdAfx.h:77,
                 from /home/vitaly/p/Prime-World/pw/branches/r1117/Src/Network/stdafx.h:4,
                 from /home/vitaly/p/Prime-World/pw/branches/r1117/Src/Network/StreamAllocator.cpp:1:
/home/vitaly/p/Prime-World/pw/branches/r1117/Src/System/../System/MultiReaderLock.h:22:14: warning: ‘template<class> class std::auto_ptr’ is deprecated: use 'std::unique_ptr' instead [-Wdeprecated-declarations]
   22 |   const std::auto_ptr< MultiReaderLockImpl > impl_;
      |              ^~~~~~~~
In file included from /usr/lib/gcc/x86_64-pc-linux-gnu/15/include/g++-v15/memory:80,
                 from /home/vitaly/p/Prime-World/pw/branches/r1117/Src/System/../System/MultiReaderLock.h:3:
/usr/lib/gcc/x86_64-pc-linux-gnu/15/include/g++-v15/bits/unique_ptr.h:58:28: note: declared here
   58 |   template<typename> class auto_ptr;
      |                            ^~~~~~~~
In file included from /home/vitaly/p/Prime-World/pw/branches/r1117/Src/System/systemStdAfx.h:162:
/home/vitaly/p/Prime-World/pw/branches/r1117/Src/System/../System/ncircular_buffer.h:293:15: warning: ‘template<class _Category, class _Tp, class _Distance, class _Pointer, class _Reference> struct std::iterator’ is deprecated [-Wdeprecated-declarations]
  293 | : public std::iterator<std::random_access_iterator_tag,
      |               ^~~~~~~~
In file included from /usr/lib/gcc/x86_64-pc-linux-gnu/15/include/g++-v15/bits/stl_algobase.h:65,
                 from /usr/lib/gcc/x86_64-pc-linux-gnu/15/include/g++-v15/bits/specfun.h:43,
                 from /usr/lib/gcc/x86_64-pc-linux-gnu/15/include/g++-v15/cmath:3913,
                 from /usr/lib/gcc/x86_64-pc-linux-gnu/15/include/g++-v15/math.h:36,
                 from /home/vitaly/p/Prime-World/pw/branches/r1117/Src/System/Win32_linux.h:9,
                 from /home/vitaly/p/Prime-World/pw/branches/r1117/Src/System/config.h:51,
                 from /home/vitaly/p/Prime-World/pw/branches/r1117/Src/System/systemStdAfx.h:4:
/usr/lib/gcc/x86_64-pc-linux-gnu/15/include/g++-v15/bits/stl_iterator_base_types.h:129:34: note: declared here
  129 |     struct _GLIBCXX17_DEPRECATED iterator
      |                                  ^~~~~~~~
[  7%] Building CXX object CMakeFiles/PrimeWorld.dir/Network/TransportAddress.cpp.o
In file included from /home/vitaly/p/Prime-World/pw/branches/r1117/Src/System/../System/Logger.h:7,
                 from /home/vitaly/p/Prime-World/pw/branches/r1117/Src/System/systemStdAfx.h:77,
                 from /home/vitaly/p/Prime-World/pw/branches/r1117/Src/Network/stdafx.h:4,
                 from /home/vitaly/p/Prime-World/pw/branches/r1117/Src/Network/TransportAddress.cpp:1:
/home/vitaly/p/Prime-World/pw/branches/r1117/Src/System/../System/MultiReaderLock.h:22:14: warning: ‘template<class> class std::auto_ptr’ is deprecated: use 'std::unique_ptr' instead [-Wdeprecated-declarations]
   22 |   const std::auto_ptr< MultiReaderLockImpl > impl_;
      |              ^~~~~~~~
In file included from /usr/lib/gcc/x86_64-pc-linux-gnu/15/include/g++-v15/memory:80,
                 from /home/vitaly/p/Prime-World/pw/branches/r1117/Src/System/../System/MultiReaderLock.h:3:
/usr/lib/gcc/x86_64-pc-linux-gnu/15/include/g++-v15/bits/unique_ptr.h:58:28: note: declared here
   58 |   template<typename> class auto_ptr;
      |                            ^~~~~~~~
In file included from /home/vitaly/p/Prime-World/pw/branches/r1117/Src/System/systemStdAfx.h:162:
/home/vitaly/p/Prime-World/pw/branches/r1117/Src/System/../System/ncircular_buffer.h:293:15: warning: ‘template<class _Category, class _Tp, class _Distance, class _Pointer, class _Reference> struct std::iterator’ is deprecated [-Wdeprecated-declarations]
  293 | : public std::iterator<std::random_access_iterator_tag,
      |               ^~~~~~~~
In file included from /usr/lib/gcc/x86_64-pc-linux-gnu/15/include/g++-v15/bits/stl_algobase.h:65,
                 from /usr/lib/gcc/x86_64-pc-linux-gnu/15/include/g++-v15/bits/specfun.h:43,
                 from /usr/lib/gcc/x86_64-pc-linux-gnu/15/include/g++-v15/cmath:3913,
                 from /usr/lib/gcc/x86_64-pc-linux-gnu/15/include/g++-v15/math.h:36,
                 from /home/vitaly/p/Prime-World/pw/branches/r1117/Src/System/Win32_linux.h:9,
                 from /home/vitaly/p/Prime-World/pw/branches/r1117/Src/System/config.h:51,
                 from /home/vitaly/p/Prime-World/pw/branches/r1117/Src/System/systemStdAfx.h:4:
/usr/lib/gcc/x86_64-pc-linux-gnu/15/include/g++-v15/bits/stl_iterator_base_types.h:129:34: note: declared here
  129 |     struct _GLIBCXX17_DEPRECATED iterator
      |                                  ^~~~~~~~
[  7%] Building CXX object CMakeFiles/PrimeWorld.dir/Network/TransportBase.cpp.o
In file included from /home/vitaly/p/Prime-World/pw/branches/r1117/Src/System/../System/Logger.h:7,
                 from /home/vitaly/p/Prime-World/pw/branches/r1117/Src/System/systemStdAfx.h:77,
                 from /home/vitaly/p/Prime-World/pw/branches/r1117/Src/Network/stdafx.h:4,
                 from /home/vitaly/p/Prime-World/pw/branches/r1117/Src/Network/TransportBase.cpp:1:
/home/vitaly/p/Prime-World/pw/branches/r1117/Src/System/../System/MultiReaderLock.h:22:14: warning: ‘template<class> class std::auto_ptr’ is deprecated: use 'std::unique_ptr' instead [-Wdeprecated-declarations]
   22 |   const std::auto_ptr< MultiReaderLockImpl > impl_;
      |              ^~~~~~~~
In file included from /usr/lib/gcc/x86_64-pc-linux-gnu/15/include/g++-v15/memory:80,
                 from /home/vitaly/p/Prime-World/pw/branches/r1117/Src/System/../System/MultiReaderLock.h:3:
/usr/lib/gcc/x86_64-pc-linux-gnu/15/include/g++-v15/bits/unique_ptr.h:58:28: note: declared here
   58 |   template<typename> class auto_ptr;
      |                            ^~~~~~~~
In file included from /home/vitaly/p/Prime-World/pw/branches/r1117/Src/System/systemStdAfx.h:162:
/home/vitaly/p/Prime-World/pw/branches/r1117/Src/System/../System/ncircular_buffer.h:293:15: warning: ‘template<class _Category, class _Tp, class _Distance, class _Pointer, class _Reference> struct std::iterator’ is deprecated [-Wdeprecated-declarations]
  293 | : public std::iterator<std::random_access_iterator_tag,
      |               ^~~~~~~~
In file included from /usr/lib/gcc/x86_64-pc-linux-gnu/15/include/g++-v15/bits/stl_algobase.h:65,
                 from /usr/lib/gcc/x86_64-pc-linux-gnu/15/include/g++-v15/bits/specfun.h:43,
                 from /usr/lib/gcc/x86_64-pc-linux-gnu/15/include/g++-v15/cmath:3913,
                 from /usr/lib/gcc/x86_64-pc-linux-gnu/15/include/g++-v15/math.h:36,
                 from /home/vitaly/p/Prime-World/pw/branches/r1117/Src/System/Win32_linux.h:9,
                 from /home/vitaly/p/Prime-World/pw/branches/r1117/Src/System/config.h:51,
                 from /home/vitaly/p/Prime-World/pw/branches/r1117/Src/System/systemStdAfx.h:4:
/usr/lib/gcc/x86_64-pc-linux-gnu/15/include/g++-v15/bits/stl_iterator_base_types.h:129:34: note: declared here
  129 |     struct _GLIBCXX17_DEPRECATED iterator
      |                                  ^~~~~~~~
[  7%] Building CXX object CMakeFiles/PrimeWorld.dir/Network/TransportChannel.cpp.o
In file included from /home/vitaly/p/Prime-World/pw/branches/r1117/Src/System/../System/Logger.h:7,
                 from /home/vitaly/p/Prime-World/pw/branches/r1117/Src/System/systemStdAfx.h:77,
                 from /home/vitaly/p/Prime-World/pw/branches/r1117/Src/Network/stdafx.h:4,
                 from /home/vitaly/p/Prime-World/pw/branches/r1117/Src/Network/TransportChannel.cpp:1:
/home/vitaly/p/Prime-World/pw/branches/r1117/Src/System/../System/MultiReaderLock.h:22:14: warning: ‘template<class> class std::auto_ptr’ is deprecated: use 'std::unique_ptr' instead [-Wdeprecated-declarations]
   22 |   const std::auto_ptr< MultiReaderLockImpl > impl_;
      |              ^~~~~~~~
In file included from /usr/lib/gcc/x86_64-pc-linux-gnu/15/include/g++-v15/memory:80,
                 from /home/vitaly/p/Prime-World/pw/branches/r1117/Src/System/../System/MultiReaderLock.h:3:
/usr/lib/gcc/x86_64-pc-linux-gnu/15/include/g++-v15/bits/unique_ptr.h:58:28: note: declared here
   58 |   template<typename> class auto_ptr;
      |                            ^~~~~~~~
In file included from /home/vitaly/p/Prime-World/pw/branches/r1117/Src/System/systemStdAfx.h:162:
/home/vitaly/p/Prime-World/pw/branches/r1117/Src/System/../System/ncircular_buffer.h:293:15: warning: ‘template<class _Category, class _Tp, class _Distance, class _Pointer, class _Reference> struct std::iterator’ is deprecated [-Wdeprecated-declarations]
  293 | : public std::iterator<std::random_access_iterator_tag,
      |               ^~~~~~~~
In file included from /usr/lib/gcc/x86_64-pc-linux-gnu/15/include/g++-v15/bits/stl_algobase.h:65,
                 from /usr/lib/gcc/x86_64-pc-linux-gnu/15/include/g++-v15/bits/specfun.h:43,
                 from /usr/lib/gcc/x86_64-pc-linux-gnu/15/include/g++-v15/cmath:3913,
                 from /usr/lib/gcc/x86_64-pc-linux-gnu/15/include/g++-v15/math.h:36,
                 from /home/vitaly/p/Prime-World/pw/branches/r1117/Src/System/Win32_linux.h:9,
                 from /home/vitaly/p/Prime-World/pw/branches/r1117/Src/System/config.h:51,
                 from /home/vitaly/p/Prime-World/pw/branches/r1117/Src/System/systemStdAfx.h:4:
/usr/lib/gcc/x86_64-pc-linux-gnu/15/include/g++-v15/bits/stl_iterator_base_types.h:129:34: note: declared here
  129 |     struct _GLIBCXX17_DEPRECATED iterator
      |                                  ^~~~~~~~
[  7%] Building CXX object CMakeFiles/PrimeWorld.dir/Network/TransportChannelListener.cpp.o
In file included from /home/vitaly/p/Prime-World/pw/branches/r1117/Src/System/../System/Logger.h:7,
                 from /home/vitaly/p/Prime-World/pw/branches/r1117/Src/System/systemStdAfx.h:77,
                 from /home/vitaly/p/Prime-World/pw/branches/r1117/Src/Network/stdafx.h:4,
                 from /home/vitaly/p/Prime-World/pw/branches/r1117/Src/Network/TransportChannelListener.cpp:1:
/home/vitaly/p/Prime-World/pw/branches/r1117/Src/System/../System/MultiReaderLock.h:22:14: warning: ‘template<class> class std::auto_ptr’ is deprecated: use 'std::unique_ptr' instead [-Wdeprecated-declarations]
   22 |   const std::auto_ptr< MultiReaderLockImpl > impl_;
      |              ^~~~~~~~
In file included from /usr/lib/gcc/x86_64-pc-linux-gnu/15/include/g++-v15/memory:80,
                 from /home/vitaly/p/Prime-World/pw/branches/r1117/Src/System/../System/MultiReaderLock.h:3:
/usr/lib/gcc/x86_64-pc-linux-gnu/15/include/g++-v15/bits/unique_ptr.h:58:28: note: declared here
   58 |   template<typename> class auto_ptr;
      |                            ^~~~~~~~
In file included from /home/vitaly/p/Prime-World/pw/branches/r1117/Src/System/systemStdAfx.h:162:
/home/vitaly/p/Prime-World/pw/branches/r1117/Src/System/../System/ncircular_buffer.h:293:15: warning: ‘template<class _Category, class _Tp, class _Distance, class _Pointer, class _Reference> struct std::iterator’ is deprecated [-Wdeprecated-declarations]
  293 | : public std::iterator<std::random_access_iterator_tag,
      |               ^~~~~~~~
In file included from /usr/lib/gcc/x86_64-pc-linux-gnu/15/include/g++-v15/bits/stl_algobase.h:65,
                 from /usr/lib/gcc/x86_64-pc-linux-gnu/15/include/g++-v15/bits/specfun.h:43,
                 from /usr/lib/gcc/x86_64-pc-linux-gnu/15/include/g++-v15/cmath:3913,
                 from /usr/lib/gcc/x86_64-pc-linux-gnu/15/include/g++-v15/math.h:36,
                 from /home/vitaly/p/Prime-World/pw/branches/r1117/Src/System/Win32_linux.h:9,
                 from /home/vitaly/p/Prime-World/pw/branches/r1117/Src/System/config.h:51,
                 from /home/vitaly/p/Prime-World/pw/branches/r1117/Src/System/systemStdAfx.h:4:
/usr/lib/gcc/x86_64-pc-linux-gnu/15/include/g++-v15/bits/stl_iterator_base_types.h:129:34: note: declared here
  129 |     struct _GLIBCXX17_DEPRECATED iterator
      |                                  ^~~~~~~~
[  7%] Building CXX object CMakeFiles/PrimeWorld.dir/Network/TransportChannelType.cpp.o
In file included from /home/vitaly/p/Prime-World/pw/branches/r1117/Src/System/../System/Logger.h:7,
                 from /home/vitaly/p/Prime-World/pw/branches/r1117/Src/System/systemStdAfx.h:77,
                 from /home/vitaly/p/Prime-World/pw/branches/r1117/Src/Network/stdafx.h:4,
                 from /home/vitaly/p/Prime-World/pw/branches/r1117/Src/Network/TransportChannelType.cpp:1:
/home/vitaly/p/Prime-World/pw/branches/r1117/Src/System/../System/MultiReaderLock.h:22:14: warning: ‘template<class> class std::auto_ptr’ is deprecated: use 'std::unique_ptr' instead [-Wdeprecated-declarations]
   22 |   const std::auto_ptr< MultiReaderLockImpl > impl_;
      |              ^~~~~~~~
In file included from /usr/lib/gcc/x86_64-pc-linux-gnu/15/include/g++-v15/memory:80,
                 from /home/vitaly/p/Prime-World/pw/branches/r1117/Src/System/../System/MultiReaderLock.h:3:
/usr/lib/gcc/x86_64-pc-linux-gnu/15/include/g++-v15/bits/unique_ptr.h:58:28: note: declared here
   58 |   template<typename> class auto_ptr;
      |                            ^~~~~~~~
In file included from /home/vitaly/p/Prime-World/pw/branches/r1117/Src/System/systemStdAfx.h:162:
/home/vitaly/p/Prime-World/pw/branches/r1117/Src/System/../System/ncircular_buffer.h:293:15: warning: ‘template<class _Category, class _Tp, class _Distance, class _Pointer, class _Reference> struct std::iterator’ is deprecated [-Wdeprecated-declarations]
  293 | : public std::iterator<std::random_access_iterator_tag,
      |               ^~~~~~~~
In file included from /usr/lib/gcc/x86_64-pc-linux-gnu/15/include/g++-v15/bits/stl_algobase.h:65,
                 from /usr/lib/gcc/x86_64-pc-linux-gnu/15/include/g++-v15/bits/specfun.h:43,
                 from /usr/lib/gcc/x86_64-pc-linux-gnu/15/include/g++-v15/cmath:3913,
                 from /usr/lib/gcc/x86_64-pc-linux-gnu/15/include/g++-v15/math.h:36,
                 from /home/vitaly/p/Prime-World/pw/branches/r1117/Src/System/Win32_linux.h:9,
                 from /home/vitaly/p/Prime-World/pw/branches/r1117/Src/System/config.h:51,
                 from /home/vitaly/p/Prime-World/pw/branches/r1117/Src/System/systemStdAfx.h:4:
/usr/lib/gcc/x86_64-pc-linux-gnu/15/include/g++-v15/bits/stl_iterator_base_types.h:129:34: note: declared here
  129 |     struct _GLIBCXX17_DEPRECATED iterator
      |                                  ^~~~~~~~
[  7%] Building CXX object CMakeFiles/PrimeWorld.dir/Network/TransportDefaults.cpp.o
In file included from /home/vitaly/p/Prime-World/pw/branches/r1117/Src/System/../System/Logger.h:7,
                 from /home/vitaly/p/Prime-World/pw/branches/r1117/Src/System/systemStdAfx.h:77,
                 from /home/vitaly/p/Prime-World/pw/branches/r1117/Src/Network/stdafx.h:4,
                 from /home/vitaly/p/Prime-World/pw/branches/r1117/Src/Network/TransportDefaults.cpp:1:
/home/vitaly/p/Prime-World/pw/branches/r1117/Src/System/../System/MultiReaderLock.h:22:14: warning: ‘template<class> class std::auto_ptr’ is deprecated: use 'std::unique_ptr' instead [-Wdeprecated-declarations]
   22 |   const std::auto_ptr< MultiReaderLockImpl > impl_;
      |              ^~~~~~~~
In file included from /usr/lib/gcc/x86_64-pc-linux-gnu/15/include/g++-v15/memory:80,
                 from /home/vitaly/p/Prime-World/pw/branches/r1117/Src/System/../System/MultiReaderLock.h:3:
/usr/lib/gcc/x86_64-pc-linux-gnu/15/include/g++-v15/bits/unique_ptr.h:58:28: note: declared here
   58 |   template<typename> class auto_ptr;
      |                            ^~~~~~~~
In file included from /home/vitaly/p/Prime-World/pw/branches/r1117/Src/System/systemStdAfx.h:162:
/home/vitaly/p/Prime-World/pw/branches/r1117/Src/System/../System/ncircular_buffer.h:293:15: warning: ‘template<class _Category, class _Tp, class _Distance, class _Pointer, class _Reference> struct std::iterator’ is deprecated [-Wdeprecated-declarations]
  293 | : public std::iterator<std::random_access_iterator_tag,
      |               ^~~~~~~~
In file included from /usr/lib/gcc/x86_64-pc-linux-gnu/15/include/g++-v15/bits/stl_algobase.h:65,
                 from /usr/lib/gcc/x86_64-pc-linux-gnu/15/include/g++-v15/bits/specfun.h:43,
                 from /usr/lib/gcc/x86_64-pc-linux-gnu/15/include/g++-v15/cmath:3913,
                 from /usr/lib/gcc/x86_64-pc-linux-gnu/15/include/g++-v15/math.h:36,
                 from /home/vitaly/p/Prime-World/pw/branches/r1117/Src/System/Win32_linux.h:9,
                 from /home/vitaly/p/Prime-World/pw/branches/r1117/Src/System/config.h:51,
                 from /home/vitaly/p/Prime-World/pw/branches/r1117/Src/System/systemStdAfx.h:4:
/usr/lib/gcc/x86_64-pc-linux-gnu/15/include/g++-v15/bits/stl_iterator_base_types.h:129:34: note: declared here
  129 |     struct _GLIBCXX17_DEPRECATED iterator
      |                                  ^~~~~~~~
[  8%] Building CXX object CMakeFiles/PrimeWorld.dir/Network/TransportError.cpp.o
In file included from /home/vitaly/p/Prime-World/pw/branches/r1117/Src/System/../System/Logger.h:7,
                 from /home/vitaly/p/Prime-World/pw/branches/r1117/Src/System/systemStdAfx.h:77,
                 from /home/vitaly/p/Prime-World/pw/branches/r1117/Src/Network/stdafx.h:4,
                 from /home/vitaly/p/Prime-World/pw/branches/r1117/Src/Network/TransportError.cpp:1:
/home/vitaly/p/Prime-World/pw/branches/r1117/Src/System/../System/MultiReaderLock.h:22:14: warning: ‘template<class> class std::auto_ptr’ is deprecated: use 'std::unique_ptr' instead [-Wdeprecated-declarations]
   22 |   const std::auto_ptr< MultiReaderLockImpl > impl_;
      |              ^~~~~~~~
In file included from /usr/lib/gcc/x86_64-pc-linux-gnu/15/include/g++-v15/memory:80,
                 from /home/vitaly/p/Prime-World/pw/branches/r1117/Src/System/../System/MultiReaderLock.h:3:
/usr/lib/gcc/x86_64-pc-linux-gnu/15/include/g++-v15/bits/unique_ptr.h:58:28: note: declared here
   58 |   template<typename> class auto_ptr;
      |                            ^~~~~~~~
In file included from /home/vitaly/p/Prime-World/pw/branches/r1117/Src/System/systemStdAfx.h:162:
/home/vitaly/p/Prime-World/pw/branches/r1117/Src/System/../System/ncircular_buffer.h:293:15: warning: ‘template<class _Category, class _Tp, class _Distance, class _Pointer, class _Reference> struct std::iterator’ is deprecated [-Wdeprecated-declarations]
  293 | : public std::iterator<std::random_access_iterator_tag,
      |               ^~~~~~~~
In file included from /usr/lib/gcc/x86_64-pc-linux-gnu/15/include/g++-v15/bits/stl_algobase.h:65,
                 from /usr/lib/gcc/x86_64-pc-linux-gnu/15/include/g++-v15/bits/specfun.h:43,
                 from /usr/lib/gcc/x86_64-pc-linux-gnu/15/include/g++-v15/cmath:3913,
                 from /usr/lib/gcc/x86_64-pc-linux-gnu/15/include/g++-v15/math.h:36,
                 from /home/vitaly/p/Prime-World/pw/branches/r1117/Src/System/Win32_linux.h:9,
                 from /home/vitaly/p/Prime-World/pw/branches/r1117/Src/System/config.h:51,
                 from /home/vitaly/p/Prime-World/pw/branches/r1117/Src/System/systemStdAfx.h:4:
/usr/lib/gcc/x86_64-pc-linux-gnu/15/include/g++-v15/bits/stl_iterator_base_types.h:129:34: note: declared here
  129 |     struct _GLIBCXX17_DEPRECATED iterator
      |                                  ^~~~~~~~
[  8%] Building CXX object CMakeFiles/PrimeWorld.dir/Network/TransportMessages.cpp.o
In file included from /home/vitaly/p/Prime-World/pw/branches/r1117/Src/System/../System/Logger.h:7,
                 from /home/vitaly/p/Prime-World/pw/branches/r1117/Src/System/systemStdAfx.h:77,
                 from /home/vitaly/p/Prime-World/pw/branches/r1117/Src/Network/stdafx.h:4,
                 from /home/vitaly/p/Prime-World/pw/branches/r1117/Src/Network/TransportMessages.cpp:1:
/home/vitaly/p/Prime-World/pw/branches/r1117/Src/System/../System/MultiReaderLock.h:22:14: warning: ‘template<class> class std::auto_ptr’ is deprecated: use 'std::unique_ptr' instead [-Wdeprecated-declarations]
   22 |   const std::auto_ptr< MultiReaderLockImpl > impl_;
      |              ^~~~~~~~
In file included from /usr/lib/gcc/x86_64-pc-linux-gnu/15/include/g++-v15/memory:80,
                 from /home/vitaly/p/Prime-World/pw/branches/r1117/Src/System/../System/MultiReaderLock.h:3:
/usr/lib/gcc/x86_64-pc-linux-gnu/15/include/g++-v15/bits/unique_ptr.h:58:28: note: declared here
   58 |   template<typename> class auto_ptr;
      |                            ^~~~~~~~
In file included from /home/vitaly/p/Prime-World/pw/branches/r1117/Src/System/systemStdAfx.h:162:
/home/vitaly/p/Prime-World/pw/branches/r1117/Src/System/../System/ncircular_buffer.h:293:15: warning: ‘template<class _Category, class _Tp, class _Distance, class _Pointer, class _Reference> struct std::iterator’ is deprecated [-Wdeprecated-declarations]
  293 | : public std::iterator<std::random_access_iterator_tag,
      |               ^~~~~~~~
In file included from /usr/lib/gcc/x86_64-pc-linux-gnu/15/include/g++-v15/bits/stl_algobase.h:65,
                 from /usr/lib/gcc/x86_64-pc-linux-gnu/15/include/g++-v15/bits/specfun.h:43,
                 from /usr/lib/gcc/x86_64-pc-linux-gnu/15/include/g++-v15/cmath:3913,
                 from /usr/lib/gcc/x86_64-pc-linux-gnu/15/include/g++-v15/math.h:36,
                 from /home/vitaly/p/Prime-World/pw/branches/r1117/Src/System/Win32_linux.h:9,
                 from /home/vitaly/p/Prime-World/pw/branches/r1117/Src/System/config.h:51,
                 from /home/vitaly/p/Prime-World/pw/branches/r1117/Src/System/systemStdAfx.h:4:
/usr/lib/gcc/x86_64-pc-linux-gnu/15/include/g++-v15/bits/stl_iterator_base_types.h:129:34: note: declared here
  129 |     struct _GLIBCXX17_DEPRECATED iterator
      |                                  ^~~~~~~~
[  8%] Building CXX object CMakeFiles/PrimeWorld.dir/Network/TransportMux.cpp.o
In file included from /home/vitaly/p/Prime-World/pw/branches/r1117/Src/System/../System/Logger.h:7,
                 from /home/vitaly/p/Prime-World/pw/branches/r1117/Src/System/systemStdAfx.h:77,
                 from /home/vitaly/p/Prime-World/pw/branches/r1117/Src/Network/stdafx.h:4,
                 from /home/vitaly/p/Prime-World/pw/branches/r1117/Src/Network/TransportMux.cpp:1:
/home/vitaly/p/Prime-World/pw/branches/r1117/Src/System/../System/MultiReaderLock.h:22:14: warning: ‘template<class> class std::auto_ptr’ is deprecated: use 'std::unique_ptr' instead [-Wdeprecated-declarations]
   22 |   const std::auto_ptr< MultiReaderLockImpl > impl_;
      |              ^~~~~~~~
In file included from /usr/lib/gcc/x86_64-pc-linux-gnu/15/include/g++-v15/memory:80,
                 from /home/vitaly/p/Prime-World/pw/branches/r1117/Src/System/../System/MultiReaderLock.h:3:
/usr/lib/gcc/x86_64-pc-linux-gnu/15/include/g++-v15/bits/unique_ptr.h:58:28: note: declared here
   58 |   template<typename> class auto_ptr;
      |                            ^~~~~~~~
In file included from /home/vitaly/p/Prime-World/pw/branches/r1117/Src/System/systemStdAfx.h:162:
/home/vitaly/p/Prime-World/pw/branches/r1117/Src/System/../System/ncircular_buffer.h:293:15: warning: ‘template<class _Category, class _Tp, class _Distance, class _Pointer, class _Reference> struct std::iterator’ is deprecated [-Wdeprecated-declarations]
  293 | : public std::iterator<std::random_access_iterator_tag,
      |               ^~~~~~~~
In file included from /usr/lib/gcc/x86_64-pc-linux-gnu/15/include/g++-v15/bits/stl_algobase.h:65,
                 from /usr/lib/gcc/x86_64-pc-linux-gnu/15/include/g++-v15/bits/specfun.h:43,
                 from /usr/lib/gcc/x86_64-pc-linux-gnu/15/include/g++-v15/cmath:3913,
                 from /usr/lib/gcc/x86_64-pc-linux-gnu/15/include/g++-v15/math.h:36,
                 from /home/vitaly/p/Prime-World/pw/branches/r1117/Src/System/Win32_linux.h:9,
                 from /home/vitaly/p/Prime-World/pw/branches/r1117/Src/System/config.h:51,
                 from /home/vitaly/p/Prime-World/pw/branches/r1117/Src/System/systemStdAfx.h:4:
/usr/lib/gcc/x86_64-pc-linux-gnu/15/include/g++-v15/bits/stl_iterator_base_types.h:129:34: note: declared here
  129 |     struct _GLIBCXX17_DEPRECATED iterator
      |                                  ^~~~~~~~
[  8%] Building CXX object CMakeFiles/PrimeWorld.dir/Network/TransportSystem.cpp.o
In file included from /home/vitaly/p/Prime-World/pw/branches/r1117/Src/System/../System/Logger.h:7,
                 from /home/vitaly/p/Prime-World/pw/branches/r1117/Src/System/systemStdAfx.h:77,
                 from /home/vitaly/p/Prime-World/pw/branches/r1117/Src/Network/stdafx.h:4,
                 from /home/vitaly/p/Prime-World/pw/branches/r1117/Src/Network/TransportSystem.cpp:1:
/home/vitaly/p/Prime-World/pw/branches/r1117/Src/System/../System/MultiReaderLock.h:22:14: warning: ‘template<class> class std::auto_ptr’ is deprecated: use 'std::unique_ptr' instead [-Wdeprecated-declarations]
   22 |   const std::auto_ptr< MultiReaderLockImpl > impl_;
      |              ^~~~~~~~
In file included from /usr/lib/gcc/x86_64-pc-linux-gnu/15/include/g++-v15/memory:80,
                 from /home/vitaly/p/Prime-World/pw/branches/r1117/Src/System/../System/MultiReaderLock.h:3:
/usr/lib/gcc/x86_64-pc-linux-gnu/15/include/g++-v15/bits/unique_ptr.h:58:28: note: declared here
   58 |   template<typename> class auto_ptr;
      |                            ^~~~~~~~
In file included from /home/vitaly/p/Prime-World/pw/branches/r1117/Src/System/systemStdAfx.h:162:
/home/vitaly/p/Prime-World/pw/branches/r1117/Src/System/../System/ncircular_buffer.h:293:15: warning: ‘template<class _Category, class _Tp, class _Distance, class _Pointer, class _Reference> struct std::iterator’ is deprecated [-Wdeprecated-declarations]
  293 | : public std::iterator<std::random_access_iterator_tag,
      |               ^~~~~~~~
In file included from /usr/lib/gcc/x86_64-pc-linux-gnu/15/include/g++-v15/bits/stl_algobase.h:65,
                 from /usr/lib/gcc/x86_64-pc-linux-gnu/15/include/g++-v15/bits/specfun.h:43,
                 from /usr/lib/gcc/x86_64-pc-linux-gnu/15/include/g++-v15/cmath:3913,
                 from /usr/lib/gcc/x86_64-pc-linux-gnu/15/include/g++-v15/math.h:36,
                 from /home/vitaly/p/Prime-World/pw/branches/r1117/Src/System/Win32_linux.h:9,
                 from /home/vitaly/p/Prime-World/pw/branches/r1117/Src/System/config.h:51,
                 from /home/vitaly/p/Prime-World/pw/branches/r1117/Src/System/systemStdAfx.h:4:
/usr/lib/gcc/x86_64-pc-linux-gnu/15/include/g++-v15/bits/stl_iterator_base_types.h:129:34: note: declared here
  129 |     struct _GLIBCXX17_DEPRECATED iterator
      |                                  ^~~~~~~~
[  8%] Building CXX object CMakeFiles/PrimeWorld.dir/Network/TransportUtils.cpp.o
In file included from /home/vitaly/p/Prime-World/pw/branches/r1117/Src/System/../System/Logger.h:7,
                 from /home/vitaly/p/Prime-World/pw/branches/r1117/Src/System/systemStdAfx.h:77,
                 from /home/vitaly/p/Prime-World/pw/branches/r1117/Src/Network/stdafx.h:4,
                 from /home/vitaly/p/Prime-World/pw/branches/r1117/Src/Network/TransportUtils.cpp:1:
/home/vitaly/p/Prime-World/pw/branches/r1117/Src/System/../System/MultiReaderLock.h:22:14: warning: ‘template<class> class std::auto_ptr’ is deprecated: use 'std::unique_ptr' instead [-Wdeprecated-declarations]
   22 |   const std::auto_ptr< MultiReaderLockImpl > impl_;
      |              ^~~~~~~~
In file included from /usr/lib/gcc/x86_64-pc-linux-gnu/15/include/g++-v15/memory:80,
                 from /home/vitaly/p/Prime-World/pw/branches/r1117/Src/System/../System/MultiReaderLock.h:3:
/usr/lib/gcc/x86_64-pc-linux-gnu/15/include/g++-v15/bits/unique_ptr.h:58:28: note: declared here
   58 |   template<typename> class auto_ptr;
      |                            ^~~~~~~~
In file included from /home/vitaly/p/Prime-World/pw/branches/r1117/Src/System/systemStdAfx.h:162:
/home/vitaly/p/Prime-World/pw/branches/r1117/Src/System/../System/ncircular_buffer.h:293:15: warning: ‘template<class _Category, class _Tp, class _Distance, class _Pointer, class _Reference> struct std::iterator’ is deprecated [-Wdeprecated-declarations]
  293 | : public std::iterator<std::random_access_iterator_tag,
      |               ^~~~~~~~
In file included from /usr/lib/gcc/x86_64-pc-linux-gnu/15/include/g++-v15/bits/stl_algobase.h:65,
                 from /usr/lib/gcc/x86_64-pc-linux-gnu/15/include/g++-v15/bits/specfun.h:43,
                 from /usr/lib/gcc/x86_64-pc-linux-gnu/15/include/g++-v15/cmath:3913,
                 from /usr/lib/gcc/x86_64-pc-linux-gnu/15/include/g++-v15/math.h:36,
                 from /home/vitaly/p/Prime-World/pw/branches/r1117/Src/System/Win32_linux.h:9,
                 from /home/vitaly/p/Prime-World/pw/branches/r1117/Src/System/config.h:51,
                 from /home/vitaly/p/Prime-World/pw/branches/r1117/Src/System/systemStdAfx.h:4:
/usr/lib/gcc/x86_64-pc-linux-gnu/15/include/g++-v15/bits/stl_iterator_base_types.h:129:34: note: declared here
  129 |     struct _GLIBCXX17_DEPRECATED iterator
      |                                  ^~~~~~~~
[  8%] Building CXX object CMakeFiles/PrimeWorld.dir/Network/stdafx.cpp.o
In file included from /home/vitaly/p/Prime-World/pw/branches/r1117/Src/System/../System/Logger.h:7,
                 from /home/vitaly/p/Prime-World/pw/branches/r1117/Src/System/systemStdAfx.h:77,
                 from /home/vitaly/p/Prime-World/pw/branches/r1117/Src/Network/stdafx.h:4,
                 from /home/vitaly/p/Prime-World/pw/branches/r1117/Src/Network/stdafx.cpp:1:
/home/vitaly/p/Prime-World/pw/branches/r1117/Src/System/../System/MultiReaderLock.h:22:14: warning: ‘template<class> class std::auto_ptr’ is deprecated: use 'std::unique_ptr' instead [-Wdeprecated-declarations]
   22 |   const std::auto_ptr< MultiReaderLockImpl > impl_;
      |              ^~~~~~~~
In file included from /usr/lib/gcc/x86_64-pc-linux-gnu/15/include/g++-v15/memory:80,
                 from /home/vitaly/p/Prime-World/pw/branches/r1117/Src/System/../System/MultiReaderLock.h:3:
/usr/lib/gcc/x86_64-pc-linux-gnu/15/include/g++-v15/bits/unique_ptr.h:58:28: note: declared here
   58 |   template<typename> class auto_ptr;
      |                            ^~~~~~~~
In file included from /home/vitaly/p/Prime-World/pw/branches/r1117/Src/System/systemStdAfx.h:162:
/home/vitaly/p/Prime-World/pw/branches/r1117/Src/System/../System/ncircular_buffer.h:293:15: warning: ‘template<class _Category, class _Tp, class _Distance, class _Pointer, class _Reference> struct std::iterator’ is deprecated [-Wdeprecated-declarations]
  293 | : public std::iterator<std::random_access_iterator_tag,
      |               ^~~~~~~~
In file included from /usr/lib/gcc/x86_64-pc-linux-gnu/15/include/g++-v15/bits/stl_algobase.h:65,
                 from /usr/lib/gcc/x86_64-pc-linux-gnu/15/include/g++-v15/bits/specfun.h:43,
                 from /usr/lib/gcc/x86_64-pc-linux-gnu/15/include/g++-v15/cmath:3913,
                 from /usr/lib/gcc/x86_64-pc-linux-gnu/15/include/g++-v15/math.h:36,
                 from /home/vitaly/p/Prime-World/pw/branches/r1117/Src/System/Win32_linux.h:9,
                 from /home/vitaly/p/Prime-World/pw/branches/r1117/Src/System/config.h:51,
                 from /home/vitaly/p/Prime-World/pw/branches/r1117/Src/System/systemStdAfx.h:4:
/usr/lib/gcc/x86_64-pc-linux-gnu/15/include/g++-v15/bits/stl_iterator_base_types.h:129:34: note: declared here
  129 |     struct _GLIBCXX17_DEPRECATED iterator
      |                                  ^~~~~~~~
[  8%] Building CXX object CMakeFiles/PrimeWorld.dir/NivalInput/Binds.cpp.o
In file included from /home/vitaly/p/Prime-World/pw/branches/r1117/Src/NivalInput/../System/../System/Logger.h:7,
                 from /home/vitaly/p/Prime-World/pw/branches/r1117/Src/NivalInput/../System/systemStdAfx.h:77,
                 from /home/vitaly/p/Prime-World/pw/branches/r1117/Src/NivalInput/stdafx.h:3,
                 from /home/vitaly/p/Prime-World/pw/branches/r1117/Src/NivalInput/Binds.cpp:1:
/home/vitaly/p/Prime-World/pw/branches/r1117/Src/NivalInput/../System/../System/MultiReaderLock.h:22:14: warning: ‘template<class> class std::auto_ptr’ is deprecated: use 'std::unique_ptr' instead [-Wdeprecated-declarations]
   22 |   const std::auto_ptr< MultiReaderLockImpl > impl_;
      |              ^~~~~~~~
In file included from /usr/lib/gcc/x86_64-pc-linux-gnu/15/include/g++-v15/memory:80,
                 from /home/vitaly/p/Prime-World/pw/branches/r1117/Src/NivalInput/../System/../System/MultiReaderLock.h:3:
/usr/lib/gcc/x86_64-pc-linux-gnu/15/include/g++-v15/bits/unique_ptr.h:58:28: note: declared here
   58 |   template<typename> class auto_ptr;
      |                            ^~~~~~~~
In file included from /home/vitaly/p/Prime-World/pw/branches/r1117/Src/NivalInput/../System/systemStdAfx.h:162:
/home/vitaly/p/Prime-World/pw/branches/r1117/Src/NivalInput/../System/../System/ncircular_buffer.h:293:15: warning: ‘template<class _Category, class _Tp, class _Distance, class _Pointer, class _Reference> struct std::iterator’ is deprecated [-Wdeprecated-declarations]
  293 | : public std::iterator<std::random_access_iterator_tag,
      |               ^~~~~~~~
In file included from /usr/lib/gcc/x86_64-pc-linux-gnu/15/include/g++-v15/bits/stl_algobase.h:65,
                 from /usr/lib/gcc/x86_64-pc-linux-gnu/15/include/g++-v15/bits/specfun.h:43,
                 from /usr/lib/gcc/x86_64-pc-linux-gnu/15/include/g++-v15/cmath:3913,
                 from /usr/lib/gcc/x86_64-pc-linux-gnu/15/include/g++-v15/math.h:36,
                 from /home/vitaly/p/Prime-World/pw/branches/r1117/Src/System/Win32_linux.h:9,
                 from /home/vitaly/p/Prime-World/pw/branches/r1117/Src/System/config.h:51,
                 from /home/vitaly/p/Prime-World/pw/branches/r1117/Src/NivalInput/../System/systemStdAfx.h:4:
/usr/lib/gcc/x86_64-pc-linux-gnu/15/include/g++-v15/bits/stl_iterator_base_types.h:129:34: note: declared here
  129 |     struct _GLIBCXX17_DEPRECATED iterator
      |                                  ^~~~~~~~
[  8%] Building CXX object CMakeFiles/PrimeWorld.dir/NivalInput/ControlsSet.cpp.o
In file included from /home/vitaly/p/Prime-World/pw/branches/r1117/Src/NivalInput/../System/../System/Logger.h:7,
                 from /home/vitaly/p/Prime-World/pw/branches/r1117/Src/NivalInput/../System/systemStdAfx.h:77,
                 from /home/vitaly/p/Prime-World/pw/branches/r1117/Src/NivalInput/stdafx.h:3,
                 from /home/vitaly/p/Prime-World/pw/branches/r1117/Src/NivalInput/ControlsSet.cpp:1:
/home/vitaly/p/Prime-World/pw/branches/r1117/Src/NivalInput/../System/../System/MultiReaderLock.h:22:14: warning: ‘template<class> class std::auto_ptr’ is deprecated: use 'std::unique_ptr' instead [-Wdeprecated-declarations]
   22 |   const std::auto_ptr< MultiReaderLockImpl > impl_;
      |              ^~~~~~~~
In file included from /usr/lib/gcc/x86_64-pc-linux-gnu/15/include/g++-v15/memory:80,
                 from /home/vitaly/p/Prime-World/pw/branches/r1117/Src/NivalInput/../System/../System/MultiReaderLock.h:3:
/usr/lib/gcc/x86_64-pc-linux-gnu/15/include/g++-v15/bits/unique_ptr.h:58:28: note: declared here
   58 |   template<typename> class auto_ptr;
      |                            ^~~~~~~~
In file included from /home/vitaly/p/Prime-World/pw/branches/r1117/Src/NivalInput/../System/systemStdAfx.h:162:
/home/vitaly/p/Prime-World/pw/branches/r1117/Src/NivalInput/../System/../System/ncircular_buffer.h:293:15: warning: ‘template<class _Category, class _Tp, class _Distance, class _Pointer, class _Reference> struct std::iterator’ is deprecated [-Wdeprecated-declarations]
  293 | : public std::iterator<std::random_access_iterator_tag,
      |               ^~~~~~~~
In file included from /usr/lib/gcc/x86_64-pc-linux-gnu/15/include/g++-v15/bits/stl_algobase.h:65,
                 from /usr/lib/gcc/x86_64-pc-linux-gnu/15/include/g++-v15/bits/specfun.h:43,
                 from /usr/lib/gcc/x86_64-pc-linux-gnu/15/include/g++-v15/cmath:3913,
                 from /usr/lib/gcc/x86_64-pc-linux-gnu/15/include/g++-v15/math.h:36,
                 from /home/vitaly/p/Prime-World/pw/branches/r1117/Src/System/Win32_linux.h:9,
                 from /home/vitaly/p/Prime-World/pw/branches/r1117/Src/System/config.h:51,
                 from /home/vitaly/p/Prime-World/pw/branches/r1117/Src/NivalInput/../System/systemStdAfx.h:4:
/usr/lib/gcc/x86_64-pc-linux-gnu/15/include/g++-v15/bits/stl_iterator_base_types.h:129:34: note: declared here
  129 |     struct _GLIBCXX17_DEPRECATED iterator
      |                                  ^~~~~~~~
[  8%] Building CXX object CMakeFiles/PrimeWorld.dir/NivalInput/InputCommandInstance.cpp.o
In file included from /home/vitaly/p/Prime-World/pw/branches/r1117/Src/NivalInput/../System/../System/Logger.h:7,
                 from /home/vitaly/p/Prime-World/pw/branches/r1117/Src/NivalInput/../System/systemStdAfx.h:77,
                 from /home/vitaly/p/Prime-World/pw/branches/r1117/Src/NivalInput/stdafx.h:3,
                 from /home/vitaly/p/Prime-World/pw/branches/r1117/Src/NivalInput/InputCommandInstance.cpp:1:
/home/vitaly/p/Prime-World/pw/branches/r1117/Src/NivalInput/../System/../System/MultiReaderLock.h:22:14: warning: ‘template<class> class std::auto_ptr’ is deprecated: use 'std::unique_ptr' instead [-Wdeprecated-declarations]
   22 |   const std::auto_ptr< MultiReaderLockImpl > impl_;
      |              ^~~~~~~~
In file included from /usr/lib/gcc/x86_64-pc-linux-gnu/15/include/g++-v15/memory:80,
                 from /home/vitaly/p/Prime-World/pw/branches/r1117/Src/NivalInput/../System/../System/MultiReaderLock.h:3:
/usr/lib/gcc/x86_64-pc-linux-gnu/15/include/g++-v15/bits/unique_ptr.h:58:28: note: declared here
   58 |   template<typename> class auto_ptr;
      |                            ^~~~~~~~
In file included from /home/vitaly/p/Prime-World/pw/branches/r1117/Src/NivalInput/../System/systemStdAfx.h:162:
/home/vitaly/p/Prime-World/pw/branches/r1117/Src/NivalInput/../System/../System/ncircular_buffer.h:293:15: warning: ‘template<class _Category, class _Tp, class _Distance, class _Pointer, class _Reference> struct std::iterator’ is deprecated [-Wdeprecated-declarations]
  293 | : public std::iterator<std::random_access_iterator_tag,
      |               ^~~~~~~~
In file included from /usr/lib/gcc/x86_64-pc-linux-gnu/15/include/g++-v15/bits/stl_algobase.h:65,
                 from /usr/lib/gcc/x86_64-pc-linux-gnu/15/include/g++-v15/bits/specfun.h:43,
                 from /usr/lib/gcc/x86_64-pc-linux-gnu/15/include/g++-v15/cmath:3913,
                 from /usr/lib/gcc/x86_64-pc-linux-gnu/15/include/g++-v15/math.h:36,
                 from /home/vitaly/p/Prime-World/pw/branches/r1117/Src/System/Win32_linux.h:9,
                 from /home/vitaly/p/Prime-World/pw/branches/r1117/Src/System/config.h:51,
                 from /home/vitaly/p/Prime-World/pw/branches/r1117/Src/NivalInput/../System/systemStdAfx.h:4:
/usr/lib/gcc/x86_64-pc-linux-gnu/15/include/g++-v15/bits/stl_iterator_base_types.h:129:34: note: declared here
  129 |     struct _GLIBCXX17_DEPRECATED iterator
      |                                  ^~~~~~~~
[  8%] Building CXX object CMakeFiles/PrimeWorld.dir/NivalInput/InputCommandRef.cpp.o
In file included from /home/vitaly/p/Prime-World/pw/branches/r1117/Src/NivalInput/../System/../System/Logger.h:7,
                 from /home/vitaly/p/Prime-World/pw/branches/r1117/Src/NivalInput/../System/systemStdAfx.h:77,
                 from /home/vitaly/p/Prime-World/pw/branches/r1117/Src/NivalInput/stdafx.h:3,
                 from /home/vitaly/p/Prime-World/pw/branches/r1117/Src/NivalInput/InputCommandRef.cpp:1:
/home/vitaly/p/Prime-World/pw/branches/r1117/Src/NivalInput/../System/../System/MultiReaderLock.h:22:14: warning: ‘template<class> class std::auto_ptr’ is deprecated: use 'std::unique_ptr' instead [-Wdeprecated-declarations]
   22 |   const std::auto_ptr< MultiReaderLockImpl > impl_;
      |              ^~~~~~~~
In file included from /usr/lib/gcc/x86_64-pc-linux-gnu/15/include/g++-v15/memory:80,
                 from /home/vitaly/p/Prime-World/pw/branches/r1117/Src/NivalInput/../System/../System/MultiReaderLock.h:3:
/usr/lib/gcc/x86_64-pc-linux-gnu/15/include/g++-v15/bits/unique_ptr.h:58:28: note: declared here
   58 |   template<typename> class auto_ptr;
      |                            ^~~~~~~~
In file included from /home/vitaly/p/Prime-World/pw/branches/r1117/Src/NivalInput/../System/systemStdAfx.h:162:
/home/vitaly/p/Prime-World/pw/branches/r1117/Src/NivalInput/../System/../System/ncircular_buffer.h:293:15: warning: ‘template<class _Category, class _Tp, class _Distance, class _Pointer, class _Reference> struct std::iterator’ is deprecated [-Wdeprecated-declarations]
  293 | : public std::iterator<std::random_access_iterator_tag,
      |               ^~~~~~~~
In file included from /usr/lib/gcc/x86_64-pc-linux-gnu/15/include/g++-v15/bits/stl_algobase.h:65,
                 from /usr/lib/gcc/x86_64-pc-linux-gnu/15/include/g++-v15/bits/specfun.h:43,
                 from /usr/lib/gcc/x86_64-pc-linux-gnu/15/include/g++-v15/cmath:3913,
                 from /usr/lib/gcc/x86_64-pc-linux-gnu/15/include/g++-v15/math.h:36,
                 from /home/vitaly/p/Prime-World/pw/branches/r1117/Src/System/Win32_linux.h:9,
                 from /home/vitaly/p/Prime-World/pw/branches/r1117/Src/System/config.h:51,
                 from /home/vitaly/p/Prime-World/pw/branches/r1117/Src/NivalInput/../System/systemStdAfx.h:4:
/usr/lib/gcc/x86_64-pc-linux-gnu/15/include/g++-v15/bits/stl_iterator_base_types.h:129:34: note: declared here
  129 |     struct _GLIBCXX17_DEPRECATED iterator
      |                                  ^~~~~~~~
[  8%] Building CXX object CMakeFiles/PrimeWorld.dir/NivalInput/InputConsoleCommands.cpp.o
In file included from /home/vitaly/p/Prime-World/pw/branches/r1117/Src/NivalInput/../System/../System/Logger.h:7,
                 from /home/vitaly/p/Prime-World/pw/branches/r1117/Src/NivalInput/../System/systemStdAfx.h:77,
                 from /home/vitaly/p/Prime-World/pw/branches/r1117/Src/NivalInput/stdafx.h:3,
                 from /home/vitaly/p/Prime-World/pw/branches/r1117/Src/NivalInput/InputConsoleCommands.cpp:1:
/home/vitaly/p/Prime-World/pw/branches/r1117/Src/NivalInput/../System/../System/MultiReaderLock.h:22:14: warning: ‘template<class> class std::auto_ptr’ is deprecated: use 'std::unique_ptr' instead [-Wdeprecated-declarations]
   22 |   const std::auto_ptr< MultiReaderLockImpl > impl_;
      |              ^~~~~~~~
In file included from /usr/lib/gcc/x86_64-pc-linux-gnu/15/include/g++-v15/memory:80,
                 from /home/vitaly/p/Prime-World/pw/branches/r1117/Src/NivalInput/../System/../System/MultiReaderLock.h:3:
/usr/lib/gcc/x86_64-pc-linux-gnu/15/include/g++-v15/bits/unique_ptr.h:58:28: note: declared here
   58 |   template<typename> class auto_ptr;
      |                            ^~~~~~~~
In file included from /home/vitaly/p/Prime-World/pw/branches/r1117/Src/NivalInput/../System/systemStdAfx.h:162:
/home/vitaly/p/Prime-World/pw/branches/r1117/Src/NivalInput/../System/../System/ncircular_buffer.h:293:15: warning: ‘template<class _Category, class _Tp, class _Distance, class _Pointer, class _Reference> struct std::iterator’ is deprecated [-Wdeprecated-declarations]
  293 | : public std::iterator<std::random_access_iterator_tag,
      |               ^~~~~~~~
In file included from /usr/lib/gcc/x86_64-pc-linux-gnu/15/include/g++-v15/bits/stl_algobase.h:65,
                 from /usr/lib/gcc/x86_64-pc-linux-gnu/15/include/g++-v15/bits/specfun.h:43,
                 from /usr/lib/gcc/x86_64-pc-linux-gnu/15/include/g++-v15/cmath:3913,
                 from /usr/lib/gcc/x86_64-pc-linux-gnu/15/include/g++-v15/math.h:36,
                 from /home/vitaly/p/Prime-World/pw/branches/r1117/Src/System/Win32_linux.h:9,
                 from /home/vitaly/p/Prime-World/pw/branches/r1117/Src/System/config.h:51,
                 from /home/vitaly/p/Prime-World/pw/branches/r1117/Src/NivalInput/../System/systemStdAfx.h:4:
/usr/lib/gcc/x86_64-pc-linux-gnu/15/include/g++-v15/bits/stl_iterator_base_types.h:129:34: note: declared here
  129 |     struct _GLIBCXX17_DEPRECATED iterator
      |                                  ^~~~~~~~
[  8%] Building CXX object CMakeFiles/PrimeWorld.dir/NivalInput/InputEvent.cpp.o
In file included from /home/vitaly/p/Prime-World/pw/branches/r1117/Src/NivalInput/../System/../System/Logger.h:7,
                 from /home/vitaly/p/Prime-World/pw/branches/r1117/Src/NivalInput/../System/systemStdAfx.h:77,
                 from /home/vitaly/p/Prime-World/pw/branches/r1117/Src/NivalInput/stdafx.h:3,
                 from /home/vitaly/p/Prime-World/pw/branches/r1117/Src/NivalInput/InputEvent.cpp:1:
/home/vitaly/p/Prime-World/pw/branches/r1117/Src/NivalInput/../System/../System/MultiReaderLock.h:22:14: warning: ‘template<class> class std::auto_ptr’ is deprecated: use 'std::unique_ptr' instead [-Wdeprecated-declarations]
   22 |   const std::auto_ptr< MultiReaderLockImpl > impl_;
      |              ^~~~~~~~
In file included from /usr/lib/gcc/x86_64-pc-linux-gnu/15/include/g++-v15/memory:80,
                 from /home/vitaly/p/Prime-World/pw/branches/r1117/Src/NivalInput/../System/../System/MultiReaderLock.h:3:
/usr/lib/gcc/x86_64-pc-linux-gnu/15/include/g++-v15/bits/unique_ptr.h:58:28: note: declared here
   58 |   template<typename> class auto_ptr;
      |                            ^~~~~~~~
In file included from /home/vitaly/p/Prime-World/pw/branches/r1117/Src/NivalInput/../System/systemStdAfx.h:162:
/home/vitaly/p/Prime-World/pw/branches/r1117/Src/NivalInput/../System/../System/ncircular_buffer.h:293:15: warning: ‘template<class _Category, class _Tp, class _Distance, class _Pointer, class _Reference> struct std::iterator’ is deprecated [-Wdeprecated-declarations]
  293 | : public std::iterator<std::random_access_iterator_tag,
      |               ^~~~~~~~
In file included from /usr/lib/gcc/x86_64-pc-linux-gnu/15/include/g++-v15/bits/stl_algobase.h:65,
                 from /usr/lib/gcc/x86_64-pc-linux-gnu/15/include/g++-v15/bits/specfun.h:43,
                 from /usr/lib/gcc/x86_64-pc-linux-gnu/15/include/g++-v15/cmath:3913,
                 from /usr/lib/gcc/x86_64-pc-linux-gnu/15/include/g++-v15/math.h:36,
                 from /home/vitaly/p/Prime-World/pw/branches/r1117/Src/System/Win32_linux.h:9,
                 from /home/vitaly/p/Prime-World/pw/branches/r1117/Src/System/config.h:51,
                 from /home/vitaly/p/Prime-World/pw/branches/r1117/Src/NivalInput/../System/systemStdAfx.h:4:
/usr/lib/gcc/x86_64-pc-linux-gnu/15/include/g++-v15/bits/stl_iterator_base_types.h:129:34: note: declared here
  129 |     struct _GLIBCXX17_DEPRECATED iterator
      |                                  ^~~~~~~~
[  8%] Building CXX object CMakeFiles/PrimeWorld.dir/NivalInput/Section.cpp.o
In file included from /home/vitaly/p/Prime-World/pw/branches/r1117/Src/NivalInput/../System/../System/Logger.h:7,
                 from /home/vitaly/p/Prime-World/pw/branches/r1117/Src/NivalInput/../System/systemStdAfx.h:77,
                 from /home/vitaly/p/Prime-World/pw/branches/r1117/Src/NivalInput/stdafx.h:3,
                 from /home/vitaly/p/Prime-World/pw/branches/r1117/Src/NivalInput/Section.cpp:1:
/home/vitaly/p/Prime-World/pw/branches/r1117/Src/NivalInput/../System/../System/MultiReaderLock.h:22:14: warning: ‘template<class> class std::auto_ptr’ is deprecated: use 'std::unique_ptr' instead [-Wdeprecated-declarations]
   22 |   const std::auto_ptr< MultiReaderLockImpl > impl_;
      |              ^~~~~~~~
In file included from /usr/lib/gcc/x86_64-pc-linux-gnu/15/include/g++-v15/memory:80,
                 from /home/vitaly/p/Prime-World/pw/branches/r1117/Src/NivalInput/../System/../System/MultiReaderLock.h:3:
/usr/lib/gcc/x86_64-pc-linux-gnu/15/include/g++-v15/bits/unique_ptr.h:58:28: note: declared here
   58 |   template<typename> class auto_ptr;
      |                            ^~~~~~~~
In file included from /home/vitaly/p/Prime-World/pw/branches/r1117/Src/NivalInput/../System/systemStdAfx.h:162:
/home/vitaly/p/Prime-World/pw/branches/r1117/Src/NivalInput/../System/../System/ncircular_buffer.h:293:15: warning: ‘template<class _Category, class _Tp, class _Distance, class _Pointer, class _Reference> struct std::iterator’ is deprecated [-Wdeprecated-declarations]
  293 | : public std::iterator<std::random_access_iterator_tag,
      |               ^~~~~~~~
In file included from /usr/lib/gcc/x86_64-pc-linux-gnu/15/include/g++-v15/bits/stl_algobase.h:65,
                 from /usr/lib/gcc/x86_64-pc-linux-gnu/15/include/g++-v15/bits/specfun.h:43,
                 from /usr/lib/gcc/x86_64-pc-linux-gnu/15/include/g++-v15/cmath:3913,
                 from /usr/lib/gcc/x86_64-pc-linux-gnu/15/include/g++-v15/math.h:36,
                 from /home/vitaly/p/Prime-World/pw/branches/r1117/Src/System/Win32_linux.h:9,
                 from /home/vitaly/p/Prime-World/pw/branches/r1117/Src/System/config.h:51,
                 from /home/vitaly/p/Prime-World/pw/branches/r1117/Src/NivalInput/../System/systemStdAfx.h:4:
/usr/lib/gcc/x86_64-pc-linux-gnu/15/include/g++-v15/bits/stl_iterator_base_types.h:129:34: note: declared here
  129 |     struct _GLIBCXX17_DEPRECATED iterator
      |                                  ^~~~~~~~
[  9%] Building CXX object CMakeFiles/PrimeWorld.dir/NivalInput/SystemInputEvents.cpp.o
In file included from /home/vitaly/p/Prime-World/pw/branches/r1117/Src/NivalInput/../System/../System/Logger.h:7,
                 from /home/vitaly/p/Prime-World/pw/branches/r1117/Src/NivalInput/../System/systemStdAfx.h:77,
                 from /home/vitaly/p/Prime-World/pw/branches/r1117/Src/NivalInput/stdafx.h:3,
                 from /home/vitaly/p/Prime-World/pw/branches/r1117/Src/NivalInput/SystemInputEvents.cpp:1:
/home/vitaly/p/Prime-World/pw/branches/r1117/Src/NivalInput/../System/../System/MultiReaderLock.h:22:14: warning: ‘template<class> class std::auto_ptr’ is deprecated: use 'std::unique_ptr' instead [-Wdeprecated-declarations]
   22 |   const std::auto_ptr< MultiReaderLockImpl > impl_;
      |              ^~~~~~~~
In file included from /usr/lib/gcc/x86_64-pc-linux-gnu/15/include/g++-v15/memory:80,
                 from /home/vitaly/p/Prime-World/pw/branches/r1117/Src/NivalInput/../System/../System/MultiReaderLock.h:3:
/usr/lib/gcc/x86_64-pc-linux-gnu/15/include/g++-v15/bits/unique_ptr.h:58:28: note: declared here
   58 |   template<typename> class auto_ptr;
      |                            ^~~~~~~~
In file included from /home/vitaly/p/Prime-World/pw/branches/r1117/Src/NivalInput/../System/systemStdAfx.h:162:
/home/vitaly/p/Prime-World/pw/branches/r1117/Src/NivalInput/../System/../System/ncircular_buffer.h:293:15: warning: ‘template<class _Category, class _Tp, class _Distance, class _Pointer, class _Reference> struct std::iterator’ is deprecated [-Wdeprecated-declarations]
  293 | : public std::iterator<std::random_access_iterator_tag,
      |               ^~~~~~~~
In file included from /usr/lib/gcc/x86_64-pc-linux-gnu/15/include/g++-v15/bits/stl_algobase.h:65,
                 from /usr/lib/gcc/x86_64-pc-linux-gnu/15/include/g++-v15/bits/specfun.h:43,
                 from /usr/lib/gcc/x86_64-pc-linux-gnu/15/include/g++-v15/cmath:3913,
                 from /usr/lib/gcc/x86_64-pc-linux-gnu/15/include/g++-v15/math.h:36,
                 from /home/vitaly/p/Prime-World/pw/branches/r1117/Src/System/Win32_linux.h:9,
                 from /home/vitaly/p/Prime-World/pw/branches/r1117/Src/System/config.h:51,
                 from /home/vitaly/p/Prime-World/pw/branches/r1117/Src/NivalInput/../System/systemStdAfx.h:4:
/usr/lib/gcc/x86_64-pc-linux-gnu/15/include/g++-v15/bits/stl_iterator_base_types.h:129:34: note: declared here
  129 |     struct _GLIBCXX17_DEPRECATED iterator
      |                                  ^~~~~~~~
[  9%] Building CXX object CMakeFiles/PrimeWorld.dir/NivalInput/stdafx.cpp.o
In file included from /home/vitaly/p/Prime-World/pw/branches/r1117/Src/NivalInput/../System/../System/Logger.h:7,
                 from /home/vitaly/p/Prime-World/pw/branches/r1117/Src/NivalInput/../System/systemStdAfx.h:77,
                 from /home/vitaly/p/Prime-World/pw/branches/r1117/Src/NivalInput/stdafx.h:3,
                 from /home/vitaly/p/Prime-World/pw/branches/r1117/Src/NivalInput/stdafx.cpp:1:
/home/vitaly/p/Prime-World/pw/branches/r1117/Src/NivalInput/../System/../System/MultiReaderLock.h:22:14: warning: ‘template<class> class std::auto_ptr’ is deprecated: use 'std::unique_ptr' instead [-Wdeprecated-declarations]
   22 |   const std::auto_ptr< MultiReaderLockImpl > impl_;
      |              ^~~~~~~~
In file included from /usr/lib/gcc/x86_64-pc-linux-gnu/15/include/g++-v15/memory:80,
                 from /home/vitaly/p/Prime-World/pw/branches/r1117/Src/NivalInput/../System/../System/MultiReaderLock.h:3:
/usr/lib/gcc/x86_64-pc-linux-gnu/15/include/g++-v15/bits/unique_ptr.h:58:28: note: declared here
   58 |   template<typename> class auto_ptr;
      |                            ^~~~~~~~
In file included from /home/vitaly/p/Prime-World/pw/branches/r1117/Src/NivalInput/../System/systemStdAfx.h:162:
/home/vitaly/p/Prime-World/pw/branches/r1117/Src/NivalInput/../System/../System/ncircular_buffer.h:293:15: warning: ‘template<class _Category, class _Tp, class _Distance, class _Pointer, class _Reference> struct std::iterator’ is deprecated [-Wdeprecated-declarations]
  293 | : public std::iterator<std::random_access_iterator_tag,
      |               ^~~~~~~~
In file included from /usr/lib/gcc/x86_64-pc-linux-gnu/15/include/g++-v15/bits/stl_algobase.h:65,
                 from /usr/lib/gcc/x86_64-pc-linux-gnu/15/include/g++-v15/bits/specfun.h:43,
                 from /usr/lib/gcc/x86_64-pc-linux-gnu/15/include/g++-v15/cmath:3913,
                 from /usr/lib/gcc/x86_64-pc-linux-gnu/15/include/g++-v15/math.h:36,
                 from /home/vitaly/p/Prime-World/pw/branches/r1117/Src/System/Win32_linux.h:9,
                 from /home/vitaly/p/Prime-World/pw/branches/r1117/Src/System/config.h:51,
                 from /home/vitaly/p/Prime-World/pw/branches/r1117/Src/NivalInput/../System/systemStdAfx.h:4:
/usr/lib/gcc/x86_64-pc-linux-gnu/15/include/g++-v15/bits/stl_iterator_base_types.h:129:34: note: declared here
  129 |     struct _GLIBCXX17_DEPRECATED iterator
      |                                  ^~~~~~~~
[  9%] Building CXX object CMakeFiles/PrimeWorld.dir/PF_Core/AnimatedTexture.cpp.o
In file included from /home/vitaly/p/Prime-World/pw/branches/r1117/Src/PF_Core/../System/../System/Logger.h:7,
                 from /home/vitaly/p/Prime-World/pw/branches/r1117/Src/PF_Core/../System/systemStdAfx.h:77,
                 from /home/vitaly/p/Prime-World/pw/branches/r1117/Src/PF_Core/stdafx.h:3,
                 from /home/vitaly/p/Prime-World/pw/branches/r1117/Src/PF_Core/AnimatedTexture.cpp:1:
/home/vitaly/p/Prime-World/pw/branches/r1117/Src/PF_Core/../System/../System/MultiReaderLock.h:22:14: warning: ‘template<class> class std::auto_ptr’ is deprecated: use 'std::unique_ptr' instead [-Wdeprecated-declarations]
   22 |   const std::auto_ptr< MultiReaderLockImpl > impl_;
      |              ^~~~~~~~
In file included from /usr/lib/gcc/x86_64-pc-linux-gnu/15/include/g++-v15/memory:80,
                 from /home/vitaly/p/Prime-World/pw/branches/r1117/Src/PF_Core/../System/../System/MultiReaderLock.h:3:
/usr/lib/gcc/x86_64-pc-linux-gnu/15/include/g++-v15/bits/unique_ptr.h:58:28: note: declared here
   58 |   template<typename> class auto_ptr;
      |                            ^~~~~~~~
In file included from /home/vitaly/p/Prime-World/pw/branches/r1117/Src/PF_Core/../System/systemStdAfx.h:162:
/home/vitaly/p/Prime-World/pw/branches/r1117/Src/PF_Core/../System/../System/ncircular_buffer.h:293:15: warning: ‘template<class _Category, class _Tp, class _Distance, class _Pointer, class _Reference> struct std::iterator’ is deprecated [-Wdeprecated-declarations]
  293 | : public std::iterator<std::random_access_iterator_tag,
      |               ^~~~~~~~
In file included from /usr/lib/gcc/x86_64-pc-linux-gnu/15/include/g++-v15/bits/stl_algobase.h:65,
                 from /usr/lib/gcc/x86_64-pc-linux-gnu/15/include/g++-v15/bits/specfun.h:43,
                 from /usr/lib/gcc/x86_64-pc-linux-gnu/15/include/g++-v15/cmath:3913,
                 from /usr/lib/gcc/x86_64-pc-linux-gnu/15/include/g++-v15/math.h:36,
                 from /home/vitaly/p/Prime-World/pw/branches/r1117/Src/System/Win32_linux.h:9,
                 from /home/vitaly/p/Prime-World/pw/branches/r1117/Src/System/config.h:51,
                 from /home/vitaly/p/Prime-World/pw/branches/r1117/Src/PF_Core/../System/systemStdAfx.h:4:
/usr/lib/gcc/x86_64-pc-linux-gnu/15/include/g++-v15/bits/stl_iterator_base_types.h:129:34: note: declared here
  129 |     struct _GLIBCXX17_DEPRECATED iterator
      |                                  ^~~~~~~~
In file included from /home/vitaly/p/Prime-World/pw/branches/r1117/Src/PF_Core/../Render/RenderComponent.h:4,
                 from /home/vitaly/p/Prime-World/pw/branches/r1117/Src/PF_Core/AnimatedTexture.cpp:4:
/home/vitaly/p/Prime-World/pw/branches/r1117/Src/PF_Core/../Render/AABB.h:11:16: warning: attribute ignored in declaration of ‘struct Render::AABB’ [-Wattributes]
   11 |         struct AABB
      |                ^~~~
/home/vitaly/p/Prime-World/pw/branches/r1117/Src/PF_Core/../Render/AABB.h:11:16: note: attribute for ‘struct Render::AABB’ must follow the ‘struct’ keyword
/home/vitaly/p/Prime-World/pw/branches/r1117/Src/PF_Core/../Render/RenderComponent.h:40:7: warning: attribute ignored in declaration of ‘class Render::RenderComponent’ [-Wattributes]
   40 | class RenderComponent : public NonCopyable
      |       ^~~~~~~~~~~~~~~
/home/vitaly/p/Prime-World/pw/branches/r1117/Src/PF_Core/../Render/RenderComponent.h:40:7: note: attribute for ‘class Render::RenderComponent’ must follow the ‘class’ keyword
In file included from /home/vitaly/p/Prime-World/pw/branches/r1117/Src/PF_Core/../Render/sampler.h:4,
                 from /home/vitaly/p/Prime-World/pw/branches/r1117/Src/PF_Core/../Render/material.h:9,
                 from /home/vitaly/p/Prime-World/pw/branches/r1117/Src/PF_Core/../Render/renderstatesmanager.h:5,
                 from /home/vitaly/p/Prime-World/pw/branches/r1117/Src/PF_Core/../Render/renderer.h:7,
                 from /home/vitaly/p/Prime-World/pw/branches/r1117/Src/PF_Core/../Render/MaterialSpec.h:6,
                 from /home/vitaly/p/Prime-World/pw/branches/r1117/Src/PF_Core/AnimatedTexture.cpp:5:
/home/vitaly/p/Prime-World/pw/branches/r1117/Src/PF_Core/../Render/states.h: In member function ‘Render::SamplerState& Render::SamplerState::CreateMask()’:
/home/vitaly/p/Prime-World/pw/branches/r1117/Src/PF_Core/../Render/states.h:125:17: warning: conversion from ‘unsigned int’ to ‘unsigned char:3’ changes value from ‘4294967295’ to ‘7’ [-Woverflow]
  125 |     minFilter = UINT_MAX;
      |                 ^~~~~~~~
/home/vitaly/p/Prime-World/pw/branches/r1117/Src/PF_Core/../Render/states.h:126:17: warning: conversion from ‘unsigned int’ to ‘unsigned char:1’ changes value from ‘4294967295’ to ‘1’ [-Woverflow]
  126 |     magFilter = UINT_MAX;
      |                 ^~~~~~~~
/home/vitaly/p/Prime-World/pw/branches/r1117/Src/PF_Core/../Render/states.h:127:17: warning: conversion from ‘unsigned int’ to ‘unsigned char:2’ changes value from ‘4294967295’ to ‘3’ [-Woverflow]
  127 |     mipFilter = UINT_MAX;
      |                 ^~~~~~~~
/home/vitaly/p/Prime-World/pw/branches/r1117/Src/PF_Core/../Render/states.h:128:17: warning: conversion from ‘unsigned int’ to ‘unsigned char:2’ changes value from ‘4294967295’ to ‘3’ [-Woverflow]
  128 |     addressU  = UINT_MAX;
      |                 ^~~~~~~~
/home/vitaly/p/Prime-World/pw/branches/r1117/Src/PF_Core/../Render/states.h:129:17: warning: conversion from ‘unsigned int’ to ‘unsigned char:2’ changes value from ‘4294967295’ to ‘3’ [-Woverflow]
  129 |     addressV  = UINT_MAX;
      |                 ^~~~~~~~
/home/vitaly/p/Prime-World/pw/branches/r1117/Src/PF_Core/../Render/states.h:130:25: warning: conversion from ‘unsigned int’ to ‘unsigned char:1’ changes value from ‘4294967295’ to ‘1’ [-Woverflow]
  130 |     alwaysFailCompare = UINT_MAX;
      |                         ^~~~~~~~
/home/vitaly/p/Prime-World/pw/branches/r1117/Src/PF_Core/../Render/states.h: At global scope:
/home/vitaly/p/Prime-World/pw/branches/r1117/Src/PF_Core/../Render/states.h:168:3: warning: converting ‘Render::SamplerState2’ to a base class ‘Render::SamplerState’ will never use a type conversion operator [-Wclass-conversion]
  168 |   operator SamplerState()
      |   ^~~~~~~~
In file included from /home/vitaly/p/Prime-World/pw/branches/r1117/Src/PF_Core/../Render/../Scene/VoxelGrid.h:3,
                 from /home/vitaly/p/Prime-World/pw/branches/r1117/Src/PF_Core/../Render/../Scene/CollectionVG.h:6,
                 from /home/vitaly/p/Prime-World/pw/branches/r1117/Src/PF_Core/../Render/../Scene/VoxelGridObj.h:3,
                 from /home/vitaly/p/Prime-World/pw/branches/r1117/Src/PF_Core/../Render/light.h:4,
                 from /home/vitaly/p/Prime-World/pw/branches/r1117/Src/PF_Core/../Render/LightsManager.h:6,
                 from /home/vitaly/p/Prime-World/pw/branches/r1117/Src/PF_Core/../Render/renderer.h:16:
/home/vitaly/p/Prime-World/pw/branches/r1117/Src/Render/ConvexVolume.h:12:16: warning: attribute ignored in declaration of ‘struct Render::FPlane’ [-Wattributes]
   12 |         struct FPlane
      |                ^~~~~~
/home/vitaly/p/Prime-World/pw/branches/r1117/Src/Render/ConvexVolume.h:12:16: note: attribute for ‘struct Render::FPlane’ must follow the ‘struct’ keyword
/home/vitaly/p/Prime-World/pw/branches/r1117/Src/Render/ConvexVolume.h:28:15: warning: attribute ignored in declaration of ‘class Render::ConvexVolume’ [-Wattributes]
   28 |         class ConvexVolume
      |               ^~~~~~~~~~~~
/home/vitaly/p/Prime-World/pw/branches/r1117/Src/Render/ConvexVolume.h:28:15: note: attribute for ‘class Render::ConvexVolume’ must follow the ‘class’ keyword
In file included from /usr/include/iconv.h:23,
                 from /home/vitaly/p/Prime-World/pw/branches/r1117/Src/PF_Core/../System/systemStdAfx.h:62:
/home/vitaly/p/Prime-World/pw/branches/r1117/Src/PF_Core/../Render/MaterialSpec.h: In member function ‘virtual int Render::AIGeometryMaterialType::SignificantPartLength() const’:
/home/vitaly/p/Prime-World/pw/branches/r1117/Src/PF_Core/../Render/MaterialSpec.h:208:70: warning: ‘offsetof’ within non-standard-layout type ‘Render::AIGeometryMaterialType’ is conditionally-supported [-Winvalid-offsetof]
  208 |         virtual int SignificantPartLength() const { return offsetof( AIGeometryMaterialType, renderState ) - offsetof( AIGeometryMaterialType, renderState ) + sizeof( renderState ); }
      |                                                                      ^
/home/vitaly/p/Prime-World/pw/branches/r1117/Src/PF_Core/../Render/MaterialSpec.h:208:120: warning: ‘offsetof’ within non-standard-layout type ‘Render::AIGeometryMaterialType’ is conditionally-supported [-Winvalid-offsetof]
  208 |         virtual int SignificantPartLength() const { return offsetof( AIGeometryMaterialType, renderState ) - offsetof( AIGeometryMaterialType, renderState ) + sizeof( renderState ); }
      |                                                                                                                        ^
/home/vitaly/p/Prime-World/pw/branches/r1117/Src/PF_Core/../Render/MaterialSpec.h: In member function ‘virtual int Render::AOEMaterial::SignificantPartLength() const’:
/home/vitaly/p/Prime-World/pw/branches/r1117/Src/PF_Core/../Render/MaterialSpec.h:307:70: warning: ‘offsetof’ within non-standard-layout type ‘Render::AOEMaterial’ is conditionally-supported [-Winvalid-offsetof]
  307 |         virtual int SignificantPartLength() const { return offsetof( AOEMaterial, aspectRatio ) - offsetof( AOEMaterial, renderState ) + sizeof( aspectRatio ); }
      |                                                                      ^
/home/vitaly/p/Prime-World/pw/branches/r1117/Src/PF_Core/../Render/MaterialSpec.h:307:109: warning: ‘offsetof’ within non-standard-layout type ‘Render::AOEMaterial’ is conditionally-supported [-Winvalid-offsetof]
  307 |         virtual int SignificantPartLength() const { return offsetof( AOEMaterial, aspectRatio ) - offsetof( AOEMaterial, renderState ) + sizeof( aspectRatio ); }
      |                                                                                                             ^
/home/vitaly/p/Prime-World/pw/branches/r1117/Src/PF_Core/../Render/MaterialSpec.h: In static member function ‘static void Render::AOEMaterial::InitSamplersOffsets()’:
/home/vitaly/p/Prime-World/pw/branches/r1117/Src/PF_Core/../Render/MaterialSpec.h:341:36: warning: ‘offsetof’ within non-standard-layout type ‘Render::AOEMaterial’ is conditionally-supported [-Winvalid-offsetof]
  341 |     samplersOffsets[0] = offsetof( AOEMaterial, DiffuseMap );
      |                                    ^
/home/vitaly/p/Prime-World/pw/branches/r1117/Src/PF_Core/../Render/MaterialSpec.h: In member function ‘virtual int Render::BasicFXMaterial::SignificantPartLength() const’:
/home/vitaly/p/Prime-World/pw/branches/r1117/Src/PF_Core/../Render/MaterialSpec.h:453:70: warning: ‘offsetof’ within non-standard-layout type ‘Render::BasicFXMaterial’ is conditionally-supported [-Winvalid-offsetof]
  453 |         virtual int SignificantPartLength() const { return offsetof( BasicFXMaterial, vOffset ) - offsetof( BasicFXMaterial, renderState ) + sizeof( vOffset ); }
      |                                                                      ^
/home/vitaly/p/Prime-World/pw/branches/r1117/Src/PF_Core/../Render/MaterialSpec.h:453:109: warning: ‘offsetof’ within non-standard-layout type ‘Render::BasicFXMaterial’ is conditionally-supported [-Winvalid-offsetof]
  453 |         virtual int SignificantPartLength() const { return offsetof( BasicFXMaterial, vOffset ) - offsetof( BasicFXMaterial, renderState ) + sizeof( vOffset ); }
      |                                                                                                             ^
/home/vitaly/p/Prime-World/pw/branches/r1117/Src/PF_Core/../Render/MaterialSpec.h: In static member function ‘static void Render::BasicFXMaterial::InitSamplersOffsets()’:
/home/vitaly/p/Prime-World/pw/branches/r1117/Src/PF_Core/../Render/MaterialSpec.h:507:36: warning: ‘offsetof’ within non-standard-layout type ‘Render::BasicFXMaterial’ is conditionally-supported [-Winvalid-offsetof]
  507 |     samplersOffsets[0] = offsetof( BasicFXMaterial, DiffuseMap );
      |                                    ^
/home/vitaly/p/Prime-World/pw/branches/r1117/Src/PF_Core/../Render/MaterialSpec.h: In member function ‘virtual int Render::BasicMaskMaterial::SignificantPartLength() const’:
/home/vitaly/p/Prime-World/pw/branches/r1117/Src/PF_Core/../Render/MaterialSpec.h:595:70: warning: ‘offsetof’ within non-standard-layout type ‘Render::BasicMaskMaterial’ is conditionally-supported [-Winvalid-offsetof]
  595 |         virtual int SignificantPartLength() const { return offsetof( BasicMaskMaterial, isBlendModeOverrided ) - offsetof( BasicMaskMaterial, renderState ) + sizeof( isBlendModeOverrided ); }
      |                                                                      ^
/home/vitaly/p/Prime-World/pw/branches/r1117/Src/PF_Core/../Render/MaterialSpec.h:595:124: warning: ‘offsetof’ within non-standard-layout type ‘Render::BasicMaskMaterial’ is conditionally-supported [-Winvalid-offsetof]
  595 |         virtual int SignificantPartLength() const { return offsetof( BasicMaskMaterial, isBlendModeOverrided ) - offsetof( BasicMaskMaterial, renderState ) + sizeof( isBlendModeOverrided ); }
      |                                                                                                                            ^
/home/vitaly/p/Prime-World/pw/branches/r1117/Src/PF_Core/../Render/MaterialSpec.h: In static member function ‘static void Render::BasicMaskMaterial::InitSamplersOffsets()’:
/home/vitaly/p/Prime-World/pw/branches/r1117/Src/PF_Core/../Render/MaterialSpec.h:628:36: warning: ‘offsetof’ within non-standard-layout type ‘Render::BasicMaskMaterial’ is conditionally-supported [-Winvalid-offsetof]
  628 |     samplersOffsets[0] = offsetof( BasicMaskMaterial, Diffuse );
      |                                    ^
/home/vitaly/p/Prime-World/pw/branches/r1117/Src/PF_Core/../Render/MaterialSpec.h:629:36: warning: ‘offsetof’ within non-standard-layout type ‘Render::BasicMaskMaterial’ is conditionally-supported [-Winvalid-offsetof]
  629 |     samplersOffsets[1] = offsetof( BasicMaskMaterial, Mask );
      |                                    ^
/home/vitaly/p/Prime-World/pw/branches/r1117/Src/PF_Core/../Render/MaterialSpec.h: In member function ‘virtual int Render::BasicMaterial::SignificantPartLength() const’:
/home/vitaly/p/Prime-World/pw/branches/r1117/Src/PF_Core/../Render/MaterialSpec.h:743:70: warning: ‘offsetof’ within non-standard-layout type ‘Render::BasicMaterial’ is conditionally-supported [-Winvalid-offsetof]
  743 |         virtual int SignificantPartLength() const { return offsetof( BasicMaterial, specialTransparency ) - offsetof( BasicMaterial, renderState ) + sizeof( specialTransparency ); }
      |                                                                      ^
/home/vitaly/p/Prime-World/pw/branches/r1117/Src/PF_Core/../Render/MaterialSpec.h:743:119: warning: ‘offsetof’ within non-standard-layout type ‘Render::BasicMaterial’ is conditionally-supported [-Winvalid-offsetof]
  743 |         virtual int SignificantPartLength() const { return offsetof( BasicMaterial, specialTransparency ) - offsetof( BasicMaterial, renderState ) + sizeof( specialTransparency ); }
      |                                                                                                                       ^
/home/vitaly/p/Prime-World/pw/branches/r1117/Src/PF_Core/../Render/MaterialSpec.h: In static member function ‘static void Render::BasicMaterial::InitSamplersOffsets()’:
/home/vitaly/p/Prime-World/pw/branches/r1117/Src/PF_Core/../Render/MaterialSpec.h:784:36: warning: ‘offsetof’ within non-standard-layout type ‘Render::BasicMaterial’ is conditionally-supported [-Winvalid-offsetof]
  784 |     samplersOffsets[0] = offsetof( BasicMaterial, DiffuseMap );
      |                                    ^
/home/vitaly/p/Prime-World/pw/branches/r1117/Src/PF_Core/../Render/MaterialSpec.h:785:36: warning: ‘offsetof’ within non-standard-layout type ‘Render::BasicMaterial’ is conditionally-supported [-Winvalid-offsetof]
  785 |     samplersOffsets[1] = offsetof( BasicMaterial, NormalMap );
      |                                    ^
/home/vitaly/p/Prime-World/pw/branches/r1117/Src/PF_Core/../Render/MaterialSpec.h:786:36: warning: ‘offsetof’ within non-standard-layout type ‘Render::BasicMaterial’ is conditionally-supported [-Winvalid-offsetof]
  786 |     samplersOffsets[2] = offsetof( BasicMaterial, SpecularMap );
      |                                    ^
/home/vitaly/p/Prime-World/pw/branches/r1117/Src/PF_Core/../Render/MaterialSpec.h:787:36: warning: ‘offsetof’ within non-standard-layout type ‘Render::BasicMaterial’ is conditionally-supported [-Winvalid-offsetof]
  787 |     samplersOffsets[3] = offsetof( BasicMaterial, ReflectionMap );
      |                                    ^
/home/vitaly/p/Prime-World/pw/branches/r1117/Src/PF_Core/../Render/MaterialSpec.h: In member function ‘virtual int Render::DecalMaterial::SignificantPartLength() const’:
/home/vitaly/p/Prime-World/pw/branches/r1117/Src/PF_Core/../Render/MaterialSpec.h:976:70: warning: ‘offsetof’ within non-standard-layout type ‘Render::DecalMaterial’ is conditionally-supported [-Winvalid-offsetof]
  976 |         virtual int SignificantPartLength() const { return offsetof( DecalMaterial, isBlendModeOverrided ) - offsetof( DecalMaterial, renderState ) + sizeof( isBlendModeOverrided ); }
      |                                                                      ^
/home/vitaly/p/Prime-World/pw/branches/r1117/Src/PF_Core/../Render/MaterialSpec.h:976:120: warning: ‘offsetof’ within non-standard-layout type ‘Render::DecalMaterial’ is conditionally-supported [-Winvalid-offsetof]
  976 |         virtual int SignificantPartLength() const { return offsetof( DecalMaterial, isBlendModeOverrided ) - offsetof( DecalMaterial, renderState ) + sizeof( isBlendModeOverrided ); }
      |                                                                                                                        ^
/home/vitaly/p/Prime-World/pw/branches/r1117/Src/PF_Core/../Render/MaterialSpec.h: In static member function ‘static void Render::DecalMaterial::InitSamplersOffsets()’:
/home/vitaly/p/Prime-World/pw/branches/r1117/Src/PF_Core/../Render/MaterialSpec.h:1020:36: warning: ‘offsetof’ within non-standard-layout type ‘Render::DecalMaterial’ is conditionally-supported [-Winvalid-offsetof]
 1020 |     samplersOffsets[0] = offsetof( DecalMaterial, DiffuseMap );
      |                                    ^
/home/vitaly/p/Prime-World/pw/branches/r1117/Src/PF_Core/../Render/MaterialSpec.h: In member function ‘virtual int Render::DecalTerrainMaterial::SignificantPartLength() const’:
/home/vitaly/p/Prime-World/pw/branches/r1117/Src/PF_Core/../Render/MaterialSpec.h:1140:70: warning: ‘offsetof’ within non-standard-layout type ‘Render::DecalTerrainMaterial’ is conditionally-supported [-Winvalid-offsetof]
 1140 |         virtual int SignificantPartLength() const { return offsetof( DecalTerrainMaterial, isBlendModeOverrided ) - offsetof( DecalTerrainMaterial, renderState ) + sizeof( isBlendModeOverrided ); }
      |                                                                      ^
/home/vitaly/p/Prime-World/pw/branches/r1117/Src/PF_Core/../Render/MaterialSpec.h:1140:127: warning: ‘offsetof’ within non-standard-layout type ‘Render::DecalTerrainMaterial’ is conditionally-supported [-Winvalid-offsetof]
 1140 |         virtual int SignificantPartLength() const { return offsetof( DecalTerrainMaterial, isBlendModeOverrided ) - offsetof( DecalTerrainMaterial, renderState ) + sizeof( isBlendModeOverrided ); }
      |                                                                                                                               ^
/home/vitaly/p/Prime-World/pw/branches/r1117/Src/PF_Core/../Render/MaterialSpec.h: In static member function ‘static void Render::DecalTerrainMaterial::InitSamplersOffsets()’:
/home/vitaly/p/Prime-World/pw/branches/r1117/Src/PF_Core/../Render/MaterialSpec.h:1185:36: warning: ‘offsetof’ within non-standard-layout type ‘Render::DecalTerrainMaterial’ is conditionally-supported [-Winvalid-offsetof]
 1185 |     samplersOffsets[0] = offsetof( DecalTerrainMaterial, DiffuseMap );
      |                                    ^
/home/vitaly/p/Prime-World/pw/branches/r1117/Src/PF_Core/../Render/MaterialSpec.h:1186:36: warning: ‘offsetof’ within non-standard-layout type ‘Render::DecalTerrainMaterial’ is conditionally-supported [-Winvalid-offsetof]
 1186 |     samplersOffsets[1] = offsetof( DecalTerrainMaterial, MaskMap );
      |                                    ^
/home/vitaly/p/Prime-World/pw/branches/r1117/Src/PF_Core/../Render/MaterialSpec.h: In member function ‘virtual int Render::DropMaterial::SignificantPartLength() const’:
/home/vitaly/p/Prime-World/pw/branches/r1117/Src/PF_Core/../Render/MaterialSpec.h:1364:70: warning: ‘offsetof’ within non-standard-layout type ‘Render::DropMaterial’ is conditionally-supported [-Winvalid-offsetof]
 1364 |         virtual int SignificantPartLength() const { return offsetof( DropMaterial, vOffset2 ) - offsetof( DropMaterial, renderState ) + sizeof( vOffset2 ); }
      |                                                                      ^
/home/vitaly/p/Prime-World/pw/branches/r1117/Src/PF_Core/../Render/MaterialSpec.h:1364:107: warning: ‘offsetof’ within non-standard-layout type ‘Render::DropMaterial’ is conditionally-supported [-Winvalid-offsetof]
 1364 |         virtual int SignificantPartLength() const { return offsetof( DropMaterial, vOffset2 ) - offsetof( DropMaterial, renderState ) + sizeof( vOffset2 ); }
      |                                                                                                           ^
/home/vitaly/p/Prime-World/pw/branches/r1117/Src/PF_Core/../Render/MaterialSpec.h: In static member function ‘static void Render::DropMaterial::InitSamplersOffsets()’:
/home/vitaly/p/Prime-World/pw/branches/r1117/Src/PF_Core/../Render/MaterialSpec.h:1419:36: warning: ‘offsetof’ within non-standard-layout type ‘Render::DropMaterial’ is conditionally-supported [-Winvalid-offsetof]
 1419 |     samplersOffsets[0] = offsetof( DropMaterial, DiffuseMap );
      |                                    ^
/home/vitaly/p/Prime-World/pw/branches/r1117/Src/PF_Core/../Render/MaterialSpec.h:1420:36: warning: ‘offsetof’ within non-standard-layout type ‘Render::DropMaterial’ is conditionally-supported [-Winvalid-offsetof]
 1420 |     samplersOffsets[1] = offsetof( DropMaterial, NormalMap );
      |                                    ^
/home/vitaly/p/Prime-World/pw/branches/r1117/Src/PF_Core/../Render/MaterialSpec.h:1421:36: warning: ‘offsetof’ within non-standard-layout type ‘Render::DropMaterial’ is conditionally-supported [-Winvalid-offsetof]
 1421 |     samplersOffsets[2] = offsetof( DropMaterial, SpecularMap );
      |                                    ^
/home/vitaly/p/Prime-World/pw/branches/r1117/Src/PF_Core/../Render/MaterialSpec.h:1422:36: warning: ‘offsetof’ within non-standard-layout type ‘Render::DropMaterial’ is conditionally-supported [-Winvalid-offsetof]
 1422 |     samplersOffsets[3] = offsetof( DropMaterial, ReflectionMap );
      |                                    ^
/home/vitaly/p/Prime-World/pw/branches/r1117/Src/PF_Core/../Render/MaterialSpec.h: In member function ‘virtual int Render::FullScreenMaterial::SignificantPartLength() const’:
/home/vitaly/p/Prime-World/pw/branches/r1117/Src/PF_Core/../Render/MaterialSpec.h:1516:70: warning: ‘offsetof’ within non-standard-layout type ‘Render::FullScreenMaterial’ is conditionally-supported [-Winvalid-offsetof]
 1516 |         virtual int SignificantPartLength() const { return offsetof( FullScreenMaterial, BloomMap ) - offsetof( FullScreenMaterial, renderState ) + sizeof( BloomMap ); }
      |                                                                      ^
/home/vitaly/p/Prime-World/pw/branches/r1117/Src/PF_Core/../Render/MaterialSpec.h:1516:113: warning: ‘offsetof’ within non-standard-layout type ‘Render::FullScreenMaterial’ is conditionally-supported [-Winvalid-offsetof]
 1516 |         virtual int SignificantPartLength() const { return offsetof( FullScreenMaterial, BloomMap ) - offsetof( FullScreenMaterial, renderState ) + sizeof( BloomMap ); }
      |                                                                                                                 ^
/home/vitaly/p/Prime-World/pw/branches/r1117/Src/PF_Core/../Render/MaterialSpec.h: In static member function ‘static void Render::FullScreenMaterial::InitSamplersOffsets()’:
/home/vitaly/p/Prime-World/pw/branches/r1117/Src/PF_Core/../Render/MaterialSpec.h:1566:36: warning: ‘offsetof’ within non-standard-layout type ‘Render::FullScreenMaterial’ is conditionally-supported [-Winvalid-offsetof]
 1566 |     samplersOffsets[0] = offsetof( FullScreenMaterial, DepthMap );
      |                                    ^
/home/vitaly/p/Prime-World/pw/branches/r1117/Src/PF_Core/../Render/MaterialSpec.h:1567:36: warning: ‘offsetof’ within non-standard-layout type ‘Render::FullScreenMaterial’ is conditionally-supported [-Winvalid-offsetof]
 1567 |     samplersOffsets[1] = offsetof( FullScreenMaterial, DiffuseMap );
      |                                    ^
/home/vitaly/p/Prime-World/pw/branches/r1117/Src/PF_Core/../Render/MaterialSpec.h:1568:36: warning: ‘offsetof’ within non-standard-layout type ‘Render::FullScreenMaterial’ is conditionally-supported [-Winvalid-offsetof]
 1568 |     samplersOffsets[2] = offsetof( FullScreenMaterial, BloomMap );
      |                                    ^
/home/vitaly/p/Prime-World/pw/branches/r1117/Src/PF_Core/../Render/MaterialSpec.h: In member function ‘virtual int Render::GrassMaterial::SignificantPartLength() const’:
/home/vitaly/p/Prime-World/pw/branches/r1117/Src/PF_Core/../Render/MaterialSpec.h:1639:70: warning: ‘offsetof’ within non-standard-layout type ‘Render::GrassMaterial’ is conditionally-supported [-Winvalid-offsetof]
 1639 |         virtual int SignificantPartLength() const { return offsetof( GrassMaterial, elasticity ) - offsetof( GrassMaterial, renderState ) + sizeof( elasticity ); }
      |                                                                      ^
/home/vitaly/p/Prime-World/pw/branches/r1117/Src/PF_Core/../Render/MaterialSpec.h:1639:110: warning: ‘offsetof’ within non-standard-layout type ‘Render::GrassMaterial’ is conditionally-supported [-Winvalid-offsetof]
 1639 |         virtual int SignificantPartLength() const { return offsetof( GrassMaterial, elasticity ) - offsetof( GrassMaterial, renderState ) + sizeof( elasticity ); }
      |                                                                                                              ^
/home/vitaly/p/Prime-World/pw/branches/r1117/Src/PF_Core/../Render/MaterialSpec.h: In static member function ‘static void Render::GrassMaterial::InitSamplersOffsets()’:
/home/vitaly/p/Prime-World/pw/branches/r1117/Src/PF_Core/../Render/MaterialSpec.h:1673:36: warning: ‘offsetof’ within non-standard-layout type ‘Render::GrassMaterial’ is conditionally-supported [-Winvalid-offsetof]
 1673 |     samplersOffsets[0] = offsetof( GrassMaterial, FrozenDiffuseMap );
      |                                    ^
/home/vitaly/p/Prime-World/pw/branches/r1117/Src/PF_Core/../Render/MaterialSpec.h:1674:36: warning: ‘offsetof’ within non-standard-layout type ‘Render::GrassMaterial’ is conditionally-supported [-Winvalid-offsetof]
 1674 |     samplersOffsets[1] = offsetof( GrassMaterial, NormalDiffuseMap );
      |                                    ^
/home/vitaly/p/Prime-World/pw/branches/r1117/Src/PF_Core/../Render/MaterialSpec.h:1675:36: warning: ‘offsetof’ within non-standard-layout type ‘Render::GrassMaterial’ is conditionally-supported [-Winvalid-offsetof]
 1675 |     samplersOffsets[2] = offsetof( GrassMaterial, BurnedDiffuseMap );
      |                                    ^
/home/vitaly/p/Prime-World/pw/branches/r1117/Src/PF_Core/../Render/MaterialSpec.h: In member function ‘virtual int Render::HeightfogMaterial::SignificantPartLength() const’:
/home/vitaly/p/Prime-World/pw/branches/r1117/Src/PF_Core/../Render/MaterialSpec.h:1760:70: warning: ‘offsetof’ within non-standard-layout type ‘Render::HeightfogMaterial’ is conditionally-supported [-Winvalid-offsetof]
 1760 |         virtual int SignificantPartLength() const { return offsetof( HeightfogMaterial, halfFadeDistance ) - offsetof( HeightfogMaterial, renderState ) + sizeof( halfFadeDistance ); }
      |                                                                      ^
/home/vitaly/p/Prime-World/pw/branches/r1117/Src/PF_Core/../Render/MaterialSpec.h:1760:120: warning: ‘offsetof’ within non-standard-layout type ‘Render::HeightfogMaterial’ is conditionally-supported [-Winvalid-offsetof]
 1760 |         virtual int SignificantPartLength() const { return offsetof( HeightfogMaterial, halfFadeDistance ) - offsetof( HeightfogMaterial, renderState ) + sizeof( halfFadeDistance ); }
      |                                                                                                                        ^
/home/vitaly/p/Prime-World/pw/branches/r1117/Src/PF_Core/../Render/MaterialSpec.h: In static member function ‘static void Render::HeightfogMaterial::InitSamplersOffsets()’:
/home/vitaly/p/Prime-World/pw/branches/r1117/Src/PF_Core/../Render/MaterialSpec.h:1792:36: warning: ‘offsetof’ within non-standard-layout type ‘Render::HeightfogMaterial’ is conditionally-supported [-Winvalid-offsetof]
 1792 |     samplersOffsets[0] = offsetof( HeightfogMaterial, noiseMap );
      |                                    ^
/home/vitaly/p/Prime-World/pw/branches/r1117/Src/PF_Core/../Render/MaterialSpec.h: In member function ‘virtual int Render::LightningMaterial::SignificantPartLength() const’:
/home/vitaly/p/Prime-World/pw/branches/r1117/Src/PF_Core/../Render/MaterialSpec.h:1849:70: warning: ‘offsetof’ within non-standard-layout type ‘Render::LightningMaterial’ is conditionally-supported [-Winvalid-offsetof]
 1849 |         virtual int SignificantPartLength() const { return offsetof( LightningMaterial, DiffuseMap ) - offsetof( LightningMaterial, renderState ) + sizeof( DiffuseMap ); }
      |                                                                      ^
/home/vitaly/p/Prime-World/pw/branches/r1117/Src/PF_Core/../Render/MaterialSpec.h:1849:114: warning: ‘offsetof’ within non-standard-layout type ‘Render::LightningMaterial’ is conditionally-supported [-Winvalid-offsetof]
 1849 |         virtual int SignificantPartLength() const { return offsetof( LightningMaterial, DiffuseMap ) - offsetof( LightningMaterial, renderState ) + sizeof( DiffuseMap ); }
      |                                                                                                                  ^
/home/vitaly/p/Prime-World/pw/branches/r1117/Src/PF_Core/../Render/MaterialSpec.h: In static member function ‘static void Render::LightningMaterial::InitSamplersOffsets()’:
/home/vitaly/p/Prime-World/pw/branches/r1117/Src/PF_Core/../Render/MaterialSpec.h:1881:36: warning: ‘offsetof’ within non-standard-layout type ‘Render::LightningMaterial’ is conditionally-supported [-Winvalid-offsetof]
 1881 |     samplersOffsets[0] = offsetof( LightningMaterial, DiffuseMap );
      |                                    ^
/home/vitaly/p/Prime-World/pw/branches/r1117/Src/PF_Core/../Render/MaterialSpec.h: In member function ‘virtual int Render::PaintMaterial::SignificantPartLength() const’:
/home/vitaly/p/Prime-World/pw/branches/r1117/Src/PF_Core/../Render/MaterialSpec.h:2042:70: warning: ‘offsetof’ within non-standard-layout type ‘Render::PaintMaterial’ is conditionally-supported [-Winvalid-offsetof]
 2042 |         virtual int SignificantPartLength() const { return offsetof( PaintMaterial, isBlendModeOverrided ) - offsetof( PaintMaterial, renderState ) + sizeof( isBlendModeOverrided ); }
      |                                                                      ^
/home/vitaly/p/Prime-World/pw/branches/r1117/Src/PF_Core/../Render/MaterialSpec.h:2042:120: warning: ‘offsetof’ within non-standard-layout type ‘Render::PaintMaterial’ is conditionally-supported [-Winvalid-offsetof]
 2042 |         virtual int SignificantPartLength() const { return offsetof( PaintMaterial, isBlendModeOverrided ) - offsetof( PaintMaterial, renderState ) + sizeof( isBlendModeOverrided ); }
      |                                                                                                                        ^
/home/vitaly/p/Prime-World/pw/branches/r1117/Src/PF_Core/../Render/MaterialSpec.h: In static member function ‘static void Render::PaintMaterial::InitSamplersOffsets()’:
/home/vitaly/p/Prime-World/pw/branches/r1117/Src/PF_Core/../Render/MaterialSpec.h:2082:36: warning: ‘offsetof’ within non-standard-layout type ‘Render::PaintMaterial’ is conditionally-supported [-Winvalid-offsetof]
 2082 |     samplersOffsets[0] = offsetof( PaintMaterial, Draft );
      |                                    ^
/home/vitaly/p/Prime-World/pw/branches/r1117/Src/PF_Core/../Render/MaterialSpec.h:2083:36: warning: ‘offsetof’ within non-standard-layout type ‘Render::PaintMaterial’ is conditionally-supported [-Winvalid-offsetof]
 2083 |     samplersOffsets[1] = offsetof( PaintMaterial, Background );
      |                                    ^
/home/vitaly/p/Prime-World/pw/branches/r1117/Src/PF_Core/../Render/MaterialSpec.h:2084:36: warning: ‘offsetof’ within non-standard-layout type ‘Render::PaintMaterial’ is conditionally-supported [-Winvalid-offsetof]
 2084 |     samplersOffsets[2] = offsetof( PaintMaterial, BaseBackground );
      |                                    ^
/home/vitaly/p/Prime-World/pw/branches/r1117/Src/PF_Core/../Render/MaterialSpec.h:2085:36: warning: ‘offsetof’ within non-standard-layout type ‘Render::PaintMaterial’ is conditionally-supported [-Winvalid-offsetof]
 2085 |     samplersOffsets[3] = offsetof( PaintMaterial, Complete );
      |                                    ^
/home/vitaly/p/Prime-World/pw/branches/r1117/Src/PF_Core/../Render/MaterialSpec.h:2086:36: warning: ‘offsetof’ within non-standard-layout type ‘Render::PaintMaterial’ is conditionally-supported [-Winvalid-offsetof]
 2086 |     samplersOffsets[4] = offsetof( PaintMaterial, Mask );
      |                                    ^
/home/vitaly/p/Prime-World/pw/branches/r1117/Src/PF_Core/../Render/MaterialSpec.h: In member function ‘virtual int Render::ParticleFXMaterial::SignificantPartLength() const’:
/home/vitaly/p/Prime-World/pw/branches/r1117/Src/PF_Core/../Render/MaterialSpec.h:2165:70: warning: ‘offsetof’ within non-standard-layout type ‘Render::ParticleFXMaterial’ is conditionally-supported [-Winvalid-offsetof]
 2165 |         virtual int SignificantPartLength() const { return offsetof( ParticleFXMaterial, scale ) - offsetof( ParticleFXMaterial, renderState ) + sizeof( scale ); }
      |                                                                      ^
/home/vitaly/p/Prime-World/pw/branches/r1117/Src/PF_Core/../Render/MaterialSpec.h:2165:110: warning: ‘offsetof’ within non-standard-layout type ‘Render::ParticleFXMaterial’ is conditionally-supported [-Winvalid-offsetof]
 2165 |         virtual int SignificantPartLength() const { return offsetof( ParticleFXMaterial, scale ) - offsetof( ParticleFXMaterial, renderState ) + sizeof( scale ); }
      |                                                                                                              ^
/home/vitaly/p/Prime-World/pw/branches/r1117/Src/PF_Core/../Render/MaterialSpec.h: In static member function ‘static void Render::ParticleFXMaterial::InitSamplersOffsets()’:
/home/vitaly/p/Prime-World/pw/branches/r1117/Src/PF_Core/../Render/MaterialSpec.h:2203:36: warning: ‘offsetof’ within non-standard-layout type ‘Render::ParticleFXMaterial’ is conditionally-supported [-Winvalid-offsetof]
 2203 |     samplersOffsets[0] = offsetof( ParticleFXMaterial, DiffuseMap );
      |                                    ^
/home/vitaly/p/Prime-World/pw/branches/r1117/Src/PF_Core/../Render/MaterialSpec.h: In member function ‘virtual int Render::RoadMaterial::SignificantPartLength() const’:
/home/vitaly/p/Prime-World/pw/branches/r1117/Src/PF_Core/../Render/MaterialSpec.h:2267:70: warning: ‘offsetof’ within non-standard-layout type ‘Render::RoadMaterial’ is conditionally-supported [-Winvalid-offsetof]
 2267 |         virtual int SignificantPartLength() const { return offsetof( RoadMaterial, BorderMap ) - offsetof( RoadMaterial, renderState ) + sizeof( BorderMap ); }
      |                                                                      ^
/home/vitaly/p/Prime-World/pw/branches/r1117/Src/PF_Core/../Render/MaterialSpec.h:2267:108: warning: ‘offsetof’ within non-standard-layout type ‘Render::RoadMaterial’ is conditionally-supported [-Winvalid-offsetof]
 2267 |         virtual int SignificantPartLength() const { return offsetof( RoadMaterial, BorderMap ) - offsetof( RoadMaterial, renderState ) + sizeof( BorderMap ); }
      |                                                                                                            ^
/home/vitaly/p/Prime-World/pw/branches/r1117/Src/PF_Core/../Render/MaterialSpec.h: In static member function ‘static void Render::RoadMaterial::InitSamplersOffsets()’:
/home/vitaly/p/Prime-World/pw/branches/r1117/Src/PF_Core/../Render/MaterialSpec.h:2308:36: warning: ‘offsetof’ within non-standard-layout type ‘Render::RoadMaterial’ is conditionally-supported [-Winvalid-offsetof]
 2308 |     samplersOffsets[0] = offsetof( RoadMaterial, RoadMap );
      |                                    ^
/home/vitaly/p/Prime-World/pw/branches/r1117/Src/PF_Core/../Render/MaterialSpec.h:2309:36: warning: ‘offsetof’ within non-standard-layout type ‘Render::RoadMaterial’ is conditionally-supported [-Winvalid-offsetof]
 2309 |     samplersOffsets[1] = offsetof( RoadMaterial, BorderMap );
      |                                    ^
/home/vitaly/p/Prime-World/pw/branches/r1117/Src/PF_Core/../Render/MaterialSpec.h: In member function ‘virtual int Render::ShadowMaterial::SignificantPartLength() const’:
/home/vitaly/p/Prime-World/pw/branches/r1117/Src/PF_Core/../Render/MaterialSpec.h:2369:70: warning: ‘offsetof’ within non-standard-layout type ‘Render::ShadowMaterial’ is conditionally-supported [-Winvalid-offsetof]
 2369 |         virtual int SignificantPartLength() const { return offsetof( ShadowMaterial, DiffuseMap ) - offsetof( ShadowMaterial, renderState ) + sizeof( DiffuseMap ); }
      |                                                                      ^
/home/vitaly/p/Prime-World/pw/branches/r1117/Src/PF_Core/../Render/MaterialSpec.h:2369:111: warning: ‘offsetof’ within non-standard-layout type ‘Render::ShadowMaterial’ is conditionally-supported [-Winvalid-offsetof]
 2369 |         virtual int SignificantPartLength() const { return offsetof( ShadowMaterial, DiffuseMap ) - offsetof( ShadowMaterial, renderState ) + sizeof( DiffuseMap ); }
      |                                                                                                               ^
/home/vitaly/p/Prime-World/pw/branches/r1117/Src/PF_Core/../Render/MaterialSpec.h: In static member function ‘static void Render::ShadowMaterial::InitSamplersOffsets()’:
/home/vitaly/p/Prime-World/pw/branches/r1117/Src/PF_Core/../Render/MaterialSpec.h:2405:36: warning: ‘offsetof’ within non-standard-layout type ‘Render::ShadowMaterial’ is conditionally-supported [-Winvalid-offsetof]
 2405 |     samplersOffsets[0] = offsetof( ShadowMaterial, DiffuseMap );
      |                                    ^
/home/vitaly/p/Prime-World/pw/branches/r1117/Src/PF_Core/../Render/MaterialSpec.h: In member function ‘virtual int Render::SilhouetteMaterial::SignificantPartLength() const’:
/home/vitaly/p/Prime-World/pw/branches/r1117/Src/PF_Core/../Render/MaterialSpec.h:2462:70: warning: ‘offsetof’ within non-standard-layout type ‘Render::SilhouetteMaterial’ is conditionally-supported [-Winvalid-offsetof]
 2462 |         virtual int SignificantPartLength() const { return offsetof( SilhouetteMaterial, renderState ) - offsetof( SilhouetteMaterial, renderState ) + sizeof( renderState ); }
      |                                                                      ^
/home/vitaly/p/Prime-World/pw/branches/r1117/Src/PF_Core/../Render/MaterialSpec.h:2462:116: warning: ‘offsetof’ within non-standard-layout type ‘Render::SilhouetteMaterial’ is conditionally-supported [-Winvalid-offsetof]
 2462 |         virtual int SignificantPartLength() const { return offsetof( SilhouetteMaterial, renderState ) - offsetof( SilhouetteMaterial, renderState ) + sizeof( renderState ); }
      |                                                                                                                    ^
/home/vitaly/p/Prime-World/pw/branches/r1117/Src/PF_Core/../Render/MaterialSpec.h: In member function ‘virtual int Render::SkyMaterial::SignificantPartLength() const’:
/home/vitaly/p/Prime-World/pw/branches/r1117/Src/PF_Core/../Render/MaterialSpec.h:2586:70: warning: ‘offsetof’ within non-standard-layout type ‘Render::SkyMaterial’ is conditionally-supported [-Winvalid-offsetof]
 2586 |         virtual int SignificantPartLength() const { return offsetof( SkyMaterial, vOffset2 ) - offsetof( SkyMaterial, renderState ) + sizeof( vOffset2 ); }
      |                                                                      ^
/home/vitaly/p/Prime-World/pw/branches/r1117/Src/PF_Core/../Render/MaterialSpec.h:2586:106: warning: ‘offsetof’ within non-standard-layout type ‘Render::SkyMaterial’ is conditionally-supported [-Winvalid-offsetof]
 2586 |         virtual int SignificantPartLength() const { return offsetof( SkyMaterial, vOffset2 ) - offsetof( SkyMaterial, renderState ) + sizeof( vOffset2 ); }
      |                                                                                                          ^
/home/vitaly/p/Prime-World/pw/branches/r1117/Src/PF_Core/../Render/MaterialSpec.h: In static member function ‘static void Render::SkyMaterial::InitSamplersOffsets()’:
/home/vitaly/p/Prime-World/pw/branches/r1117/Src/PF_Core/../Render/MaterialSpec.h:2634:36: warning: ‘offsetof’ within non-standard-layout type ‘Render::SkyMaterial’ is conditionally-supported [-Winvalid-offsetof]
 2634 |     samplersOffsets[0] = offsetof( SkyMaterial, DiffuseMap );
      |                                    ^
/home/vitaly/p/Prime-World/pw/branches/r1117/Src/PF_Core/../Render/MaterialSpec.h: In member function ‘virtual int Render::TerrainAOEMaterial::SignificantPartLength() const’:
/home/vitaly/p/Prime-World/pw/branches/r1117/Src/PF_Core/../Render/MaterialSpec.h:2717:70: warning: ‘offsetof’ within non-standard-layout type ‘Render::TerrainAOEMaterial’ is conditionally-supported [-Winvalid-offsetof]
 2717 |         virtual int SignificantPartLength() const { return offsetof( TerrainAOEMaterial, uvOffset ) - offsetof( TerrainAOEMaterial, renderState ) + sizeof( uvOffset ); }
      |                                                                      ^
/home/vitaly/p/Prime-World/pw/branches/r1117/Src/PF_Core/../Render/MaterialSpec.h:2717:113: warning: ‘offsetof’ within non-standard-layout type ‘Render::TerrainAOEMaterial’ is conditionally-supported [-Winvalid-offsetof]
 2717 |         virtual int SignificantPartLength() const { return offsetof( TerrainAOEMaterial, uvOffset ) - offsetof( TerrainAOEMaterial, renderState ) + sizeof( uvOffset ); }
      |                                                                                                                 ^
/home/vitaly/p/Prime-World/pw/branches/r1117/Src/PF_Core/../Render/MaterialSpec.h: In static member function ‘static void Render::TerrainAOEMaterial::InitSamplersOffsets()’:
/home/vitaly/p/Prime-World/pw/branches/r1117/Src/PF_Core/../Render/MaterialSpec.h:2749:36: warning: ‘offsetof’ within non-standard-layout type ‘Render::TerrainAOEMaterial’ is conditionally-supported [-Winvalid-offsetof]
 2749 |     samplersOffsets[0] = offsetof( TerrainAOEMaterial, DiffuseMap );
      |                                    ^
/home/vitaly/p/Prime-World/pw/branches/r1117/Src/PF_Core/../Render/MaterialSpec.h: In member function ‘virtual int Render::TerrainHeightBuilderMaterial::SignificantPartLength() const’:
/home/vitaly/p/Prime-World/pw/branches/r1117/Src/PF_Core/../Render/MaterialSpec.h:2973:70: warning: ‘offsetof’ within non-standard-layout type ‘Render::TerrainHeightBuilderMaterial’ is conditionally-supported [-Winvalid-offsetof]
 2973 |         virtual int SignificantPartLength() const { return offsetof( TerrainHeightBuilderMaterial, renderState ) - offsetof( TerrainHeightBuilderMaterial, renderState ) + sizeof( renderState ); }
      |                                                                      ^
/home/vitaly/p/Prime-World/pw/branches/r1117/Src/PF_Core/../Render/MaterialSpec.h:2973:126: warning: ‘offsetof’ within non-standard-layout type ‘Render::TerrainHeightBuilderMaterial’ is conditionally-supported [-Winvalid-offsetof]
 2973 |         virtual int SignificantPartLength() const { return offsetof( TerrainHeightBuilderMaterial, renderState ) - offsetof( TerrainHeightBuilderMaterial, renderState ) + sizeof( renderState ); }
      |                                                                                                                              ^
/home/vitaly/p/Prime-World/pw/branches/r1117/Src/PF_Core/../Render/MaterialSpec.h: In member function ‘virtual int Render::TerrainMaterial::SignificantPartLength() const’:
/home/vitaly/p/Prime-World/pw/branches/r1117/Src/PF_Core/../Render/MaterialSpec.h:3102:70: warning: ‘offsetof’ within non-standard-layout type ‘Render::TerrainMaterial’ is conditionally-supported [-Winvalid-offsetof]
 3102 |         virtual int SignificantPartLength() const { return offsetof( TerrainMaterial, grassRect ) - offsetof( TerrainMaterial, A_DiffuseMap ) + sizeof( grassRect ); }
      |                                                                      ^
/home/vitaly/p/Prime-World/pw/branches/r1117/Src/PF_Core/../Render/MaterialSpec.h:3102:111: warning: ‘offsetof’ within non-standard-layout type ‘Render::TerrainMaterial’ is conditionally-supported [-Winvalid-offsetof]
 3102 |         virtual int SignificantPartLength() const { return offsetof( TerrainMaterial, grassRect ) - offsetof( TerrainMaterial, A_DiffuseMap ) + sizeof( grassRect ); }
      |                                                                                                               ^
/home/vitaly/p/Prime-World/pw/branches/r1117/Src/PF_Core/../Render/MaterialSpec.h: In static member function ‘static void Render::TerrainMaterial::InitSamplersOffsets()’:
/home/vitaly/p/Prime-World/pw/branches/r1117/Src/PF_Core/../Render/MaterialSpec.h:3150:36: warning: ‘offsetof’ within non-standard-layout type ‘Render::TerrainMaterial’ is conditionally-supported [-Winvalid-offsetof]
 3150 |     samplersOffsets[0] = offsetof( TerrainMaterial, A_DiffuseMap );
      |                                    ^
/home/vitaly/p/Prime-World/pw/branches/r1117/Src/PF_Core/../Render/MaterialSpec.h:3151:36: warning: ‘offsetof’ within non-standard-layout type ‘Render::TerrainMaterial’ is conditionally-supported [-Winvalid-offsetof]
 3151 |     samplersOffsets[1] = offsetof( TerrainMaterial, N_DiffuseMap );
      |                                    ^
/home/vitaly/p/Prime-World/pw/branches/r1117/Src/PF_Core/../Render/MaterialSpec.h:3152:36: warning: ‘offsetof’ within non-standard-layout type ‘Render::TerrainMaterial’ is conditionally-supported [-Winvalid-offsetof]
 3152 |     samplersOffsets[2] = offsetof( TerrainMaterial, B_DiffuseMap );
      |                                    ^
/home/vitaly/p/Prime-World/pw/branches/r1117/Src/PF_Core/../Render/MaterialSpec.h:3153:36: warning: ‘offsetof’ within non-standard-layout type ‘Render::TerrainMaterial’ is conditionally-supported [-Winvalid-offsetof]
 3153 |     samplersOffsets[3] = offsetof( TerrainMaterial, FrozenNormalMap );
      |                                    ^
/home/vitaly/p/Prime-World/pw/branches/r1117/Src/PF_Core/../Render/MaterialSpec.h:3154:36: warning: ‘offsetof’ within non-standard-layout type ‘Render::TerrainMaterial’ is conditionally-supported [-Winvalid-offsetof]
 3154 |     samplersOffsets[4] = offsetof( TerrainMaterial, NormalNormalMap );
      |                                    ^
/home/vitaly/p/Prime-World/pw/branches/r1117/Src/PF_Core/../Render/MaterialSpec.h:3155:36: warning: ‘offsetof’ within non-standard-layout type ‘Render::TerrainMaterial’ is conditionally-supported [-Winvalid-offsetof]
 3155 |     samplersOffsets[5] = offsetof( TerrainMaterial, BurnedNormalMap );
      |                                    ^
/home/vitaly/p/Prime-World/pw/branches/r1117/Src/PF_Core/../Render/MaterialSpec.h:3156:36: warning: ‘offsetof’ within non-standard-layout type ‘Render::TerrainMaterial’ is conditionally-supported [-Winvalid-offsetof]
 3156 |     samplersOffsets[6] = offsetof( TerrainMaterial, FrozenSpecularMap );
      |                                    ^
/home/vitaly/p/Prime-World/pw/branches/r1117/Src/PF_Core/../Render/MaterialSpec.h:3157:36: warning: ‘offsetof’ within non-standard-layout type ‘Render::TerrainMaterial’ is conditionally-supported [-Winvalid-offsetof]
 3157 |     samplersOffsets[7] = offsetof( TerrainMaterial, NormalSpecularMap );
      |                                    ^
/home/vitaly/p/Prime-World/pw/branches/r1117/Src/PF_Core/../Render/MaterialSpec.h:3158:36: warning: ‘offsetof’ within non-standard-layout type ‘Render::TerrainMaterial’ is conditionally-supported [-Winvalid-offsetof]
 3158 |     samplersOffsets[8] = offsetof( TerrainMaterial, BurnedSpecularMap );
      |                                    ^
/home/vitaly/p/Prime-World/pw/branches/r1117/Src/PF_Core/../Render/MaterialSpec.h:3159:36: warning: ‘offsetof’ within non-standard-layout type ‘Render::TerrainMaterial’ is conditionally-supported [-Winvalid-offsetof]
 3159 |     samplersOffsets[9] = offsetof( TerrainMaterial, DarkMap );
      |                                    ^
/home/vitaly/p/Prime-World/pw/branches/r1117/Src/PF_Core/../Render/MaterialSpec.h: In member function ‘virtual int Render::TestTownMaterial::SignificantPartLength() const’:
/home/vitaly/p/Prime-World/pw/branches/r1117/Src/PF_Core/../Render/MaterialSpec.h:3225:70: warning: ‘offsetof’ within non-standard-layout type ‘Render::TestTownMaterial’ is conditionally-supported [-Winvalid-offsetof]
 3225 |         virtual int SignificantPartLength() const { return offsetof( TestTownMaterial, outputAdd ) - offsetof( TestTownMaterial, RenderState ) + sizeof( outputAdd ); }
      |                                                                      ^
/home/vitaly/p/Prime-World/pw/branches/r1117/Src/PF_Core/../Render/MaterialSpec.h:3225:112: warning: ‘offsetof’ within non-standard-layout type ‘Render::TestTownMaterial’ is conditionally-supported [-Winvalid-offsetof]
 3225 |         virtual int SignificantPartLength() const { return offsetof( TestTownMaterial, outputAdd ) - offsetof( TestTownMaterial, RenderState ) + sizeof( outputAdd ); }
      |                                                                                                                ^
/home/vitaly/p/Prime-World/pw/branches/r1117/Src/PF_Core/../Render/MaterialSpec.h: In static member function ‘static void Render::TestTownMaterial::InitSamplersOffsets()’:
/home/vitaly/p/Prime-World/pw/branches/r1117/Src/PF_Core/../Render/MaterialSpec.h:3261:36: warning: ‘offsetof’ within non-standard-layout type ‘Render::TestTownMaterial’ is conditionally-supported [-Winvalid-offsetof]
 3261 |     samplersOffsets[0] = offsetof( TestTownMaterial, DiffuseMap );
      |                                    ^
/home/vitaly/p/Prime-World/pw/branches/r1117/Src/PF_Core/../Render/MaterialSpec.h: In member function ‘virtual int Render::TraceMaterial::SignificantPartLength() const’:
/home/vitaly/p/Prime-World/pw/branches/r1117/Src/PF_Core/../Render/MaterialSpec.h:3343:70: warning: ‘offsetof’ within non-standard-layout type ‘Render::TraceMaterial’ is conditionally-supported [-Winvalid-offsetof]
 3343 |         virtual int SignificantPartLength() const { return offsetof( TraceMaterial, vOffset ) - offsetof( TraceMaterial, renderState ) + sizeof( vOffset ); }
      |                                                                      ^
/home/vitaly/p/Prime-World/pw/branches/r1117/Src/PF_Core/../Render/MaterialSpec.h:3343:107: warning: ‘offsetof’ within non-standard-layout type ‘Render::TraceMaterial’ is conditionally-supported [-Winvalid-offsetof]
 3343 |         virtual int SignificantPartLength() const { return offsetof( TraceMaterial, vOffset ) - offsetof( TraceMaterial, renderState ) + sizeof( vOffset ); }
      |                                                                                                           ^
/home/vitaly/p/Prime-World/pw/branches/r1117/Src/PF_Core/../Render/MaterialSpec.h: In static member function ‘static void Render::TraceMaterial::InitSamplersOffsets()’:
/home/vitaly/p/Prime-World/pw/branches/r1117/Src/PF_Core/../Render/MaterialSpec.h:3389:36: warning: ‘offsetof’ within non-standard-layout type ‘Render::TraceMaterial’ is conditionally-supported [-Winvalid-offsetof]
 3389 |     samplersOffsets[0] = offsetof( TraceMaterial, DiffuseMap );
      |                                    ^
/home/vitaly/p/Prime-World/pw/branches/r1117/Src/PF_Core/../Render/MaterialSpec.h: In member function ‘virtual int Render::UIBaseMaterial::SignificantPartLength() const’:
/home/vitaly/p/Prime-World/pw/branches/r1117/Src/PF_Core/../Render/MaterialSpec.h:3511:70: warning: ‘offsetof’ within non-standard-layout type ‘Render::UIBaseMaterial’ is conditionally-supported [-Winvalid-offsetof]
 3511 |         virtual int SignificantPartLength() const { return offsetof( UIBaseMaterial, colorStripe1000 ) - offsetof( UIBaseMaterial, DiffuseMap ) + sizeof( colorStripe1000 ); }
      |                                                                      ^
/home/vitaly/p/Prime-World/pw/branches/r1117/Src/PF_Core/../Render/MaterialSpec.h:3511:116: warning: ‘offsetof’ within non-standard-layout type ‘Render::UIBaseMaterial’ is conditionally-supported [-Winvalid-offsetof]
 3511 |         virtual int SignificantPartLength() const { return offsetof( UIBaseMaterial, colorStripe1000 ) - offsetof( UIBaseMaterial, DiffuseMap ) + sizeof( colorStripe1000 ); }
      |                                                                                                                    ^
/home/vitaly/p/Prime-World/pw/branches/r1117/Src/PF_Core/../Render/MaterialSpec.h: In static member function ‘static void Render::UIBaseMaterial::InitSamplersOffsets()’:
/home/vitaly/p/Prime-World/pw/branches/r1117/Src/PF_Core/../Render/MaterialSpec.h:3558:36: warning: ‘offsetof’ within non-standard-layout type ‘Render::UIBaseMaterial’ is conditionally-supported [-Winvalid-offsetof]
 3558 |     samplersOffsets[0] = offsetof( UIBaseMaterial, DiffuseMap );
      |                                    ^
/home/vitaly/p/Prime-World/pw/branches/r1117/Src/PF_Core/../Render/MaterialSpec.h:3559:36: warning: ‘offsetof’ within non-standard-layout type ‘Render::UIBaseMaterial’ is conditionally-supported [-Winvalid-offsetof]
 3559 |     samplersOffsets[1] = offsetof( UIBaseMaterial, MaskMap );
      |                                    ^
/home/vitaly/p/Prime-World/pw/branches/r1117/Src/PF_Core/../Render/MaterialSpec.h: In member function ‘virtual int Render::UIButtonMaterial::SignificantPartLength() const’:
/home/vitaly/p/Prime-World/pw/branches/r1117/Src/PF_Core/../Render/MaterialSpec.h:3652:70: warning: ‘offsetof’ within non-standard-layout type ‘Render::UIButtonMaterial’ is conditionally-supported [-Winvalid-offsetof]
 3652 |         virtual int SignificantPartLength() const { return offsetof( UIButtonMaterial, ScreenOpacity ) - offsetof( UIButtonMaterial, BackgroundMap ) + sizeof( ScreenOpacity ); }
      |                                                                      ^
/home/vitaly/p/Prime-World/pw/branches/r1117/Src/PF_Core/../Render/MaterialSpec.h:3652:116: warning: ‘offsetof’ within non-standard-layout type ‘Render::UIButtonMaterial’ is conditionally-supported [-Winvalid-offsetof]
 3652 |         virtual int SignificantPartLength() const { return offsetof( UIButtonMaterial, ScreenOpacity ) - offsetof( UIButtonMaterial, BackgroundMap ) + sizeof( ScreenOpacity ); }
      |                                                                                                                    ^
/home/vitaly/p/Prime-World/pw/branches/r1117/Src/PF_Core/../Render/MaterialSpec.h: In static member function ‘static void Render::UIButtonMaterial::InitSamplersOffsets()’:
/home/vitaly/p/Prime-World/pw/branches/r1117/Src/PF_Core/../Render/MaterialSpec.h:3718:36: warning: ‘offsetof’ within non-standard-layout type ‘Render::UIButtonMaterial’ is conditionally-supported [-Winvalid-offsetof]
 3718 |     samplersOffsets[0] = offsetof( UIButtonMaterial, BackgroundMap );
      |                                    ^
/home/vitaly/p/Prime-World/pw/branches/r1117/Src/PF_Core/../Render/MaterialSpec.h:3719:36: warning: ‘offsetof’ within non-standard-layout type ‘Render::UIButtonMaterial’ is conditionally-supported [-Winvalid-offsetof]
 3719 |     samplersOffsets[1] = offsetof( UIButtonMaterial, DiffuseMap );
      |                                    ^
/home/vitaly/p/Prime-World/pw/branches/r1117/Src/PF_Core/../Render/MaterialSpec.h:3720:36: warning: ‘offsetof’ within non-standard-layout type ‘Render::UIButtonMaterial’ is conditionally-supported [-Winvalid-offsetof]
 3720 |     samplersOffsets[2] = offsetof( UIButtonMaterial, WaitForActMap );
      |                                    ^
/home/vitaly/p/Prime-World/pw/branches/r1117/Src/PF_Core/../Render/MaterialSpec.h:3721:36: warning: ‘offsetof’ within non-standard-layout type ‘Render::UIButtonMaterial’ is conditionally-supported [-Winvalid-offsetof]
 3721 |     samplersOffsets[3] = offsetof( UIButtonMaterial, LackOfManaMap );
      |                                    ^
/home/vitaly/p/Prime-World/pw/branches/r1117/Src/PF_Core/../Render/MaterialSpec.h:3722:36: warning: ‘offsetof’ within non-standard-layout type ‘Render::UIButtonMaterial’ is conditionally-supported [-Winvalid-offsetof]
 3722 |     samplersOffsets[4] = offsetof( UIButtonMaterial, PressedMap );
      |                                    ^
/home/vitaly/p/Prime-World/pw/branches/r1117/Src/PF_Core/../Render/MaterialSpec.h:3723:36: warning: ‘offsetof’ within non-standard-layout type ‘Render::UIButtonMaterial’ is conditionally-supported [-Winvalid-offsetof]
 3723 |     samplersOffsets[5] = offsetof( UIButtonMaterial, HighlightMap );
      |                                    ^
/home/vitaly/p/Prime-World/pw/branches/r1117/Src/PF_Core/../Render/MaterialSpec.h:3724:36: warning: ‘offsetof’ within non-standard-layout type ‘Render::UIButtonMaterial’ is conditionally-supported [-Winvalid-offsetof]
 3724 |     samplersOffsets[6] = offsetof( UIButtonMaterial, ScreenMap );
      |                                    ^
/home/vitaly/p/Prime-World/pw/branches/r1117/Src/PF_Core/../Render/MaterialSpec.h: In member function ‘virtual int Render::UIFlashMaterial::SignificantPartLength() const’:
/home/vitaly/p/Prime-World/pw/branches/r1117/Src/PF_Core/../Render/MaterialSpec.h:3803:70: warning: ‘offsetof’ within non-standard-layout type ‘Render::UIFlashMaterial’ is conditionally-supported [-Winvalid-offsetof]
 3803 |         virtual int SignificantPartLength() const { return offsetof( UIFlashMaterial, CXFormAdd ) - offsetof( UIFlashMaterial, DiffuseMap ) + sizeof( CXFormAdd ); }
      |                                                                      ^
/home/vitaly/p/Prime-World/pw/branches/r1117/Src/PF_Core/../Render/MaterialSpec.h:3803:111: warning: ‘offsetof’ within non-standard-layout type ‘Render::UIFlashMaterial’ is conditionally-supported [-Winvalid-offsetof]
 3803 |         virtual int SignificantPartLength() const { return offsetof( UIFlashMaterial, CXFormAdd ) - offsetof( UIFlashMaterial, DiffuseMap ) + sizeof( CXFormAdd ); }
      |                                                                                                               ^
/home/vitaly/p/Prime-World/pw/branches/r1117/Src/PF_Core/../Render/MaterialSpec.h: In static member function ‘static void Render::UIFlashMaterial::InitSamplersOffsets()’:
/home/vitaly/p/Prime-World/pw/branches/r1117/Src/PF_Core/../Render/MaterialSpec.h:3855:36: warning: ‘offsetof’ within non-standard-layout type ‘Render::UIFlashMaterial’ is conditionally-supported [-Winvalid-offsetof]
 3855 |     samplersOffsets[0] = offsetof( UIFlashMaterial, DiffuseMap );
      |                                    ^
/home/vitaly/p/Prime-World/pw/branches/r1117/Src/PF_Core/../Render/MaterialSpec.h:3856:36: warning: ‘offsetof’ within non-standard-layout type ‘Render::UIFlashMaterial’ is conditionally-supported [-Winvalid-offsetof]
 3856 |     samplersOffsets[1] = offsetof( UIFlashMaterial, DiffuseMap2 );
      |                                    ^
/home/vitaly/p/Prime-World/pw/branches/r1117/Src/PF_Core/../Render/MaterialSpec.h: In member function ‘virtual int Render::UIFontMaterial::SignificantPartLength() const’:
/home/vitaly/p/Prime-World/pw/branches/r1117/Src/PF_Core/../Render/MaterialSpec.h:3924:70: warning: ‘offsetof’ within non-standard-layout type ‘Render::UIFontMaterial’ is conditionally-supported [-Winvalid-offsetof]
 3924 |         virtual int SignificantPartLength() const { return offsetof( UIFontMaterial, SecondaryColor ) - offsetof( UIFontMaterial, DiffuseMap ) + sizeof( SecondaryColor ); }
      |                                                                      ^
/home/vitaly/p/Prime-World/pw/branches/r1117/Src/PF_Core/../Render/MaterialSpec.h:3924:115: warning: ‘offsetof’ within non-standard-layout type ‘Render::UIFontMaterial’ is conditionally-supported [-Winvalid-offsetof]
 3924 |         virtual int SignificantPartLength() const { return offsetof( UIFontMaterial, SecondaryColor ) - offsetof( UIFontMaterial, DiffuseMap ) + sizeof( SecondaryColor ); }
      |                                                                                                                   ^
/home/vitaly/p/Prime-World/pw/branches/r1117/Src/PF_Core/../Render/MaterialSpec.h: In static member function ‘static void Render::UIFontMaterial::InitSamplersOffsets()’:
/home/vitaly/p/Prime-World/pw/branches/r1117/Src/PF_Core/../Render/MaterialSpec.h:3962:36: warning: ‘offsetof’ within non-standard-layout type ‘Render::UIFontMaterial’ is conditionally-supported [-Winvalid-offsetof]
 3962 |     samplersOffsets[0] = offsetof( UIFontMaterial, DiffuseMap );
      |                                    ^
/home/vitaly/p/Prime-World/pw/branches/r1117/Src/PF_Core/../Render/MaterialSpec.h: In member function ‘virtual int Render::UIGlassMaterial::SignificantPartLength() const’:
/home/vitaly/p/Prime-World/pw/branches/r1117/Src/PF_Core/../Render/MaterialSpec.h:4035:70: warning: ‘offsetof’ within non-standard-layout type ‘Render::UIGlassMaterial’ is conditionally-supported [-Winvalid-offsetof]
 4035 |         virtual int SignificantPartLength() const { return offsetof( UIGlassMaterial, ScreenOpacity ) - offsetof( UIGlassMaterial, BackgroundMap ) + sizeof( ScreenOpacity ); }
      |                                                                      ^
/home/vitaly/p/Prime-World/pw/branches/r1117/Src/PF_Core/../Render/MaterialSpec.h:4035:115: warning: ‘offsetof’ within non-standard-layout type ‘Render::UIGlassMaterial’ is conditionally-supported [-Winvalid-offsetof]
 4035 |         virtual int SignificantPartLength() const { return offsetof( UIGlassMaterial, ScreenOpacity ) - offsetof( UIGlassMaterial, BackgroundMap ) + sizeof( ScreenOpacity ); }
      |                                                                                                                   ^
/home/vitaly/p/Prime-World/pw/branches/r1117/Src/PF_Core/../Render/MaterialSpec.h: In static member function ‘static void Render::UIGlassMaterial::InitSamplersOffsets()’:
/home/vitaly/p/Prime-World/pw/branches/r1117/Src/PF_Core/../Render/MaterialSpec.h:4078:36: warning: ‘offsetof’ within non-standard-layout type ‘Render::UIGlassMaterial’ is conditionally-supported [-Winvalid-offsetof]
 4078 |     samplersOffsets[0] = offsetof( UIGlassMaterial, BackgroundMap );
      |                                    ^
/home/vitaly/p/Prime-World/pw/branches/r1117/Src/PF_Core/../Render/MaterialSpec.h:4079:36: warning: ‘offsetof’ within non-standard-layout type ‘Render::UIGlassMaterial’ is conditionally-supported [-Winvalid-offsetof]
 4079 |     samplersOffsets[1] = offsetof( UIGlassMaterial, DiffuseMap );
      |                                    ^
/home/vitaly/p/Prime-World/pw/branches/r1117/Src/PF_Core/../Render/MaterialSpec.h:4080:36: warning: ‘offsetof’ within non-standard-layout type ‘Render::UIGlassMaterial’ is conditionally-supported [-Winvalid-offsetof]
 4080 |     samplersOffsets[2] = offsetof( UIGlassMaterial, OverlayMap );
      |                                    ^
/home/vitaly/p/Prime-World/pw/branches/r1117/Src/PF_Core/../Render/MaterialSpec.h:4081:36: warning: ‘offsetof’ within non-standard-layout type ‘Render::UIGlassMaterial’ is conditionally-supported [-Winvalid-offsetof]
 4081 |     samplersOffsets[3] = offsetof( UIGlassMaterial, ScreenMap );
      |                                    ^
[  9%] Building CXX object CMakeFiles/PrimeWorld.dir/PF_Core/BasicEffect.cpp.o
/home/vitaly/p/Prime-World/pw/branches/r1117/Src/PF_Core/BasicEffect.cpp:1:9: warning: ‘#pragma once’ in main file [-Wpragma-once-outside-header]
    1 | #pragma once
      |         ^~~~
In file included from /home/vitaly/p/Prime-World/pw/branches/r1117/Src/PF_Core/../Scene/DiAnGr.h:17,
                 from /home/vitaly/p/Prime-World/pw/branches/r1117/Src/PF_Core/../Scene/AnimatedSceneComponent.h:4,
                 from /home/vitaly/p/Prime-World/pw/branches/r1117/Src/PF_Core/BasicEffect.cpp:6:
/home/vitaly/p/Prime-World/pw/branches/r1117/Src/PF_Core/../Scene/DiAnGrUtils.h:198:8: warning: extra tokens at end of ‘#endif’ directive [-Wendif-labels]
  198 | #endif _DIANGRUTILS_H_
      |        ^~~~~~~~~~~~~~~
In file included from /home/vitaly/p/Prime-World/pw/branches/r1117/Src/PF_Core/../Scene/DiAnGr.h:18:
/home/vitaly/p/Prime-World/pw/branches/r1117/Src/PF_Core/../Scene/DiAnGrAPI.h:6:8: warning: extra tokens at end of ‘#endif’ directive [-Wendif-labels]
    6 | #endif __DIANGRAPI_H__
      |        ^~~~~~~~~~~~~~~
/home/vitaly/p/Prime-World/pw/branches/r1117/Src/PF_Core/../Scene/DiAnGr.h:599:10: warning: extra tokens at end of ‘#endif’ directive [-Wendif-labels]
  599 |   #endif DIANGR_SCREEN_DEBUG_GENERAL
      |          ^~~~~~~~~~~~~~~~~~~~~~~~~~~
/home/vitaly/p/Prime-World/pw/branches/r1117/Src/PF_Core/../Scene/DiAnGr.h:777:8: warning: extra tokens at end of ‘#endif’ directive [-Wendif-labels]
  777 | #endif DIANGR_SCREEN_DEBUG_GENERAL
      |        ^~~~~~~~~~~~~~~~~~~~~~~~~~~
In file included from /home/vitaly/p/Prime-World/pw/branches/r1117/Src/PF_Core/../System/../System/Logger.h:7,
                 from /home/vitaly/p/Prime-World/pw/branches/r1117/Src/PF_Core/../System/systemStdAfx.h:77,
                 from /home/vitaly/p/Prime-World/pw/branches/r1117/Src/PF_Core/stdafx.h:3,
                 from /home/vitaly/p/Prime-World/pw/branches/r1117/Src/PF_Core/BasicEffect.cpp:3:
/home/vitaly/p/Prime-World/pw/branches/r1117/Src/PF_Core/../System/../System/MultiReaderLock.h:22:14: warning: ‘template<class> class std::auto_ptr’ is deprecated: use 'std::unique_ptr' instead [-Wdeprecated-declarations]
   22 |   const std::auto_ptr< MultiReaderLockImpl > impl_;
      |              ^~~~~~~~
In file included from /usr/lib/gcc/x86_64-pc-linux-gnu/15/include/g++-v15/memory:80,
                 from /home/vitaly/p/Prime-World/pw/branches/r1117/Src/PF_Core/../System/../System/MultiReaderLock.h:3:
/usr/lib/gcc/x86_64-pc-linux-gnu/15/include/g++-v15/bits/unique_ptr.h:58:28: note: declared here
   58 |   template<typename> class auto_ptr;
      |                            ^~~~~~~~
In file included from /home/vitaly/p/Prime-World/pw/branches/r1117/Src/PF_Core/../System/systemStdAfx.h:162:
/home/vitaly/p/Prime-World/pw/branches/r1117/Src/PF_Core/../System/../System/ncircular_buffer.h:293:15: warning: ‘template<class _Category, class _Tp, class _Distance, class _Pointer, class _Reference> struct std::iterator’ is deprecated [-Wdeprecated-declarations]
  293 | : public std::iterator<std::random_access_iterator_tag,
      |               ^~~~~~~~
In file included from /usr/lib/gcc/x86_64-pc-linux-gnu/15/include/g++-v15/bits/stl_algobase.h:65,
                 from /usr/lib/gcc/x86_64-pc-linux-gnu/15/include/g++-v15/bits/specfun.h:43,
                 from /usr/lib/gcc/x86_64-pc-linux-gnu/15/include/g++-v15/cmath:3913,
                 from /usr/lib/gcc/x86_64-pc-linux-gnu/15/include/g++-v15/math.h:36,
                 from /home/vitaly/p/Prime-World/pw/branches/r1117/Src/System/Win32_linux.h:9,
                 from /home/vitaly/p/Prime-World/pw/branches/r1117/Src/System/config.h:51,
                 from /home/vitaly/p/Prime-World/pw/branches/r1117/Src/PF_Core/../System/systemStdAfx.h:4:
/usr/lib/gcc/x86_64-pc-linux-gnu/15/include/g++-v15/bits/stl_iterator_base_types.h:129:34: note: declared here
  129 |     struct _GLIBCXX17_DEPRECATED iterator
      |                                  ^~~~~~~~
In file included from /home/vitaly/p/Prime-World/pw/branches/r1117/Src/PF_Core/../Scene/../Render/RenderComponent.h:4,
                 from /home/vitaly/p/Prime-World/pw/branches/r1117/Src/PF_Core/../Scene/SceneComponent.h:8,
                 from /home/vitaly/p/Prime-World/pw/branches/r1117/Src/PF_Core/BasicEffect.cpp:5:
/home/vitaly/p/Prime-World/pw/branches/r1117/Src/PF_Core/../Scene/../Render/AABB.h:11:16: warning: attribute ignored in declaration of ‘struct Render::AABB’ [-Wattributes]
   11 |         struct AABB
      |                ^~~~
/home/vitaly/p/Prime-World/pw/branches/r1117/Src/PF_Core/../Scene/../Render/AABB.h:11:16: note: attribute for ‘struct Render::AABB’ must follow the ‘struct’ keyword
/home/vitaly/p/Prime-World/pw/branches/r1117/Src/PF_Core/../Scene/../Render/RenderComponent.h:40:7: warning: attribute ignored in declaration of ‘class Render::RenderComponent’ [-Wattributes]
   40 | class RenderComponent : public NonCopyable
      |       ^~~~~~~~~~~~~~~
/home/vitaly/p/Prime-World/pw/branches/r1117/Src/PF_Core/../Scene/../Render/RenderComponent.h:40:7: note: attribute for ‘class Render::RenderComponent’ must follow the ‘class’ keyword
In file included from /home/vitaly/p/Prime-World/pw/branches/r1117/Src/PF_Core/../Scene/SequencerData.hpp:4,
                 from /home/vitaly/p/Prime-World/pw/branches/r1117/Src/PF_Core/../Scene/AnimGraphApplicator.hpp:3,
                 from /home/vitaly/p/Prime-World/pw/branches/r1117/Src/PF_Core/../Scene/IAnimGraphBlender.h:6,
                 from /home/vitaly/p/Prime-World/pw/branches/r1117/Src/PF_Core/../Scene/DiAnGr.h:15:
/home/vitaly/p/Prime-World/pw/branches/r1117/Src/PF_Core/../Scene/TimedChannel.h: In member function ‘void NScene::TimedChannel<Value>::Purge(NScene::Time)’:
/home/vitaly/p/Prime-World/pw/branches/r1117/Src/PF_Core/../Scene/TimedChannel.h:61:17: error: need ‘typename’ before ‘nstl::list<_Tp>::iterator’ because ‘nstl::list<_Tp>’ is a dependent scope [-Wtemplate-body]
   61 |                 list<Value>::iterator it = data.begin();
      |                 ^~~~~~~~~~~
/home/vitaly/p/Prime-World/pw/branches/r1117/Src/PF_Core/../Scene/TimedChannel.h:62:25: error: ‘it’ was not declared in this scope; did you mean ‘t’? [-Wtemplate-body]
   62 |                 for ( ; it != data.end(); ++it )
      |                         ^~
      |                         t
/home/vitaly/p/Prime-World/pw/branches/r1117/Src/PF_Core/../Scene/TimedChannel.h: In member function ‘void NScene::TimedChannel<Value>::Insert(const Value&)’:
/home/vitaly/p/Prime-World/pw/branches/r1117/Src/PF_Core/../Scene/TimedChannel.h:81:17: error: need ‘typename’ before ‘nstl::list<_Tp>::iterator’ because ‘nstl::list<_Tp>’ is a dependent scope [-Wtemplate-body]
   81 |                 list<Value>::iterator it = data.begin();
      |                 ^~~~~~~~~~~
/home/vitaly/p/Prime-World/pw/branches/r1117/Src/PF_Core/../Scene/TimedChannel.h:82:25: error: ‘it’ was not declared in this scope; did you mean ‘t’? [-Wtemplate-body]
   82 |                 for ( ; it != data.end() && it->startTime <= value.startTime; ++it )
      |                         ^~
      |                         t
/home/vitaly/p/Prime-World/pw/branches/r1117/Src/PF_Core/../Scene/TimedChannel.h:84:30: error: ‘it’ was not declared in this scope; did you mean ‘t’? [-Wtemplate-body]
   84 |                 data.insert( it, value );
      |                              ^~
      |                              t
/home/vitaly/p/Prime-World/pw/branches/r1117/Src/PF_Core/../Scene/TimedChannel.h: In member function ‘NScene::Time NScene::TimedChannel<Value>::GetIdleTime() const’:
/home/vitaly/p/Prime-World/pw/branches/r1117/Src/PF_Core/../Scene/TimedChannel.h:117:17: error: need ‘typename’ before ‘nstl::list<_Tp>::const_iterator’ because ‘nstl::list<_Tp>’ is a dependent scope [-Wtemplate-body]
  117 |                 list<Value>::const_iterator it = data.end();
      |                 ^~~~~~~~~~~
/home/vitaly/p/Prime-World/pw/branches/r1117/Src/PF_Core/../Scene/TimedChannel.h:120:27: error: ‘it’ was not declared in this scope; did you mean ‘t’? [-Wtemplate-body]
  120 |                         --it;
      |                           ^~
      |                           t
/home/vitaly/p/Prime-World/pw/branches/r1117/Src/PF_Core/../Scene/TimedChannel.h:125:25: error: ‘it’ was not declared in this scope; did you mean ‘t’? [-Wtemplate-body]
  125 |                 while ( it != data.begin() );
      |                         ^~
      |                         t
/home/vitaly/p/Prime-World/pw/branches/r1117/Src/PF_Core/../Scene/TimedChannel.h: In member function ‘void NScene::TimedQueue<Value>::Insert(const Value&)’:
/home/vitaly/p/Prime-World/pw/branches/r1117/Src/PF_Core/../Scene/TimedChannel.h:147:17: error: need ‘typename’ before ‘nstl::list<_Tp>::iterator’ because ‘nstl::list<_Tp>’ is a dependent scope [-Wtemplate-body]
  147 |                 list<Value>::iterator it = data.begin();
      |                 ^~~~~~~~~~~
/home/vitaly/p/Prime-World/pw/branches/r1117/Src/PF_Core/../Scene/TimedChannel.h:148:25: error: ‘it’ was not declared in this scope; did you mean ‘t’? [-Wtemplate-body]
  148 |                 for ( ; it != data.end() && it->startTime <= value.startTime; ++it )
      |                         ^~
      |                         t
/home/vitaly/p/Prime-World/pw/branches/r1117/Src/PF_Core/../Scene/TimedChannel.h:150:30: error: ‘it’ was not declared in this scope; did you mean ‘t’? [-Wtemplate-body]
  150 |                 data.insert( it, value );
      |                              ^~
      |                              t
In file included from /home/vitaly/p/Prime-World/pw/branches/r1117/Src/PF_Core/../Scene/../Render/../MeshConverter/SkeletalAnimationHeader.h:5,
                 from /home/vitaly/p/Prime-World/pw/branches/r1117/Src/PF_Core/../Scene/../Render/SkeletalAnimationSampler.h:3,
                 from /home/vitaly/p/Prime-World/pw/branches/r1117/Src/PF_Core/../Scene/AnimSequencer.hpp:6,
                 from /home/vitaly/p/Prime-World/pw/branches/r1117/Src/PF_Core/../Scene/AnimGraphApplicator.hpp:9:
/home/vitaly/p/Prime-World/pw/branches/r1117/Src/PF_Core/../Scene/../Render/../MeshConverter/../System/dummyallocator.h: In constructor ‘DummyAllocator::DummyAllocator(unsigned int)’:
/home/vitaly/p/Prime-World/pw/branches/r1117/Src/PF_Core/../Scene/../Render/../MeshConverter/../System/dummyallocator.h:20:57: error: ‘Aligned_MAlloc’ was not declared in this scope; did you mean ‘aligned_alloc’?
   20 |                 pStorage = static_cast<unsigned char*>( Aligned_MAlloc( storageCapacity, 16 ) );
      |                                                         ^~~~~~~~~~~~~~
      |                                                         aligned_alloc
/home/vitaly/p/Prime-World/pw/branches/r1117/Src/PF_Core/../Scene/../Render/../MeshConverter/../System/dummyallocator.h: In destructor ‘DummyAllocator::~DummyAllocator()’:
/home/vitaly/p/Prime-World/pw/branches/r1117/Src/PF_Core/../Scene/../Render/../MeshConverter/../System/dummyallocator.h:25:17: error: ‘Aligned_Free’ was not declared in this scope
   25 |                 Aligned_Free(pStorage);
      |                 ^~~~~~~~~~~~
In file included from /home/vitaly/p/Prime-World/pw/branches/r1117/Src/PF_Core/../Scene/../Render/../MeshConverter/SkeletalAnimationHeader.h:6:
/home/vitaly/p/Prime-World/pw/branches/r1117/Src/PF_Core/../Scene/../Render/../MeshConverter/../System/staticvector.h: At global scope:
/home/vitaly/p/Prime-World/pw/branches/r1117/Src/PF_Core/../Scene/../Render/../MeshConverter/../System/staticvector.h:10:18: error: expected ‘;’ at end of member declaration [-Wtemplate-body]
   10 |         unsigned __int32 count;
      |                  ^~~~~~~
      |                         ;
/home/vitaly/p/Prime-World/pw/branches/r1117/Src/PF_Core/../Scene/../Render/../MeshConverter/../System/staticvector.h:10:26: error: ‘count’ does not name a type [-Wtemplate-body]
   10 |         unsigned __int32 count;
      |                          ^~~~~
/home/vitaly/p/Prime-World/pw/branches/r1117/Src/PF_Core/../Scene/../Render/../MeshConverter/../System/staticvector.h:11:18: error: expected ‘;’ at end of member declaration [-Wtemplate-body]
   11 |         unsigned __int32 offset;
      |                  ^~~~~~~
      |                         ;
/home/vitaly/p/Prime-World/pw/branches/r1117/Src/PF_Core/../Scene/../Render/../MeshConverter/../System/staticvector.h:11:18: error: redeclaration of ‘unsigned int StaticVector<T>::__int32’ [-Wtemplate-body]
/home/vitaly/p/Prime-World/pw/branches/r1117/Src/PF_Core/../Scene/../Render/../MeshConverter/../System/staticvector.h:10:18: note: previous declaration ‘unsigned int StaticVector<T>::__int32’
   10 |         unsigned __int32 count;
      |                  ^~~~~~~
/home/vitaly/p/Prime-World/pw/branches/r1117/Src/PF_Core/../Scene/../Render/../MeshConverter/../System/staticvector.h:11:26: error: ‘offset’ does not name a type; did you mean ‘off_t’? [-Wtemplate-body]
   11 |         unsigned __int32 offset;
      |                          ^~~~~~
      |                          off_t
/home/vitaly/p/Prime-World/pw/branches/r1117/Src/PF_Core/../Scene/../Render/../MeshConverter/../System/staticvector.h: In member function ‘const unsigned int StaticVector<T>::size() const’:
/home/vitaly/p/Prime-World/pw/branches/r1117/Src/PF_Core/../Scene/../Render/../MeshConverter/../System/staticvector.h:29:24: error: cannot resolve overloaded function ‘count’ based on conversion to type ‘const unsigned int’ [-Wtemplate-body]
   29 |                 return count;
      |                        ^~~~~
/home/vitaly/p/Prime-World/pw/branches/r1117/Src/PF_Core/../Scene/../Render/../MeshConverter/../System/staticvector.h: In member function ‘const unsigned int StaticVector<T>::getMemorySize() const’:
/home/vitaly/p/Prime-World/pw/branches/r1117/Src/PF_Core/../Scene/../Render/../MeshConverter/../System/staticvector.h:36:12: error: ‘offset’ was not declared in this scope; did you mean ‘off_t’? [-Wtemplate-body]
   36 |     return offset + count * sizeof(T);
      |            ^~~~~~
      |            off_t
/home/vitaly/p/Prime-World/pw/branches/r1117/Src/PF_Core/../Scene/../Render/../MeshConverter/../System/staticvector.h:36:27: error: invalid operands of types ‘<unresolved overloaded function type>’ and ‘long unsigned int’ to binary ‘operator*’ [-Wtemplate-body]
   36 |     return offset + count * sizeof(T);
      |                     ~~~~~~^~~~~~~~~~~
/home/vitaly/p/Prime-World/pw/branches/r1117/Src/PF_Core/../Scene/../Render/../MeshConverter/../System/staticvector.h: In member function ‘const T& StaticVector<T>::operator[](unsigned int) const’:
/home/vitaly/p/Prime-World/pw/branches/r1117/Src/PF_Core/../Scene/../Render/../MeshConverter/../System/staticvector.h:44:62: error: ‘offset’ was not declared in this scope; did you mean ‘off_t’? [-Wtemplate-body]
   44 |                 const T* pBody = (T*)((unsigned char*)this + offset);
      |                                                              ^~~~~~
      |                                                              off_t
/home/vitaly/p/Prime-World/pw/branches/r1117/Src/PF_Core/../Scene/../Render/../MeshConverter/../System/staticvector.h: In member function ‘const T* StaticVector<T>::begin() const’:
/home/vitaly/p/Prime-World/pw/branches/r1117/Src/PF_Core/../Scene/../Render/../MeshConverter/../System/staticvector.h:52:62: error: ‘offset’ was not declared in this scope; did you mean ‘off_t’? [-Wtemplate-body]
   52 |                 const T* pBody = (T*)((unsigned char*)this + offset);
      |                                                              ^~~~~~
      |                                                              off_t
/home/vitaly/p/Prime-World/pw/branches/r1117/Src/PF_Core/../Scene/../Render/../MeshConverter/../System/staticvector.h: In member function ‘const T* StaticVector<T>::end() const’:
/home/vitaly/p/Prime-World/pw/branches/r1117/Src/PF_Core/../Scene/../Render/../MeshConverter/../System/staticvector.h:60:62: error: ‘offset’ was not declared in this scope; did you mean ‘off_t’? [-Wtemplate-body]
   60 |                 const T* pBody = (T*)((unsigned char*)this + offset);
      |                                                              ^~~~~~
      |                                                              off_t
/home/vitaly/p/Prime-World/pw/branches/r1117/Src/PF_Core/../Scene/../Render/../MeshConverter/../System/staticvector.h: In member function ‘const T* StaticVector<T>::at(unsigned int) const’:
/home/vitaly/p/Prime-World/pw/branches/r1117/Src/PF_Core/../Scene/../Render/../MeshConverter/../System/staticvector.h:69:62: error: ‘offset’ was not declared in this scope; did you mean ‘off_t’? [-Wtemplate-body]
   69 |                 const T* pBody = (T*)((unsigned char*)this + offset);
      |                                                              ^~~~~~
      |                                                              off_t
/home/vitaly/p/Prime-World/pw/branches/r1117/Src/PF_Core/../Scene/../Render/../MeshConverter/SkeletalAnimationHeader.h: At global scope:
/home/vitaly/p/Prime-World/pw/branches/r1117/Src/PF_Core/../Scene/../Render/../MeshConverter/SkeletalAnimationHeader.h:15:18: error: expected ‘;’ at end of member declaration
   15 |         unsigned __int32 animationType;
      |                  ^~~~~~~
      |                         ;
/home/vitaly/p/Prime-World/pw/branches/r1117/Src/PF_Core/../Scene/../Render/../MeshConverter/SkeletalAnimationHeader.h:15:26: error: ‘animationType’ does not name a type
   15 |         unsigned __int32 animationType;
      |                          ^~~~~~~~~~~~~
/home/vitaly/p/Prime-World/pw/branches/r1117/Src/PF_Core/../Scene/../Render/../MeshConverter/SkeletalAnimationHeader.h:16:18: error: expected ‘;’ at end of member declaration
   16 |         unsigned __int32 boneCount;
      |                  ^~~~~~~
      |                         ;
/home/vitaly/p/Prime-World/pw/branches/r1117/Src/PF_Core/../Scene/../Render/../MeshConverter/SkeletalAnimationHeader.h:16:18: error: redeclaration of ‘unsigned int MayaSkeletalAnimationHeader::__int32’
/home/vitaly/p/Prime-World/pw/branches/r1117/Src/PF_Core/../Scene/../Render/../MeshConverter/SkeletalAnimationHeader.h:15:18: note: previous declaration ‘unsigned int MayaSkeletalAnimationHeader::__int32’
   15 |         unsigned __int32 animationType;
      |                  ^~~~~~~
/home/vitaly/p/Prime-World/pw/branches/r1117/Src/PF_Core/../Scene/../Render/../MeshConverter/SkeletalAnimationHeader.h:16:26: error: ‘boneCount’ does not name a type
   16 |         unsigned __int32 boneCount;
      |                          ^~~~~~~~~
In file included from /home/vitaly/p/Prime-World/pw/branches/r1117/Src/PF_Core/../Scene/DiAnGrMarker.h:3,
                 from /home/vitaly/p/Prime-World/pw/branches/r1117/Src/PF_Core/../Scene/DiAnGr.h:19:
/home/vitaly/p/Prime-World/pw/branches/r1117/Src/PF_Core/../Scene/DiAnGrExtPars.h:61:101: error: ‘INT’ has not been declared; did you mean ‘UINT’?
   61 |     virtual vector<EditorDependency*> GetDependencies(EditorGraphParamAddress::OwnerType ownerType, INT nodeIdx, INT nextNodeIdx = -1) = 0;
      |                                                                                                     ^~~
      |                                                                                                     UINT
/home/vitaly/p/Prime-World/pw/branches/r1117/Src/PF_Core/../Scene/DiAnGrExtPars.h:61:114: error: ‘INT’ has not been declared; did you mean ‘UINT’?
   61 |     virtual vector<EditorDependency*> GetDependencies(EditorGraphParamAddress::OwnerType ownerType, INT nodeIdx, INT nextNodeIdx = -1) = 0;
      |                                                                                                                  ^~~
      |                                                                                                                  UINT
/home/vitaly/p/Prime-World/pw/branches/r1117/Src/PF_Core/../Scene/DiAnGrExtPars.h:64:128: error: ‘INT’ has not been declared; did you mean ‘UINT’?
   64 |     virtual vector<EditorExternalParamLink>* GetExternalParams(EditorGraphParamAddress::OwnerType ownerType, string paramName, INT nodeIdx, INT nextNodeIdx = -1) = 0;
      |                                                                                                                                ^~~
      |                                                                                                                                UINT
/home/vitaly/p/Prime-World/pw/branches/r1117/Src/PF_Core/../Scene/DiAnGrExtPars.h:64:141: error: ‘INT’ has not been declared; did you mean ‘UINT’?
   64 |     virtual vector<EditorExternalParamLink>* GetExternalParams(EditorGraphParamAddress::OwnerType ownerType, string paramName, INT nodeIdx, INT nextNodeIdx = -1) = 0;
      |                                                                                                                                             ^~~
      |                                                                                                                                             UINT
/home/vitaly/p/Prime-World/pw/branches/r1117/Src/PF_Core/../Scene/DiAnGrExtPars.h:67:54: error: ‘INT’ has not been declared; did you mean ‘UINT’?
   67 |     virtual bool RemoveAllLinkedWithNodeDependencies(INT nodeId) = 0;
      |                                                      ^~~
      |                                                      UINT
/home/vitaly/p/Prime-World/pw/branches/r1117/Src/PF_Core/../Scene/DiAnGrExtPars.h:70:41: error: ‘INT’ has not been declared; did you mean ‘UINT’?
   70 |     virtual bool RemoveEdgeDependencies(INT nodeId, INT nextNodeId) = 0;
      |                                         ^~~
      |                                         UINT
/home/vitaly/p/Prime-World/pw/branches/r1117/Src/PF_Core/../Scene/DiAnGrExtPars.h:70:53: error: ‘INT’ has not been declared; did you mean ‘UINT’?
   70 |     virtual bool RemoveEdgeDependencies(INT nodeId, INT nextNodeId) = 0;
      |                                                     ^~~
      |                                                     UINT
/home/vitaly/p/Prime-World/pw/branches/r1117/Src/PF_Core/../Scene/DiAnGrExtPars.h:91:95: error: ‘INT’ has not been declared; did you mean ‘UINT’?
   91 |       vector<EditorDependency*> GetDependencies(EditorGraphParamAddress::OwnerType ownerType, INT nodeIdx, INT nextNodeIdx = -1);
      |                                                                                               ^~~
      |                                                                                               UINT
/home/vitaly/p/Prime-World/pw/branches/r1117/Src/PF_Core/../Scene/DiAnGrExtPars.h:91:108: error: ‘INT’ has not been declared; did you mean ‘UINT’?
   91 |       vector<EditorDependency*> GetDependencies(EditorGraphParamAddress::OwnerType ownerType, INT nodeIdx, INT nextNodeIdx = -1);
      |                                                                                                            ^~~
      |                                                                                                            UINT
/home/vitaly/p/Prime-World/pw/branches/r1117/Src/PF_Core/../Scene/DiAnGrExtPars.h:94:122: error: ‘INT’ has not been declared; did you mean ‘UINT’?
   94 |       vector<EditorExternalParamLink>* GetExternalParams(EditorGraphParamAddress::OwnerType ownerType, string paramName, INT nodeIdx, INT nextNodeIdx = -1);
      |                                                                                                                          ^~~
      |                                                                                                                          UINT
/home/vitaly/p/Prime-World/pw/branches/r1117/Src/PF_Core/../Scene/DiAnGrExtPars.h:94:135: error: ‘INT’ has not been declared; did you mean ‘UINT’?
   94 |       vector<EditorExternalParamLink>* GetExternalParams(EditorGraphParamAddress::OwnerType ownerType, string paramName, INT nodeIdx, INT nextNodeIdx = -1);
      |                                                                                                                                       ^~~
      |                                                                                                                                       UINT
/home/vitaly/p/Prime-World/pw/branches/r1117/Src/PF_Core/../Scene/DiAnGrExtPars.h:97:48: error: ‘INT’ has not been declared; did you mean ‘UINT’?
   97 |       bool RemoveAllLinkedWithNodeDependencies(INT nodeId);
      |                                                ^~~
      |                                                UINT
/home/vitaly/p/Prime-World/pw/branches/r1117/Src/PF_Core/../Scene/DiAnGrExtPars.h:100:35: error: ‘INT’ has not been declared; did you mean ‘UINT’?
  100 |       bool RemoveEdgeDependencies(INT nodeId, INT nextNodeId);
      |                                   ^~~
      |                                   UINT
/home/vitaly/p/Prime-World/pw/branches/r1117/Src/PF_Core/../Scene/DiAnGrExtPars.h:100:47: error: ‘INT’ has not been declared; did you mean ‘UINT’?
  100 |       bool RemoveEdgeDependencies(INT nodeId, INT nextNodeId);
      |                                               ^~~
      |                                               UINT
/home/vitaly/p/Prime-World/pw/branches/r1117/Src/PF_Core/../Scene/DiAnGrExtPars.h:109:11: error: ‘INT’ does not name a type; did you mean ‘UINT’?
  109 |           INT m_nodeId;
      |           ^~~
      |           UINT
/home/vitaly/p/Prime-World/pw/branches/r1117/Src/PF_Core/../Scene/DiAnGrExtPars.h:110:11: error: ‘INT’ does not name a type; did you mean ‘UINT’?
  110 |           INT m_nextNodeId;
      |           ^~~
      |           UINT
/home/vitaly/p/Prime-World/pw/branches/r1117/Src/PF_Core/../Scene/DiAnGrExtPars.h:113:38: error: expected ‘)’ before ‘nodeId’
  113 |           explicit CCheckFunctor( INT nodeId, bool checkNode = true, INT nextNodeId = -1 )
      |                                 ~    ^~~~~~~
      |                                      )
/home/vitaly/p/Prime-World/pw/branches/r1117/Src/PF_Core/../Scene/DiAnGrExtPars.h: In member function ‘bool DiAnGrExtPars::DependenciesStorage::CCheckFunctor::operator()(const DiAnGrExtPars::EditorDependency&) const’:
/home/vitaly/p/Prime-World/pw/branches/r1117/Src/PF_Core/../Scene/DiAnGrExtPars.h:121:18: error: ‘m_nextNodeId’ was not declared in this scope
  121 |             if ( m_nextNodeId >= 0 )
      |                  ^~~~~~~~~~~~
/home/vitaly/p/Prime-World/pw/branches/r1117/Src/PF_Core/../Scene/DiAnGrExtPars.h:123:52: error: ‘m_nodeId’ was not declared in this scope
  123 |               return (dep.internalParam.nodeIdx == m_nodeId) && (dep.internalParam.nextNodeIdx == m_nextNodeId);
      |                                                    ^~~~~~~~
/home/vitaly/p/Prime-World/pw/branches/r1117/Src/PF_Core/../Scene/DiAnGrExtPars.h:129:53: error: ‘m_nodeId’ was not declared in this scope
  129 |                 return dep.internalParam.nodeIdx == m_nodeId;
      |                                                     ^~~~~~~~
/home/vitaly/p/Prime-World/pw/branches/r1117/Src/PF_Core/../Scene/DiAnGrExtPars.h:132:52: error: ‘m_nodeId’ was not declared in this scope
  132 |               return (dep.internalParam.nodeIdx == m_nodeId) || (dep.internalParam.nextNodeIdx == m_nodeId);
      |                                                    ^~~~~~~~
In file included from /home/vitaly/p/Prime-World/pw/branches/r1117/Src/PF_Core/../Scene/DiAnGr.h:76:
/home/vitaly/p/Prime-World/pw/branches/r1117/Src/PF_Core/../Scene/DiAnGr.inl: In constructor ‘DiAnGrNodesMap::DiAnGrNodesMap(DiTChar*)’:
/home/vitaly/p/Prime-World/pw/branches/r1117/Src/PF_Core/../Scene/DiAnGr.inl:143:5: error: ‘strcpy_s’ was not declared in this scope; did you mean ‘strcpy’?
  143 |     strcpy_s(cpNodeName, DIANGR_MAX_SEQ_NAME, _name);
      |     ^~~~~~~~
      |     strcpy
/home/vitaly/p/Prime-World/pw/branches/r1117/Src/PF_Core/../Scene/DiAnGr.inl: In constructor ‘DiAnGrNodesMap::DiAnGrNodesMap()’:
/home/vitaly/p/Prime-World/pw/branches/r1117/Src/PF_Core/../Scene/DiAnGr.inl:148:5: error: ‘strcpy_s’ was not declared in this scope; did you mean ‘strcpy’?
  148 |     strcpy_s(cpNodeName, DIANGR_MAX_SEQ_NAME, "");
      |     ^~~~~~~~
      |     strcpy
/home/vitaly/p/Prime-World/pw/branches/r1117/Src/PF_Core/../Scene/DiAnGr.h: At global scope:
/home/vitaly/p/Prime-World/pw/branches/r1117/Src/PF_Core/../Scene/DiAnGr.h:793:10: error: storage class specifiers invalid in friend function declarations
  793 |   friend static void NScene::_printDebugStatus(DiAnimGraph *animGraph, float dt);
      |          ^~~~~~
/home/vitaly/p/Prime-World/pw/branches/r1117/Src/PF_Core/../Scene/DiAnGr.h:800:17: error: ‘LRESULT’ does not name a type; did you mean ‘HRESULT’?
  800 |   friend static LRESULT OnSetGraphToEngine(HWND hwnd);
      |                 ^~~~~~~
      |                 HRESULT
In file included from /home/vitaly/p/Prime-World/pw/branches/r1117/Src/PF_Core/../Scene/AnimatedSceneComponent.h:10:
/home/vitaly/p/Prime-World/pw/branches/r1117/Src/PF_Core/../Scene/DiAnGrNLinker.h:20:13: error: declaration of template parameter ‘T’ shadows template parameter [-Wtemplate-body]
   20 |   template <class T>
      |             ^~~~~
/home/vitaly/p/Prime-World/pw/branches/r1117/Src/PF_Core/../Scene/DiAnGrNLinker.h:15:11: note: template parameter ‘T’ declared here
   15 | template <class T> // T - is user's enum
      |           ^~~~~
/home/vitaly/p/Prime-World/pw/branches/r1117/Src/PF_Core/../Scene/AnimatedSceneComponent.h:17:6: error: use of enum ‘AgNode’ without previous declaration
   17 | enum AgNode;
      |      ^~~~~~
In file included from /home/vitaly/p/Prime-World/pw/branches/r1117/Src/PF_Core/../Scene/../Render/sampler.h:4,
                 from /home/vitaly/p/Prime-World/pw/branches/r1117/Src/PF_Core/../Scene/../Render/material.h:9,
                 from /home/vitaly/p/Prime-World/pw/branches/r1117/Src/PF_Core/../Scene/../Render/renderstatesmanager.h:5,
                 from /home/vitaly/p/Prime-World/pw/branches/r1117/Src/PF_Core/../Scene/../Render/renderer.h:7,
                 from /home/vitaly/p/Prime-World/pw/branches/r1117/Src/PF_Core/../Scene/../Render/MaterialSpec.h:6,
                 from /home/vitaly/p/Prime-World/pw/branches/r1117/Src/PF_Core/../Scene/../Render/batch.h:3,
                 from /home/vitaly/p/Prime-World/pw/branches/r1117/Src/PF_Core/../Scene/RenderableScene.h:5,
                 from /home/vitaly/p/Prime-World/pw/branches/r1117/Src/PF_Core/../Scene/SceneObject.h:5,
                 from /home/vitaly/p/Prime-World/pw/branches/r1117/Src/PF_Core/BasicEffect.h:4,
                 from /home/vitaly/p/Prime-World/pw/branches/r1117/Src/PF_Core/BasicEffect.cpp:9:
/home/vitaly/p/Prime-World/pw/branches/r1117/Src/PF_Core/../Scene/../Render/states.h: In member function ‘Render::SamplerState& Render::SamplerState::CreateMask()’:
/home/vitaly/p/Prime-World/pw/branches/r1117/Src/PF_Core/../Scene/../Render/states.h:125:17: warning: conversion from ‘unsigned int’ to ‘unsigned char:3’ changes value from ‘4294967295’ to ‘7’ [-Woverflow]
  125 |     minFilter = UINT_MAX;
      |                 ^~~~~~~~
/home/vitaly/p/Prime-World/pw/branches/r1117/Src/PF_Core/../Scene/../Render/states.h:126:17: warning: conversion from ‘unsigned int’ to ‘unsigned char:1’ changes value from ‘4294967295’ to ‘1’ [-Woverflow]
  126 |     magFilter = UINT_MAX;
      |                 ^~~~~~~~
/home/vitaly/p/Prime-World/pw/branches/r1117/Src/PF_Core/../Scene/../Render/states.h:127:17: warning: conversion from ‘unsigned int’ to ‘unsigned char:2’ changes value from ‘4294967295’ to ‘3’ [-Woverflow]
  127 |     mipFilter = UINT_MAX;
      |                 ^~~~~~~~
/home/vitaly/p/Prime-World/pw/branches/r1117/Src/PF_Core/../Scene/../Render/states.h:128:17: warning: conversion from ‘unsigned int’ to ‘unsigned char:2’ changes value from ‘4294967295’ to ‘3’ [-Woverflow]
  128 |     addressU  = UINT_MAX;
      |                 ^~~~~~~~
/home/vitaly/p/Prime-World/pw/branches/r1117/Src/PF_Core/../Scene/../Render/states.h:129:17: warning: conversion from ‘unsigned int’ to ‘unsigned char:2’ changes value from ‘4294967295’ to ‘3’ [-Woverflow]
  129 |     addressV  = UINT_MAX;
      |                 ^~~~~~~~
/home/vitaly/p/Prime-World/pw/branches/r1117/Src/PF_Core/../Scene/../Render/states.h:130:25: warning: conversion from ‘unsigned int’ to ‘unsigned char:1’ changes value from ‘4294967295’ to ‘1’ [-Woverflow]
  130 |     alwaysFailCompare = UINT_MAX;
      |                         ^~~~~~~~
/home/vitaly/p/Prime-World/pw/branches/r1117/Src/PF_Core/../Scene/../Render/states.h: At global scope:
/home/vitaly/p/Prime-World/pw/branches/r1117/Src/PF_Core/../Scene/../Render/states.h:168:3: warning: converting ‘Render::SamplerState2’ to a base class ‘Render::SamplerState’ will never use a type conversion operator [-Wclass-conversion]
  168 |   operator SamplerState()
      |   ^~~~~~~~
In file included from /home/vitaly/p/Prime-World/pw/branches/r1117/Src/PF_Core/../Scene/../Render/../Scene/VoxelGrid.h:3,
                 from /home/vitaly/p/Prime-World/pw/branches/r1117/Src/PF_Core/../Scene/../Render/../Scene/CollectionVG.h:6,
                 from /home/vitaly/p/Prime-World/pw/branches/r1117/Src/PF_Core/../Scene/../Render/../Scene/VoxelGridObj.h:3,
                 from /home/vitaly/p/Prime-World/pw/branches/r1117/Src/PF_Core/../Scene/../Render/light.h:4,
                 from /home/vitaly/p/Prime-World/pw/branches/r1117/Src/PF_Core/../Scene/../Render/LightsManager.h:6,
                 from /home/vitaly/p/Prime-World/pw/branches/r1117/Src/PF_Core/../Scene/../Render/renderer.h:16:
/home/vitaly/p/Prime-World/pw/branches/r1117/Src/Render/ConvexVolume.h:12:16: warning: attribute ignored in declaration of ‘struct Render::FPlane’ [-Wattributes]
   12 |         struct FPlane
      |                ^~~~~~
/home/vitaly/p/Prime-World/pw/branches/r1117/Src/Render/ConvexVolume.h:12:16: note: attribute for ‘struct Render::FPlane’ must follow the ‘struct’ keyword
/home/vitaly/p/Prime-World/pw/branches/r1117/Src/Render/ConvexVolume.h:28:15: warning: attribute ignored in declaration of ‘class Render::ConvexVolume’ [-Wattributes]
   28 |         class ConvexVolume
      |               ^~~~~~~~~~~~
/home/vitaly/p/Prime-World/pw/branches/r1117/Src/Render/ConvexVolume.h:28:15: note: attribute for ‘class Render::ConvexVolume’ must follow the ‘class’ keyword
In file included from /usr/include/iconv.h:23,
                 from /home/vitaly/p/Prime-World/pw/branches/r1117/Src/PF_Core/../System/systemStdAfx.h:62:
/home/vitaly/p/Prime-World/pw/branches/r1117/Src/PF_Core/../Scene/../Render/MaterialSpec.h: In member function ‘virtual int Render::AIGeometryMaterialType::SignificantPartLength() const’:
/home/vitaly/p/Prime-World/pw/branches/r1117/Src/PF_Core/../Scene/../Render/MaterialSpec.h:208:70: warning: ‘offsetof’ within non-standard-layout type ‘Render::AIGeometryMaterialType’ is conditionally-supported [-Winvalid-offsetof]
  208 |         virtual int SignificantPartLength() const { return offsetof( AIGeometryMaterialType, renderState ) - offsetof( AIGeometryMaterialType, renderState ) + sizeof( renderState ); }
      |                                                                      ^
/home/vitaly/p/Prime-World/pw/branches/r1117/Src/PF_Core/../Scene/../Render/MaterialSpec.h:208:120: warning: ‘offsetof’ within non-standard-layout type ‘Render::AIGeometryMaterialType’ is conditionally-supported [-Winvalid-offsetof]
  208 |         virtual int SignificantPartLength() const { return offsetof( AIGeometryMaterialType, renderState ) - offsetof( AIGeometryMaterialType, renderState ) + sizeof( renderState ); }
      |                                                                                                                        ^
/home/vitaly/p/Prime-World/pw/branches/r1117/Src/PF_Core/../Scene/../Render/MaterialSpec.h: In member function ‘virtual int Render::AOEMaterial::SignificantPartLength() const’:
/home/vitaly/p/Prime-World/pw/branches/r1117/Src/PF_Core/../Scene/../Render/MaterialSpec.h:307:70: warning: ‘offsetof’ within non-standard-layout type ‘Render::AOEMaterial’ is conditionally-supported [-Winvalid-offsetof]
  307 |         virtual int SignificantPartLength() const { return offsetof( AOEMaterial, aspectRatio ) - offsetof( AOEMaterial, renderState ) + sizeof( aspectRatio ); }
      |                                                                      ^
/home/vitaly/p/Prime-World/pw/branches/r1117/Src/PF_Core/../Scene/../Render/MaterialSpec.h:307:109: warning: ‘offsetof’ within non-standard-layout type ‘Render::AOEMaterial’ is conditionally-supported [-Winvalid-offsetof]
  307 |         virtual int SignificantPartLength() const { return offsetof( AOEMaterial, aspectRatio ) - offsetof( AOEMaterial, renderState ) + sizeof( aspectRatio ); }
      |                                                                                                             ^
/home/vitaly/p/Prime-World/pw/branches/r1117/Src/PF_Core/../Scene/../Render/MaterialSpec.h: In static member function ‘static void Render::AOEMaterial::InitSamplersOffsets()’:
/home/vitaly/p/Prime-World/pw/branches/r1117/Src/PF_Core/../Scene/../Render/MaterialSpec.h:341:36: warning: ‘offsetof’ within non-standard-layout type ‘Render::AOEMaterial’ is conditionally-supported [-Winvalid-offsetof]
  341 |     samplersOffsets[0] = offsetof( AOEMaterial, DiffuseMap );
      |                                    ^
/home/vitaly/p/Prime-World/pw/branches/r1117/Src/PF_Core/../Scene/../Render/MaterialSpec.h: In member function ‘virtual int Render::BasicFXMaterial::SignificantPartLength() const’:
/home/vitaly/p/Prime-World/pw/branches/r1117/Src/PF_Core/../Scene/../Render/MaterialSpec.h:453:70: warning: ‘offsetof’ within non-standard-layout type ‘Render::BasicFXMaterial’ is conditionally-supported [-Winvalid-offsetof]
  453 |         virtual int SignificantPartLength() const { return offsetof( BasicFXMaterial, vOffset ) - offsetof( BasicFXMaterial, renderState ) + sizeof( vOffset ); }
      |                                                                      ^
/home/vitaly/p/Prime-World/pw/branches/r1117/Src/PF_Core/../Scene/../Render/MaterialSpec.h:453:109: warning: ‘offsetof’ within non-standard-layout type ‘Render::BasicFXMaterial’ is conditionally-supported [-Winvalid-offsetof]
  453 |         virtual int SignificantPartLength() const { return offsetof( BasicFXMaterial, vOffset ) - offsetof( BasicFXMaterial, renderState ) + sizeof( vOffset ); }
      |                                                                                                             ^
/home/vitaly/p/Prime-World/pw/branches/r1117/Src/PF_Core/../Scene/../Render/MaterialSpec.h: In static member function ‘static void Render::BasicFXMaterial::InitSamplersOffsets()’:
/home/vitaly/p/Prime-World/pw/branches/r1117/Src/PF_Core/../Scene/../Render/MaterialSpec.h:507:36: warning: ‘offsetof’ within non-standard-layout type ‘Render::BasicFXMaterial’ is conditionally-supported [-Winvalid-offsetof]
  507 |     samplersOffsets[0] = offsetof( BasicFXMaterial, DiffuseMap );
      |                                    ^
/home/vitaly/p/Prime-World/pw/branches/r1117/Src/PF_Core/../Scene/../Render/MaterialSpec.h: In member function ‘virtual int Render::BasicMaskMaterial::SignificantPartLength() const’:
/home/vitaly/p/Prime-World/pw/branches/r1117/Src/PF_Core/../Scene/../Render/MaterialSpec.h:595:70: warning: ‘offsetof’ within non-standard-layout type ‘Render::BasicMaskMaterial’ is conditionally-supported [-Winvalid-offsetof]
  595 |         virtual int SignificantPartLength() const { return offsetof( BasicMaskMaterial, isBlendModeOverrided ) - offsetof( BasicMaskMaterial, renderState ) + sizeof( isBlendModeOverrided ); }
      |                                                                      ^
/home/vitaly/p/Prime-World/pw/branches/r1117/Src/PF_Core/../Scene/../Render/MaterialSpec.h:595:124: warning: ‘offsetof’ within non-standard-layout type ‘Render::BasicMaskMaterial’ is conditionally-supported [-Winvalid-offsetof]
  595 |         virtual int SignificantPartLength() const { return offsetof( BasicMaskMaterial, isBlendModeOverrided ) - offsetof( BasicMaskMaterial, renderState ) + sizeof( isBlendModeOverrided ); }
      |                                                                                                                            ^
/home/vitaly/p/Prime-World/pw/branches/r1117/Src/PF_Core/../Scene/../Render/MaterialSpec.h: In static member function ‘static void Render::BasicMaskMaterial::InitSamplersOffsets()’:
/home/vitaly/p/Prime-World/pw/branches/r1117/Src/PF_Core/../Scene/../Render/MaterialSpec.h:628:36: warning: ‘offsetof’ within non-standard-layout type ‘Render::BasicMaskMaterial’ is conditionally-supported [-Winvalid-offsetof]
  628 |     samplersOffsets[0] = offsetof( BasicMaskMaterial, Diffuse );
      |                                    ^
/home/vitaly/p/Prime-World/pw/branches/r1117/Src/PF_Core/../Scene/../Render/MaterialSpec.h:629:36: warning: ‘offsetof’ within non-standard-layout type ‘Render::BasicMaskMaterial’ is conditionally-supported [-Winvalid-offsetof]
  629 |     samplersOffsets[1] = offsetof( BasicMaskMaterial, Mask );
      |                                    ^
/home/vitaly/p/Prime-World/pw/branches/r1117/Src/PF_Core/../Scene/../Render/MaterialSpec.h: In member function ‘virtual int Render::BasicMaterial::SignificantPartLength() const’:
/home/vitaly/p/Prime-World/pw/branches/r1117/Src/PF_Core/../Scene/../Render/MaterialSpec.h:743:70: warning: ‘offsetof’ within non-standard-layout type ‘Render::BasicMaterial’ is conditionally-supported [-Winvalid-offsetof]
  743 |         virtual int SignificantPartLength() const { return offsetof( BasicMaterial, specialTransparency ) - offsetof( BasicMaterial, renderState ) + sizeof( specialTransparency ); }
      |                                                                      ^
/home/vitaly/p/Prime-World/pw/branches/r1117/Src/PF_Core/../Scene/../Render/MaterialSpec.h:743:119: warning: ‘offsetof’ within non-standard-layout type ‘Render::BasicMaterial’ is conditionally-supported [-Winvalid-offsetof]
  743 |         virtual int SignificantPartLength() const { return offsetof( BasicMaterial, specialTransparency ) - offsetof( BasicMaterial, renderState ) + sizeof( specialTransparency ); }
      |                                                                                                                       ^
/home/vitaly/p/Prime-World/pw/branches/r1117/Src/PF_Core/../Scene/../Render/MaterialSpec.h: In static member function ‘static void Render::BasicMaterial::InitSamplersOffsets()’:
/home/vitaly/p/Prime-World/pw/branches/r1117/Src/PF_Core/../Scene/../Render/MaterialSpec.h:784:36: warning: ‘offsetof’ within non-standard-layout type ‘Render::BasicMaterial’ is conditionally-supported [-Winvalid-offsetof]
  784 |     samplersOffsets[0] = offsetof( BasicMaterial, DiffuseMap );
      |                                    ^
/home/vitaly/p/Prime-World/pw/branches/r1117/Src/PF_Core/../Scene/../Render/MaterialSpec.h:785:36: warning: ‘offsetof’ within non-standard-layout type ‘Render::BasicMaterial’ is conditionally-supported [-Winvalid-offsetof]
  785 |     samplersOffsets[1] = offsetof( BasicMaterial, NormalMap );
      |                                    ^
/home/vitaly/p/Prime-World/pw/branches/r1117/Src/PF_Core/../Scene/../Render/MaterialSpec.h:786:36: warning: ‘offsetof’ within non-standard-layout type ‘Render::BasicMaterial’ is conditionally-supported [-Winvalid-offsetof]
  786 |     samplersOffsets[2] = offsetof( BasicMaterial, SpecularMap );
      |                                    ^
/home/vitaly/p/Prime-World/pw/branches/r1117/Src/PF_Core/../Scene/../Render/MaterialSpec.h:787:36: warning: ‘offsetof’ within non-standard-layout type ‘Render::BasicMaterial’ is conditionally-supported [-Winvalid-offsetof]
  787 |     samplersOffsets[3] = offsetof( BasicMaterial, ReflectionMap );
      |                                    ^
/home/vitaly/p/Prime-World/pw/branches/r1117/Src/PF_Core/../Scene/../Render/MaterialSpec.h: In member function ‘virtual int Render::DecalMaterial::SignificantPartLength() const’:
/home/vitaly/p/Prime-World/pw/branches/r1117/Src/PF_Core/../Scene/../Render/MaterialSpec.h:976:70: warning: ‘offsetof’ within non-standard-layout type ‘Render::DecalMaterial’ is conditionally-supported [-Winvalid-offsetof]
  976 |         virtual int SignificantPartLength() const { return offsetof( DecalMaterial, isBlendModeOverrided ) - offsetof( DecalMaterial, renderState ) + sizeof( isBlendModeOverrided ); }
      |                                                                      ^
/home/vitaly/p/Prime-World/pw/branches/r1117/Src/PF_Core/../Scene/../Render/MaterialSpec.h:976:120: warning: ‘offsetof’ within non-standard-layout type ‘Render::DecalMaterial’ is conditionally-supported [-Winvalid-offsetof]
  976 |         virtual int SignificantPartLength() const { return offsetof( DecalMaterial, isBlendModeOverrided ) - offsetof( DecalMaterial, renderState ) + sizeof( isBlendModeOverrided ); }
      |                                                                                                                        ^
/home/vitaly/p/Prime-World/pw/branches/r1117/Src/PF_Core/../Scene/../Render/MaterialSpec.h: In static member function ‘static void Render::DecalMaterial::InitSamplersOffsets()’:
/home/vitaly/p/Prime-World/pw/branches/r1117/Src/PF_Core/../Scene/../Render/MaterialSpec.h:1020:36: warning: ‘offsetof’ within non-standard-layout type ‘Render::DecalMaterial’ is conditionally-supported [-Winvalid-offsetof]
 1020 |     samplersOffsets[0] = offsetof( DecalMaterial, DiffuseMap );
      |                                    ^
/home/vitaly/p/Prime-World/pw/branches/r1117/Src/PF_Core/../Scene/../Render/MaterialSpec.h: In member function ‘virtual int Render::DecalTerrainMaterial::SignificantPartLength() const’:
/home/vitaly/p/Prime-World/pw/branches/r1117/Src/PF_Core/../Scene/../Render/MaterialSpec.h:1140:70: warning: ‘offsetof’ within non-standard-layout type ‘Render::DecalTerrainMaterial’ is conditionally-supported [-Winvalid-offsetof]
 1140 |         virtual int SignificantPartLength() const { return offsetof( DecalTerrainMaterial, isBlendModeOverrided ) - offsetof( DecalTerrainMaterial, renderState ) + sizeof( isBlendModeOverrided ); }
      |                                                                      ^
/home/vitaly/p/Prime-World/pw/branches/r1117/Src/PF_Core/../Scene/../Render/MaterialSpec.h:1140:127: warning: ‘offsetof’ within non-standard-layout type ‘Render::DecalTerrainMaterial’ is conditionally-supported [-Winvalid-offsetof]
 1140 |         virtual int SignificantPartLength() const { return offsetof( DecalTerrainMaterial, isBlendModeOverrided ) - offsetof( DecalTerrainMaterial, renderState ) + sizeof( isBlendModeOverrided ); }
      |                                                                                                                               ^
/home/vitaly/p/Prime-World/pw/branches/r1117/Src/PF_Core/../Scene/../Render/MaterialSpec.h: In static member function ‘static void Render::DecalTerrainMaterial::InitSamplersOffsets()’:
/home/vitaly/p/Prime-World/pw/branches/r1117/Src/PF_Core/../Scene/../Render/MaterialSpec.h:1185:36: warning: ‘offsetof’ within non-standard-layout type ‘Render::DecalTerrainMaterial’ is conditionally-supported [-Winvalid-offsetof]
 1185 |     samplersOffsets[0] = offsetof( DecalTerrainMaterial, DiffuseMap );
      |                                    ^
/home/vitaly/p/Prime-World/pw/branches/r1117/Src/PF_Core/../Scene/../Render/MaterialSpec.h:1186:36: warning: ‘offsetof’ within non-standard-layout type ‘Render::DecalTerrainMaterial’ is conditionally-supported [-Winvalid-offsetof]
 1186 |     samplersOffsets[1] = offsetof( DecalTerrainMaterial, MaskMap );
      |                                    ^
/home/vitaly/p/Prime-World/pw/branches/r1117/Src/PF_Core/../Scene/../Render/MaterialSpec.h: In member function ‘virtual int Render::DropMaterial::SignificantPartLength() const’:
/home/vitaly/p/Prime-World/pw/branches/r1117/Src/PF_Core/../Scene/../Render/MaterialSpec.h:1364:70: warning: ‘offsetof’ within non-standard-layout type ‘Render::DropMaterial’ is conditionally-supported [-Winvalid-offsetof]
 1364 |         virtual int SignificantPartLength() const { return offsetof( DropMaterial, vOffset2 ) - offsetof( DropMaterial, renderState ) + sizeof( vOffset2 ); }
      |                                                                      ^
/home/vitaly/p/Prime-World/pw/branches/r1117/Src/PF_Core/../Scene/../Render/MaterialSpec.h:1364:107: warning: ‘offsetof’ within non-standard-layout type ‘Render::DropMaterial’ is conditionally-supported [-Winvalid-offsetof]
 1364 |         virtual int SignificantPartLength() const { return offsetof( DropMaterial, vOffset2 ) - offsetof( DropMaterial, renderState ) + sizeof( vOffset2 ); }
      |                                                                                                           ^
/home/vitaly/p/Prime-World/pw/branches/r1117/Src/PF_Core/../Scene/../Render/MaterialSpec.h: In static member function ‘static void Render::DropMaterial::InitSamplersOffsets()’:
/home/vitaly/p/Prime-World/pw/branches/r1117/Src/PF_Core/../Scene/../Render/MaterialSpec.h:1419:36: warning: ‘offsetof’ within non-standard-layout type ‘Render::DropMaterial’ is conditionally-supported [-Winvalid-offsetof]
 1419 |     samplersOffsets[0] = offsetof( DropMaterial, DiffuseMap );
      |                                    ^
/home/vitaly/p/Prime-World/pw/branches/r1117/Src/PF_Core/../Scene/../Render/MaterialSpec.h:1420:36: warning: ‘offsetof’ within non-standard-layout type ‘Render::DropMaterial’ is conditionally-supported [-Winvalid-offsetof]
 1420 |     samplersOffsets[1] = offsetof( DropMaterial, NormalMap );
      |                                    ^
/home/vitaly/p/Prime-World/pw/branches/r1117/Src/PF_Core/../Scene/../Render/MaterialSpec.h:1421:36: warning: ‘offsetof’ within non-standard-layout type ‘Render::DropMaterial’ is conditionally-supported [-Winvalid-offsetof]
 1421 |     samplersOffsets[2] = offsetof( DropMaterial, SpecularMap );
      |                                    ^
/home/vitaly/p/Prime-World/pw/branches/r1117/Src/PF_Core/../Scene/../Render/MaterialSpec.h:1422:36: warning: ‘offsetof’ within non-standard-layout type ‘Render::DropMaterial’ is conditionally-supported [-Winvalid-offsetof]
 1422 |     samplersOffsets[3] = offsetof( DropMaterial, ReflectionMap );
      |                                    ^
/home/vitaly/p/Prime-World/pw/branches/r1117/Src/PF_Core/../Scene/../Render/MaterialSpec.h: In member function ‘virtual int Render::FullScreenMaterial::SignificantPartLength() const’:
/home/vitaly/p/Prime-World/pw/branches/r1117/Src/PF_Core/../Scene/../Render/MaterialSpec.h:1516:70: warning: ‘offsetof’ within non-standard-layout type ‘Render::FullScreenMaterial’ is conditionally-supported [-Winvalid-offsetof]
 1516 |         virtual int SignificantPartLength() const { return offsetof( FullScreenMaterial, BloomMap ) - offsetof( FullScreenMaterial, renderState ) + sizeof( BloomMap ); }
      |                                                                      ^
/home/vitaly/p/Prime-World/pw/branches/r1117/Src/PF_Core/../Scene/../Render/MaterialSpec.h:1516:113: warning: ‘offsetof’ within non-standard-layout type ‘Render::FullScreenMaterial’ is conditionally-supported [-Winvalid-offsetof]
 1516 |         virtual int SignificantPartLength() const { return offsetof( FullScreenMaterial, BloomMap ) - offsetof( FullScreenMaterial, renderState ) + sizeof( BloomMap ); }
      |                                                                                                                 ^
/home/vitaly/p/Prime-World/pw/branches/r1117/Src/PF_Core/../Scene/../Render/MaterialSpec.h: In static member function ‘static void Render::FullScreenMaterial::InitSamplersOffsets()’:
/home/vitaly/p/Prime-World/pw/branches/r1117/Src/PF_Core/../Scene/../Render/MaterialSpec.h:1566:36: warning: ‘offsetof’ within non-standard-layout type ‘Render::FullScreenMaterial’ is conditionally-supported [-Winvalid-offsetof]
 1566 |     samplersOffsets[0] = offsetof( FullScreenMaterial, DepthMap );
      |                                    ^
/home/vitaly/p/Prime-World/pw/branches/r1117/Src/PF_Core/../Scene/../Render/MaterialSpec.h:1567:36: warning: ‘offsetof’ within non-standard-layout type ‘Render::FullScreenMaterial’ is conditionally-supported [-Winvalid-offsetof]
 1567 |     samplersOffsets[1] = offsetof( FullScreenMaterial, DiffuseMap );
      |                                    ^
/home/vitaly/p/Prime-World/pw/branches/r1117/Src/PF_Core/../Scene/../Render/MaterialSpec.h:1568:36: warning: ‘offsetof’ within non-standard-layout type ‘Render::FullScreenMaterial’ is conditionally-supported [-Winvalid-offsetof]
 1568 |     samplersOffsets[2] = offsetof( FullScreenMaterial, BloomMap );
      |                                    ^
/home/vitaly/p/Prime-World/pw/branches/r1117/Src/PF_Core/../Scene/../Render/MaterialSpec.h: In member function ‘virtual int Render::GrassMaterial::SignificantPartLength() const’:
/home/vitaly/p/Prime-World/pw/branches/r1117/Src/PF_Core/../Scene/../Render/MaterialSpec.h:1639:70: warning: ‘offsetof’ within non-standard-layout type ‘Render::GrassMaterial’ is conditionally-supported [-Winvalid-offsetof]
 1639 |         virtual int SignificantPartLength() const { return offsetof( GrassMaterial, elasticity ) - offsetof( GrassMaterial, renderState ) + sizeof( elasticity ); }
      |                                                                      ^
/home/vitaly/p/Prime-World/pw/branches/r1117/Src/PF_Core/../Scene/../Render/MaterialSpec.h:1639:110: warning: ‘offsetof’ within non-standard-layout type ‘Render::GrassMaterial’ is conditionally-supported [-Winvalid-offsetof]
 1639 |         virtual int SignificantPartLength() const { return offsetof( GrassMaterial, elasticity ) - offsetof( GrassMaterial, renderState ) + sizeof( elasticity ); }
      |                                                                                                              ^
/home/vitaly/p/Prime-World/pw/branches/r1117/Src/PF_Core/../Scene/../Render/MaterialSpec.h: In static member function ‘static void Render::GrassMaterial::InitSamplersOffsets()’:
/home/vitaly/p/Prime-World/pw/branches/r1117/Src/PF_Core/../Scene/../Render/MaterialSpec.h:1673:36: warning: ‘offsetof’ within non-standard-layout type ‘Render::GrassMaterial’ is conditionally-supported [-Winvalid-offsetof]
 1673 |     samplersOffsets[0] = offsetof( GrassMaterial, FrozenDiffuseMap );
      |                                    ^
/home/vitaly/p/Prime-World/pw/branches/r1117/Src/PF_Core/../Scene/../Render/MaterialSpec.h:1674:36: warning: ‘offsetof’ within non-standard-layout type ‘Render::GrassMaterial’ is conditionally-supported [-Winvalid-offsetof]
 1674 |     samplersOffsets[1] = offsetof( GrassMaterial, NormalDiffuseMap );
      |                                    ^
/home/vitaly/p/Prime-World/pw/branches/r1117/Src/PF_Core/../Scene/../Render/MaterialSpec.h:1675:36: warning: ‘offsetof’ within non-standard-layout type ‘Render::GrassMaterial’ is conditionally-supported [-Winvalid-offsetof]
 1675 |     samplersOffsets[2] = offsetof( GrassMaterial, BurnedDiffuseMap );
      |                                    ^
/home/vitaly/p/Prime-World/pw/branches/r1117/Src/PF_Core/../Scene/../Render/MaterialSpec.h: In member function ‘virtual int Render::HeightfogMaterial::SignificantPartLength() const’:
/home/vitaly/p/Prime-World/pw/branches/r1117/Src/PF_Core/../Scene/../Render/MaterialSpec.h:1760:70: warning: ‘offsetof’ within non-standard-layout type ‘Render::HeightfogMaterial’ is conditionally-supported [-Winvalid-offsetof]
 1760 |         virtual int SignificantPartLength() const { return offsetof( HeightfogMaterial, halfFadeDistance ) - offsetof( HeightfogMaterial, renderState ) + sizeof( halfFadeDistance ); }
      |                                                                      ^
/home/vitaly/p/Prime-World/pw/branches/r1117/Src/PF_Core/../Scene/../Render/MaterialSpec.h:1760:120: warning: ‘offsetof’ within non-standard-layout type ‘Render::HeightfogMaterial’ is conditionally-supported [-Winvalid-offsetof]
 1760 |         virtual int SignificantPartLength() const { return offsetof( HeightfogMaterial, halfFadeDistance ) - offsetof( HeightfogMaterial, renderState ) + sizeof( halfFadeDistance ); }
      |                                                                                                                        ^
/home/vitaly/p/Prime-World/pw/branches/r1117/Src/PF_Core/../Scene/../Render/MaterialSpec.h: In static member function ‘static void Render::HeightfogMaterial::InitSamplersOffsets()’:
/home/vitaly/p/Prime-World/pw/branches/r1117/Src/PF_Core/../Scene/../Render/MaterialSpec.h:1792:36: warning: ‘offsetof’ within non-standard-layout type ‘Render::HeightfogMaterial’ is conditionally-supported [-Winvalid-offsetof]
 1792 |     samplersOffsets[0] = offsetof( HeightfogMaterial, noiseMap );
      |                                    ^
/home/vitaly/p/Prime-World/pw/branches/r1117/Src/PF_Core/../Scene/../Render/MaterialSpec.h: In member function ‘virtual int Render::LightningMaterial::SignificantPartLength() const’:
/home/vitaly/p/Prime-World/pw/branches/r1117/Src/PF_Core/../Scene/../Render/MaterialSpec.h:1849:70: warning: ‘offsetof’ within non-standard-layout type ‘Render::LightningMaterial’ is conditionally-supported [-Winvalid-offsetof]
 1849 |         virtual int SignificantPartLength() const { return offsetof( LightningMaterial, DiffuseMap ) - offsetof( LightningMaterial, renderState ) + sizeof( DiffuseMap ); }
      |                                                                      ^
/home/vitaly/p/Prime-World/pw/branches/r1117/Src/PF_Core/../Scene/../Render/MaterialSpec.h:1849:114: warning: ‘offsetof’ within non-standard-layout type ‘Render::LightningMaterial’ is conditionally-supported [-Winvalid-offsetof]
 1849 |         virtual int SignificantPartLength() const { return offsetof( LightningMaterial, DiffuseMap ) - offsetof( LightningMaterial, renderState ) + sizeof( DiffuseMap ); }
      |                                                                                                                  ^
/home/vitaly/p/Prime-World/pw/branches/r1117/Src/PF_Core/../Scene/../Render/MaterialSpec.h: In static member function ‘static void Render::LightningMaterial::InitSamplersOffsets()’:
/home/vitaly/p/Prime-World/pw/branches/r1117/Src/PF_Core/../Scene/../Render/MaterialSpec.h:1881:36: warning: ‘offsetof’ within non-standard-layout type ‘Render::LightningMaterial’ is conditionally-supported [-Winvalid-offsetof]
 1881 |     samplersOffsets[0] = offsetof( LightningMaterial, DiffuseMap );
      |                                    ^
/home/vitaly/p/Prime-World/pw/branches/r1117/Src/PF_Core/../Scene/../Render/MaterialSpec.h: In member function ‘virtual int Render::PaintMaterial::SignificantPartLength() const’:
/home/vitaly/p/Prime-World/pw/branches/r1117/Src/PF_Core/../Scene/../Render/MaterialSpec.h:2042:70: warning: ‘offsetof’ within non-standard-layout type ‘Render::PaintMaterial’ is conditionally-supported [-Winvalid-offsetof]
 2042 |         virtual int SignificantPartLength() const { return offsetof( PaintMaterial, isBlendModeOverrided ) - offsetof( PaintMaterial, renderState ) + sizeof( isBlendModeOverrided ); }
      |                                                                      ^
/home/vitaly/p/Prime-World/pw/branches/r1117/Src/PF_Core/../Scene/../Render/MaterialSpec.h:2042:120: warning: ‘offsetof’ within non-standard-layout type ‘Render::PaintMaterial’ is conditionally-supported [-Winvalid-offsetof]
 2042 |         virtual int SignificantPartLength() const { return offsetof( PaintMaterial, isBlendModeOverrided ) - offsetof( PaintMaterial, renderState ) + sizeof( isBlendModeOverrided ); }
      |                                                                                                                        ^
/home/vitaly/p/Prime-World/pw/branches/r1117/Src/PF_Core/../Scene/../Render/MaterialSpec.h: In static member function ‘static void Render::PaintMaterial::InitSamplersOffsets()’:
/home/vitaly/p/Prime-World/pw/branches/r1117/Src/PF_Core/../Scene/../Render/MaterialSpec.h:2082:36: warning: ‘offsetof’ within non-standard-layout type ‘Render::PaintMaterial’ is conditionally-supported [-Winvalid-offsetof]
 2082 |     samplersOffsets[0] = offsetof( PaintMaterial, Draft );
      |                                    ^
/home/vitaly/p/Prime-World/pw/branches/r1117/Src/PF_Core/../Scene/../Render/MaterialSpec.h:2083:36: warning: ‘offsetof’ within non-standard-layout type ‘Render::PaintMaterial’ is conditionally-supported [-Winvalid-offsetof]
 2083 |     samplersOffsets[1] = offsetof( PaintMaterial, Background );
      |                                    ^
/home/vitaly/p/Prime-World/pw/branches/r1117/Src/PF_Core/../Scene/../Render/MaterialSpec.h:2084:36: warning: ‘offsetof’ within non-standard-layout type ‘Render::PaintMaterial’ is conditionally-supported [-Winvalid-offsetof]
 2084 |     samplersOffsets[2] = offsetof( PaintMaterial, BaseBackground );
      |                                    ^
/home/vitaly/p/Prime-World/pw/branches/r1117/Src/PF_Core/../Scene/../Render/MaterialSpec.h:2085:36: warning: ‘offsetof’ within non-standard-layout type ‘Render::PaintMaterial’ is conditionally-supported [-Winvalid-offsetof]
 2085 |     samplersOffsets[3] = offsetof( PaintMaterial, Complete );
      |                                    ^
/home/vitaly/p/Prime-World/pw/branches/r1117/Src/PF_Core/../Scene/../Render/MaterialSpec.h:2086:36: warning: ‘offsetof’ within non-standard-layout type ‘Render::PaintMaterial’ is conditionally-supported [-Winvalid-offsetof]
 2086 |     samplersOffsets[4] = offsetof( PaintMaterial, Mask );
      |                                    ^
/home/vitaly/p/Prime-World/pw/branches/r1117/Src/PF_Core/../Scene/../Render/MaterialSpec.h: In member function ‘virtual int Render::ParticleFXMaterial::SignificantPartLength() const’:
/home/vitaly/p/Prime-World/pw/branches/r1117/Src/PF_Core/../Scene/../Render/MaterialSpec.h:2165:70: warning: ‘offsetof’ within non-standard-layout type ‘Render::ParticleFXMaterial’ is conditionally-supported [-Winvalid-offsetof]
 2165 |         virtual int SignificantPartLength() const { return offsetof( ParticleFXMaterial, scale ) - offsetof( ParticleFXMaterial, renderState ) + sizeof( scale ); }
      |                                                                      ^
/home/vitaly/p/Prime-World/pw/branches/r1117/Src/PF_Core/../Scene/../Render/MaterialSpec.h:2165:110: warning: ‘offsetof’ within non-standard-layout type ‘Render::ParticleFXMaterial’ is conditionally-supported [-Winvalid-offsetof]
 2165 |         virtual int SignificantPartLength() const { return offsetof( ParticleFXMaterial, scale ) - offsetof( ParticleFXMaterial, renderState ) + sizeof( scale ); }
      |                                                                                                              ^
/home/vitaly/p/Prime-World/pw/branches/r1117/Src/PF_Core/../Scene/../Render/MaterialSpec.h: In static member function ‘static void Render::ParticleFXMaterial::InitSamplersOffsets()’:
/home/vitaly/p/Prime-World/pw/branches/r1117/Src/PF_Core/../Scene/../Render/MaterialSpec.h:2203:36: warning: ‘offsetof’ within non-standard-layout type ‘Render::ParticleFXMaterial’ is conditionally-supported [-Winvalid-offsetof]
 2203 |     samplersOffsets[0] = offsetof( ParticleFXMaterial, DiffuseMap );
      |                                    ^
/home/vitaly/p/Prime-World/pw/branches/r1117/Src/PF_Core/../Scene/../Render/MaterialSpec.h: In member function ‘virtual int Render::RoadMaterial::SignificantPartLength() const’:
/home/vitaly/p/Prime-World/pw/branches/r1117/Src/PF_Core/../Scene/../Render/MaterialSpec.h:2267:70: warning: ‘offsetof’ within non-standard-layout type ‘Render::RoadMaterial’ is conditionally-supported [-Winvalid-offsetof]
 2267 |         virtual int SignificantPartLength() const { return offsetof( RoadMaterial, BorderMap ) - offsetof( RoadMaterial, renderState ) + sizeof( BorderMap ); }
      |                                                                      ^
/home/vitaly/p/Prime-World/pw/branches/r1117/Src/PF_Core/../Scene/../Render/MaterialSpec.h:2267:108: warning: ‘offsetof’ within non-standard-layout type ‘Render::RoadMaterial’ is conditionally-supported [-Winvalid-offsetof]
 2267 |         virtual int SignificantPartLength() const { return offsetof( RoadMaterial, BorderMap ) - offsetof( RoadMaterial, renderState ) + sizeof( BorderMap ); }
      |                                                                                                            ^
/home/vitaly/p/Prime-World/pw/branches/r1117/Src/PF_Core/../Scene/../Render/MaterialSpec.h: In static member function ‘static void Render::RoadMaterial::InitSamplersOffsets()’:
/home/vitaly/p/Prime-World/pw/branches/r1117/Src/PF_Core/../Scene/../Render/MaterialSpec.h:2308:36: warning: ‘offsetof’ within non-standard-layout type ‘Render::RoadMaterial’ is conditionally-supported [-Winvalid-offsetof]
 2308 |     samplersOffsets[0] = offsetof( RoadMaterial, RoadMap );
      |                                    ^
/home/vitaly/p/Prime-World/pw/branches/r1117/Src/PF_Core/../Scene/../Render/MaterialSpec.h:2309:36: warning: ‘offsetof’ within non-standard-layout type ‘Render::RoadMaterial’ is conditionally-supported [-Winvalid-offsetof]
 2309 |     samplersOffsets[1] = offsetof( RoadMaterial, BorderMap );
      |                                    ^
/home/vitaly/p/Prime-World/pw/branches/r1117/Src/PF_Core/../Scene/../Render/MaterialSpec.h: In member function ‘virtual int Render::ShadowMaterial::SignificantPartLength() const’:
/home/vitaly/p/Prime-World/pw/branches/r1117/Src/PF_Core/../Scene/../Render/MaterialSpec.h:2369:70: warning: ‘offsetof’ within non-standard-layout type ‘Render::ShadowMaterial’ is conditionally-supported [-Winvalid-offsetof]
 2369 |         virtual int SignificantPartLength() const { return offsetof( ShadowMaterial, DiffuseMap ) - offsetof( ShadowMaterial, renderState ) + sizeof( DiffuseMap ); }
      |                                                                      ^
/home/vitaly/p/Prime-World/pw/branches/r1117/Src/PF_Core/../Scene/../Render/MaterialSpec.h:2369:111: warning: ‘offsetof’ within non-standard-layout type ‘Render::ShadowMaterial’ is conditionally-supported [-Winvalid-offsetof]
 2369 |         virtual int SignificantPartLength() const { return offsetof( ShadowMaterial, DiffuseMap ) - offsetof( ShadowMaterial, renderState ) + sizeof( DiffuseMap ); }
      |                                                                                                               ^
/home/vitaly/p/Prime-World/pw/branches/r1117/Src/PF_Core/../Scene/../Render/MaterialSpec.h: In static member function ‘static void Render::ShadowMaterial::InitSamplersOffsets()’:
/home/vitaly/p/Prime-World/pw/branches/r1117/Src/PF_Core/../Scene/../Render/MaterialSpec.h:2405:36: warning: ‘offsetof’ within non-standard-layout type ‘Render::ShadowMaterial’ is conditionally-supported [-Winvalid-offsetof]
 2405 |     samplersOffsets[0] = offsetof( ShadowMaterial, DiffuseMap );
      |                                    ^
/home/vitaly/p/Prime-World/pw/branches/r1117/Src/PF_Core/../Scene/../Render/MaterialSpec.h: In member function ‘virtual int Render::SilhouetteMaterial::SignificantPartLength() const’:
/home/vitaly/p/Prime-World/pw/branches/r1117/Src/PF_Core/../Scene/../Render/MaterialSpec.h:2462:70: warning: ‘offsetof’ within non-standard-layout type ‘Render::SilhouetteMaterial’ is conditionally-supported [-Winvalid-offsetof]
 2462 |         virtual int SignificantPartLength() const { return offsetof( SilhouetteMaterial, renderState ) - offsetof( SilhouetteMaterial, renderState ) + sizeof( renderState ); }
      |                                                                      ^
/home/vitaly/p/Prime-World/pw/branches/r1117/Src/PF_Core/../Scene/../Render/MaterialSpec.h:2462:116: warning: ‘offsetof’ within non-standard-layout type ‘Render::SilhouetteMaterial’ is conditionally-supported [-Winvalid-offsetof]
 2462 |         virtual int SignificantPartLength() const { return offsetof( SilhouetteMaterial, renderState ) - offsetof( SilhouetteMaterial, renderState ) + sizeof( renderState ); }
      |                                                                                                                    ^
/home/vitaly/p/Prime-World/pw/branches/r1117/Src/PF_Core/../Scene/../Render/MaterialSpec.h: In member function ‘virtual int Render::SkyMaterial::SignificantPartLength() const’:
/home/vitaly/p/Prime-World/pw/branches/r1117/Src/PF_Core/../Scene/../Render/MaterialSpec.h:2586:70: warning: ‘offsetof’ within non-standard-layout type ‘Render::SkyMaterial’ is conditionally-supported [-Winvalid-offsetof]
 2586 |         virtual int SignificantPartLength() const { return offsetof( SkyMaterial, vOffset2 ) - offsetof( SkyMaterial, renderState ) + sizeof( vOffset2 ); }
      |                                                                      ^
/home/vitaly/p/Prime-World/pw/branches/r1117/Src/PF_Core/../Scene/../Render/MaterialSpec.h:2586:106: warning: ‘offsetof’ within non-standard-layout type ‘Render::SkyMaterial’ is conditionally-supported [-Winvalid-offsetof]
 2586 |         virtual int SignificantPartLength() const { return offsetof( SkyMaterial, vOffset2 ) - offsetof( SkyMaterial, renderState ) + sizeof( vOffset2 ); }
      |                                                                                                          ^
/home/vitaly/p/Prime-World/pw/branches/r1117/Src/PF_Core/../Scene/../Render/MaterialSpec.h: In static member function ‘static void Render::SkyMaterial::InitSamplersOffsets()’:
/home/vitaly/p/Prime-World/pw/branches/r1117/Src/PF_Core/../Scene/../Render/MaterialSpec.h:2634:36: warning: ‘offsetof’ within non-standard-layout type ‘Render::SkyMaterial’ is conditionally-supported [-Winvalid-offsetof]
 2634 |     samplersOffsets[0] = offsetof( SkyMaterial, DiffuseMap );
      |                                    ^
/home/vitaly/p/Prime-World/pw/branches/r1117/Src/PF_Core/../Scene/../Render/MaterialSpec.h: In member function ‘virtual int Render::TerrainAOEMaterial::SignificantPartLength() const’:
/home/vitaly/p/Prime-World/pw/branches/r1117/Src/PF_Core/../Scene/../Render/MaterialSpec.h:2717:70: warning: ‘offsetof’ within non-standard-layout type ‘Render::TerrainAOEMaterial’ is conditionally-supported [-Winvalid-offsetof]
 2717 |         virtual int SignificantPartLength() const { return offsetof( TerrainAOEMaterial, uvOffset ) - offsetof( TerrainAOEMaterial, renderState ) + sizeof( uvOffset ); }
      |                                                                      ^
/home/vitaly/p/Prime-World/pw/branches/r1117/Src/PF_Core/../Scene/../Render/MaterialSpec.h:2717:113: warning: ‘offsetof’ within non-standard-layout type ‘Render::TerrainAOEMaterial’ is conditionally-supported [-Winvalid-offsetof]
 2717 |         virtual int SignificantPartLength() const { return offsetof( TerrainAOEMaterial, uvOffset ) - offsetof( TerrainAOEMaterial, renderState ) + sizeof( uvOffset ); }
      |                                                                                                                 ^
/home/vitaly/p/Prime-World/pw/branches/r1117/Src/PF_Core/../Scene/../Render/MaterialSpec.h: In static member function ‘static void Render::TerrainAOEMaterial::InitSamplersOffsets()’:
/home/vitaly/p/Prime-World/pw/branches/r1117/Src/PF_Core/../Scene/../Render/MaterialSpec.h:2749:36: warning: ‘offsetof’ within non-standard-layout type ‘Render::TerrainAOEMaterial’ is conditionally-supported [-Winvalid-offsetof]
 2749 |     samplersOffsets[0] = offsetof( TerrainAOEMaterial, DiffuseMap );
      |                                    ^
/home/vitaly/p/Prime-World/pw/branches/r1117/Src/PF_Core/../Scene/../Render/MaterialSpec.h: In member function ‘virtual int Render::TerrainHeightBuilderMaterial::SignificantPartLength() const’:
/home/vitaly/p/Prime-World/pw/branches/r1117/Src/PF_Core/../Scene/../Render/MaterialSpec.h:2973:70: warning: ‘offsetof’ within non-standard-layout type ‘Render::TerrainHeightBuilderMaterial’ is conditionally-supported [-Winvalid-offsetof]
 2973 |         virtual int SignificantPartLength() const { return offsetof( TerrainHeightBuilderMaterial, renderState ) - offsetof( TerrainHeightBuilderMaterial, renderState ) + sizeof( renderState ); }
      |                                                                      ^
/home/vitaly/p/Prime-World/pw/branches/r1117/Src/PF_Core/../Scene/../Render/MaterialSpec.h:2973:126: warning: ‘offsetof’ within non-standard-layout type ‘Render::TerrainHeightBuilderMaterial’ is conditionally-supported [-Winvalid-offsetof]
 2973 |         virtual int SignificantPartLength() const { return offsetof( TerrainHeightBuilderMaterial, renderState ) - offsetof( TerrainHeightBuilderMaterial, renderState ) + sizeof( renderState ); }
      |                                                                                                                              ^
/home/vitaly/p/Prime-World/pw/branches/r1117/Src/PF_Core/../Scene/../Render/MaterialSpec.h: In member function ‘virtual int Render::TerrainMaterial::SignificantPartLength() const’:
/home/vitaly/p/Prime-World/pw/branches/r1117/Src/PF_Core/../Scene/../Render/MaterialSpec.h:3102:70: warning: ‘offsetof’ within non-standard-layout type ‘Render::TerrainMaterial’ is conditionally-supported [-Winvalid-offsetof]
 3102 |         virtual int SignificantPartLength() const { return offsetof( TerrainMaterial, grassRect ) - offsetof( TerrainMaterial, A_DiffuseMap ) + sizeof( grassRect ); }
      |                                                                      ^
/home/vitaly/p/Prime-World/pw/branches/r1117/Src/PF_Core/../Scene/../Render/MaterialSpec.h:3102:111: warning: ‘offsetof’ within non-standard-layout type ‘Render::TerrainMaterial’ is conditionally-supported [-Winvalid-offsetof]
 3102 |         virtual int SignificantPartLength() const { return offsetof( TerrainMaterial, grassRect ) - offsetof( TerrainMaterial, A_DiffuseMap ) + sizeof( grassRect ); }
      |                                                                                                               ^
/home/vitaly/p/Prime-World/pw/branches/r1117/Src/PF_Core/../Scene/../Render/MaterialSpec.h: In static member function ‘static void Render::TerrainMaterial::InitSamplersOffsets()’:
/home/vitaly/p/Prime-World/pw/branches/r1117/Src/PF_Core/../Scene/../Render/MaterialSpec.h:3150:36: warning: ‘offsetof’ within non-standard-layout type ‘Render::TerrainMaterial’ is conditionally-supported [-Winvalid-offsetof]
 3150 |     samplersOffsets[0] = offsetof( TerrainMaterial, A_DiffuseMap );
      |                                    ^
/home/vitaly/p/Prime-World/pw/branches/r1117/Src/PF_Core/../Scene/../Render/MaterialSpec.h:3151:36: warning: ‘offsetof’ within non-standard-layout type ‘Render::TerrainMaterial’ is conditionally-supported [-Winvalid-offsetof]
 3151 |     samplersOffsets[1] = offsetof( TerrainMaterial, N_DiffuseMap );
      |                                    ^
/home/vitaly/p/Prime-World/pw/branches/r1117/Src/PF_Core/../Scene/../Render/MaterialSpec.h:3152:36: warning: ‘offsetof’ within non-standard-layout type ‘Render::TerrainMaterial’ is conditionally-supported [-Winvalid-offsetof]
 3152 |     samplersOffsets[2] = offsetof( TerrainMaterial, B_DiffuseMap );
      |                                    ^
/home/vitaly/p/Prime-World/pw/branches/r1117/Src/PF_Core/../Scene/../Render/MaterialSpec.h:3153:36: warning: ‘offsetof’ within non-standard-layout type ‘Render::TerrainMaterial’ is conditionally-supported [-Winvalid-offsetof]
 3153 |     samplersOffsets[3] = offsetof( TerrainMaterial, FrozenNormalMap );
      |                                    ^
/home/vitaly/p/Prime-World/pw/branches/r1117/Src/PF_Core/../Scene/../Render/MaterialSpec.h:3154:36: warning: ‘offsetof’ within non-standard-layout type ‘Render::TerrainMaterial’ is conditionally-supported [-Winvalid-offsetof]
 3154 |     samplersOffsets[4] = offsetof( TerrainMaterial, NormalNormalMap );
      |                                    ^
/home/vitaly/p/Prime-World/pw/branches/r1117/Src/PF_Core/../Scene/../Render/MaterialSpec.h:3155:36: warning: ‘offsetof’ within non-standard-layout type ‘Render::TerrainMaterial’ is conditionally-supported [-Winvalid-offsetof]
 3155 |     samplersOffsets[5] = offsetof( TerrainMaterial, BurnedNormalMap );
      |                                    ^
/home/vitaly/p/Prime-World/pw/branches/r1117/Src/PF_Core/../Scene/../Render/MaterialSpec.h:3156:36: warning: ‘offsetof’ within non-standard-layout type ‘Render::TerrainMaterial’ is conditionally-supported [-Winvalid-offsetof]
 3156 |     samplersOffsets[6] = offsetof( TerrainMaterial, FrozenSpecularMap );
      |                                    ^
/home/vitaly/p/Prime-World/pw/branches/r1117/Src/PF_Core/../Scene/../Render/MaterialSpec.h:3157:36: warning: ‘offsetof’ within non-standard-layout type ‘Render::TerrainMaterial’ is conditionally-supported [-Winvalid-offsetof]
 3157 |     samplersOffsets[7] = offsetof( TerrainMaterial, NormalSpecularMap );
      |                                    ^
/home/vitaly/p/Prime-World/pw/branches/r1117/Src/PF_Core/../Scene/../Render/MaterialSpec.h:3158:36: warning: ‘offsetof’ within non-standard-layout type ‘Render::TerrainMaterial’ is conditionally-supported [-Winvalid-offsetof]
 3158 |     samplersOffsets[8] = offsetof( TerrainMaterial, BurnedSpecularMap );
      |                                    ^
/home/vitaly/p/Prime-World/pw/branches/r1117/Src/PF_Core/../Scene/../Render/MaterialSpec.h:3159:36: warning: ‘offsetof’ within non-standard-layout type ‘Render::TerrainMaterial’ is conditionally-supported [-Winvalid-offsetof]
 3159 |     samplersOffsets[9] = offsetof( TerrainMaterial, DarkMap );
      |                                    ^
/home/vitaly/p/Prime-World/pw/branches/r1117/Src/PF_Core/../Scene/../Render/MaterialSpec.h: In member function ‘virtual int Render::TestTownMaterial::SignificantPartLength() const’:
/home/vitaly/p/Prime-World/pw/branches/r1117/Src/PF_Core/../Scene/../Render/MaterialSpec.h:3225:70: warning: ‘offsetof’ within non-standard-layout type ‘Render::TestTownMaterial’ is conditionally-supported [-Winvalid-offsetof]
 3225 |         virtual int SignificantPartLength() const { return offsetof( TestTownMaterial, outputAdd ) - offsetof( TestTownMaterial, RenderState ) + sizeof( outputAdd ); }
      |                                                                      ^
/home/vitaly/p/Prime-World/pw/branches/r1117/Src/PF_Core/../Scene/../Render/MaterialSpec.h:3225:112: warning: ‘offsetof’ within non-standard-layout type ‘Render::TestTownMaterial’ is conditionally-supported [-Winvalid-offsetof]
 3225 |         virtual int SignificantPartLength() const { return offsetof( TestTownMaterial, outputAdd ) - offsetof( TestTownMaterial, RenderState ) + sizeof( outputAdd ); }
      |                                                                                                                ^
/home/vitaly/p/Prime-World/pw/branches/r1117/Src/PF_Core/../Scene/../Render/MaterialSpec.h: In static member function ‘static void Render::TestTownMaterial::InitSamplersOffsets()’:
/home/vitaly/p/Prime-World/pw/branches/r1117/Src/PF_Core/../Scene/../Render/MaterialSpec.h:3261:36: warning: ‘offsetof’ within non-standard-layout type ‘Render::TestTownMaterial’ is conditionally-supported [-Winvalid-offsetof]
 3261 |     samplersOffsets[0] = offsetof( TestTownMaterial, DiffuseMap );
      |                                    ^
/home/vitaly/p/Prime-World/pw/branches/r1117/Src/PF_Core/../Scene/../Render/MaterialSpec.h: In member function ‘virtual int Render::TraceMaterial::SignificantPartLength() const’:
/home/vitaly/p/Prime-World/pw/branches/r1117/Src/PF_Core/../Scene/../Render/MaterialSpec.h:3343:70: warning: ‘offsetof’ within non-standard-layout type ‘Render::TraceMaterial’ is conditionally-supported [-Winvalid-offsetof]
 3343 |         virtual int SignificantPartLength() const { return offsetof( TraceMaterial, vOffset ) - offsetof( TraceMaterial, renderState ) + sizeof( vOffset ); }
      |                                                                      ^
/home/vitaly/p/Prime-World/pw/branches/r1117/Src/PF_Core/../Scene/../Render/MaterialSpec.h:3343:107: warning: ‘offsetof’ within non-standard-layout type ‘Render::TraceMaterial’ is conditionally-supported [-Winvalid-offsetof]
 3343 |         virtual int SignificantPartLength() const { return offsetof( TraceMaterial, vOffset ) - offsetof( TraceMaterial, renderState ) + sizeof( vOffset ); }
      |                                                                                                           ^
/home/vitaly/p/Prime-World/pw/branches/r1117/Src/PF_Core/../Scene/../Render/MaterialSpec.h: In static member function ‘static void Render::TraceMaterial::InitSamplersOffsets()’:
/home/vitaly/p/Prime-World/pw/branches/r1117/Src/PF_Core/../Scene/../Render/MaterialSpec.h:3389:36: warning: ‘offsetof’ within non-standard-layout type ‘Render::TraceMaterial’ is conditionally-supported [-Winvalid-offsetof]
 3389 |     samplersOffsets[0] = offsetof( TraceMaterial, DiffuseMap );
      |                                    ^
/home/vitaly/p/Prime-World/pw/branches/r1117/Src/PF_Core/../Scene/../Render/MaterialSpec.h: In member function ‘virtual int Render::UIBaseMaterial::SignificantPartLength() const’:
/home/vitaly/p/Prime-World/pw/branches/r1117/Src/PF_Core/../Scene/../Render/MaterialSpec.h:3511:70: warning: ‘offsetof’ within non-standard-layout type ‘Render::UIBaseMaterial’ is conditionally-supported [-Winvalid-offsetof]
 3511 |         virtual int SignificantPartLength() const { return offsetof( UIBaseMaterial, colorStripe1000 ) - offsetof( UIBaseMaterial, DiffuseMap ) + sizeof( colorStripe1000 ); }
      |                                                                      ^
/home/vitaly/p/Prime-World/pw/branches/r1117/Src/PF_Core/../Scene/../Render/MaterialSpec.h:3511:116: warning: ‘offsetof’ within non-standard-layout type ‘Render::UIBaseMaterial’ is conditionally-supported [-Winvalid-offsetof]
 3511 |         virtual int SignificantPartLength() const { return offsetof( UIBaseMaterial, colorStripe1000 ) - offsetof( UIBaseMaterial, DiffuseMap ) + sizeof( colorStripe1000 ); }
      |                                                                                                                    ^
/home/vitaly/p/Prime-World/pw/branches/r1117/Src/PF_Core/../Scene/../Render/MaterialSpec.h: In static member function ‘static void Render::UIBaseMaterial::InitSamplersOffsets()’:
/home/vitaly/p/Prime-World/pw/branches/r1117/Src/PF_Core/../Scene/../Render/MaterialSpec.h:3558:36: warning: ‘offsetof’ within non-standard-layout type ‘Render::UIBaseMaterial’ is conditionally-supported [-Winvalid-offsetof]
 3558 |     samplersOffsets[0] = offsetof( UIBaseMaterial, DiffuseMap );
      |                                    ^
/home/vitaly/p/Prime-World/pw/branches/r1117/Src/PF_Core/../Scene/../Render/MaterialSpec.h:3559:36: warning: ‘offsetof’ within non-standard-layout type ‘Render::UIBaseMaterial’ is conditionally-supported [-Winvalid-offsetof]
 3559 |     samplersOffsets[1] = offsetof( UIBaseMaterial, MaskMap );
      |                                    ^
/home/vitaly/p/Prime-World/pw/branches/r1117/Src/PF_Core/../Scene/../Render/MaterialSpec.h: In member function ‘virtual int Render::UIButtonMaterial::SignificantPartLength() const’:
/home/vitaly/p/Prime-World/pw/branches/r1117/Src/PF_Core/../Scene/../Render/MaterialSpec.h:3652:70: warning: ‘offsetof’ within non-standard-layout type ‘Render::UIButtonMaterial’ is conditionally-supported [-Winvalid-offsetof]
 3652 |         virtual int SignificantPartLength() const { return offsetof( UIButtonMaterial, ScreenOpacity ) - offsetof( UIButtonMaterial, BackgroundMap ) + sizeof( ScreenOpacity ); }
      |                                                                      ^
/home/vitaly/p/Prime-World/pw/branches/r1117/Src/PF_Core/../Scene/../Render/MaterialSpec.h:3652:116: warning: ‘offsetof’ within non-standard-layout type ‘Render::UIButtonMaterial’ is conditionally-supported [-Winvalid-offsetof]
 3652 |         virtual int SignificantPartLength() const { return offsetof( UIButtonMaterial, ScreenOpacity ) - offsetof( UIButtonMaterial, BackgroundMap ) + sizeof( ScreenOpacity ); }
      |                                                                                                                    ^
/home/vitaly/p/Prime-World/pw/branches/r1117/Src/PF_Core/../Scene/../Render/MaterialSpec.h: In static member function ‘static void Render::UIButtonMaterial::InitSamplersOffsets()’:
/home/vitaly/p/Prime-World/pw/branches/r1117/Src/PF_Core/../Scene/../Render/MaterialSpec.h:3718:36: warning: ‘offsetof’ within non-standard-layout type ‘Render::UIButtonMaterial’ is conditionally-supported [-Winvalid-offsetof]
 3718 |     samplersOffsets[0] = offsetof( UIButtonMaterial, BackgroundMap );
      |                                    ^
/home/vitaly/p/Prime-World/pw/branches/r1117/Src/PF_Core/../Scene/../Render/MaterialSpec.h:3719:36: warning: ‘offsetof’ within non-standard-layout type ‘Render::UIButtonMaterial’ is conditionally-supported [-Winvalid-offsetof]
 3719 |     samplersOffsets[1] = offsetof( UIButtonMaterial, DiffuseMap );
      |                                    ^
/home/vitaly/p/Prime-World/pw/branches/r1117/Src/PF_Core/../Scene/../Render/MaterialSpec.h:3720:36: warning: ‘offsetof’ within non-standard-layout type ‘Render::UIButtonMaterial’ is conditionally-supported [-Winvalid-offsetof]
 3720 |     samplersOffsets[2] = offsetof( UIButtonMaterial, WaitForActMap );
      |                                    ^
/home/vitaly/p/Prime-World/pw/branches/r1117/Src/PF_Core/../Scene/../Render/MaterialSpec.h:3721:36: warning: ‘offsetof’ within non-standard-layout type ‘Render::UIButtonMaterial’ is conditionally-supported [-Winvalid-offsetof]
 3721 |     samplersOffsets[3] = offsetof( UIButtonMaterial, LackOfManaMap );
      |                                    ^
/home/vitaly/p/Prime-World/pw/branches/r1117/Src/PF_Core/../Scene/../Render/MaterialSpec.h:3722:36: warning: ‘offsetof’ within non-standard-layout type ‘Render::UIButtonMaterial’ is conditionally-supported [-Winvalid-offsetof]
 3722 |     samplersOffsets[4] = offsetof( UIButtonMaterial, PressedMap );
      |                                    ^
/home/vitaly/p/Prime-World/pw/branches/r1117/Src/PF_Core/../Scene/../Render/MaterialSpec.h:3723:36: warning: ‘offsetof’ within non-standard-layout type ‘Render::UIButtonMaterial’ is conditionally-supported [-Winvalid-offsetof]
 3723 |     samplersOffsets[5] = offsetof( UIButtonMaterial, HighlightMap );
      |                                    ^
/home/vitaly/p/Prime-World/pw/branches/r1117/Src/PF_Core/../Scene/../Render/MaterialSpec.h:3724:36: warning: ‘offsetof’ within non-standard-layout type ‘Render::UIButtonMaterial’ is conditionally-supported [-Winvalid-offsetof]
 3724 |     samplersOffsets[6] = offsetof( UIButtonMaterial, ScreenMap );
      |                                    ^
/home/vitaly/p/Prime-World/pw/branches/r1117/Src/PF_Core/../Scene/../Render/MaterialSpec.h: In member function ‘virtual int Render::UIFlashMaterial::SignificantPartLength() const’:
/home/vitaly/p/Prime-World/pw/branches/r1117/Src/PF_Core/../Scene/../Render/MaterialSpec.h:3803:70: warning: ‘offsetof’ within non-standard-layout type ‘Render::UIFlashMaterial’ is conditionally-supported [-Winvalid-offsetof]
 3803 |         virtual int SignificantPartLength() const { return offsetof( UIFlashMaterial, CXFormAdd ) - offsetof( UIFlashMaterial, DiffuseMap ) + sizeof( CXFormAdd ); }
      |                                                                      ^
/home/vitaly/p/Prime-World/pw/branches/r1117/Src/PF_Core/../Scene/../Render/MaterialSpec.h:3803:111: warning: ‘offsetof’ within non-standard-layout type ‘Render::UIFlashMaterial’ is conditionally-supported [-Winvalid-offsetof]
 3803 |         virtual int SignificantPartLength() const { return offsetof( UIFlashMaterial, CXFormAdd ) - offsetof( UIFlashMaterial, DiffuseMap ) + sizeof( CXFormAdd ); }
      |                                                                                                               ^
/home/vitaly/p/Prime-World/pw/branches/r1117/Src/PF_Core/../Scene/../Render/MaterialSpec.h: In static member function ‘static void Render::UIFlashMaterial::InitSamplersOffsets()’:
/home/vitaly/p/Prime-World/pw/branches/r1117/Src/PF_Core/../Scene/../Render/MaterialSpec.h:3855:36: warning: ‘offsetof’ within non-standard-layout type ‘Render::UIFlashMaterial’ is conditionally-supported [-Winvalid-offsetof]
 3855 |     samplersOffsets[0] = offsetof( UIFlashMaterial, DiffuseMap );
      |                                    ^
/home/vitaly/p/Prime-World/pw/branches/r1117/Src/PF_Core/../Scene/../Render/MaterialSpec.h:3856:36: warning: ‘offsetof’ within non-standard-layout type ‘Render::UIFlashMaterial’ is conditionally-supported [-Winvalid-offsetof]
 3856 |     samplersOffsets[1] = offsetof( UIFlashMaterial, DiffuseMap2 );
      |                                    ^
/home/vitaly/p/Prime-World/pw/branches/r1117/Src/PF_Core/../Scene/../Render/MaterialSpec.h: In member function ‘virtual int Render::UIFontMaterial::SignificantPartLength() const’:
/home/vitaly/p/Prime-World/pw/branches/r1117/Src/PF_Core/../Scene/../Render/MaterialSpec.h:3924:70: warning: ‘offsetof’ within non-standard-layout type ‘Render::UIFontMaterial’ is conditionally-supported [-Winvalid-offsetof]
 3924 |         virtual int SignificantPartLength() const { return offsetof( UIFontMaterial, SecondaryColor ) - offsetof( UIFontMaterial, DiffuseMap ) + sizeof( SecondaryColor ); }
      |                                                                      ^
/home/vitaly/p/Prime-World/pw/branches/r1117/Src/PF_Core/../Scene/../Render/MaterialSpec.h:3924:115: warning: ‘offsetof’ within non-standard-layout type ‘Render::UIFontMaterial’ is conditionally-supported [-Winvalid-offsetof]
 3924 |         virtual int SignificantPartLength() const { return offsetof( UIFontMaterial, SecondaryColor ) - offsetof( UIFontMaterial, DiffuseMap ) + sizeof( SecondaryColor ); }
      |                                                                                                                   ^
/home/vitaly/p/Prime-World/pw/branches/r1117/Src/PF_Core/../Scene/../Render/MaterialSpec.h: In static member function ‘static void Render::UIFontMaterial::InitSamplersOffsets()’:
/home/vitaly/p/Prime-World/pw/branches/r1117/Src/PF_Core/../Scene/../Render/MaterialSpec.h:3962:36: warning: ‘offsetof’ within non-standard-layout type ‘Render::UIFontMaterial’ is conditionally-supported [-Winvalid-offsetof]
 3962 |     samplersOffsets[0] = offsetof( UIFontMaterial, DiffuseMap );
      |                                    ^
/home/vitaly/p/Prime-World/pw/branches/r1117/Src/PF_Core/../Scene/../Render/MaterialSpec.h: In member function ‘virtual int Render::UIGlassMaterial::SignificantPartLength() const’:
/home/vitaly/p/Prime-World/pw/branches/r1117/Src/PF_Core/../Scene/../Render/MaterialSpec.h:4035:70: warning: ‘offsetof’ within non-standard-layout type ‘Render::UIGlassMaterial’ is conditionally-supported [-Winvalid-offsetof]
 4035 |         virtual int SignificantPartLength() const { return offsetof( UIGlassMaterial, ScreenOpacity ) - offsetof( UIGlassMaterial, BackgroundMap ) + sizeof( ScreenOpacity ); }
      |                                                                      ^
/home/vitaly/p/Prime-World/pw/branches/r1117/Src/PF_Core/../Scene/../Render/MaterialSpec.h:4035:115: warning: ‘offsetof’ within non-standard-layout type ‘Render::UIGlassMaterial’ is conditionally-supported [-Winvalid-offsetof]
 4035 |         virtual int SignificantPartLength() const { return offsetof( UIGlassMaterial, ScreenOpacity ) - offsetof( UIGlassMaterial, BackgroundMap ) + sizeof( ScreenOpacity ); }
      |                                                                                                                   ^
/home/vitaly/p/Prime-World/pw/branches/r1117/Src/PF_Core/../Scene/../Render/MaterialSpec.h: In static member function ‘static void Render::UIGlassMaterial::InitSamplersOffsets()’:
/home/vitaly/p/Prime-World/pw/branches/r1117/Src/PF_Core/../Scene/../Render/MaterialSpec.h:4078:36: warning: ‘offsetof’ within non-standard-layout type ‘Render::UIGlassMaterial’ is conditionally-supported [-Winvalid-offsetof]
 4078 |     samplersOffsets[0] = offsetof( UIGlassMaterial, BackgroundMap );
      |                                    ^
/home/vitaly/p/Prime-World/pw/branches/r1117/Src/PF_Core/../Scene/../Render/MaterialSpec.h:4079:36: warning: ‘offsetof’ within non-standard-layout type ‘Render::UIGlassMaterial’ is conditionally-supported [-Winvalid-offsetof]
 4079 |     samplersOffsets[1] = offsetof( UIGlassMaterial, DiffuseMap );
      |                                    ^
/home/vitaly/p/Prime-World/pw/branches/r1117/Src/PF_Core/../Scene/../Render/MaterialSpec.h:4080:36: warning: ‘offsetof’ within non-standard-layout type ‘Render::UIGlassMaterial’ is conditionally-supported [-Winvalid-offsetof]
 4080 |     samplersOffsets[2] = offsetof( UIGlassMaterial, OverlayMap );
      |                                    ^
/home/vitaly/p/Prime-World/pw/branches/r1117/Src/PF_Core/../Scene/../Render/MaterialSpec.h:4081:36: warning: ‘offsetof’ within non-standard-layout type ‘Render::UIGlassMaterial’ is conditionally-supported [-Winvalid-offsetof]
 4081 |     samplersOffsets[3] = offsetof( UIGlassMaterial, ScreenMap );
      |                                    ^
/home/vitaly/p/Prime-World/pw/branches/r1117/Src/PF_Core/../Scene/../Render/batch.h: At global scope:
/home/vitaly/p/Prime-World/pw/branches/r1117/Src/PF_Core/../Scene/../Render/batch.h:15:8: warning: attribute ignored in declaration of ‘struct Render::Batch’ [-Wattributes]
   15 | struct Batch
      |        ^~~~~
/home/vitaly/p/Prime-World/pw/branches/r1117/Src/PF_Core/../Scene/../Render/batch.h:15:8: note: attribute for ‘struct Render::Batch’ must follow the ‘struct’ keyword
/home/vitaly/p/Prime-World/pw/branches/r1117/Src/PF_Core/../Scene/../Render/batch.h:79:8: warning: ‘template<class> class std::auto_ptr’ is deprecated: use 'std::unique_ptr' instead [-Wdeprecated-declarations]
   79 |   std::auto_ptr<class DXManager>  resourceManager;
      |        ^~~~~~~~
/usr/lib/gcc/x86_64-pc-linux-gnu/15/include/g++-v15/bits/unique_ptr.h:58:28: note: declared here
   58 |   template<typename> class auto_ptr;
      |                            ^~~~~~~~
/home/vitaly/p/Prime-World/pw/branches/r1117/Src/PF_Core/../Scene/SceneObject.h:56:7: warning: attribute ignored in declaration of ‘class NScene::SceneObject’ [-Wattributes]
   56 | class SceneObject : public SceneObjectBase
      |       ^~~~~~~~~~~
/home/vitaly/p/Prime-World/pw/branches/r1117/Src/PF_Core/../Scene/SceneObject.h:56:7: note: attribute for ‘class NScene::SceneObject’ must follow the ‘class’ keyword
In file included from /home/vitaly/p/Prime-World/pw/branches/r1117/Src/PF_Core/../Scene/../Render/../MeshConverter/MeshHeader.h:4,
                 from /home/vitaly/p/Prime-World/pw/branches/r1117/Src/PF_Core/../Scene/../Render/MeshResource.h:4,
                 from /home/vitaly/p/Prime-World/pw/branches/r1117/Src/PF_Core/../Scene/../Render/StaticMesh.h:4,
                 from /home/vitaly/p/Prime-World/pw/branches/r1117/Src/PF_Core/../Scene/StaticSceneComponent.h:4,
                 from /home/vitaly/p/Prime-World/pw/branches/r1117/Src/PF_Core/../Scene/SceneObjectCreation.h:6,
                 from /home/vitaly/p/Prime-World/pw/branches/r1117/Src/PF_Core/BasicEffect.h:5:
/home/vitaly/p/Prime-World/pw/branches/r1117/Src/PF_Core/../Scene/../Render/../MeshConverter/../System/staticstring.h:9:18: error: expected ‘;’ at end of member declaration [-Wtemplate-body]
    9 |         unsigned __int32 offset;
      |                  ^~~~~~~
      |                         ;
/home/vitaly/p/Prime-World/pw/branches/r1117/Src/PF_Core/../Scene/../Render/../MeshConverter/../System/staticstring.h:9:26: error: ‘offset’ does not name a type; did you mean ‘off_t’? [-Wtemplate-body]
    9 |         unsigned __int32 offset;
      |                          ^~~~~~
      |                          off_t
/home/vitaly/p/Prime-World/pw/branches/r1117/Src/PF_Core/../Scene/../Render/../MeshConverter/../System/staticstring.h:10:18: error: expected ‘;’ at end of member declaration [-Wtemplate-body]
   10 |         unsigned __int32 _length;
      |                  ^~~~~~~
      |                         ;
/home/vitaly/p/Prime-World/pw/branches/r1117/Src/PF_Core/../Scene/../Render/../MeshConverter/../System/staticstring.h:10:18: error: redeclaration of ‘unsigned int _BaseStaticString<T>::__int32’ [-Wtemplate-body]
/home/vitaly/p/Prime-World/pw/branches/r1117/Src/PF_Core/../Scene/../Render/../MeshConverter/../System/staticstring.h:9:18: note: previous declaration ‘unsigned int _BaseStaticString<T>::__int32’
    9 |         unsigned __int32 offset;
      |                  ^~~~~~~
/home/vitaly/p/Prime-World/pw/branches/r1117/Src/PF_Core/../Scene/../Render/../MeshConverter/../System/staticstring.h:10:26: error: ‘_length’ does not name a type [-Wtemplate-body]
   10 |         unsigned __int32 _length;
      |                          ^~~~~~~
/home/vitaly/p/Prime-World/pw/branches/r1117/Src/PF_Core/../Scene/../Render/../MeshConverter/../System/staticstring.h: In member function ‘const T* _BaseStaticString<T>::begin() const’:
/home/vitaly/p/Prime-World/pw/branches/r1117/Src/PF_Core/../Scene/../Render/../MeshConverter/../System/staticstring.h:28:62: error: ‘offset’ was not declared in this scope; did you mean ‘off_t’? [-Wtemplate-body]
   28 |                 const T* pBody = (T*)((unsigned char*)this + offset);
      |                                                              ^~~~~~
      |                                                              off_t
/home/vitaly/p/Prime-World/pw/branches/r1117/Src/PF_Core/../Scene/../Render/../MeshConverter/../System/staticstring.h: In member function ‘const T* _BaseStaticString<T>::end() const’:
/home/vitaly/p/Prime-World/pw/branches/r1117/Src/PF_Core/../Scene/../Render/../MeshConverter/../System/staticstring.h:36:62: error: ‘offset’ was not declared in this scope; did you mean ‘off_t’? [-Wtemplate-body]
   36 |                 const T* pBody = (T*)((unsigned char*)this + offset);
      |                                                              ^~~~~~
      |                                                              off_t
/home/vitaly/p/Prime-World/pw/branches/r1117/Src/PF_Core/../Scene/../Render/../MeshConverter/../System/staticstring.h:37:32: error: ‘_length’ was not declared in this scope; did you mean ‘length’? [-Wtemplate-body]
   37 |                 return pBody + _length;
      |                                ^~~~~~~
      |                                length
/home/vitaly/p/Prime-World/pw/branches/r1117/Src/PF_Core/../Scene/../Render/../MeshConverter/../System/staticstring.h: In member function ‘const T* _BaseStaticString<T>::c_str() const’:
/home/vitaly/p/Prime-World/pw/branches/r1117/Src/PF_Core/../Scene/../Render/../MeshConverter/../System/staticstring.h:44:62: error: ‘offset’ was not declared in this scope; did you mean ‘off_t’? [-Wtemplate-body]
   44 |                 const T* pBody = (T*)((unsigned char*)this + offset);
      |                                                              ^~~~~~
      |                                                              off_t
/home/vitaly/p/Prime-World/pw/branches/r1117/Src/PF_Core/../Scene/../Render/../MeshConverter/../System/staticstring.h: In member function ‘unsigned int _BaseStaticString<T>::length() const’:
/home/vitaly/p/Prime-World/pw/branches/r1117/Src/PF_Core/../Scene/../Render/../MeshConverter/../System/staticstring.h:50:24: error: ‘_length’ was not declared in this scope; did you mean ‘length’? [-Wtemplate-body]
   50 |                 return _length;
      |                        ^~~~~~~
      |                        length
/home/vitaly/p/Prime-World/pw/branches/r1117/Src/PF_Core/../Scene/../Render/../MeshConverter/MeshHeader.h: At global scope:
/home/vitaly/p/Prime-World/pw/branches/r1117/Src/PF_Core/../Scene/../Render/../MeshConverter/MeshHeader.h:49:18: error: expected ‘;’ at end of member declaration
   49 |         unsigned __int32 vertexStrideSizeInBytes;
      |                  ^~~~~~~
      |                         ;
/home/vitaly/p/Prime-World/pw/branches/r1117/Src/PF_Core/../Scene/../Render/../MeshConverter/MeshHeader.h:49:26: error: ‘vertexStrideSizeInBytes’ does not name a type
   49 |         unsigned __int32 vertexStrideSizeInBytes;
      |                          ^~~~~~~~~~~~~~~~~~~~~~~
/home/vitaly/p/Prime-World/pw/branches/r1117/Src/PF_Core/../Scene/../Render/../MeshConverter/MeshHeader.h:50:9: error: ‘__int32’ does not name a type; did you mean ‘__int64’?
   50 |         __int32 baseVertexIndex;
      |         ^~~~~~~
      |         __int64
/home/vitaly/p/Prime-World/pw/branches/r1117/Src/PF_Core/../Scene/../Render/../MeshConverter/MeshHeader.h:51:18: error: expected ‘;’ at end of member declaration
   51 |         unsigned __int32 minIndex;
      |                  ^~~~~~~
      |                         ;
/home/vitaly/p/Prime-World/pw/branches/r1117/Src/PF_Core/../Scene/../Render/../MeshConverter/MeshHeader.h:51:18: error: redeclaration of ‘unsigned int H6FragmentHeader::__int32’
/home/vitaly/p/Prime-World/pw/branches/r1117/Src/PF_Core/../Scene/../Render/../MeshConverter/MeshHeader.h:49:18: note: previous declaration ‘unsigned int H6FragmentHeader::__int32’
   49 |         unsigned __int32 vertexStrideSizeInBytes;
      |                  ^~~~~~~
/home/vitaly/p/Prime-World/pw/branches/r1117/Src/PF_Core/../Scene/../Render/../MeshConverter/MeshHeader.h:51:26: error: ‘minIndex’ does not name a type
   51 |         unsigned __int32 minIndex;
      |                          ^~~~~~~~
/home/vitaly/p/Prime-World/pw/branches/r1117/Src/PF_Core/../Scene/../Render/../MeshConverter/MeshHeader.h:52:18: error: expected ‘;’ at end of member declaration
   52 |         unsigned __int32 numVertices;
      |                  ^~~~~~~
      |                         ;
/home/vitaly/p/Prime-World/pw/branches/r1117/Src/PF_Core/../Scene/../Render/../MeshConverter/MeshHeader.h:52:18: error: redeclaration of ‘unsigned int H6FragmentHeader::__int32’
/home/vitaly/p/Prime-World/pw/branches/r1117/Src/PF_Core/../Scene/../Render/../MeshConverter/MeshHeader.h:49:18: note: previous declaration ‘unsigned int H6FragmentHeader::__int32’
   49 |         unsigned __int32 vertexStrideSizeInBytes;
      |                  ^~~~~~~
/home/vitaly/p/Prime-World/pw/branches/r1117/Src/PF_Core/../Scene/../Render/../MeshConverter/MeshHeader.h:52:26: error: ‘numVertices’ does not name a type
   52 |         unsigned __int32 numVertices;
      |                          ^~~~~~~~~~~
/home/vitaly/p/Prime-World/pw/branches/r1117/Src/PF_Core/../Scene/../Render/../MeshConverter/MeshHeader.h:53:18: error: expected ‘;’ at end of member declaration
   53 |         unsigned __int32 startIndex;
      |                  ^~~~~~~
      |                         ;
/home/vitaly/p/Prime-World/pw/branches/r1117/Src/PF_Core/../Scene/../Render/../MeshConverter/MeshHeader.h:53:18: error: redeclaration of ‘unsigned int H6FragmentHeader::__int32’
/home/vitaly/p/Prime-World/pw/branches/r1117/Src/PF_Core/../Scene/../Render/../MeshConverter/MeshHeader.h:49:18: note: previous declaration ‘unsigned int H6FragmentHeader::__int32’
   49 |         unsigned __int32 vertexStrideSizeInBytes;
      |                  ^~~~~~~
/home/vitaly/p/Prime-World/pw/branches/r1117/Src/PF_Core/../Scene/../Render/../MeshConverter/MeshHeader.h:53:26: error: ‘startIndex’ does not name a type
   53 |         unsigned __int32 startIndex;
      |                          ^~~~~~~~~~
/home/vitaly/p/Prime-World/pw/branches/r1117/Src/PF_Core/../Scene/../Render/../MeshConverter/MeshHeader.h:54:18: error: expected ‘;’ at end of member declaration
   54 |         unsigned __int32 primitiveCount;
      |                  ^~~~~~~
      |                         ;
/home/vitaly/p/Prime-World/pw/branches/r1117/Src/PF_Core/../Scene/../Render/../MeshConverter/MeshHeader.h:54:18: error: redeclaration of ‘unsigned int H6FragmentHeader::__int32’
/home/vitaly/p/Prime-World/pw/branches/r1117/Src/PF_Core/../Scene/../Render/../MeshConverter/MeshHeader.h:49:18: note: previous declaration ‘unsigned int H6FragmentHeader::__int32’
   49 |         unsigned __int32 vertexStrideSizeInBytes;
      |                  ^~~~~~~
/home/vitaly/p/Prime-World/pw/branches/r1117/Src/PF_Core/../Scene/../Render/../MeshConverter/MeshHeader.h:54:26: error: ‘primitiveCount’ does not name a type
   54 |         unsigned __int32 primitiveCount;
      |                          ^~~~~~~~~~~~~~
/home/vitaly/p/Prime-World/pw/branches/r1117/Src/PF_Core/../Scene/../Render/../MeshConverter/MeshHeader.h:55:18: error: expected ‘;’ at end of member declaration
   55 |         unsigned __int32 materialID;
      |                  ^~~~~~~
      |                         ;
/home/vitaly/p/Prime-World/pw/branches/r1117/Src/PF_Core/../Scene/../Render/../MeshConverter/MeshHeader.h:55:18: error: redeclaration of ‘unsigned int H6FragmentHeader::__int32’
/home/vitaly/p/Prime-World/pw/branches/r1117/Src/PF_Core/../Scene/../Render/../MeshConverter/MeshHeader.h:49:18: note: previous declaration ‘unsigned int H6FragmentHeader::__int32’
   49 |         unsigned __int32 vertexStrideSizeInBytes;
      |                  ^~~~~~~
/home/vitaly/p/Prime-World/pw/branches/r1117/Src/PF_Core/../Scene/../Render/../MeshConverter/MeshHeader.h:55:26: error: ‘materialID’ does not name a type
   55 |         unsigned __int32 materialID;
      |                          ^~~~~~~~~~
/home/vitaly/p/Prime-World/pw/branches/r1117/Src/PF_Core/../Scene/../Render/../MeshConverter/MeshHeader.h:56:18: error: expected ‘;’ at end of member declaration
   56 |         unsigned __int32 streamOffset;
      |                  ^~~~~~~
      |                         ;
/home/vitaly/p/Prime-World/pw/branches/r1117/Src/PF_Core/../Scene/../Render/../MeshConverter/MeshHeader.h:56:18: error: redeclaration of ‘unsigned int H6FragmentHeader::__int32’
/home/vitaly/p/Prime-World/pw/branches/r1117/Src/PF_Core/../Scene/../Render/../MeshConverter/MeshHeader.h:49:18: note: previous declaration ‘unsigned int H6FragmentHeader::__int32’
   49 |         unsigned __int32 vertexStrideSizeInBytes;
      |                  ^~~~~~~
/home/vitaly/p/Prime-World/pw/branches/r1117/Src/PF_Core/../Scene/../Render/../MeshConverter/MeshHeader.h:56:26: error: ‘streamOffset’ does not name a type
   56 |         unsigned __int32 streamOffset;
      |                          ^~~~~~~~~~~~
/home/vitaly/p/Prime-World/pw/branches/r1117/Src/PF_Core/../Scene/../Render/../MeshConverter/MeshHeader.h:62:18: error: expected ‘;’ at end of member declaration
   62 |         unsigned __int32 signature;
      |                  ^~~~~~~
      |                         ;
/home/vitaly/p/Prime-World/pw/branches/r1117/Src/PF_Core/../Scene/../Render/../MeshConverter/MeshHeader.h:62:26: error: ‘signature’ does not name a type
   62 |         unsigned __int32 signature;
      |                          ^~~~~~~~~
/home/vitaly/p/Prime-World/pw/branches/r1117/Src/PF_Core/../Scene/../Render/../MeshConverter/MeshHeader.h:63:18: error: expected ‘;’ at end of member declaration
   63 |         unsigned __int32 fragmentCount;
      |                  ^~~~~~~
      |                         ;
/home/vitaly/p/Prime-World/pw/branches/r1117/Src/PF_Core/../Scene/../Render/../MeshConverter/MeshHeader.h:63:18: error: redeclaration of ‘unsigned int H6GeometryFileHeader::__int32’
/home/vitaly/p/Prime-World/pw/branches/r1117/Src/PF_Core/../Scene/../Render/../MeshConverter/MeshHeader.h:62:18: note: previous declaration ‘unsigned int H6GeometryFileHeader::__int32’
   62 |         unsigned __int32 signature;
      |                  ^~~~~~~
/home/vitaly/p/Prime-World/pw/branches/r1117/Src/PF_Core/../Scene/../Render/../MeshConverter/MeshHeader.h:63:26: error: ‘fragmentCount’ does not name a type
   63 |         unsigned __int32 fragmentCount;
      |                          ^~~~~~~~~~~~~
/home/vitaly/p/Prime-World/pw/branches/r1117/Src/PF_Core/../Scene/../Render/../MeshConverter/MeshHeader.h:64:18: error: expected ‘;’ at end of member declaration
   64 |         unsigned __int32 materialCount;
      |                  ^~~~~~~
      |                         ;
/home/vitaly/p/Prime-World/pw/branches/r1117/Src/PF_Core/../Scene/../Render/../MeshConverter/MeshHeader.h:64:18: error: redeclaration of ‘unsigned int H6GeometryFileHeader::__int32’
/home/vitaly/p/Prime-World/pw/branches/r1117/Src/PF_Core/../Scene/../Render/../MeshConverter/MeshHeader.h:62:18: note: previous declaration ‘unsigned int H6GeometryFileHeader::__int32’
   62 |         unsigned __int32 signature;
      |                  ^~~~~~~
/home/vitaly/p/Prime-World/pw/branches/r1117/Src/PF_Core/../Scene/../Render/../MeshConverter/MeshHeader.h:64:26: error: ‘materialCount’ does not name a type
   64 |         unsigned __int32 materialCount;
      |                          ^~~~~~~~~~~~~
/home/vitaly/p/Prime-World/pw/branches/r1117/Src/PF_Core/../Scene/../Render/../MeshConverter/MeshHeader.h:66:18: error: expected ‘;’ at end of member declaration
   66 |         unsigned __int32 commonVertexBufferSizeInBytes;
      |                  ^~~~~~~
      |                         ;
/home/vitaly/p/Prime-World/pw/branches/r1117/Src/PF_Core/../Scene/../Render/../MeshConverter/MeshHeader.h:66:18: error: redeclaration of ‘unsigned int H6GeometryFileHeader::__int32’
/home/vitaly/p/Prime-World/pw/branches/r1117/Src/PF_Core/../Scene/../Render/../MeshConverter/MeshHeader.h:62:18: note: previous declaration ‘unsigned int H6GeometryFileHeader::__int32’
   62 |         unsigned __int32 signature;
      |                  ^~~~~~~
/home/vitaly/p/Prime-World/pw/branches/r1117/Src/PF_Core/../Scene/../Render/../MeshConverter/MeshHeader.h:66:26: error: ‘commonVertexBufferSizeInBytes’ does not name a type
   66 |         unsigned __int32 commonVertexBufferSizeInBytes;
      |                          ^~~~~~~~~~~~~~~~~~~~~~~~~~~~~
/home/vitaly/p/Prime-World/pw/branches/r1117/Src/PF_Core/../Scene/../Render/../MeshConverter/MeshHeader.h:68:18: error: expected ‘;’ at end of member declaration
   68 |         unsigned __int32 commonIndexBufferSizeInBytes;
      |                  ^~~~~~~
      |                         ;
/home/vitaly/p/Prime-World/pw/branches/r1117/Src/PF_Core/../Scene/../Render/../MeshConverter/MeshHeader.h:68:18: error: redeclaration of ‘unsigned int H6GeometryFileHeader::__int32’
/home/vitaly/p/Prime-World/pw/branches/r1117/Src/PF_Core/../Scene/../Render/../MeshConverter/MeshHeader.h:62:18: note: previous declaration ‘unsigned int H6GeometryFileHeader::__int32’
   62 |         unsigned __int32 signature;
      |                  ^~~~~~~
/home/vitaly/p/Prime-World/pw/branches/r1117/Src/PF_Core/../Scene/../Render/../MeshConverter/MeshHeader.h:68:26: error: ‘commonIndexBufferSizeInBytes’ does not name a type
   68 |         unsigned __int32 commonIndexBufferSizeInBytes;
      |                          ^~~~~~~~~~~~~~~~~~~~~~~~~~~~
/home/vitaly/p/Prime-World/pw/branches/r1117/Src/PF_Core/../Scene/../Render/../MeshConverter/MeshHeader.h:69:18: error: expected ‘;’ at end of member declaration
   69 |         unsigned __int32 vbOffset;
      |                  ^~~~~~~
      |                         ;
/home/vitaly/p/Prime-World/pw/branches/r1117/Src/PF_Core/../Scene/../Render/../MeshConverter/MeshHeader.h:69:18: error: redeclaration of ‘unsigned int H6GeometryFileHeader::__int32’
/home/vitaly/p/Prime-World/pw/branches/r1117/Src/PF_Core/../Scene/../Render/../MeshConverter/MeshHeader.h:62:18: note: previous declaration ‘unsigned int H6GeometryFileHeader::__int32’
   62 |         unsigned __int32 signature;
      |                  ^~~~~~~
/home/vitaly/p/Prime-World/pw/branches/r1117/Src/PF_Core/../Scene/../Render/../MeshConverter/MeshHeader.h:69:26: error: ‘vbOffset’ does not name a type
   69 |         unsigned __int32 vbOffset;
      |                          ^~~~~~~~
/home/vitaly/p/Prime-World/pw/branches/r1117/Src/PF_Core/../Scene/../Render/../MeshConverter/MeshHeader.h:70:18: error: expected ‘;’ at end of member declaration
   70 |         unsigned __int32 ibOffset;
      |                  ^~~~~~~
      |                         ;
/home/vitaly/p/Prime-World/pw/branches/r1117/Src/PF_Core/../Scene/../Render/../MeshConverter/MeshHeader.h:70:18: error: redeclaration of ‘unsigned int H6GeometryFileHeader::__int32’
/home/vitaly/p/Prime-World/pw/branches/r1117/Src/PF_Core/../Scene/../Render/../MeshConverter/MeshHeader.h:62:18: note: previous declaration ‘unsigned int H6GeometryFileHeader::__int32’
   62 |         unsigned __int32 signature;
      |                  ^~~~~~~
/home/vitaly/p/Prime-World/pw/branches/r1117/Src/PF_Core/../Scene/../Render/../MeshConverter/MeshHeader.h:70:26: error: ‘ibOffset’ does not name a type
   70 |         unsigned __int32 ibOffset;
      |                          ^~~~~~~~
/home/vitaly/p/Prime-World/pw/branches/r1117/Src/PF_Core/../Scene/../Render/../MeshConverter/MeshHeader.h:71:18: error: expected ‘;’ at end of member declaration
   71 |         unsigned __int32 reindexOffset;
      |                  ^~~~~~~
      |                         ;
/home/vitaly/p/Prime-World/pw/branches/r1117/Src/PF_Core/../Scene/../Render/../MeshConverter/MeshHeader.h:71:18: error: redeclaration of ‘unsigned int H6GeometryFileHeader::__int32’
/home/vitaly/p/Prime-World/pw/branches/r1117/Src/PF_Core/../Scene/../Render/../MeshConverter/MeshHeader.h:62:18: note: previous declaration ‘unsigned int H6GeometryFileHeader::__int32’
   62 |         unsigned __int32 signature;
      |                  ^~~~~~~
/home/vitaly/p/Prime-World/pw/branches/r1117/Src/PF_Core/../Scene/../Render/../MeshConverter/MeshHeader.h:71:26: error: ‘reindexOffset’ does not name a type
   71 |         unsigned __int32 reindexOffset;
      |                          ^~~~~~~~~~~~~
/home/vitaly/p/Prime-World/pw/branches/r1117/Src/PF_Core/../Scene/../Render/../MeshConverter/MeshHeader.h:72:18: error: expected ‘;’ at end of member declaration
   72 |         unsigned __int32 jointsCount;
      |                  ^~~~~~~
      |                         ;
/home/vitaly/p/Prime-World/pw/branches/r1117/Src/PF_Core/../Scene/../Render/../MeshConverter/MeshHeader.h:72:18: error: redeclaration of ‘unsigned int H6GeometryFileHeader::__int32’
/home/vitaly/p/Prime-World/pw/branches/r1117/Src/PF_Core/../Scene/../Render/../MeshConverter/MeshHeader.h:62:18: note: previous declaration ‘unsigned int H6GeometryFileHeader::__int32’
   62 |         unsigned __int32 signature;
      |                  ^~~~~~~
/home/vitaly/p/Prime-World/pw/branches/r1117/Src/PF_Core/../Scene/../Render/../MeshConverter/MeshHeader.h:72:26: error: ‘jointsCount’ does not name a type
   72 |         unsigned __int32 jointsCount;
      |                          ^~~~~~~~~~~
/home/vitaly/p/Prime-World/pw/branches/r1117/Src/PF_Core/../Scene/../Render/../MeshConverter/MeshHeader.h:86:18: error: expected ‘;’ at end of member declaration
   86 |         unsigned __int32 signature;
      |                  ^~~~~~~
      |                         ;
/home/vitaly/p/Prime-World/pw/branches/r1117/Src/PF_Core/../Scene/../Render/../MeshConverter/MeshHeader.h:86:26: error: ‘signature’ does not name a type
   86 |         unsigned __int32 signature;
      |                          ^~~~~~~~~
/home/vitaly/p/Prime-World/pw/branches/r1117/Src/PF_Core/../Scene/../Render/../MeshConverter/MeshHeader.h:87:18: error: expected ‘;’ at end of member declaration
   87 |         unsigned __int32 vertexCount;
      |                  ^~~~~~~
      |                         ;
/home/vitaly/p/Prime-World/pw/branches/r1117/Src/PF_Core/../Scene/../Render/../MeshConverter/MeshHeader.h:87:18: error: redeclaration of ‘unsigned int MayaStaticMeshFileHeader::__int32’
/home/vitaly/p/Prime-World/pw/branches/r1117/Src/PF_Core/../Scene/../Render/../MeshConverter/MeshHeader.h:86:18: note: previous declaration ‘unsigned int MayaStaticMeshFileHeader::__int32’
   86 |         unsigned __int32 signature;
      |                  ^~~~~~~
/home/vitaly/p/Prime-World/pw/branches/r1117/Src/PF_Core/../Scene/../Render/../MeshConverter/MeshHeader.h:87:26: error: ‘vertexCount’ does not name a type
   87 |         unsigned __int32 vertexCount;
      |                          ^~~~~~~~~~~
/home/vitaly/p/Prime-World/pw/branches/r1117/Src/PF_Core/../Scene/../Render/../MeshConverter/MeshHeader.h:92:18: error: expected ‘;’ at end of member declaration
   92 |         unsigned __int32 signature;
      |                  ^~~~~~~
      |                         ;
/home/vitaly/p/Prime-World/pw/branches/r1117/Src/PF_Core/../Scene/../Render/../MeshConverter/MeshHeader.h:92:26: error: ‘signature’ does not name a type
   92 |         unsigned __int32 signature;
      |                          ^~~~~~~~~
/home/vitaly/p/Prime-World/pw/branches/r1117/Src/PF_Core/../Scene/../Render/../MeshConverter/MeshHeader.h:93:18: error: expected ‘;’ at end of member declaration
   93 |         unsigned __int32 vertexCount;
      |                  ^~~~~~~
      |                         ;
/home/vitaly/p/Prime-World/pw/branches/r1117/Src/PF_Core/../Scene/../Render/../MeshConverter/MeshHeader.h:93:18: error: redeclaration of ‘unsigned int MayaSkeletalMeshFileHeader::__int32’
/home/vitaly/p/Prime-World/pw/branches/r1117/Src/PF_Core/../Scene/../Render/../MeshConverter/MeshHeader.h:92:18: note: previous declaration ‘unsigned int MayaSkeletalMeshFileHeader::__int32’
   92 |         unsigned __int32 signature;
      |                  ^~~~~~~
/home/vitaly/p/Prime-World/pw/branches/r1117/Src/PF_Core/../Scene/../Render/../MeshConverter/MeshHeader.h:93:26: error: ‘vertexCount’ does not name a type
   93 |         unsigned __int32 vertexCount;
      |                          ^~~~~~~~~~~
/home/vitaly/p/Prime-World/pw/branches/r1117/Src/PF_Core/../Scene/../Render/../MeshConverter/MeshHeader.h:98:18: error: expected ‘;’ at end of member declaration
   98 |         unsigned __int32 signature;
      |                  ^~~~~~~
      |                         ;
/home/vitaly/p/Prime-World/pw/branches/r1117/Src/PF_Core/../Scene/../Render/../MeshConverter/MeshHeader.h:98:26: error: ‘signature’ does not name a type
   98 |         unsigned __int32 signature;
      |                          ^~~~~~~~~
/home/vitaly/p/Prime-World/pw/branches/r1117/Src/PF_Core/../Scene/../Render/../MeshConverter/MeshHeader.h:99:18: error: expected ‘;’ at end of member declaration
   99 |         unsigned __int32 fragmentCount;
      |                  ^~~~~~~
      |                         ;
/home/vitaly/p/Prime-World/pw/branches/r1117/Src/PF_Core/../Scene/../Render/../MeshConverter/MeshHeader.h:99:18: error: redeclaration of ‘unsigned int H6StaticMeshFileHeader::__int32’
/home/vitaly/p/Prime-World/pw/branches/r1117/Src/PF_Core/../Scene/../Render/../MeshConverter/MeshHeader.h:98:18: note: previous declaration ‘unsigned int H6StaticMeshFileHeader::__int32’
   98 |         unsigned __int32 signature;
      |                  ^~~~~~~
/home/vitaly/p/Prime-World/pw/branches/r1117/Src/PF_Core/../Scene/../Render/../MeshConverter/MeshHeader.h:99:26: error: ‘fragmentCount’ does not name a type
   99 |         unsigned __int32 fragmentCount;
      |                          ^~~~~~~~~~~~~
/home/vitaly/p/Prime-World/pw/branches/r1117/Src/PF_Core/../Scene/../Render/../MeshConverter/MeshHeader.h:100:18: error: expected ‘;’ at end of member declaration
  100 |         unsigned __int32 commonVertexCount;
      |                  ^~~~~~~
      |                         ;
/home/vitaly/p/Prime-World/pw/branches/r1117/Src/PF_Core/../Scene/../Render/../MeshConverter/MeshHeader.h:100:18: error: redeclaration of ‘unsigned int H6StaticMeshFileHeader::__int32’
/home/vitaly/p/Prime-World/pw/branches/r1117/Src/PF_Core/../Scene/../Render/../MeshConverter/MeshHeader.h:98:18: note: previous declaration ‘unsigned int H6StaticMeshFileHeader::__int32’
   98 |         unsigned __int32 signature;
      |                  ^~~~~~~
/home/vitaly/p/Prime-World/pw/branches/r1117/Src/PF_Core/../Scene/../Render/../MeshConverter/MeshHeader.h:100:26: error: ‘commonVertexCount’ does not name a type
  100 |         unsigned __int32 commonVertexCount;
      |                          ^~~~~~~~~~~~~~~~~
/home/vitaly/p/Prime-World/pw/branches/r1117/Src/PF_Core/../Scene/../Render/../MeshConverter/MeshHeader.h:101:18: error: expected ‘;’ at end of member declaration
  101 |         unsigned __int32 commonVertexBufferSizeInBytes;
      |                  ^~~~~~~
      |                         ;
/home/vitaly/p/Prime-World/pw/branches/r1117/Src/PF_Core/../Scene/../Render/../MeshConverter/MeshHeader.h:101:18: error: redeclaration of ‘unsigned int H6StaticMeshFileHeader::__int32’
/home/vitaly/p/Prime-World/pw/branches/r1117/Src/PF_Core/../Scene/../Render/../MeshConverter/MeshHeader.h:98:18: note: previous declaration ‘unsigned int H6StaticMeshFileHeader::__int32’
   98 |         unsigned __int32 signature;
      |                  ^~~~~~~
/home/vitaly/p/Prime-World/pw/branches/r1117/Src/PF_Core/../Scene/../Render/../MeshConverter/MeshHeader.h:101:26: error: ‘commonVertexBufferSizeInBytes’ does not name a type
  101 |         unsigned __int32 commonVertexBufferSizeInBytes;
      |                          ^~~~~~~~~~~~~~~~~~~~~~~~~~~~~
/home/vitaly/p/Prime-World/pw/branches/r1117/Src/PF_Core/../Scene/../Render/../MeshConverter/MeshHeader.h:102:18: error: expected ‘;’ at end of member declaration
  102 |         unsigned __int32 commonIndexCount;
      |                  ^~~~~~~
      |                         ;
/home/vitaly/p/Prime-World/pw/branches/r1117/Src/PF_Core/../Scene/../Render/../MeshConverter/MeshHeader.h:102:18: error: redeclaration of ‘unsigned int H6StaticMeshFileHeader::__int32’
/home/vitaly/p/Prime-World/pw/branches/r1117/Src/PF_Core/../Scene/../Render/../MeshConverter/MeshHeader.h:98:18: note: previous declaration ‘unsigned int H6StaticMeshFileHeader::__int32’
   98 |         unsigned __int32 signature;
      |                  ^~~~~~~
/home/vitaly/p/Prime-World/pw/branches/r1117/Src/PF_Core/../Scene/../Render/../MeshConverter/MeshHeader.h:102:26: error: ‘commonIndexCount’ does not name a type
  102 |         unsigned __int32 commonIndexCount;
      |                          ^~~~~~~~~~~~~~~~
/home/vitaly/p/Prime-World/pw/branches/r1117/Src/PF_Core/../Scene/../Render/../MeshConverter/MeshHeader.h:103:18: error: expected ‘;’ at end of member declaration
  103 |         unsigned __int32 commonIndexBufferSizeInBytes;
      |                  ^~~~~~~
      |                         ;
/home/vitaly/p/Prime-World/pw/branches/r1117/Src/PF_Core/../Scene/../Render/../MeshConverter/MeshHeader.h:103:18: error: redeclaration of ‘unsigned int H6StaticMeshFileHeader::__int32’
/home/vitaly/p/Prime-World/pw/branches/r1117/Src/PF_Core/../Scene/../Render/../MeshConverter/MeshHeader.h:98:18: note: previous declaration ‘unsigned int H6StaticMeshFileHeader::__int32’
   98 |         unsigned __int32 signature;
      |                  ^~~~~~~
/home/vitaly/p/Prime-World/pw/branches/r1117/Src/PF_Core/../Scene/../Render/../MeshConverter/MeshHeader.h:103:26: error: ‘commonIndexBufferSizeInBytes’ does not name a type
  103 |         unsigned __int32 commonIndexBufferSizeInBytes;
      |                          ^~~~~~~~~~~~~~~~~~~~~~~~~~~~
/home/vitaly/p/Prime-World/pw/branches/r1117/Src/PF_Core/../Scene/../Render/../MeshConverter/MeshHeader.h:108:18: error: expected ‘;’ at end of member declaration
  108 |         unsigned __int32 vertexElementCount; // took into account D3DDECL_END
      |                  ^~~~~~~
      |                         ;
/home/vitaly/p/Prime-World/pw/branches/r1117/Src/PF_Core/../Scene/../Render/../MeshConverter/MeshHeader.h:108:26: error: ‘vertexElementCount’ does not name a type
  108 |         unsigned __int32 vertexElementCount; // took into account D3DDECL_END
      |                          ^~~~~~~~~~~~~~~~~~
/home/vitaly/p/Prime-World/pw/branches/r1117/Src/PF_Core/../Scene/../Render/../MeshConverter/MeshHeader.h:109:18: error: expected ‘;’ at end of member declaration
  109 |         unsigned __int32 vertexStrideSizeInBytes;
      |                  ^~~~~~~
      |                         ;
/home/vitaly/p/Prime-World/pw/branches/r1117/Src/PF_Core/../Scene/../Render/../MeshConverter/MeshHeader.h:109:18: error: redeclaration of ‘unsigned int H6StaticMeshFragmentHeader::__int32’
/home/vitaly/p/Prime-World/pw/branches/r1117/Src/PF_Core/../Scene/../Render/../MeshConverter/MeshHeader.h:108:18: note: previous declaration ‘unsigned int H6StaticMeshFragmentHeader::__int32’
  108 |         unsigned __int32 vertexElementCount; // took into account D3DDECL_END
      |                  ^~~~~~~
/home/vitaly/p/Prime-World/pw/branches/r1117/Src/PF_Core/../Scene/../Render/../MeshConverter/MeshHeader.h:109:26: error: ‘vertexStrideSizeInBytes’ does not name a type
  109 |         unsigned __int32 vertexStrideSizeInBytes;
      |                          ^~~~~~~~~~~~~~~~~~~~~~~
/home/vitaly/p/Prime-World/pw/branches/r1117/Src/PF_Core/../Scene/../Render/../MeshConverter/MeshHeader.h:110:18: error: expected ‘;’ at end of member declaration
  110 |         unsigned __int32 numVertices;
      |                  ^~~~~~~
      |                         ;
/home/vitaly/p/Prime-World/pw/branches/r1117/Src/PF_Core/../Scene/../Render/../MeshConverter/MeshHeader.h:110:18: error: redeclaration of ‘unsigned int H6StaticMeshFragmentHeader::__int32’
/home/vitaly/p/Prime-World/pw/branches/r1117/Src/PF_Core/../Scene/../Render/../MeshConverter/MeshHeader.h:108:18: note: previous declaration ‘unsigned int H6StaticMeshFragmentHeader::__int32’
  108 |         unsigned __int32 vertexElementCount; // took into account D3DDECL_END
      |                  ^~~~~~~
/home/vitaly/p/Prime-World/pw/branches/r1117/Src/PF_Core/../Scene/../Render/../MeshConverter/MeshHeader.h:110:26: error: ‘numVertices’ does not name a type
  110 |         unsigned __int32 numVertices;
      |                          ^~~~~~~~~~~
/home/vitaly/p/Prime-World/pw/branches/r1117/Src/PF_Core/../Scene/../Render/../MeshConverter/MeshHeader.h:112:18: error: expected ‘;’ at end of member declaration
  112 |         unsigned __int32 firstIndexNumber;
      |                  ^~~~~~~
      |                         ;
/home/vitaly/p/Prime-World/pw/branches/r1117/Src/PF_Core/../Scene/../Render/../MeshConverter/MeshHeader.h:112:18: error: redeclaration of ‘unsigned int H6StaticMeshFragmentHeader::__int32’
/home/vitaly/p/Prime-World/pw/branches/r1117/Src/PF_Core/../Scene/../Render/../MeshConverter/MeshHeader.h:108:18: note: previous declaration ‘unsigned int H6StaticMeshFragmentHeader::__int32’
  108 |         unsigned __int32 vertexElementCount; // took into account D3DDECL_END
      |                  ^~~~~~~
/home/vitaly/p/Prime-World/pw/branches/r1117/Src/PF_Core/../Scene/../Render/../MeshConverter/MeshHeader.h:112:26: error: ‘firstIndexNumber’ does not name a type
  112 |         unsigned __int32 firstIndexNumber;
      |                          ^~~~~~~~~~~~~~~~
/home/vitaly/p/Prime-World/pw/branches/r1117/Src/PF_Core/../Scene/../Render/../MeshConverter/MeshHeader.h:113:18: error: expected ‘;’ at end of member declaration
  113 |         unsigned __int32 indexCount;
      |                  ^~~~~~~
      |                         ;
/home/vitaly/p/Prime-World/pw/branches/r1117/Src/PF_Core/../Scene/../Render/../MeshConverter/MeshHeader.h:113:18: error: redeclaration of ‘unsigned int H6StaticMeshFragmentHeader::__int32’
/home/vitaly/p/Prime-World/pw/branches/r1117/Src/PF_Core/../Scene/../Render/../MeshConverter/MeshHeader.h:108:18: note: previous declaration ‘unsigned int H6StaticMeshFragmentHeader::__int32’
  108 |         unsigned __int32 vertexElementCount; // took into account D3DDECL_END
      |                  ^~~~~~~
/home/vitaly/p/Prime-World/pw/branches/r1117/Src/PF_Core/../Scene/../Render/../MeshConverter/MeshHeader.h:113:26: error: ‘indexCount’ does not name a type
  113 |         unsigned __int32 indexCount;
      |                          ^~~~~~~~~~
/home/vitaly/p/Prime-World/pw/branches/r1117/Src/PF_Core/../Scene/../Render/../MeshConverter/MeshHeader.h:124:18: error: expected ‘;’ at end of member declaration
  124 |         unsigned __int32 indices[2];
      |                  ^~~~~~~
      |                         ;
/home/vitaly/p/Prime-World/pw/branches/r1117/Src/PF_Core/../Scene/../Render/../MeshConverter/MeshHeader.h:124:26: error: ‘indices’ does not name a type
  124 |         unsigned __int32 indices[2];
      |                          ^~~~~~~
/home/vitaly/p/Prime-World/pw/branches/r1117/Src/PF_Core/../Scene/../Render/../MeshConverter/MeshHeader.h:150:18: error: expected ‘;’ at end of member declaration [-Wtemplate-body]
  150 |         unsigned __int32 indices[8];
      |                  ^~~~~~~
      |                         ;
/home/vitaly/p/Prime-World/pw/branches/r1117/Src/PF_Core/../Scene/../Render/../MeshConverter/MeshHeader.h:150:26: error: ‘indices’ does not name a type [-Wtemplate-body]
  150 |         unsigned __int32 indices[8];
      |                          ^~~~~~~
/home/vitaly/p/Prime-World/pw/branches/r1117/Src/PF_Core/../Scene/../Render/../MeshConverter/MeshHeader.h:164:18: error: expected ‘;’ at end of member declaration
  164 |         unsigned __int32 indices[8];
      |                  ^~~~~~~
      |                         ;
/home/vitaly/p/Prime-World/pw/branches/r1117/Src/PF_Core/../Scene/../Render/../MeshConverter/MeshHeader.h:164:26: error: ‘indices’ does not name a type
  164 |         unsigned __int32 indices[8];
      |                          ^~~~~~~
/home/vitaly/p/Prime-World/pw/branches/r1117/Src/PF_Core/../Scene/../Render/../MeshConverter/MeshHeader.h:174:18: error: expected ‘;’ at end of member declaration
  174 |         unsigned __int32 color;
      |                  ^~~~~~~
      |                         ;
/home/vitaly/p/Prime-World/pw/branches/r1117/Src/PF_Core/../Scene/../Render/../MeshConverter/MeshHeader.h:174:26: error: ‘color’ does not name a type; did you mean ‘DiColor’?
  174 |         unsigned __int32 color;
      |                          ^~~~~
      |                          DiColor
/home/vitaly/p/Prime-World/pw/branches/r1117/Src/PF_Core/../Scene/../Render/../MeshConverter/MeshHeader.h:168:30: warning: attribute ignored in declaration of ‘struct H6SkeletalMeshVertexStride’ [-Wattributes]
  168 | __declspec(align(16)) struct H6SkeletalMeshVertexStride
      |                              ^~~~~~~~~~~~~~~~~~~~~~~~~~
/home/vitaly/p/Prime-World/pw/branches/r1117/Src/PF_Core/../Scene/../Render/../MeshConverter/MeshHeader.h:168:30: note: attribute for ‘struct H6SkeletalMeshVertexStride’ must follow the ‘struct’ keyword
/home/vitaly/p/Prime-World/pw/branches/r1117/Src/PF_Core/../Scene/../Render/StaticMesh.h:28:7: warning: attribute ignored in declaration of ‘class Render::StaticMeshBase’ [-Wattributes]
   28 | class StaticMeshBase : public RenderComponent
      |       ^~~~~~~~~~~~~~
/home/vitaly/p/Prime-World/pw/branches/r1117/Src/PF_Core/../Scene/../Render/StaticMesh.h:28:7: note: attribute for ‘class Render::StaticMeshBase’ must follow the ‘class’ keyword
/home/vitaly/p/Prime-World/pw/branches/r1117/Src/PF_Core/../Scene/../Render/StaticMesh.h:50:7: warning: attribute ignored in declaration of ‘class Render::StaticMesh’ [-Wattributes]
   50 | class StaticMesh : public StaticMeshBase
      |       ^~~~~~~~~~
/home/vitaly/p/Prime-World/pw/branches/r1117/Src/PF_Core/../Scene/../Render/StaticMesh.h:50:7: note: attribute for ‘class Render::StaticMesh’ must follow the ‘class’ keyword
In file included from /home/vitaly/p/Prime-World/pw/branches/r1117/Src/PF_Core/../PF_GameLogic/DBAbility.h:9,
                 from /home/vitaly/p/Prime-World/pw/branches/r1117/Src/PF_Core/BasicEffect.cpp:11:
/home/vitaly/p/Prime-World/pw/branches/r1117/Src/PF_Core/../PF_GameLogic/../PF_GameLogic/DBStats.h:317:6: error: underlying type mismatch in enum ‘enum NDb::EFaction’
  317 | enum EFaction
      |      ^~~~~~~~
/home/vitaly/p/Prime-World/pw/branches/r1117/Src/PF_Core/BasicEffect.h:13:19: note: previous definition here
   13 |   enum EFaction : int;
      |                   ^~~
make[3]: *** [CMakeFiles/PrimeWorld.dir/build.make:1787: CMakeFiles/PrimeWorld.dir/PF_Core/BasicEffect.cpp.o] Error 1
make[2]: *** [CMakeFiles/Makefile2:87: CMakeFiles/PrimeWorld.dir/all] Error 2
make[1]: *** [CMakeFiles/Makefile2:94: CMakeFiles/PrimeWorld.dir/rule] Error 2
make: *** [Makefile:124: PrimeWorld] Error 2
