[  0%] Building CXX object CMakeFiles/PrimeWorld.dir/Game/PF/Client/LobbyPvx/HybridServerNodeImpl.cpp.o
In file included from /home/vitaly/p/Prime-World/pw/branches/r1117/Src/PF_GameLogic/../Scene/dimath.h:374,
                 from /home/vitaly/p/Prime-World/pw/branches/r1117/Src/PF_GameLogic/../Scene/DiAnGrUtils.h:195,
                 from /home/vitaly/p/Prime-World/pw/branches/r1117/Src/PF_GameLogic/specific.h:21,
                 from /home/vitaly/p/Prime-World/pw/branches/r1117/Src/PF_GameLogic/stdafx.h:5,
                 from /home/vitaly/p/Prime-World/pw/branches/r1117/Src/PF_GameLogic/ReplayInfo.h:3,
                 from /home/vitaly/p/Prime-World/pw/branches/r1117/Src/Game/PF/Client/LobbyPvx/HybridServerNodeImpl.h:11,
                 from /home/vitaly/p/Prime-World/pw/branches/r1117/Src/Game/PF/Client/LobbyPvx/HybridServerNodeImpl.cpp:2:
/home/vitaly/p/Prime-World/pw/branches/r1117/Src/PF_GameLogic/../Scene/DiMathOp.inl:523:8: warning: extra tokens at end of ‘#endif’ directive [-Wendif-labels]
  523 | #endif __MWERKS__
      |        ^~~~~~~~~~
/home/vitaly/p/Prime-World/pw/branches/r1117/Src/PF_GameLogic/../Scene/DiAnGrUtils.h:198:8: warning: extra tokens at end of ‘#endif’ directive [-Wendif-labels]
  198 | #endif _DIANGRUTILS_H_
      |        ^~~~~~~~~~~~~~~
In file included from /home/vitaly/p/Prime-World/pw/branches/r1117/Src/PF_GameLogic/FormulaExecutor.h:10,
                 from /home/vitaly/p/Prime-World/pw/branches/r1117/Src/PF_GameLogic/StringExecutor.h:11,
                 from /home/vitaly/p/Prime-World/pw/branches/r1117/Src/PF_GameLogic/specific.h:29:
/home/vitaly/p/Prime-World/pw/branches/r1117/Src/PF_GameLogic/../../Data/GameLogic/FormulaPars.h:118: error: unterminated #ifndef
  118 | #ifndef NI_PLATF_LINUX
In file included from /home/vitaly/p/Prime-World/pw/branches/r1117/Src/System/../System/Logger.h:7,
                 from /home/vitaly/p/Prime-World/pw/branches/r1117/Src/System/systemStdAfx.h:77,
                 from /home/vitaly/p/Prime-World/pw/branches/r1117/Src/Game/PF/Client/LobbyPvx/stdafx.h:3,
                 from /home/vitaly/p/Prime-World/pw/branches/r1117/Src/Game/PF/Client/LobbyPvx/HybridServerNodeImpl.cpp:1:
/home/vitaly/p/Prime-World/pw/branches/r1117/Src/System/../System/MultiReaderLock.h:22:14: warning: ‘template<class> class std::auto_ptr’ is deprecated: use 'std::unique_ptr' instead [-Wdeprecated-declarations]
   22 |   const std::auto_ptr< MultiReaderLockImpl > impl_;
      |              ^~~~~~~~
In file included from /usr/lib/gcc/x86_64-pc-linux-gnu/15/include/g++-v15/memory:80,
                 from /home/vitaly/p/Prime-World/pw/branches/r1117/Src/System/../System/MultiReaderLock.h:3:
/usr/lib/gcc/x86_64-pc-linux-gnu/15/include/g++-v15/bits/unique_ptr.h:58:28: note: declared here
   58 |   template<typename> class auto_ptr;
      |                            ^~~~~~~~
In file included from /home/vitaly/p/Prime-World/pw/branches/r1117/Src/System/systemStdAfx.h:162:
/home/vitaly/p/Prime-World/pw/branches/r1117/Src/System/../System/ncircular_buffer.h:293:15: warning: ‘template<class _Category, class _Tp, class _Distance, class _Pointer, class _Reference> struct std::iterator’ is deprecated [-Wdeprecated-declarations]
  293 | : public std::iterator<std::random_access_iterator_tag,
      |               ^~~~~~~~
In file included from /usr/lib/gcc/x86_64-pc-linux-gnu/15/include/g++-v15/bits/stl_algobase.h:65,
                 from /usr/lib/gcc/x86_64-pc-linux-gnu/15/include/g++-v15/bits/specfun.h:43,
                 from /usr/lib/gcc/x86_64-pc-linux-gnu/15/include/g++-v15/cmath:3913,
                 from /usr/lib/gcc/x86_64-pc-linux-gnu/15/include/g++-v15/math.h:36,
                 from /home/vitaly/p/Prime-World/pw/branches/r1117/Src/System/Win32_linux.h:9,
                 from /home/vitaly/p/Prime-World/pw/branches/r1117/Src/System/config.h:51,
                 from /home/vitaly/p/Prime-World/pw/branches/r1117/Src/System/systemStdAfx.h:4:
/usr/lib/gcc/x86_64-pc-linux-gnu/15/include/g++-v15/bits/stl_iterator_base_types.h:129:34: note: declared here
  129 |     struct _GLIBCXX17_DEPRECATED iterator
      |                                  ^~~~~~~~
In file included from /home/vitaly/p/Prime-World/pw/branches/r1117/Src/Game/PF/HybridServer/PeeredTypes.h:6,
                 from /home/vitaly/p/Prime-World/pw/branches/r1117/Src/Game/PF/HybridServer/Peered.h:4,
                 from /home/vitaly/p/Prime-World/pw/branches/r1117/Src/Game/PF/Client/LobbyPvx/HybridServerNodeImpl.h:6:
/home/vitaly/p/Prime-World/pw/branches/r1117/Src/Game/PF/Server/LiveMMaking/LiveMMakingTypes.h:13:8: error: use of enum ‘EMapType’ without previous declaration
   13 |   enum EMapType;
      |        ^~~~~~~~
/home/vitaly/p/Prime-World/pw/branches/r1117/Src/Game/PF/Server/LiveMMaking/LiveMMakingTypes.h:256:8: error: ‘EMapType’ in namespace ‘NDb’ does not name a type
  256 |   NDb::EMapType                 mapType;
      |        ^~~~~~~~
/home/vitaly/p/Prime-World/pw/branches/r1117/Src/Game/PF/Server/LiveMMaking/LiveMMakingTypes.h: In member function ‘virtual int mmaking::SGame::operator&(IBinSaver&)’:
/home/vitaly/p/Prime-World/pw/branches/r1117/Src/Game/PF/Server/LiveMMaking/LiveMMakingTypes.h:264:49: error: ‘mapType’ was not declared in this scope
  264 |   ZEND int operator&( IBinSaver &f ) { f.Add(2,&mapType); f.Add(3,&mapId); f.Add(4,&manoeuvresFaction); f.Add(5,&basket); f.Add(6,&debugGameType); f.Add(7,&humans); f.Add(8,&bots); return 0; }
      |                                                 ^~~~~~~
/home/vitaly/p/Prime-World/pw/branches/r1117/Src/Game/PF/Server/LiveMMaking/LiveMMakingTypes.h: In constructor ‘mmaking::SGame::SGame()’:
/home/vitaly/p/Prime-World/pw/branches/r1117/Src/Game/PF/Server/LiveMMaking/LiveMMakingTypes.h:267:3: error: class ‘mmaking::SGame’ does not have any field named ‘mapType’
  267 |   mapType( (NDb::EMapType)0 ),
      |   ^~~~~~~
/home/vitaly/p/Prime-World/pw/branches/r1117/Src/Game/PF/Server/LiveMMaking/LiveMMakingTypes.h:267:18: error: ‘EMapType’ is not a member of ‘NDb’
  267 |   mapType( (NDb::EMapType)0 ),
      |                  ^~~~~~~~
/home/vitaly/p/Prime-World/pw/branches/r1117/Src/Game/PF/Server/LiveMMaking/LiveMMakingTypes.h: In member function ‘void mmaking::SGame::Swap(mmaking::SGame&)’:
/home/vitaly/p/Prime-World/pw/branches/r1117/Src/Game/PF/Server/LiveMMaking/LiveMMakingTypes.h:275:11: error: ‘mapType’ was not declared in this scope
  275 |     swap( mapType, game.mapType );
      |           ^~~~~~~
/home/vitaly/p/Prime-World/pw/branches/r1117/Src/Game/PF/Server/LiveMMaking/LiveMMakingTypes.h:275:25: error: ‘struct mmaking::SGame’ has no member named ‘mapType’
  275 |     swap( mapType, game.mapType );
      |                         ^~~~~~~
/home/vitaly/p/Prime-World/pw/branches/r1117/Src/Game/PF/HybridServer/PeeredTypes.h: At global scope:
/home/vitaly/p/Prime-World/pw/branches/r1117/Src/Game/PF/HybridServer/PeeredTypes.h:140:8: error: ‘EMapType’ in namespace ‘NDb’ does not name a type
  140 |   NDb::EMapType           mapType;
      |        ^~~~~~~~
/home/vitaly/p/Prime-World/pw/branches/r1117/Src/Game/PF/HybridServer/PeeredTypes.h: In member function ‘virtual int Peered::SAuxData::operator&(IBinSaver&)’:
/home/vitaly/p/Prime-World/pw/branches/r1117/Src/Game/PF/HybridServer/PeeredTypes.h:149:74: error: ‘mapType’ was not declared in this scope
  149 |   ZEND int operator&( IBinSaver &f ) { f.Add(2,&lobbyGameType); f.Add(3,&mapType); f.Add(4,&mmBasket); f.Add(5,&socialLobbyGameId); f.Add(6,&hadPreGameLobby); f.Add(7,&customGame); f.Add(8,&mapDesc); f.Add(9,&guildData); f.Add(10,&sessiontype); f.Add(11,&users); return 0; }
      |                                                                          ^~~~~~~
/home/vitaly/p/Prime-World/pw/branches/r1117/Src/Game/PF/HybridServer/PeeredTypes.h: In constructor ‘Peered::SAuxData::SAuxData()’:
/home/vitaly/p/Prime-World/pw/branches/r1117/Src/Game/PF/HybridServer/PeeredTypes.h:153:3: error: class ‘Peered::SAuxData’ does not have any field named ‘mapType’
  153 |   mapType( (NDb::EMapType)0 ),
      |   ^~~~~~~
/home/vitaly/p/Prime-World/pw/branches/r1117/Src/Game/PF/HybridServer/PeeredTypes.h:153:18: error: ‘EMapType’ is not a member of ‘NDb’
  153 |   mapType( (NDb::EMapType)0 ),
      |                  ^~~~~~~~
In file included from /home/vitaly/p/Prime-World/pw/branches/r1117/Src/PF_GameLogic/specific.h:6:
/home/vitaly/p/Prime-World/pw/branches/r1117/Src/PF_GameLogic/../PF_Core/ClientObject.h: At global scope:
/home/vitaly/p/Prime-World/pw/branches/r1117/Src/PF_GameLogic/../PF_Core/ClientObject.h:30:9: error: use of enum ‘ColorModificationPriority’ without previous declaration
   30 |   enum  ColorModificationPriority;
      |         ^~~~~~~~~~~~~~~~~~~~~~~~~
/home/vitaly/p/Prime-World/pw/branches/r1117/Src/PF_GameLogic/../PF_Core/ClientObject.h:41:80: error: ‘PF_Core::ColorModificationPriority’ has not been declared; did you mean ‘PF_Core::ColorModificationChannel’?
   41 |     virtual PF_Core::ColorModificationChannel* CreateColorModificationChannel( PF_Core::ColorModificationPriority priority )
      |                                                                                ^~~~~~~
/home/vitaly/p/Prime-World/pw/branches/r1117/Src/PF_GameLogic/../PF_Core/ClientObject.h:95:79: error: ‘PF_Core::ColorModificationPriority’ has not been declared; did you mean ‘PF_Core::ColorModificationChannel’?
   95 |     virtual PF_Core::ColorModificationChannel* CreateColorModificationChannel(PF_Core::ColorModificationPriority /*priority*/, bool fullRecolor = false ) { return NULL; }
      |                                                                               ^~~~~~~
In file included from /home/vitaly/p/Prime-World/pw/branches/r1117/Src/PF_GameLogic/specific.h:7:
/home/vitaly/p/Prime-World/pw/branches/r1117/Src/PF_GameLogic/../PF_Core/WorldObject.h: In member function ‘void PF_Core::WorldObjectBase::CreateClientObject()’:
/home/vitaly/p/Prime-World/pw/branches/r1117/Src/PF_GameLogic/../PF_Core/WorldObject.h:275:31: error: there are no arguments to ‘WorldObjectRef’ that depend on a template parameter, so a declaration of ‘WorldObjectRef’ must be available [-Wtemplate-body]
  275 |         pClientObject = new T(WorldObjectRef(this));
      |                               ^~~~~~~~~~~~~~
/home/vitaly/p/Prime-World/pw/branches/r1117/Src/PF_GameLogic/../PF_Core/WorldObject.h:275:31: note: (if you use ‘-fpermissive’, G++ will accept your code, but allowing the use of an undeclared name is deprecated)
/home/vitaly/p/Prime-World/pw/branches/r1117/Src/PF_GameLogic/../PF_Core/WorldObject.h: In member function ‘void PF_Core::WorldObjectBase::CreateClientObject(const PAR&)’:
/home/vitaly/p/Prime-World/pw/branches/r1117/Src/PF_GameLogic/../PF_Core/WorldObject.h:282:31: error: there are no arguments to ‘WorldObjectRef’ that depend on a template parameter, so a declaration of ‘WorldObjectRef’ must be available [-Wtemplate-body]
  282 |         pClientObject = new T(WorldObjectRef(this), par);
      |                               ^~~~~~~~~~~~~~
/home/vitaly/p/Prime-World/pw/branches/r1117/Src/PF_GameLogic/../PF_Core/WorldObject.h: In member function ‘void PF_Core::WorldObjectBase::CreateClientObject(const PAR1&, const PAR2&)’:
/home/vitaly/p/Prime-World/pw/branches/r1117/Src/PF_GameLogic/../PF_Core/WorldObject.h:289:31: error: there are no arguments to ‘WorldObjectRef’ that depend on a template parameter, so a declaration of ‘WorldObjectRef’ must be available [-Wtemplate-body]
  289 |         pClientObject = new T(WorldObjectRef(this), par1, par2);
      |                               ^~~~~~~~~~~~~~
/home/vitaly/p/Prime-World/pw/branches/r1117/Src/PF_GameLogic/../PF_Core/WorldObject.h: In member function ‘void PF_Core::WorldObjectBase::CreateClientObject(const PAR1&, const PAR2&, const PAR3&)’:
/home/vitaly/p/Prime-World/pw/branches/r1117/Src/PF_GameLogic/../PF_Core/WorldObject.h:296:31: error: there are no arguments to ‘WorldObjectRef’ that depend on a template parameter, so a declaration of ‘WorldObjectRef’ must be available [-Wtemplate-body]
  296 |         pClientObject = new T(WorldObjectRef(this), par1, par2, par3);
      |                               ^~~~~~~~~~~~~~
In file included from /home/vitaly/p/Prime-World/pw/branches/r1117/Src/PF_GameLogic/../Render/sampler.h:4,
                 from /home/vitaly/p/Prime-World/pw/branches/r1117/Src/PF_GameLogic/../Render/material.h:9,
                 from /home/vitaly/p/Prime-World/pw/branches/r1117/Src/PF_GameLogic/../Render/renderstatesmanager.h:5,
                 from /home/vitaly/p/Prime-World/pw/branches/r1117/Src/PF_GameLogic/../Render/renderer.h:7,
                 from /home/vitaly/p/Prime-World/pw/branches/r1117/Src/PF_GameLogic/specific.h:11:
/home/vitaly/p/Prime-World/pw/branches/r1117/Src/PF_GameLogic/../Render/states.h: In member function ‘Render::SamplerState& Render::SamplerState::CreateMask()’:
/home/vitaly/p/Prime-World/pw/branches/r1117/Src/PF_GameLogic/../Render/states.h:125:17: warning: conversion from ‘unsigned int’ to ‘unsigned char:3’ changes value from ‘4294967295’ to ‘7’ [-Woverflow]
  125 |     minFilter = UINT_MAX;
      |                 ^~~~~~~~
/home/vitaly/p/Prime-World/pw/branches/r1117/Src/PF_GameLogic/../Render/states.h:126:17: warning: conversion from ‘unsigned int’ to ‘unsigned char:1’ changes value from ‘4294967295’ to ‘1’ [-Woverflow]
  126 |     magFilter = UINT_MAX;
      |                 ^~~~~~~~
/home/vitaly/p/Prime-World/pw/branches/r1117/Src/PF_GameLogic/../Render/states.h:127:17: warning: conversion from ‘unsigned int’ to ‘unsigned char:2’ changes value from ‘4294967295’ to ‘3’ [-Woverflow]
  127 |     mipFilter = UINT_MAX;
      |                 ^~~~~~~~
/home/vitaly/p/Prime-World/pw/branches/r1117/Src/PF_GameLogic/../Render/states.h:128:17: warning: conversion from ‘unsigned int’ to ‘unsigned char:2’ changes value from ‘4294967295’ to ‘3’ [-Woverflow]
  128 |     addressU  = UINT_MAX;
      |                 ^~~~~~~~
/home/vitaly/p/Prime-World/pw/branches/r1117/Src/PF_GameLogic/../Render/states.h:129:17: warning: conversion from ‘unsigned int’ to ‘unsigned char:2’ changes value from ‘4294967295’ to ‘3’ [-Woverflow]
  129 |     addressV  = UINT_MAX;
      |                 ^~~~~~~~
/home/vitaly/p/Prime-World/pw/branches/r1117/Src/PF_GameLogic/../Render/states.h:130:25: warning: conversion from ‘unsigned int’ to ‘unsigned char:1’ changes value from ‘4294967295’ to ‘1’ [-Woverflow]
  130 |     alwaysFailCompare = UINT_MAX;
      |                         ^~~~~~~~
/home/vitaly/p/Prime-World/pw/branches/r1117/Src/PF_GameLogic/../Render/states.h: At global scope:
/home/vitaly/p/Prime-World/pw/branches/r1117/Src/PF_GameLogic/../Render/states.h:168:3: warning: converting ‘Render::SamplerState2’ to a base class ‘Render::SamplerState’ will never use a type conversion operator [-Wclass-conversion]
  168 |   operator SamplerState()
      |   ^~~~~~~~
In file included from /home/vitaly/p/Prime-World/pw/branches/r1117/Src/PF_GameLogic/../Render/LightsManager.h:5,
                 from /home/vitaly/p/Prime-World/pw/branches/r1117/Src/PF_GameLogic/../Render/renderer.h:16:
/home/vitaly/p/Prime-World/pw/branches/r1117/Src/PF_GameLogic/../Render/AABB.h:11:16: warning: attribute ignored in declaration of ‘struct Render::AABB’ [-Wattributes]
   11 |         struct AABB
      |                ^~~~
/home/vitaly/p/Prime-World/pw/branches/r1117/Src/PF_GameLogic/../Render/AABB.h:11:16: note: attribute for ‘struct Render::AABB’ must follow the ‘struct’ keyword
In file included from /home/vitaly/p/Prime-World/pw/branches/r1117/Src/PF_GameLogic/../Render/../Scene/VoxelGrid.h:3,
                 from /home/vitaly/p/Prime-World/pw/branches/r1117/Src/PF_GameLogic/../Render/../Scene/CollectionVG.h:6,
                 from /home/vitaly/p/Prime-World/pw/branches/r1117/Src/PF_GameLogic/../Render/../Scene/VoxelGridObj.h:3,
                 from /home/vitaly/p/Prime-World/pw/branches/r1117/Src/PF_GameLogic/../Render/light.h:4,
                 from /home/vitaly/p/Prime-World/pw/branches/r1117/Src/PF_GameLogic/../Render/LightsManager.h:6:
/home/vitaly/p/Prime-World/pw/branches/r1117/Src/Render/ConvexVolume.h:12:16: warning: attribute ignored in declaration of ‘struct Render::FPlane’ [-Wattributes]
   12 |         struct FPlane
      |                ^~~~~~
/home/vitaly/p/Prime-World/pw/branches/r1117/Src/Render/ConvexVolume.h:12:16: note: attribute for ‘struct Render::FPlane’ must follow the ‘struct’ keyword
/home/vitaly/p/Prime-World/pw/branches/r1117/Src/Render/ConvexVolume.h:28:15: warning: attribute ignored in declaration of ‘class Render::ConvexVolume’ [-Wattributes]
   28 |         class ConvexVolume
      |               ^~~~~~~~~~~~
/home/vitaly/p/Prime-World/pw/branches/r1117/Src/Render/ConvexVolume.h:28:15: note: attribute for ‘class Render::ConvexVolume’ must follow the ‘class’ keyword
In file included from /home/vitaly/p/Prime-World/pw/branches/r1117/Src/PF_GameLogic/../Scene/SceneComponent.h:8,
                 from /home/vitaly/p/Prime-World/pw/branches/r1117/Src/PF_GameLogic/../Scene/SceneObject.h:2,
                 from /home/vitaly/p/Prime-World/pw/branches/r1117/Src/PF_GameLogic/specific.h:19:
/home/vitaly/p/Prime-World/pw/branches/r1117/Src/PF_GameLogic/../Scene/../Render/RenderComponent.h:40:7: warning: attribute ignored in declaration of ‘class Render::RenderComponent’ [-Wattributes]
   40 | class RenderComponent : public NonCopyable
      |       ^~~~~~~~~~~~~~~
/home/vitaly/p/Prime-World/pw/branches/r1117/Src/PF_GameLogic/../Scene/../Render/RenderComponent.h:40:7: note: attribute for ‘class Render::RenderComponent’ must follow the ‘class’ keyword
In file included from /usr/include/locale.h:28,
                 from /usr/lib/gcc/x86_64-pc-linux-gnu/15/include/g++-v15/clocale:47,
                 from /usr/lib/gcc/x86_64-pc-linux-gnu/15/include/g++-v15/x86_64-pc-linux-gnu/bits/c++locale.h:41,
                 from /usr/lib/gcc/x86_64-pc-linux-gnu/15/include/g++-v15/bits/localefwd.h:42,
                 from /usr/lib/gcc/x86_64-pc-linux-gnu/15/include/g++-v15/string:47,
                 from /home/vitaly/p/Prime-World/pw/branches/r1117/Src/System/ported/cwfn.h:13,
                 from /home/vitaly/p/Prime-World/pw/branches/r1117/Src/Server/RPC/Types.h:5,
                 from /home/vitaly/p/Prime-World/pw/branches/r1117/Src/Server/RPC/Interfaces.h:12,
                 from /home/vitaly/p/Prime-World/pw/branches/r1117/Src/Server/RPC/RPC.h:21,
                 from /home/vitaly/p/Prime-World/pw/branches/r1117/Src/Game/PF/HybridServer/Peered.h:3:
/home/vitaly/p/Prime-World/pw/branches/r1117/Src/PF_GameLogic/../Scene/../Render/MaterialSpec.h: In member function ‘virtual int Render::AIGeometryMaterialType::SignificantPartLength() const’:
/home/vitaly/p/Prime-World/pw/branches/r1117/Src/PF_GameLogic/../Scene/../Render/MaterialSpec.h:208:70: warning: ‘offsetof’ within non-standard-layout type ‘Render::AIGeometryMaterialType’ is conditionally-supported [-Winvalid-offsetof]
  208 |         virtual int SignificantPartLength() const { return offsetof( AIGeometryMaterialType, renderState ) - offsetof( AIGeometryMaterialType, renderState ) + sizeof( renderState ); }
      |                                                                      ^
/home/vitaly/p/Prime-World/pw/branches/r1117/Src/PF_GameLogic/../Scene/../Render/MaterialSpec.h:208:120: warning: ‘offsetof’ within non-standard-layout type ‘Render::AIGeometryMaterialType’ is conditionally-supported [-Winvalid-offsetof]
  208 |         virtual int SignificantPartLength() const { return offsetof( AIGeometryMaterialType, renderState ) - offsetof( AIGeometryMaterialType, renderState ) + sizeof( renderState ); }
      |                                                                                                                        ^
/home/vitaly/p/Prime-World/pw/branches/r1117/Src/PF_GameLogic/../Scene/../Render/MaterialSpec.h: In member function ‘virtual int Render::AOEMaterial::SignificantPartLength() const’:
/home/vitaly/p/Prime-World/pw/branches/r1117/Src/PF_GameLogic/../Scene/../Render/MaterialSpec.h:307:70: warning: ‘offsetof’ within non-standard-layout type ‘Render::AOEMaterial’ is conditionally-supported [-Winvalid-offsetof]
  307 |         virtual int SignificantPartLength() const { return offsetof( AOEMaterial, aspectRatio ) - offsetof( AOEMaterial, renderState ) + sizeof( aspectRatio ); }
      |                                                                      ^
/home/vitaly/p/Prime-World/pw/branches/r1117/Src/PF_GameLogic/../Scene/../Render/MaterialSpec.h:307:109: warning: ‘offsetof’ within non-standard-layout type ‘Render::AOEMaterial’ is conditionally-supported [-Winvalid-offsetof]
  307 |         virtual int SignificantPartLength() const { return offsetof( AOEMaterial, aspectRatio ) - offsetof( AOEMaterial, renderState ) + sizeof( aspectRatio ); }
      |                                                                                                             ^
/home/vitaly/p/Prime-World/pw/branches/r1117/Src/PF_GameLogic/../Scene/../Render/MaterialSpec.h: In static member function ‘static void Render::AOEMaterial::InitSamplersOffsets()’:
/home/vitaly/p/Prime-World/pw/branches/r1117/Src/PF_GameLogic/../Scene/../Render/MaterialSpec.h:341:36: warning: ‘offsetof’ within non-standard-layout type ‘Render::AOEMaterial’ is conditionally-supported [-Winvalid-offsetof]
  341 |     samplersOffsets[0] = offsetof( AOEMaterial, DiffuseMap );
      |                                    ^
/home/vitaly/p/Prime-World/pw/branches/r1117/Src/PF_GameLogic/../Scene/../Render/MaterialSpec.h: In member function ‘virtual int Render::BasicFXMaterial::SignificantPartLength() const’:
/home/vitaly/p/Prime-World/pw/branches/r1117/Src/PF_GameLogic/../Scene/../Render/MaterialSpec.h:453:70: warning: ‘offsetof’ within non-standard-layout type ‘Render::BasicFXMaterial’ is conditionally-supported [-Winvalid-offsetof]
  453 |         virtual int SignificantPartLength() const { return offsetof( BasicFXMaterial, vOffset ) - offsetof( BasicFXMaterial, renderState ) + sizeof( vOffset ); }
      |                                                                      ^
/home/vitaly/p/Prime-World/pw/branches/r1117/Src/PF_GameLogic/../Scene/../Render/MaterialSpec.h:453:109: warning: ‘offsetof’ within non-standard-layout type ‘Render::BasicFXMaterial’ is conditionally-supported [-Winvalid-offsetof]
  453 |         virtual int SignificantPartLength() const { return offsetof( BasicFXMaterial, vOffset ) - offsetof( BasicFXMaterial, renderState ) + sizeof( vOffset ); }
      |                                                                                                             ^
/home/vitaly/p/Prime-World/pw/branches/r1117/Src/PF_GameLogic/../Scene/../Render/MaterialSpec.h: In static member function ‘static void Render::BasicFXMaterial::InitSamplersOffsets()’:
/home/vitaly/p/Prime-World/pw/branches/r1117/Src/PF_GameLogic/../Scene/../Render/MaterialSpec.h:507:36: warning: ‘offsetof’ within non-standard-layout type ‘Render::BasicFXMaterial’ is conditionally-supported [-Winvalid-offsetof]
  507 |     samplersOffsets[0] = offsetof( BasicFXMaterial, DiffuseMap );
      |                                    ^
/home/vitaly/p/Prime-World/pw/branches/r1117/Src/PF_GameLogic/../Scene/../Render/MaterialSpec.h: In member function ‘virtual int Render::BasicMaskMaterial::SignificantPartLength() const’:
/home/vitaly/p/Prime-World/pw/branches/r1117/Src/PF_GameLogic/../Scene/../Render/MaterialSpec.h:595:70: warning: ‘offsetof’ within non-standard-layout type ‘Render::BasicMaskMaterial’ is conditionally-supported [-Winvalid-offsetof]
  595 |         virtual int SignificantPartLength() const { return offsetof( BasicMaskMaterial, isBlendModeOverrided ) - offsetof( BasicMaskMaterial, renderState ) + sizeof( isBlendModeOverrided ); }
      |                                                                      ^
/home/vitaly/p/Prime-World/pw/branches/r1117/Src/PF_GameLogic/../Scene/../Render/MaterialSpec.h:595:124: warning: ‘offsetof’ within non-standard-layout type ‘Render::BasicMaskMaterial’ is conditionally-supported [-Winvalid-offsetof]
  595 |         virtual int SignificantPartLength() const { return offsetof( BasicMaskMaterial, isBlendModeOverrided ) - offsetof( BasicMaskMaterial, renderState ) + sizeof( isBlendModeOverrided ); }
      |                                                                                                                            ^
/home/vitaly/p/Prime-World/pw/branches/r1117/Src/PF_GameLogic/../Scene/../Render/MaterialSpec.h: In static member function ‘static void Render::BasicMaskMaterial::InitSamplersOffsets()’:
/home/vitaly/p/Prime-World/pw/branches/r1117/Src/PF_GameLogic/../Scene/../Render/MaterialSpec.h:628:36: warning: ‘offsetof’ within non-standard-layout type ‘Render::BasicMaskMaterial’ is conditionally-supported [-Winvalid-offsetof]
  628 |     samplersOffsets[0] = offsetof( BasicMaskMaterial, Diffuse );
      |                                    ^
/home/vitaly/p/Prime-World/pw/branches/r1117/Src/PF_GameLogic/../Scene/../Render/MaterialSpec.h:629:36: warning: ‘offsetof’ within non-standard-layout type ‘Render::BasicMaskMaterial’ is conditionally-supported [-Winvalid-offsetof]
  629 |     samplersOffsets[1] = offsetof( BasicMaskMaterial, Mask );
      |                                    ^
/home/vitaly/p/Prime-World/pw/branches/r1117/Src/PF_GameLogic/../Scene/../Render/MaterialSpec.h: In member function ‘virtual int Render::BasicMaterial::SignificantPartLength() const’:
/home/vitaly/p/Prime-World/pw/branches/r1117/Src/PF_GameLogic/../Scene/../Render/MaterialSpec.h:743:70: warning: ‘offsetof’ within non-standard-layout type ‘Render::BasicMaterial’ is conditionally-supported [-Winvalid-offsetof]
  743 |         virtual int SignificantPartLength() const { return offsetof( BasicMaterial, specialTransparency ) - offsetof( BasicMaterial, renderState ) + sizeof( specialTransparency ); }
      |                                                                      ^
/home/vitaly/p/Prime-World/pw/branches/r1117/Src/PF_GameLogic/../Scene/../Render/MaterialSpec.h:743:119: warning: ‘offsetof’ within non-standard-layout type ‘Render::BasicMaterial’ is conditionally-supported [-Winvalid-offsetof]
  743 |         virtual int SignificantPartLength() const { return offsetof( BasicMaterial, specialTransparency ) - offsetof( BasicMaterial, renderState ) + sizeof( specialTransparency ); }
      |                                                                                                                       ^
/home/vitaly/p/Prime-World/pw/branches/r1117/Src/PF_GameLogic/../Scene/../Render/MaterialSpec.h: In static member function ‘static void Render::BasicMaterial::InitSamplersOffsets()’:
/home/vitaly/p/Prime-World/pw/branches/r1117/Src/PF_GameLogic/../Scene/../Render/MaterialSpec.h:784:36: warning: ‘offsetof’ within non-standard-layout type ‘Render::BasicMaterial’ is conditionally-supported [-Winvalid-offsetof]
  784 |     samplersOffsets[0] = offsetof( BasicMaterial, DiffuseMap );
      |                                    ^
/home/vitaly/p/Prime-World/pw/branches/r1117/Src/PF_GameLogic/../Scene/../Render/MaterialSpec.h:785:36: warning: ‘offsetof’ within non-standard-layout type ‘Render::BasicMaterial’ is conditionally-supported [-Winvalid-offsetof]
  785 |     samplersOffsets[1] = offsetof( BasicMaterial, NormalMap );
      |                                    ^
/home/vitaly/p/Prime-World/pw/branches/r1117/Src/PF_GameLogic/../Scene/../Render/MaterialSpec.h:786:36: warning: ‘offsetof’ within non-standard-layout type ‘Render::BasicMaterial’ is conditionally-supported [-Winvalid-offsetof]
  786 |     samplersOffsets[2] = offsetof( BasicMaterial, SpecularMap );
      |                                    ^
/home/vitaly/p/Prime-World/pw/branches/r1117/Src/PF_GameLogic/../Scene/../Render/MaterialSpec.h:787:36: warning: ‘offsetof’ within non-standard-layout type ‘Render::BasicMaterial’ is conditionally-supported [-Winvalid-offsetof]
  787 |     samplersOffsets[3] = offsetof( BasicMaterial, ReflectionMap );
      |                                    ^
/home/vitaly/p/Prime-World/pw/branches/r1117/Src/PF_GameLogic/../Scene/../Render/MaterialSpec.h: In member function ‘virtual int Render::DecalMaterial::SignificantPartLength() const’:
/home/vitaly/p/Prime-World/pw/branches/r1117/Src/PF_GameLogic/../Scene/../Render/MaterialSpec.h:976:70: warning: ‘offsetof’ within non-standard-layout type ‘Render::DecalMaterial’ is conditionally-supported [-Winvalid-offsetof]
  976 |         virtual int SignificantPartLength() const { return offsetof( DecalMaterial, isBlendModeOverrided ) - offsetof( DecalMaterial, renderState ) + sizeof( isBlendModeOverrided ); }
      |                                                                      ^
/home/vitaly/p/Prime-World/pw/branches/r1117/Src/PF_GameLogic/../Scene/../Render/MaterialSpec.h:976:120: warning: ‘offsetof’ within non-standard-layout type ‘Render::DecalMaterial’ is conditionally-supported [-Winvalid-offsetof]
  976 |         virtual int SignificantPartLength() const { return offsetof( DecalMaterial, isBlendModeOverrided ) - offsetof( DecalMaterial, renderState ) + sizeof( isBlendModeOverrided ); }
      |                                                                                                                        ^
/home/vitaly/p/Prime-World/pw/branches/r1117/Src/PF_GameLogic/../Scene/../Render/MaterialSpec.h: In static member function ‘static void Render::DecalMaterial::InitSamplersOffsets()’:
/home/vitaly/p/Prime-World/pw/branches/r1117/Src/PF_GameLogic/../Scene/../Render/MaterialSpec.h:1020:36: warning: ‘offsetof’ within non-standard-layout type ‘Render::DecalMaterial’ is conditionally-supported [-Winvalid-offsetof]
 1020 |     samplersOffsets[0] = offsetof( DecalMaterial, DiffuseMap );
      |                                    ^
/home/vitaly/p/Prime-World/pw/branches/r1117/Src/PF_GameLogic/../Scene/../Render/MaterialSpec.h: In member function ‘virtual int Render::DecalTerrainMaterial::SignificantPartLength() const’:
/home/vitaly/p/Prime-World/pw/branches/r1117/Src/PF_GameLogic/../Scene/../Render/MaterialSpec.h:1140:70: warning: ‘offsetof’ within non-standard-layout type ‘Render::DecalTerrainMaterial’ is conditionally-supported [-Winvalid-offsetof]
 1140 |         virtual int SignificantPartLength() const { return offsetof( DecalTerrainMaterial, isBlendModeOverrided ) - offsetof( DecalTerrainMaterial, renderState ) + sizeof( isBlendModeOverrided ); }
      |                                                                      ^
/home/vitaly/p/Prime-World/pw/branches/r1117/Src/PF_GameLogic/../Scene/../Render/MaterialSpec.h:1140:127: warning: ‘offsetof’ within non-standard-layout type ‘Render::DecalTerrainMaterial’ is conditionally-supported [-Winvalid-offsetof]
 1140 |         virtual int SignificantPartLength() const { return offsetof( DecalTerrainMaterial, isBlendModeOverrided ) - offsetof( DecalTerrainMaterial, renderState ) + sizeof( isBlendModeOverrided ); }
      |                                                                                                                               ^
/home/vitaly/p/Prime-World/pw/branches/r1117/Src/PF_GameLogic/../Scene/../Render/MaterialSpec.h: In static member function ‘static void Render::DecalTerrainMaterial::InitSamplersOffsets()’:
/home/vitaly/p/Prime-World/pw/branches/r1117/Src/PF_GameLogic/../Scene/../Render/MaterialSpec.h:1185:36: warning: ‘offsetof’ within non-standard-layout type ‘Render::DecalTerrainMaterial’ is conditionally-supported [-Winvalid-offsetof]
 1185 |     samplersOffsets[0] = offsetof( DecalTerrainMaterial, DiffuseMap );
      |                                    ^
/home/vitaly/p/Prime-World/pw/branches/r1117/Src/PF_GameLogic/../Scene/../Render/MaterialSpec.h:1186:36: warning: ‘offsetof’ within non-standard-layout type ‘Render::DecalTerrainMaterial’ is conditionally-supported [-Winvalid-offsetof]
 1186 |     samplersOffsets[1] = offsetof( DecalTerrainMaterial, MaskMap );
      |                                    ^
/home/vitaly/p/Prime-World/pw/branches/r1117/Src/PF_GameLogic/../Scene/../Render/MaterialSpec.h: In member function ‘virtual int Render::DropMaterial::SignificantPartLength() const’:
/home/vitaly/p/Prime-World/pw/branches/r1117/Src/PF_GameLogic/../Scene/../Render/MaterialSpec.h:1364:70: warning: ‘offsetof’ within non-standard-layout type ‘Render::DropMaterial’ is conditionally-supported [-Winvalid-offsetof]
 1364 |         virtual int SignificantPartLength() const { return offsetof( DropMaterial, vOffset2 ) - offsetof( DropMaterial, renderState ) + sizeof( vOffset2 ); }
      |                                                                      ^
/home/vitaly/p/Prime-World/pw/branches/r1117/Src/PF_GameLogic/../Scene/../Render/MaterialSpec.h:1364:107: warning: ‘offsetof’ within non-standard-layout type ‘Render::DropMaterial’ is conditionally-supported [-Winvalid-offsetof]
 1364 |         virtual int SignificantPartLength() const { return offsetof( DropMaterial, vOffset2 ) - offsetof( DropMaterial, renderState ) + sizeof( vOffset2 ); }
      |                                                                                                           ^
/home/vitaly/p/Prime-World/pw/branches/r1117/Src/PF_GameLogic/../Scene/../Render/MaterialSpec.h: In static member function ‘static void Render::DropMaterial::InitSamplersOffsets()’:
/home/vitaly/p/Prime-World/pw/branches/r1117/Src/PF_GameLogic/../Scene/../Render/MaterialSpec.h:1419:36: warning: ‘offsetof’ within non-standard-layout type ‘Render::DropMaterial’ is conditionally-supported [-Winvalid-offsetof]
 1419 |     samplersOffsets[0] = offsetof( DropMaterial, DiffuseMap );
      |                                    ^
/home/vitaly/p/Prime-World/pw/branches/r1117/Src/PF_GameLogic/../Scene/../Render/MaterialSpec.h:1420:36: warning: ‘offsetof’ within non-standard-layout type ‘Render::DropMaterial’ is conditionally-supported [-Winvalid-offsetof]
 1420 |     samplersOffsets[1] = offsetof( DropMaterial, NormalMap );
      |                                    ^
/home/vitaly/p/Prime-World/pw/branches/r1117/Src/PF_GameLogic/../Scene/../Render/MaterialSpec.h:1421:36: warning: ‘offsetof’ within non-standard-layout type ‘Render::DropMaterial’ is conditionally-supported [-Winvalid-offsetof]
 1421 |     samplersOffsets[2] = offsetof( DropMaterial, SpecularMap );
      |                                    ^
/home/vitaly/p/Prime-World/pw/branches/r1117/Src/PF_GameLogic/../Scene/../Render/MaterialSpec.h:1422:36: warning: ‘offsetof’ within non-standard-layout type ‘Render::DropMaterial’ is conditionally-supported [-Winvalid-offsetof]
 1422 |     samplersOffsets[3] = offsetof( DropMaterial, ReflectionMap );
      |                                    ^
/home/vitaly/p/Prime-World/pw/branches/r1117/Src/PF_GameLogic/../Scene/../Render/MaterialSpec.h: In member function ‘virtual int Render::FullScreenMaterial::SignificantPartLength() const’:
/home/vitaly/p/Prime-World/pw/branches/r1117/Src/PF_GameLogic/../Scene/../Render/MaterialSpec.h:1516:70: warning: ‘offsetof’ within non-standard-layout type ‘Render::FullScreenMaterial’ is conditionally-supported [-Winvalid-offsetof]
 1516 |         virtual int SignificantPartLength() const { return offsetof( FullScreenMaterial, BloomMap ) - offsetof( FullScreenMaterial, renderState ) + sizeof( BloomMap ); }
      |                                                                      ^
/home/vitaly/p/Prime-World/pw/branches/r1117/Src/PF_GameLogic/../Scene/../Render/MaterialSpec.h:1516:113: warning: ‘offsetof’ within non-standard-layout type ‘Render::FullScreenMaterial’ is conditionally-supported [-Winvalid-offsetof]
 1516 |         virtual int SignificantPartLength() const { return offsetof( FullScreenMaterial, BloomMap ) - offsetof( FullScreenMaterial, renderState ) + sizeof( BloomMap ); }
      |                                                                                                                 ^
/home/vitaly/p/Prime-World/pw/branches/r1117/Src/PF_GameLogic/../Scene/../Render/MaterialSpec.h: In static member function ‘static void Render::FullScreenMaterial::InitSamplersOffsets()’:
/home/vitaly/p/Prime-World/pw/branches/r1117/Src/PF_GameLogic/../Scene/../Render/MaterialSpec.h:1566:36: warning: ‘offsetof’ within non-standard-layout type ‘Render::FullScreenMaterial’ is conditionally-supported [-Winvalid-offsetof]
 1566 |     samplersOffsets[0] = offsetof( FullScreenMaterial, DepthMap );
      |                                    ^
/home/vitaly/p/Prime-World/pw/branches/r1117/Src/PF_GameLogic/../Scene/../Render/MaterialSpec.h:1567:36: warning: ‘offsetof’ within non-standard-layout type ‘Render::FullScreenMaterial’ is conditionally-supported [-Winvalid-offsetof]
 1567 |     samplersOffsets[1] = offsetof( FullScreenMaterial, DiffuseMap );
      |                                    ^
/home/vitaly/p/Prime-World/pw/branches/r1117/Src/PF_GameLogic/../Scene/../Render/MaterialSpec.h:1568:36: warning: ‘offsetof’ within non-standard-layout type ‘Render::FullScreenMaterial’ is conditionally-supported [-Winvalid-offsetof]
 1568 |     samplersOffsets[2] = offsetof( FullScreenMaterial, BloomMap );
      |                                    ^
/home/vitaly/p/Prime-World/pw/branches/r1117/Src/PF_GameLogic/../Scene/../Render/MaterialSpec.h: In member function ‘virtual int Render::GrassMaterial::SignificantPartLength() const’:
/home/vitaly/p/Prime-World/pw/branches/r1117/Src/PF_GameLogic/../Scene/../Render/MaterialSpec.h:1639:70: warning: ‘offsetof’ within non-standard-layout type ‘Render::GrassMaterial’ is conditionally-supported [-Winvalid-offsetof]
 1639 |         virtual int SignificantPartLength() const { return offsetof( GrassMaterial, elasticity ) - offsetof( GrassMaterial, renderState ) + sizeof( elasticity ); }
      |                                                                      ^
/home/vitaly/p/Prime-World/pw/branches/r1117/Src/PF_GameLogic/../Scene/../Render/MaterialSpec.h:1639:110: warning: ‘offsetof’ within non-standard-layout type ‘Render::GrassMaterial’ is conditionally-supported [-Winvalid-offsetof]
 1639 |         virtual int SignificantPartLength() const { return offsetof( GrassMaterial, elasticity ) - offsetof( GrassMaterial, renderState ) + sizeof( elasticity ); }
      |                                                                                                              ^
/home/vitaly/p/Prime-World/pw/branches/r1117/Src/PF_GameLogic/../Scene/../Render/MaterialSpec.h: In static member function ‘static void Render::GrassMaterial::InitSamplersOffsets()’:
/home/vitaly/p/Prime-World/pw/branches/r1117/Src/PF_GameLogic/../Scene/../Render/MaterialSpec.h:1673:36: warning: ‘offsetof’ within non-standard-layout type ‘Render::GrassMaterial’ is conditionally-supported [-Winvalid-offsetof]
 1673 |     samplersOffsets[0] = offsetof( GrassMaterial, FrozenDiffuseMap );
      |                                    ^
/home/vitaly/p/Prime-World/pw/branches/r1117/Src/PF_GameLogic/../Scene/../Render/MaterialSpec.h:1674:36: warning: ‘offsetof’ within non-standard-layout type ‘Render::GrassMaterial’ is conditionally-supported [-Winvalid-offsetof]
 1674 |     samplersOffsets[1] = offsetof( GrassMaterial, NormalDiffuseMap );
      |                                    ^
/home/vitaly/p/Prime-World/pw/branches/r1117/Src/PF_GameLogic/../Scene/../Render/MaterialSpec.h:1675:36: warning: ‘offsetof’ within non-standard-layout type ‘Render::GrassMaterial’ is conditionally-supported [-Winvalid-offsetof]
 1675 |     samplersOffsets[2] = offsetof( GrassMaterial, BurnedDiffuseMap );
      |                                    ^
/home/vitaly/p/Prime-World/pw/branches/r1117/Src/PF_GameLogic/../Scene/../Render/MaterialSpec.h: In member function ‘virtual int Render::HeightfogMaterial::SignificantPartLength() const’:
/home/vitaly/p/Prime-World/pw/branches/r1117/Src/PF_GameLogic/../Scene/../Render/MaterialSpec.h:1760:70: warning: ‘offsetof’ within non-standard-layout type ‘Render::HeightfogMaterial’ is conditionally-supported [-Winvalid-offsetof]
 1760 |         virtual int SignificantPartLength() const { return offsetof( HeightfogMaterial, halfFadeDistance ) - offsetof( HeightfogMaterial, renderState ) + sizeof( halfFadeDistance ); }
      |                                                                      ^
/home/vitaly/p/Prime-World/pw/branches/r1117/Src/PF_GameLogic/../Scene/../Render/MaterialSpec.h:1760:120: warning: ‘offsetof’ within non-standard-layout type ‘Render::HeightfogMaterial’ is conditionally-supported [-Winvalid-offsetof]
 1760 |         virtual int SignificantPartLength() const { return offsetof( HeightfogMaterial, halfFadeDistance ) - offsetof( HeightfogMaterial, renderState ) + sizeof( halfFadeDistance ); }
      |                                                                                                                        ^
/home/vitaly/p/Prime-World/pw/branches/r1117/Src/PF_GameLogic/../Scene/../Render/MaterialSpec.h: In static member function ‘static void Render::HeightfogMaterial::InitSamplersOffsets()’:
/home/vitaly/p/Prime-World/pw/branches/r1117/Src/PF_GameLogic/../Scene/../Render/MaterialSpec.h:1792:36: warning: ‘offsetof’ within non-standard-layout type ‘Render::HeightfogMaterial’ is conditionally-supported [-Winvalid-offsetof]
 1792 |     samplersOffsets[0] = offsetof( HeightfogMaterial, noiseMap );
      |                                    ^
/home/vitaly/p/Prime-World/pw/branches/r1117/Src/PF_GameLogic/../Scene/../Render/MaterialSpec.h: In member function ‘virtual int Render::LightningMaterial::SignificantPartLength() const’:
/home/vitaly/p/Prime-World/pw/branches/r1117/Src/PF_GameLogic/../Scene/../Render/MaterialSpec.h:1849:70: warning: ‘offsetof’ within non-standard-layout type ‘Render::LightningMaterial’ is conditionally-supported [-Winvalid-offsetof]
 1849 |         virtual int SignificantPartLength() const { return offsetof( LightningMaterial, DiffuseMap ) - offsetof( LightningMaterial, renderState ) + sizeof( DiffuseMap ); }
      |                                                                      ^
/home/vitaly/p/Prime-World/pw/branches/r1117/Src/PF_GameLogic/../Scene/../Render/MaterialSpec.h:1849:114: warning: ‘offsetof’ within non-standard-layout type ‘Render::LightningMaterial’ is conditionally-supported [-Winvalid-offsetof]
 1849 |         virtual int SignificantPartLength() const { return offsetof( LightningMaterial, DiffuseMap ) - offsetof( LightningMaterial, renderState ) + sizeof( DiffuseMap ); }
      |                                                                                                                  ^
/home/vitaly/p/Prime-World/pw/branches/r1117/Src/PF_GameLogic/../Scene/../Render/MaterialSpec.h: In static member function ‘static void Render::LightningMaterial::InitSamplersOffsets()’:
/home/vitaly/p/Prime-World/pw/branches/r1117/Src/PF_GameLogic/../Scene/../Render/MaterialSpec.h:1881:36: warning: ‘offsetof’ within non-standard-layout type ‘Render::LightningMaterial’ is conditionally-supported [-Winvalid-offsetof]
 1881 |     samplersOffsets[0] = offsetof( LightningMaterial, DiffuseMap );
      |                                    ^
/home/vitaly/p/Prime-World/pw/branches/r1117/Src/PF_GameLogic/../Scene/../Render/MaterialSpec.h: In member function ‘virtual int Render::PaintMaterial::SignificantPartLength() const’:
/home/vitaly/p/Prime-World/pw/branches/r1117/Src/PF_GameLogic/../Scene/../Render/MaterialSpec.h:2042:70: warning: ‘offsetof’ within non-standard-layout type ‘Render::PaintMaterial’ is conditionally-supported [-Winvalid-offsetof]
 2042 |         virtual int SignificantPartLength() const { return offsetof( PaintMaterial, isBlendModeOverrided ) - offsetof( PaintMaterial, renderState ) + sizeof( isBlendModeOverrided ); }
      |                                                                      ^
/home/vitaly/p/Prime-World/pw/branches/r1117/Src/PF_GameLogic/../Scene/../Render/MaterialSpec.h:2042:120: warning: ‘offsetof’ within non-standard-layout type ‘Render::PaintMaterial’ is conditionally-supported [-Winvalid-offsetof]
 2042 |         virtual int SignificantPartLength() const { return offsetof( PaintMaterial, isBlendModeOverrided ) - offsetof( PaintMaterial, renderState ) + sizeof( isBlendModeOverrided ); }
      |                                                                                                                        ^
/home/vitaly/p/Prime-World/pw/branches/r1117/Src/PF_GameLogic/../Scene/../Render/MaterialSpec.h: In static member function ‘static void Render::PaintMaterial::InitSamplersOffsets()’:
/home/vitaly/p/Prime-World/pw/branches/r1117/Src/PF_GameLogic/../Scene/../Render/MaterialSpec.h:2082:36: warning: ‘offsetof’ within non-standard-layout type ‘Render::PaintMaterial’ is conditionally-supported [-Winvalid-offsetof]
 2082 |     samplersOffsets[0] = offsetof( PaintMaterial, Draft );
      |                                    ^
/home/vitaly/p/Prime-World/pw/branches/r1117/Src/PF_GameLogic/../Scene/../Render/MaterialSpec.h:2083:36: warning: ‘offsetof’ within non-standard-layout type ‘Render::PaintMaterial’ is conditionally-supported [-Winvalid-offsetof]
 2083 |     samplersOffsets[1] = offsetof( PaintMaterial, Background );
      |                                    ^
/home/vitaly/p/Prime-World/pw/branches/r1117/Src/PF_GameLogic/../Scene/../Render/MaterialSpec.h:2084:36: warning: ‘offsetof’ within non-standard-layout type ‘Render::PaintMaterial’ is conditionally-supported [-Winvalid-offsetof]
 2084 |     samplersOffsets[2] = offsetof( PaintMaterial, BaseBackground );
      |                                    ^
/home/vitaly/p/Prime-World/pw/branches/r1117/Src/PF_GameLogic/../Scene/../Render/MaterialSpec.h:2085:36: warning: ‘offsetof’ within non-standard-layout type ‘Render::PaintMaterial’ is conditionally-supported [-Winvalid-offsetof]
 2085 |     samplersOffsets[3] = offsetof( PaintMaterial, Complete );
      |                                    ^
/home/vitaly/p/Prime-World/pw/branches/r1117/Src/PF_GameLogic/../Scene/../Render/MaterialSpec.h:2086:36: warning: ‘offsetof’ within non-standard-layout type ‘Render::PaintMaterial’ is conditionally-supported [-Winvalid-offsetof]
 2086 |     samplersOffsets[4] = offsetof( PaintMaterial, Mask );
      |                                    ^
/home/vitaly/p/Prime-World/pw/branches/r1117/Src/PF_GameLogic/../Scene/../Render/MaterialSpec.h: In member function ‘virtual int Render::ParticleFXMaterial::SignificantPartLength() const’:
/home/vitaly/p/Prime-World/pw/branches/r1117/Src/PF_GameLogic/../Scene/../Render/MaterialSpec.h:2165:70: warning: ‘offsetof’ within non-standard-layout type ‘Render::ParticleFXMaterial’ is conditionally-supported [-Winvalid-offsetof]
 2165 |         virtual int SignificantPartLength() const { return offsetof( ParticleFXMaterial, scale ) - offsetof( ParticleFXMaterial, renderState ) + sizeof( scale ); }
      |                                                                      ^
/home/vitaly/p/Prime-World/pw/branches/r1117/Src/PF_GameLogic/../Scene/../Render/MaterialSpec.h:2165:110: warning: ‘offsetof’ within non-standard-layout type ‘Render::ParticleFXMaterial’ is conditionally-supported [-Winvalid-offsetof]
 2165 |         virtual int SignificantPartLength() const { return offsetof( ParticleFXMaterial, scale ) - offsetof( ParticleFXMaterial, renderState ) + sizeof( scale ); }
      |                                                                                                              ^
/home/vitaly/p/Prime-World/pw/branches/r1117/Src/PF_GameLogic/../Scene/../Render/MaterialSpec.h: In static member function ‘static void Render::ParticleFXMaterial::InitSamplersOffsets()’:
/home/vitaly/p/Prime-World/pw/branches/r1117/Src/PF_GameLogic/../Scene/../Render/MaterialSpec.h:2203:36: warning: ‘offsetof’ within non-standard-layout type ‘Render::ParticleFXMaterial’ is conditionally-supported [-Winvalid-offsetof]
 2203 |     samplersOffsets[0] = offsetof( ParticleFXMaterial, DiffuseMap );
      |                                    ^
/home/vitaly/p/Prime-World/pw/branches/r1117/Src/PF_GameLogic/../Scene/../Render/MaterialSpec.h: In member function ‘virtual int Render::RoadMaterial::SignificantPartLength() const’:
/home/vitaly/p/Prime-World/pw/branches/r1117/Src/PF_GameLogic/../Scene/../Render/MaterialSpec.h:2267:70: warning: ‘offsetof’ within non-standard-layout type ‘Render::RoadMaterial’ is conditionally-supported [-Winvalid-offsetof]
 2267 |         virtual int SignificantPartLength() const { return offsetof( RoadMaterial, BorderMap ) - offsetof( RoadMaterial, renderState ) + sizeof( BorderMap ); }
      |                                                                      ^
/home/vitaly/p/Prime-World/pw/branches/r1117/Src/PF_GameLogic/../Scene/../Render/MaterialSpec.h:2267:108: warning: ‘offsetof’ within non-standard-layout type ‘Render::RoadMaterial’ is conditionally-supported [-Winvalid-offsetof]
 2267 |         virtual int SignificantPartLength() const { return offsetof( RoadMaterial, BorderMap ) - offsetof( RoadMaterial, renderState ) + sizeof( BorderMap ); }
      |                                                                                                            ^
/home/vitaly/p/Prime-World/pw/branches/r1117/Src/PF_GameLogic/../Scene/../Render/MaterialSpec.h: In static member function ‘static void Render::RoadMaterial::InitSamplersOffsets()’:
/home/vitaly/p/Prime-World/pw/branches/r1117/Src/PF_GameLogic/../Scene/../Render/MaterialSpec.h:2308:36: warning: ‘offsetof’ within non-standard-layout type ‘Render::RoadMaterial’ is conditionally-supported [-Winvalid-offsetof]
 2308 |     samplersOffsets[0] = offsetof( RoadMaterial, RoadMap );
      |                                    ^
/home/vitaly/p/Prime-World/pw/branches/r1117/Src/PF_GameLogic/../Scene/../Render/MaterialSpec.h:2309:36: warning: ‘offsetof’ within non-standard-layout type ‘Render::RoadMaterial’ is conditionally-supported [-Winvalid-offsetof]
 2309 |     samplersOffsets[1] = offsetof( RoadMaterial, BorderMap );
      |                                    ^
/home/vitaly/p/Prime-World/pw/branches/r1117/Src/PF_GameLogic/../Scene/../Render/MaterialSpec.h: In member function ‘virtual int Render::ShadowMaterial::SignificantPartLength() const’:
/home/vitaly/p/Prime-World/pw/branches/r1117/Src/PF_GameLogic/../Scene/../Render/MaterialSpec.h:2369:70: warning: ‘offsetof’ within non-standard-layout type ‘Render::ShadowMaterial’ is conditionally-supported [-Winvalid-offsetof]
 2369 |         virtual int SignificantPartLength() const { return offsetof( ShadowMaterial, DiffuseMap ) - offsetof( ShadowMaterial, renderState ) + sizeof( DiffuseMap ); }
      |                                                                      ^
/home/vitaly/p/Prime-World/pw/branches/r1117/Src/PF_GameLogic/../Scene/../Render/MaterialSpec.h:2369:111: warning: ‘offsetof’ within non-standard-layout type ‘Render::ShadowMaterial’ is conditionally-supported [-Winvalid-offsetof]
 2369 |         virtual int SignificantPartLength() const { return offsetof( ShadowMaterial, DiffuseMap ) - offsetof( ShadowMaterial, renderState ) + sizeof( DiffuseMap ); }
      |                                                                                                               ^
/home/vitaly/p/Prime-World/pw/branches/r1117/Src/PF_GameLogic/../Scene/../Render/MaterialSpec.h: In static member function ‘static void Render::ShadowMaterial::InitSamplersOffsets()’:
/home/vitaly/p/Prime-World/pw/branches/r1117/Src/PF_GameLogic/../Scene/../Render/MaterialSpec.h:2405:36: warning: ‘offsetof’ within non-standard-layout type ‘Render::ShadowMaterial’ is conditionally-supported [-Winvalid-offsetof]
 2405 |     samplersOffsets[0] = offsetof( ShadowMaterial, DiffuseMap );
      |                                    ^
/home/vitaly/p/Prime-World/pw/branches/r1117/Src/PF_GameLogic/../Scene/../Render/MaterialSpec.h: In member function ‘virtual int Render::SilhouetteMaterial::SignificantPartLength() const’:
/home/vitaly/p/Prime-World/pw/branches/r1117/Src/PF_GameLogic/../Scene/../Render/MaterialSpec.h:2462:70: warning: ‘offsetof’ within non-standard-layout type ‘Render::SilhouetteMaterial’ is conditionally-supported [-Winvalid-offsetof]
 2462 |         virtual int SignificantPartLength() const { return offsetof( SilhouetteMaterial, renderState ) - offsetof( SilhouetteMaterial, renderState ) + sizeof( renderState ); }
      |                                                                      ^
/home/vitaly/p/Prime-World/pw/branches/r1117/Src/PF_GameLogic/../Scene/../Render/MaterialSpec.h:2462:116: warning: ‘offsetof’ within non-standard-layout type ‘Render::SilhouetteMaterial’ is conditionally-supported [-Winvalid-offsetof]
 2462 |         virtual int SignificantPartLength() const { return offsetof( SilhouetteMaterial, renderState ) - offsetof( SilhouetteMaterial, renderState ) + sizeof( renderState ); }
      |                                                                                                                    ^
/home/vitaly/p/Prime-World/pw/branches/r1117/Src/PF_GameLogic/../Scene/../Render/MaterialSpec.h: In member function ‘virtual int Render::SkyMaterial::SignificantPartLength() const’:
/home/vitaly/p/Prime-World/pw/branches/r1117/Src/PF_GameLogic/../Scene/../Render/MaterialSpec.h:2586:70: warning: ‘offsetof’ within non-standard-layout type ‘Render::SkyMaterial’ is conditionally-supported [-Winvalid-offsetof]
 2586 |         virtual int SignificantPartLength() const { return offsetof( SkyMaterial, vOffset2 ) - offsetof( SkyMaterial, renderState ) + sizeof( vOffset2 ); }
      |                                                                      ^
/home/vitaly/p/Prime-World/pw/branches/r1117/Src/PF_GameLogic/../Scene/../Render/MaterialSpec.h:2586:106: warning: ‘offsetof’ within non-standard-layout type ‘Render::SkyMaterial’ is conditionally-supported [-Winvalid-offsetof]
 2586 |         virtual int SignificantPartLength() const { return offsetof( SkyMaterial, vOffset2 ) - offsetof( SkyMaterial, renderState ) + sizeof( vOffset2 ); }
      |                                                                                                          ^
/home/vitaly/p/Prime-World/pw/branches/r1117/Src/PF_GameLogic/../Scene/../Render/MaterialSpec.h: In static member function ‘static void Render::SkyMaterial::InitSamplersOffsets()’:
/home/vitaly/p/Prime-World/pw/branches/r1117/Src/PF_GameLogic/../Scene/../Render/MaterialSpec.h:2634:36: warning: ‘offsetof’ within non-standard-layout type ‘Render::SkyMaterial’ is conditionally-supported [-Winvalid-offsetof]
 2634 |     samplersOffsets[0] = offsetof( SkyMaterial, DiffuseMap );
      |                                    ^
/home/vitaly/p/Prime-World/pw/branches/r1117/Src/PF_GameLogic/../Scene/../Render/MaterialSpec.h: In member function ‘virtual int Render::TerrainAOEMaterial::SignificantPartLength() const’:
/home/vitaly/p/Prime-World/pw/branches/r1117/Src/PF_GameLogic/../Scene/../Render/MaterialSpec.h:2717:70: warning: ‘offsetof’ within non-standard-layout type ‘Render::TerrainAOEMaterial’ is conditionally-supported [-Winvalid-offsetof]
 2717 |         virtual int SignificantPartLength() const { return offsetof( TerrainAOEMaterial, uvOffset ) - offsetof( TerrainAOEMaterial, renderState ) + sizeof( uvOffset ); }
      |                                                                      ^
/home/vitaly/p/Prime-World/pw/branches/r1117/Src/PF_GameLogic/../Scene/../Render/MaterialSpec.h:2717:113: warning: ‘offsetof’ within non-standard-layout type ‘Render::TerrainAOEMaterial’ is conditionally-supported [-Winvalid-offsetof]
 2717 |         virtual int SignificantPartLength() const { return offsetof( TerrainAOEMaterial, uvOffset ) - offsetof( TerrainAOEMaterial, renderState ) + sizeof( uvOffset ); }
      |                                                                                                                 ^
/home/vitaly/p/Prime-World/pw/branches/r1117/Src/PF_GameLogic/../Scene/../Render/MaterialSpec.h: In static member function ‘static void Render::TerrainAOEMaterial::InitSamplersOffsets()’:
/home/vitaly/p/Prime-World/pw/branches/r1117/Src/PF_GameLogic/../Scene/../Render/MaterialSpec.h:2749:36: warning: ‘offsetof’ within non-standard-layout type ‘Render::TerrainAOEMaterial’ is conditionally-supported [-Winvalid-offsetof]
 2749 |     samplersOffsets[0] = offsetof( TerrainAOEMaterial, DiffuseMap );
      |                                    ^
/home/vitaly/p/Prime-World/pw/branches/r1117/Src/PF_GameLogic/../Scene/../Render/MaterialSpec.h: In member function ‘virtual int Render::TerrainHeightBuilderMaterial::SignificantPartLength() const’:
/home/vitaly/p/Prime-World/pw/branches/r1117/Src/PF_GameLogic/../Scene/../Render/MaterialSpec.h:2973:70: warning: ‘offsetof’ within non-standard-layout type ‘Render::TerrainHeightBuilderMaterial’ is conditionally-supported [-Winvalid-offsetof]
 2973 |         virtual int SignificantPartLength() const { return offsetof( TerrainHeightBuilderMaterial, renderState ) - offsetof( TerrainHeightBuilderMaterial, renderState ) + sizeof( renderState ); }
      |                                                                      ^
/home/vitaly/p/Prime-World/pw/branches/r1117/Src/PF_GameLogic/../Scene/../Render/MaterialSpec.h:2973:126: warning: ‘offsetof’ within non-standard-layout type ‘Render::TerrainHeightBuilderMaterial’ is conditionally-supported [-Winvalid-offsetof]
 2973 |         virtual int SignificantPartLength() const { return offsetof( TerrainHeightBuilderMaterial, renderState ) - offsetof( TerrainHeightBuilderMaterial, renderState ) + sizeof( renderState ); }
      |                                                                                                                              ^
/home/vitaly/p/Prime-World/pw/branches/r1117/Src/PF_GameLogic/../Scene/../Render/MaterialSpec.h: In member function ‘virtual int Render::TerrainMaterial::SignificantPartLength() const’:
/home/vitaly/p/Prime-World/pw/branches/r1117/Src/PF_GameLogic/../Scene/../Render/MaterialSpec.h:3102:70: warning: ‘offsetof’ within non-standard-layout type ‘Render::TerrainMaterial’ is conditionally-supported [-Winvalid-offsetof]
 3102 |         virtual int SignificantPartLength() const { return offsetof( TerrainMaterial, grassRect ) - offsetof( TerrainMaterial, A_DiffuseMap ) + sizeof( grassRect ); }
      |                                                                      ^
/home/vitaly/p/Prime-World/pw/branches/r1117/Src/PF_GameLogic/../Scene/../Render/MaterialSpec.h:3102:111: warning: ‘offsetof’ within non-standard-layout type ‘Render::TerrainMaterial’ is conditionally-supported [-Winvalid-offsetof]
 3102 |         virtual int SignificantPartLength() const { return offsetof( TerrainMaterial, grassRect ) - offsetof( TerrainMaterial, A_DiffuseMap ) + sizeof( grassRect ); }
      |                                                                                                               ^
/home/vitaly/p/Prime-World/pw/branches/r1117/Src/PF_GameLogic/../Scene/../Render/MaterialSpec.h: In static member function ‘static void Render::TerrainMaterial::InitSamplersOffsets()’:
/home/vitaly/p/Prime-World/pw/branches/r1117/Src/PF_GameLogic/../Scene/../Render/MaterialSpec.h:3150:36: warning: ‘offsetof’ within non-standard-layout type ‘Render::TerrainMaterial’ is conditionally-supported [-Winvalid-offsetof]
 3150 |     samplersOffsets[0] = offsetof( TerrainMaterial, A_DiffuseMap );
      |                                    ^
/home/vitaly/p/Prime-World/pw/branches/r1117/Src/PF_GameLogic/../Scene/../Render/MaterialSpec.h:3151:36: warning: ‘offsetof’ within non-standard-layout type ‘Render::TerrainMaterial’ is conditionally-supported [-Winvalid-offsetof]
 3151 |     samplersOffsets[1] = offsetof( TerrainMaterial, N_DiffuseMap );
      |                                    ^
/home/vitaly/p/Prime-World/pw/branches/r1117/Src/PF_GameLogic/../Scene/../Render/MaterialSpec.h:3152:36: warning: ‘offsetof’ within non-standard-layout type ‘Render::TerrainMaterial’ is conditionally-supported [-Winvalid-offsetof]
 3152 |     samplersOffsets[2] = offsetof( TerrainMaterial, B_DiffuseMap );
      |                                    ^
/home/vitaly/p/Prime-World/pw/branches/r1117/Src/PF_GameLogic/../Scene/../Render/MaterialSpec.h:3153:36: warning: ‘offsetof’ within non-standard-layout type ‘Render::TerrainMaterial’ is conditionally-supported [-Winvalid-offsetof]
 3153 |     samplersOffsets[3] = offsetof( TerrainMaterial, FrozenNormalMap );
      |                                    ^
/home/vitaly/p/Prime-World/pw/branches/r1117/Src/PF_GameLogic/../Scene/../Render/MaterialSpec.h:3154:36: warning: ‘offsetof’ within non-standard-layout type ‘Render::TerrainMaterial’ is conditionally-supported [-Winvalid-offsetof]
 3154 |     samplersOffsets[4] = offsetof( TerrainMaterial, NormalNormalMap );
      |                                    ^
/home/vitaly/p/Prime-World/pw/branches/r1117/Src/PF_GameLogic/../Scene/../Render/MaterialSpec.h:3155:36: warning: ‘offsetof’ within non-standard-layout type ‘Render::TerrainMaterial’ is conditionally-supported [-Winvalid-offsetof]
 3155 |     samplersOffsets[5] = offsetof( TerrainMaterial, BurnedNormalMap );
      |                                    ^
/home/vitaly/p/Prime-World/pw/branches/r1117/Src/PF_GameLogic/../Scene/../Render/MaterialSpec.h:3156:36: warning: ‘offsetof’ within non-standard-layout type ‘Render::TerrainMaterial’ is conditionally-supported [-Winvalid-offsetof]
 3156 |     samplersOffsets[6] = offsetof( TerrainMaterial, FrozenSpecularMap );
      |                                    ^
/home/vitaly/p/Prime-World/pw/branches/r1117/Src/PF_GameLogic/../Scene/../Render/MaterialSpec.h:3157:36: warning: ‘offsetof’ within non-standard-layout type ‘Render::TerrainMaterial’ is conditionally-supported [-Winvalid-offsetof]
 3157 |     samplersOffsets[7] = offsetof( TerrainMaterial, NormalSpecularMap );
      |                                    ^
/home/vitaly/p/Prime-World/pw/branches/r1117/Src/PF_GameLogic/../Scene/../Render/MaterialSpec.h:3158:36: warning: ‘offsetof’ within non-standard-layout type ‘Render::TerrainMaterial’ is conditionally-supported [-Winvalid-offsetof]
 3158 |     samplersOffsets[8] = offsetof( TerrainMaterial, BurnedSpecularMap );
      |                                    ^
/home/vitaly/p/Prime-World/pw/branches/r1117/Src/PF_GameLogic/../Scene/../Render/MaterialSpec.h:3159:36: warning: ‘offsetof’ within non-standard-layout type ‘Render::TerrainMaterial’ is conditionally-supported [-Winvalid-offsetof]
 3159 |     samplersOffsets[9] = offsetof( TerrainMaterial, DarkMap );
      |                                    ^
/home/vitaly/p/Prime-World/pw/branches/r1117/Src/PF_GameLogic/../Scene/../Render/MaterialSpec.h: In member function ‘virtual int Render::TestTownMaterial::SignificantPartLength() const’:
/home/vitaly/p/Prime-World/pw/branches/r1117/Src/PF_GameLogic/../Scene/../Render/MaterialSpec.h:3225:70: warning: ‘offsetof’ within non-standard-layout type ‘Render::TestTownMaterial’ is conditionally-supported [-Winvalid-offsetof]
 3225 |         virtual int SignificantPartLength() const { return offsetof( TestTownMaterial, outputAdd ) - offsetof( TestTownMaterial, RenderState ) + sizeof( outputAdd ); }
      |                                                                      ^
/home/vitaly/p/Prime-World/pw/branches/r1117/Src/PF_GameLogic/../Scene/../Render/MaterialSpec.h:3225:112: warning: ‘offsetof’ within non-standard-layout type ‘Render::TestTownMaterial’ is conditionally-supported [-Winvalid-offsetof]
 3225 |         virtual int SignificantPartLength() const { return offsetof( TestTownMaterial, outputAdd ) - offsetof( TestTownMaterial, RenderState ) + sizeof( outputAdd ); }
      |                                                                                                                ^
/home/vitaly/p/Prime-World/pw/branches/r1117/Src/PF_GameLogic/../Scene/../Render/MaterialSpec.h: In static member function ‘static void Render::TestTownMaterial::InitSamplersOffsets()’:
/home/vitaly/p/Prime-World/pw/branches/r1117/Src/PF_GameLogic/../Scene/../Render/MaterialSpec.h:3261:36: warning: ‘offsetof’ within non-standard-layout type ‘Render::TestTownMaterial’ is conditionally-supported [-Winvalid-offsetof]
 3261 |     samplersOffsets[0] = offsetof( TestTownMaterial, DiffuseMap );
      |                                    ^
/home/vitaly/p/Prime-World/pw/branches/r1117/Src/PF_GameLogic/../Scene/../Render/MaterialSpec.h: In member function ‘virtual int Render::TraceMaterial::SignificantPartLength() const’:
/home/vitaly/p/Prime-World/pw/branches/r1117/Src/PF_GameLogic/../Scene/../Render/MaterialSpec.h:3343:70: warning: ‘offsetof’ within non-standard-layout type ‘Render::TraceMaterial’ is conditionally-supported [-Winvalid-offsetof]
 3343 |         virtual int SignificantPartLength() const { return offsetof( TraceMaterial, vOffset ) - offsetof( TraceMaterial, renderState ) + sizeof( vOffset ); }
      |                                                                      ^
/home/vitaly/p/Prime-World/pw/branches/r1117/Src/PF_GameLogic/../Scene/../Render/MaterialSpec.h:3343:107: warning: ‘offsetof’ within non-standard-layout type ‘Render::TraceMaterial’ is conditionally-supported [-Winvalid-offsetof]
 3343 |         virtual int SignificantPartLength() const { return offsetof( TraceMaterial, vOffset ) - offsetof( TraceMaterial, renderState ) + sizeof( vOffset ); }
      |                                                                                                           ^
/home/vitaly/p/Prime-World/pw/branches/r1117/Src/PF_GameLogic/../Scene/../Render/MaterialSpec.h: In static member function ‘static void Render::TraceMaterial::InitSamplersOffsets()’:
/home/vitaly/p/Prime-World/pw/branches/r1117/Src/PF_GameLogic/../Scene/../Render/MaterialSpec.h:3389:36: warning: ‘offsetof’ within non-standard-layout type ‘Render::TraceMaterial’ is conditionally-supported [-Winvalid-offsetof]
 3389 |     samplersOffsets[0] = offsetof( TraceMaterial, DiffuseMap );
      |                                    ^
/home/vitaly/p/Prime-World/pw/branches/r1117/Src/PF_GameLogic/../Scene/../Render/MaterialSpec.h: In member function ‘virtual int Render::UIBaseMaterial::SignificantPartLength() const’:
/home/vitaly/p/Prime-World/pw/branches/r1117/Src/PF_GameLogic/../Scene/../Render/MaterialSpec.h:3511:70: warning: ‘offsetof’ within non-standard-layout type ‘Render::UIBaseMaterial’ is conditionally-supported [-Winvalid-offsetof]
 3511 |         virtual int SignificantPartLength() const { return offsetof( UIBaseMaterial, colorStripe1000 ) - offsetof( UIBaseMaterial, DiffuseMap ) + sizeof( colorStripe1000 ); }
      |                                                                      ^
/home/vitaly/p/Prime-World/pw/branches/r1117/Src/PF_GameLogic/../Scene/../Render/MaterialSpec.h:3511:116: warning: ‘offsetof’ within non-standard-layout type ‘Render::UIBaseMaterial’ is conditionally-supported [-Winvalid-offsetof]
 3511 |         virtual int SignificantPartLength() const { return offsetof( UIBaseMaterial, colorStripe1000 ) - offsetof( UIBaseMaterial, DiffuseMap ) + sizeof( colorStripe1000 ); }
      |                                                                                                                    ^
/home/vitaly/p/Prime-World/pw/branches/r1117/Src/PF_GameLogic/../Scene/../Render/MaterialSpec.h: In static member function ‘static void Render::UIBaseMaterial::InitSamplersOffsets()’:
/home/vitaly/p/Prime-World/pw/branches/r1117/Src/PF_GameLogic/../Scene/../Render/MaterialSpec.h:3558:36: warning: ‘offsetof’ within non-standard-layout type ‘Render::UIBaseMaterial’ is conditionally-supported [-Winvalid-offsetof]
 3558 |     samplersOffsets[0] = offsetof( UIBaseMaterial, DiffuseMap );
      |                                    ^
/home/vitaly/p/Prime-World/pw/branches/r1117/Src/PF_GameLogic/../Scene/../Render/MaterialSpec.h:3559:36: warning: ‘offsetof’ within non-standard-layout type ‘Render::UIBaseMaterial’ is conditionally-supported [-Winvalid-offsetof]
 3559 |     samplersOffsets[1] = offsetof( UIBaseMaterial, MaskMap );
      |                                    ^
/home/vitaly/p/Prime-World/pw/branches/r1117/Src/PF_GameLogic/../Scene/../Render/MaterialSpec.h: In member function ‘virtual int Render::UIButtonMaterial::SignificantPartLength() const’:
/home/vitaly/p/Prime-World/pw/branches/r1117/Src/PF_GameLogic/../Scene/../Render/MaterialSpec.h:3652:70: warning: ‘offsetof’ within non-standard-layout type ‘Render::UIButtonMaterial’ is conditionally-supported [-Winvalid-offsetof]
 3652 |         virtual int SignificantPartLength() const { return offsetof( UIButtonMaterial, ScreenOpacity ) - offsetof( UIButtonMaterial, BackgroundMap ) + sizeof( ScreenOpacity ); }
      |                                                                      ^
/home/vitaly/p/Prime-World/pw/branches/r1117/Src/PF_GameLogic/../Scene/../Render/MaterialSpec.h:3652:116: warning: ‘offsetof’ within non-standard-layout type ‘Render::UIButtonMaterial’ is conditionally-supported [-Winvalid-offsetof]
 3652 |         virtual int SignificantPartLength() const { return offsetof( UIButtonMaterial, ScreenOpacity ) - offsetof( UIButtonMaterial, BackgroundMap ) + sizeof( ScreenOpacity ); }
      |                                                                                                                    ^
/home/vitaly/p/Prime-World/pw/branches/r1117/Src/PF_GameLogic/../Scene/../Render/MaterialSpec.h: In static member function ‘static void Render::UIButtonMaterial::InitSamplersOffsets()’:
/home/vitaly/p/Prime-World/pw/branches/r1117/Src/PF_GameLogic/../Scene/../Render/MaterialSpec.h:3718:36: warning: ‘offsetof’ within non-standard-layout type ‘Render::UIButtonMaterial’ is conditionally-supported [-Winvalid-offsetof]
 3718 |     samplersOffsets[0] = offsetof( UIButtonMaterial, BackgroundMap );
      |                                    ^
/home/vitaly/p/Prime-World/pw/branches/r1117/Src/PF_GameLogic/../Scene/../Render/MaterialSpec.h:3719:36: warning: ‘offsetof’ within non-standard-layout type ‘Render::UIButtonMaterial’ is conditionally-supported [-Winvalid-offsetof]
 3719 |     samplersOffsets[1] = offsetof( UIButtonMaterial, DiffuseMap );
      |                                    ^
/home/vitaly/p/Prime-World/pw/branches/r1117/Src/PF_GameLogic/../Scene/../Render/MaterialSpec.h:3720:36: warning: ‘offsetof’ within non-standard-layout type ‘Render::UIButtonMaterial’ is conditionally-supported [-Winvalid-offsetof]
 3720 |     samplersOffsets[2] = offsetof( UIButtonMaterial, WaitForActMap );
      |                                    ^
/home/vitaly/p/Prime-World/pw/branches/r1117/Src/PF_GameLogic/../Scene/../Render/MaterialSpec.h:3721:36: warning: ‘offsetof’ within non-standard-layout type ‘Render::UIButtonMaterial’ is conditionally-supported [-Winvalid-offsetof]
 3721 |     samplersOffsets[3] = offsetof( UIButtonMaterial, LackOfManaMap );
      |                                    ^
/home/vitaly/p/Prime-World/pw/branches/r1117/Src/PF_GameLogic/../Scene/../Render/MaterialSpec.h:3722:36: warning: ‘offsetof’ within non-standard-layout type ‘Render::UIButtonMaterial’ is conditionally-supported [-Winvalid-offsetof]
 3722 |     samplersOffsets[4] = offsetof( UIButtonMaterial, PressedMap );
      |                                    ^
/home/vitaly/p/Prime-World/pw/branches/r1117/Src/PF_GameLogic/../Scene/../Render/MaterialSpec.h:3723:36: warning: ‘offsetof’ within non-standard-layout type ‘Render::UIButtonMaterial’ is conditionally-supported [-Winvalid-offsetof]
 3723 |     samplersOffsets[5] = offsetof( UIButtonMaterial, HighlightMap );
      |                                    ^
/home/vitaly/p/Prime-World/pw/branches/r1117/Src/PF_GameLogic/../Scene/../Render/MaterialSpec.h:3724:36: warning: ‘offsetof’ within non-standard-layout type ‘Render::UIButtonMaterial’ is conditionally-supported [-Winvalid-offsetof]
 3724 |     samplersOffsets[6] = offsetof( UIButtonMaterial, ScreenMap );
      |                                    ^
/home/vitaly/p/Prime-World/pw/branches/r1117/Src/PF_GameLogic/../Scene/../Render/MaterialSpec.h: In member function ‘virtual int Render::UIFlashMaterial::SignificantPartLength() const’:
/home/vitaly/p/Prime-World/pw/branches/r1117/Src/PF_GameLogic/../Scene/../Render/MaterialSpec.h:3803:70: warning: ‘offsetof’ within non-standard-layout type ‘Render::UIFlashMaterial’ is conditionally-supported [-Winvalid-offsetof]
 3803 |         virtual int SignificantPartLength() const { return offsetof( UIFlashMaterial, CXFormAdd ) - offsetof( UIFlashMaterial, DiffuseMap ) + sizeof( CXFormAdd ); }
      |                                                                      ^
/home/vitaly/p/Prime-World/pw/branches/r1117/Src/PF_GameLogic/../Scene/../Render/MaterialSpec.h:3803:111: warning: ‘offsetof’ within non-standard-layout type ‘Render::UIFlashMaterial’ is conditionally-supported [-Winvalid-offsetof]
 3803 |         virtual int SignificantPartLength() const { return offsetof( UIFlashMaterial, CXFormAdd ) - offsetof( UIFlashMaterial, DiffuseMap ) + sizeof( CXFormAdd ); }
      |                                                                                                               ^
/home/vitaly/p/Prime-World/pw/branches/r1117/Src/PF_GameLogic/../Scene/../Render/MaterialSpec.h: In static member function ‘static void Render::UIFlashMaterial::InitSamplersOffsets()’:
/home/vitaly/p/Prime-World/pw/branches/r1117/Src/PF_GameLogic/../Scene/../Render/MaterialSpec.h:3855:36: warning: ‘offsetof’ within non-standard-layout type ‘Render::UIFlashMaterial’ is conditionally-supported [-Winvalid-offsetof]
 3855 |     samplersOffsets[0] = offsetof( UIFlashMaterial, DiffuseMap );
      |                                    ^
/home/vitaly/p/Prime-World/pw/branches/r1117/Src/PF_GameLogic/../Scene/../Render/MaterialSpec.h:3856:36: warning: ‘offsetof’ within non-standard-layout type ‘Render::UIFlashMaterial’ is conditionally-supported [-Winvalid-offsetof]
 3856 |     samplersOffsets[1] = offsetof( UIFlashMaterial, DiffuseMap2 );
      |                                    ^
/home/vitaly/p/Prime-World/pw/branches/r1117/Src/PF_GameLogic/../Scene/../Render/MaterialSpec.h: In member function ‘virtual int Render::UIFontMaterial::SignificantPartLength() const’:
/home/vitaly/p/Prime-World/pw/branches/r1117/Src/PF_GameLogic/../Scene/../Render/MaterialSpec.h:3924:70: warning: ‘offsetof’ within non-standard-layout type ‘Render::UIFontMaterial’ is conditionally-supported [-Winvalid-offsetof]
 3924 |         virtual int SignificantPartLength() const { return offsetof( UIFontMaterial, SecondaryColor ) - offsetof( UIFontMaterial, DiffuseMap ) + sizeof( SecondaryColor ); }
      |                                                                      ^
/home/vitaly/p/Prime-World/pw/branches/r1117/Src/PF_GameLogic/../Scene/../Render/MaterialSpec.h:3924:115: warning: ‘offsetof’ within non-standard-layout type ‘Render::UIFontMaterial’ is conditionally-supported [-Winvalid-offsetof]
 3924 |         virtual int SignificantPartLength() const { return offsetof( UIFontMaterial, SecondaryColor ) - offsetof( UIFontMaterial, DiffuseMap ) + sizeof( SecondaryColor ); }
      |                                                                                                                   ^
/home/vitaly/p/Prime-World/pw/branches/r1117/Src/PF_GameLogic/../Scene/../Render/MaterialSpec.h: In static member function ‘static void Render::UIFontMaterial::InitSamplersOffsets()’:
/home/vitaly/p/Prime-World/pw/branches/r1117/Src/PF_GameLogic/../Scene/../Render/MaterialSpec.h:3962:36: warning: ‘offsetof’ within non-standard-layout type ‘Render::UIFontMaterial’ is conditionally-supported [-Winvalid-offsetof]
 3962 |     samplersOffsets[0] = offsetof( UIFontMaterial, DiffuseMap );
      |                                    ^
/home/vitaly/p/Prime-World/pw/branches/r1117/Src/PF_GameLogic/../Scene/../Render/MaterialSpec.h: In member function ‘virtual int Render::UIGlassMaterial::SignificantPartLength() const’:
/home/vitaly/p/Prime-World/pw/branches/r1117/Src/PF_GameLogic/../Scene/../Render/MaterialSpec.h:4035:70: warning: ‘offsetof’ within non-standard-layout type ‘Render::UIGlassMaterial’ is conditionally-supported [-Winvalid-offsetof]
 4035 |         virtual int SignificantPartLength() const { return offsetof( UIGlassMaterial, ScreenOpacity ) - offsetof( UIGlassMaterial, BackgroundMap ) + sizeof( ScreenOpacity ); }
      |                                                                      ^
/home/vitaly/p/Prime-World/pw/branches/r1117/Src/PF_GameLogic/../Scene/../Render/MaterialSpec.h:4035:115: warning: ‘offsetof’ within non-standard-layout type ‘Render::UIGlassMaterial’ is conditionally-supported [-Winvalid-offsetof]
 4035 |         virtual int SignificantPartLength() const { return offsetof( UIGlassMaterial, ScreenOpacity ) - offsetof( UIGlassMaterial, BackgroundMap ) + sizeof( ScreenOpacity ); }
      |                                                                                                                   ^
/home/vitaly/p/Prime-World/pw/branches/r1117/Src/PF_GameLogic/../Scene/../Render/MaterialSpec.h: In static member function ‘static void Render::UIGlassMaterial::InitSamplersOffsets()’:
/home/vitaly/p/Prime-World/pw/branches/r1117/Src/PF_GameLogic/../Scene/../Render/MaterialSpec.h:4078:36: warning: ‘offsetof’ within non-standard-layout type ‘Render::UIGlassMaterial’ is conditionally-supported [-Winvalid-offsetof]
 4078 |     samplersOffsets[0] = offsetof( UIGlassMaterial, BackgroundMap );
      |                                    ^
/home/vitaly/p/Prime-World/pw/branches/r1117/Src/PF_GameLogic/../Scene/../Render/MaterialSpec.h:4079:36: warning: ‘offsetof’ within non-standard-layout type ‘Render::UIGlassMaterial’ is conditionally-supported [-Winvalid-offsetof]
 4079 |     samplersOffsets[1] = offsetof( UIGlassMaterial, DiffuseMap );
      |                                    ^
/home/vitaly/p/Prime-World/pw/branches/r1117/Src/PF_GameLogic/../Scene/../Render/MaterialSpec.h:4080:36: warning: ‘offsetof’ within non-standard-layout type ‘Render::UIGlassMaterial’ is conditionally-supported [-Winvalid-offsetof]
 4080 |     samplersOffsets[2] = offsetof( UIGlassMaterial, OverlayMap );
      |                                    ^
/home/vitaly/p/Prime-World/pw/branches/r1117/Src/PF_GameLogic/../Scene/../Render/MaterialSpec.h:4081:36: warning: ‘offsetof’ within non-standard-layout type ‘Render::UIGlassMaterial’ is conditionally-supported [-Winvalid-offsetof]
 4081 |     samplersOffsets[3] = offsetof( UIGlassMaterial, ScreenMap );
      |                                    ^
In file included from /home/vitaly/p/Prime-World/pw/branches/r1117/Src/PF_GameLogic/../Scene/RenderableScene.h:5,
                 from /home/vitaly/p/Prime-World/pw/branches/r1117/Src/PF_GameLogic/../Scene/SceneObject.h:5:
/home/vitaly/p/Prime-World/pw/branches/r1117/Src/PF_GameLogic/../Scene/../Render/batch.h: At global scope:
/home/vitaly/p/Prime-World/pw/branches/r1117/Src/PF_GameLogic/../Scene/../Render/batch.h:15:8: warning: attribute ignored in declaration of ‘struct Render::Batch’ [-Wattributes]
   15 | struct Batch
      |        ^~~~~
/home/vitaly/p/Prime-World/pw/branches/r1117/Src/PF_GameLogic/../Scene/../Render/batch.h:15:8: note: attribute for ‘struct Render::Batch’ must follow the ‘struct’ keyword
/home/vitaly/p/Prime-World/pw/branches/r1117/Src/PF_GameLogic/../Scene/../Render/batch.h:79:8: warning: ‘template<class> class std::auto_ptr’ is deprecated: use 'std::unique_ptr' instead [-Wdeprecated-declarations]
   79 |   std::auto_ptr<class DXManager>  resourceManager;
      |        ^~~~~~~~
/usr/lib/gcc/x86_64-pc-linux-gnu/15/include/g++-v15/bits/unique_ptr.h:58:28: note: declared here
   58 |   template<typename> class auto_ptr;
      |                            ^~~~~~~~
/home/vitaly/p/Prime-World/pw/branches/r1117/Src/PF_GameLogic/../Scene/SceneObject.h:56:7: warning: attribute ignored in declaration of ‘class NScene::SceneObject’ [-Wattributes]
   56 | class SceneObject : public SceneObjectBase
      |       ^~~~~~~~~~~
/home/vitaly/p/Prime-World/pw/branches/r1117/Src/PF_GameLogic/../Scene/SceneObject.h:56:7: note: attribute for ‘class NScene::SceneObject’ must follow the ‘class’ keyword
In file included from /home/vitaly/p/Prime-World/pw/branches/r1117/Src/PF_GameLogic/../Scene/dimath.h:373:
/home/vitaly/p/Prime-World/pw/branches/r1117/Src/PF_GameLogic/../Scene/DiMath.inl: In function ‘DiFloat DiSqrtTabl(DiFloat)’:
/home/vitaly/p/Prime-World/pw/branches/r1117/Src/PF_GameLogic/../Scene/DiMath.inl:57:22: warning: ISO C++17 does not allow ‘register’ storage class specifier [-Wregister]
   57 |   register  DiUInt32 nMantissa;
      |                      ^~~~~~~~~
/home/vitaly/p/Prime-World/pw/branches/r1117/Src/PF_GameLogic/../Scene/DiMath.inl:58:22: warning: ISO C++17 does not allow ‘register’ storage class specifier [-Wregister]
   58 |   register  DiUInt32 nExponent;
      |                      ^~~~~~~~~
/home/vitaly/p/Prime-World/pw/branches/r1117/Src/PF_GameLogic/../Scene/DiMathOp.inl: In function ‘DiBool DiIsFinite(DiFloat)’:
/home/vitaly/p/Prime-World/pw/branches/r1117/Src/PF_GameLogic/../Scene/DiMathOp.inl:522:12: error: ‘_finite’ was not declared in this scope; did you mean ‘finite’?
  522 |   DIRETURN(_finite(rValue));
      |            ^~~~~~~
/home/vitaly/p/Prime-World/pw/branches/r1117/Src/PF_GameLogic/../Scene/DiAnGrUtils.h:62:30: note: in definition of macro ‘DIRETURN’
   62 | #define DIRETURN(x)   return x
      |                              ^
/home/vitaly/p/Prime-World/pw/branches/r1117/Src/PF_GameLogic/../Scene/DiMathOp.inl: In function ‘DiInt32 DiF2L(DiFloat)’:
/home/vitaly/p/Prime-World/pw/branches/r1117/Src/PF_GameLogic/../Scene/DiMathOp.inl:551:3: error: expected ‘(’ before ‘{’ token
  551 |   {
      |   ^
      |   (
/home/vitaly/p/Prime-World/pw/branches/r1117/Src/PF_GameLogic/../Scene/DiMathOp.inl:553:5: error: ‘fnstcw’ was not declared in this scope
  553 |     fnstcw  WORD PTR nOldMode
      |     ^~~~~~
/home/vitaly/p/Prime-World/pw/branches/r1117/Src/PF_GameLogic/../../Data/GameLogic/FormulaPars.h: At global scope:
/home/vitaly/p/Prime-World/pw/branches/r1117/Src/PF_GameLogic/../../Data/GameLogic/FormulaPars.h:79:39: error: ‘float round(float)’ conflicts with a previous declaration
   79 | __forceinline float round( float fVal )
      |                                       ^
/usr/lib/gcc/x86_64-pc-linux-gnu/15/include/g++-v15/cmath:2694:3: note: previous declaration ‘constexpr float std::round(float)’
 2694 |   round(float __x)
      |   ^~~~~
In file included from /home/vitaly/p/Prime-World/pw/branches/r1117/Src/PF_GameLogic/../System/DataExecutor.h:11,
                 from /home/vitaly/p/Prime-World/pw/branches/r1117/Src/PF_GameLogic/FormulaExecutor.h:12:
/home/vitaly/p/Prime-World/pw/branches/r1117/Src/PF_GameLogic/../System/ExecutionMemoryManager.h: In function ‘int f2l_nosse(float)’:
/home/vitaly/p/Prime-World/pw/branches/r1117/Src/PF_GameLogic/../System/ExecutionMemoryManager.h:52:26: error: local class ‘class f2l_nosse(float)::ExecutionMemoryManager’ shall not have static data member ‘f2l_nosse(float)::ExecutionMemoryManager::LinkTableEntry f2l_nosse(float)::ExecutionMemoryManager::pLinkTable []’ [-fpermissive]
   52 |   static LinkTableEntry  pLinkTable[];
      |                          ^~~~~~~~~~
/home/vitaly/p/Prime-World/pw/branches/r1117/Src/PF_GameLogic/../System/ExecutionMemoryManager.h:71:29: error: local class ‘class f2l_nosse(float)::ExecutionMemoryManager’ shall not have static data member ‘const unsigned int f2l_nosse(float)::ExecutionMemoryManager::invalidSymbolOffset’ [-fpermissive]
   71 |   static unsigned int const invalidSymbolOffset = 0x80000000;
      |                             ^~~~~~~~~~~~~~~~~~~
In file included from /home/vitaly/p/Prime-World/pw/branches/r1117/Src/PF_GameLogic/../System/DataExecutor.h:12:
/home/vitaly/p/Prime-World/pw/branches/r1117/Src/PF_GameLogic/../System/StarForce/StarForce.h:27:1: error: ‘namespace’ definition is not allowed here
   27 | namespace Protection
      | ^~~~~~~~~
/home/vitaly/p/Prime-World/pw/branches/r1117/Src/PF_GameLogic/../System/DataExecutor.h:22:1: error: ‘namespace’ definition is not allowed here
   22 | namespace DataExecutorTraits {
      | ^~~~~~~~~
/home/vitaly/p/Prime-World/pw/branches/r1117/Src/PF_GameLogic/../System/DataExecutor.h:60:44: error: local class ‘class f2l_nosse(float)::DataExecutor’ shall not have static data member ‘ScopedPtr<f2l_nosse(float)::ExecutionMemoryManager> f2l_nosse(float)::DataExecutor::memoryManager’ [-fpermissive]
   60 |   static ScopedPtr<ExecutionMemoryManager> memoryManager;
      |                                            ^~~~~~~~~~~~~
/home/vitaly/p/Prime-World/pw/branches/r1117/Src/PF_GameLogic/../System/DataExecutor.h:61:26: error: local class ‘class f2l_nosse(float)::DataExecutor’ shall not have static data member ‘int f2l_nosse(float)::DataExecutor::nLastExecutionStatus’ [-fpermissive]
   61 |   static int             nLastExecutionStatus;
      |                          ^~~~~~~~~~~~~~~~~~~~
/home/vitaly/p/Prime-World/pw/branches/r1117/Src/PF_GameLogic/../System/DataExecutor.h:84:3: error: invalid declaration of member template in local class
   84 |   template <typename T>
      |   ^~~~~~~~
/home/vitaly/p/Prime-World/pw/branches/r1117/Src/PF_GameLogic/../System/DataExecutor.h:106:3: error: invalid declaration of member template in local class
  106 |   template <typename T>
      |   ^~~~~~~~
/home/vitaly/p/Prime-World/pw/branches/r1117/Src/PF_GameLogic/FormulaExecutor.h:25:3: error: invalid declaration of member template in local class
   25 |   template <typename T>
      |   ^~~~~~~~
/home/vitaly/p/Prime-World/pw/branches/r1117/Src/PF_GameLogic/FormulaExecutor.h:31:3: error: invalid declaration of member template in local class
   31 |   template <typename T>
      |   ^~~~~~~~
In file included from /home/vitaly/p/Prime-World/pw/branches/r1117/Src/PF_GameLogic/../Scripts/Script.h:3,
                 from /home/vitaly/p/Prime-World/pw/branches/r1117/Src/PF_GameLogic/StringExecutor.h:12:
/home/vitaly/p/Prime-World/pw/branches/r1117/Src/PF_GameLogic/../Scripts/NameMap.h:12:1: error: ‘namespace’ definition is not allowed here
   12 | namespace NScript
      | ^~~~~~~~~
/home/vitaly/p/Prime-World/pw/branches/r1117/Src/PF_GameLogic/../Scripts/Script.h:11:1: error: ‘namespace’ definition is not allowed here
   11 | namespace NScript
      | ^~~~~~~~~
/home/vitaly/p/Prime-World/pw/branches/r1117/Src/PF_GameLogic/StringExecutor.h:18:44: error: local class ‘struct f2l_nosse(float)::ExecutableString’ shall not have static data member ‘ScopedPtr<f2l_nosse(float)::IDefaultFormulaStorage> f2l_nosse(float)::ExecutableString::formulaCache’ [-fpermissive]
   18 |   static ScopedPtr<IDefaultFormulaStorage> formulaCache;
      |                                            ^~~~~~~~~~~~
/home/vitaly/p/Prime-World/pw/branches/r1117/Src/PF_GameLogic/StringExecutor.h:21:3: error: invalid declaration of member template in local class
   21 |   template <typename T>
      |   ^~~~~~~~
/home/vitaly/p/Prime-World/pw/branches/r1117/Src/PF_GameLogic/StringExecutor.h:39:3: error: invalid declaration of member template in local class
   39 |   template <typename T>
      |   ^~~~~~~~
/home/vitaly/p/Prime-World/pw/branches/r1117/Src/PF_GameLogic/StringExecutor.h:57:9: error: invalid declaration of member template in local class
   57 |         template <typename T>
      |         ^~~~~~~~
/home/vitaly/p/Prime-World/pw/branches/r1117/Src/PF_GameLogic/StringExecutor.h:86:33: error: ‘NScript’ has not been declared
   86 |   virtual bool GetVariantValue( NScript::VariantValue & value, const char *key ) const;
      |                                 ^~~~~~~
/home/vitaly/p/Prime-World/pw/branches/r1117/Src/PF_GameLogic/StringExecutor.h:86:55: error: expected ‘,’ or ‘...’ before ‘&’ token
   86 |   virtual bool GetVariantValue( NScript::VariantValue & value, const char *key ) const;
      |                                                       ^
/home/vitaly/p/Prime-World/pw/branches/r1117/Src/PF_GameLogic/StringExecutor.h:95:20: error: ‘IUnitFormulaPars’ has not been declared
   95 |   float operator()(IUnitFormulaPars const *pFirst, IUnitFormulaPars const *pSecond, IMiscFormulaPars const *pMisc, float defaultValue = 0.0f) const
      |                    ^~~~~~~~~~~~~~~~
/home/vitaly/p/Prime-World/pw/branches/r1117/Src/PF_GameLogic/StringExecutor.h:95:52: error: ‘IUnitFormulaPars’ has not been declared
   95 |   float operator()(IUnitFormulaPars const *pFirst, IUnitFormulaPars const *pSecond, IMiscFormulaPars const *pMisc, float defaultValue = 0.0f) const
      |                                                    ^~~~~~~~~~~~~~~~
/home/vitaly/p/Prime-World/pw/branches/r1117/Src/PF_GameLogic/StringExecutor.h:95:85: error: ‘IMiscFormulaPars’ has not been declared
   95 |   float operator()(IUnitFormulaPars const *pFirst, IUnitFormulaPars const *pSecond, IMiscFormulaPars const *pMisc, float defaultValue = 0.0f) const
      |                                                                                     ^~~~~~~~~~~~~~~~
/home/vitaly/p/Prime-World/pw/branches/r1117/Src/PF_GameLogic/StringExecutor.h: In member function ‘float f2l_nosse(float)::ExecutableFloatString::operator()(const int*, const int*, const int*, float) const’:
/home/vitaly/p/Prime-World/pw/branches/r1117/Src/PF_GameLogic/StringExecutor.h:97:30: error: ‘operator()’ is not a member of ‘f2l_nosse(float)::ExecutableString’
   97 |     return ExecutableString::operator()<float>(pFirst, pSecond, pMisc, defaultValue);
      |                              ^~~~~~~~~~
/home/vitaly/p/Prime-World/pw/branches/r1117/Src/PF_GameLogic/StringExecutor.h:97:41: error: expected primary-expression before ‘float’
   97 |     return ExecutableString::operator()<float>(pFirst, pSecond, pMisc, defaultValue);
      |                                         ^~~~~
/home/vitaly/p/Prime-World/pw/branches/r1117/Src/PF_GameLogic/StringExecutor.h:97:41: error: expected ‘;’ before ‘float’
/home/vitaly/p/Prime-World/pw/branches/r1117/Src/PF_GameLogic/StringExecutor.h:97:46: error: expected unqualified-id before ‘>’ token
   97 |     return ExecutableString::operator()<float>(pFirst, pSecond, pMisc, defaultValue);
      |                                              ^
/home/vitaly/p/Prime-World/pw/branches/r1117/Src/PF_GameLogic/StringExecutor.h: In function ‘int f2l_nosse(float)’:
/home/vitaly/p/Prime-World/pw/branches/r1117/Src/PF_GameLogic/StringExecutor.h:112:19: error: ‘IUnitFormulaPars’ has not been declared
  112 |   bool operator()(IUnitFormulaPars const *pFirst, IUnitFormulaPars const *pSecond, IMiscFormulaPars const *pMisc, bool defaultValue = false) const
      |                   ^~~~~~~~~~~~~~~~
/home/vitaly/p/Prime-World/pw/branches/r1117/Src/PF_GameLogic/StringExecutor.h:112:51: error: ‘IUnitFormulaPars’ has not been declared
  112 |   bool operator()(IUnitFormulaPars const *pFirst, IUnitFormulaPars const *pSecond, IMiscFormulaPars const *pMisc, bool defaultValue = false) const
      |                                                   ^~~~~~~~~~~~~~~~
/home/vitaly/p/Prime-World/pw/branches/r1117/Src/PF_GameLogic/StringExecutor.h:112:84: error: ‘IMiscFormulaPars’ has not been declared
  112 |   bool operator()(IUnitFormulaPars const *pFirst, IUnitFormulaPars const *pSecond, IMiscFormulaPars const *pMisc, bool defaultValue = false) const
      |                                                                                    ^~~~~~~~~~~~~~~~
/home/vitaly/p/Prime-World/pw/branches/r1117/Src/PF_GameLogic/StringExecutor.h: In member function ‘bool f2l_nosse(float)::ExecutableBoolString::operator()(const int*, const int*, const int*, bool) const’:
/home/vitaly/p/Prime-World/pw/branches/r1117/Src/PF_GameLogic/StringExecutor.h:114:30: error: ‘operator()’ is not a member of ‘f2l_nosse(float)::ExecutableString’
  114 |     return ExecutableString::operator()<bool>(pFirst, pSecond, pMisc, defaultValue);
      |                              ^~~~~~~~~~
/home/vitaly/p/Prime-World/pw/branches/r1117/Src/PF_GameLogic/StringExecutor.h:114:41: error: expected primary-expression before ‘bool’
  114 |     return ExecutableString::operator()<bool>(pFirst, pSecond, pMisc, defaultValue);
      |                                         ^~~~
/home/vitaly/p/Prime-World/pw/branches/r1117/Src/PF_GameLogic/StringExecutor.h:114:41: error: expected ‘;’ before ‘bool’
/home/vitaly/p/Prime-World/pw/branches/r1117/Src/PF_GameLogic/StringExecutor.h:114:45: error: expected unqualified-id before ‘>’ token
  114 |     return ExecutableString::operator()<bool>(pFirst, pSecond, pMisc, defaultValue);
      |                                             ^
/home/vitaly/p/Prime-World/pw/branches/r1117/Src/PF_GameLogic/StringExecutor.h: In function ‘int f2l_nosse(float)’:
/home/vitaly/p/Prime-World/pw/branches/r1117/Src/PF_GameLogic/StringExecutor.h:128:19: error: ‘IUnitFormulaPars’ has not been declared
  128 |   bool operator()(IUnitFormulaPars const *pFirst, ICustomFormulaPars const *pSecond, IMiscFormulaPars const *pMisc, bool defaultValue = false) const
      |                   ^~~~~~~~~~~~~~~~
/home/vitaly/p/Prime-World/pw/branches/r1117/Src/PF_GameLogic/StringExecutor.h:128:51: error: ‘ICustomFormulaPars’ has not been declared
  128 |   bool operator()(IUnitFormulaPars const *pFirst, ICustomFormulaPars const *pSecond, IMiscFormulaPars const *pMisc, bool defaultValue = false) const
      |                                                   ^~~~~~~~~~~~~~~~~~
/home/vitaly/p/Prime-World/pw/branches/r1117/Src/PF_GameLogic/StringExecutor.h:128:86: error: ‘IMiscFormulaPars’ has not been declared
  128 |   bool operator()(IUnitFormulaPars const *pFirst, ICustomFormulaPars const *pSecond, IMiscFormulaPars const *pMisc, bool defaultValue = false) const
      |                                                                                      ^~~~~~~~~~~~~~~~
/home/vitaly/p/Prime-World/pw/branches/r1117/Src/PF_GameLogic/StringExecutor.h: In member function ‘bool f2l_nosse(float)::ExecutableBooleanString::operator()(const int*, const int*, const int*, bool) const’:
/home/vitaly/p/Prime-World/pw/branches/r1117/Src/PF_GameLogic/StringExecutor.h:130:30: error: ‘operator()’ is not a member of ‘f2l_nosse(float)::ExecutableString’
  130 |     return ExecutableString::operator()<bool>(pFirst, pSecond, pMisc, defaultValue);
      |                              ^~~~~~~~~~
/home/vitaly/p/Prime-World/pw/branches/r1117/Src/PF_GameLogic/StringExecutor.h:130:41: error: expected primary-expression before ‘bool’
  130 |     return ExecutableString::operator()<bool>(pFirst, pSecond, pMisc, defaultValue);
      |                                         ^~~~
/home/vitaly/p/Prime-World/pw/branches/r1117/Src/PF_GameLogic/StringExecutor.h:130:41: error: expected ‘;’ before ‘bool’
/home/vitaly/p/Prime-World/pw/branches/r1117/Src/PF_GameLogic/StringExecutor.h:130:45: error: expected unqualified-id before ‘>’ token
  130 |     return ExecutableString::operator()<bool>(pFirst, pSecond, pMisc, defaultValue);
      |                                             ^
/home/vitaly/p/Prime-World/pw/branches/r1117/Src/PF_GameLogic/StringExecutor.h: In function ‘int f2l_nosse(float)’:
/home/vitaly/p/Prime-World/pw/branches/r1117/Src/PF_GameLogic/StringExecutor.h:140:18: error: ‘IUnitFormulaPars’ has not been declared
  140 |   int operator()(IUnitFormulaPars const *pFirst, IUnitFormulaPars const *pSecond, IMiscFormulaPars const *pMisc, int defaultValue = 0) const
      |                  ^~~~~~~~~~~~~~~~
/home/vitaly/p/Prime-World/pw/branches/r1117/Src/PF_GameLogic/StringExecutor.h:140:50: error: ‘IUnitFormulaPars’ has not been declared
  140 |   int operator()(IUnitFormulaPars const *pFirst, IUnitFormulaPars const *pSecond, IMiscFormulaPars const *pMisc, int defaultValue = 0) const
      |                                                  ^~~~~~~~~~~~~~~~
/home/vitaly/p/Prime-World/pw/branches/r1117/Src/PF_GameLogic/StringExecutor.h:140:83: error: ‘IMiscFormulaPars’ has not been declared
  140 |   int operator()(IUnitFormulaPars const *pFirst, IUnitFormulaPars const *pSecond, IMiscFormulaPars const *pMisc, int defaultValue = 0) const
      |                                                                                   ^~~~~~~~~~~~~~~~
/home/vitaly/p/Prime-World/pw/branches/r1117/Src/PF_GameLogic/StringExecutor.h: In member function ‘int f2l_nosse(float)::ExecutableIntString::operator()(const int*, const int*, const int*, int) const’:
/home/vitaly/p/Prime-World/pw/branches/r1117/Src/PF_GameLogic/StringExecutor.h:142:30: error: ‘operator()’ is not a member of ‘f2l_nosse(float)::ExecutableString’
  142 |     return ExecutableString::operator()<int>(pFirst, pSecond, pMisc, defaultValue);
      |                              ^~~~~~~~~~
/home/vitaly/p/Prime-World/pw/branches/r1117/Src/PF_GameLogic/StringExecutor.h:142:41: error: expected primary-expression before ‘int’
  142 |     return ExecutableString::operator()<int>(pFirst, pSecond, pMisc, defaultValue);
      |                                         ^~~
/home/vitaly/p/Prime-World/pw/branches/r1117/Src/PF_GameLogic/StringExecutor.h:142:41: error: expected ‘;’ before ‘int’
/home/vitaly/p/Prime-World/pw/branches/r1117/Src/PF_GameLogic/StringExecutor.h:142:44: error: expected unqualified-id before ‘>’ token
  142 |     return ExecutableString::operator()<int>(pFirst, pSecond, pMisc, defaultValue);
      |                                            ^
In file included from /home/vitaly/p/Prime-World/pw/branches/r1117/Src/PF_GameLogic/specific.h:30:
/home/vitaly/p/Prime-World/pw/branches/r1117/Src/PF_GameLogic/DBStats.h: In function ‘int f2l_nosse(float)’:
/home/vitaly/p/Prime-World/pw/branches/r1117/Src/PF_GameLogic/DBStats.h:12:1: error: ‘namespace’ definition is not allowed here
   12 | namespace NWorld
      | ^~~~~~~~~
/home/vitaly/p/Prime-World/pw/branches/r1117/Src/PF_GameLogic/DBStats.h:17:1: error: ‘namespace’ definition is not allowed here
   17 | namespace NGameX
      | ^~~~~~~~~
/home/vitaly/p/Prime-World/pw/branches/r1117/Src/PF_GameLogic/DBStats.h:22:1: error: ‘namespace’ definition is not allowed here
   22 | namespace NDb
      | ^~~~~~~~~
In file included from /home/vitaly/p/Prime-World/pw/branches/r1117/Src/PF_GameLogic/../PF_GameLogic/DBAbility.h:7,
                 from /home/vitaly/p/Prime-World/pw/branches/r1117/Src/PF_GameLogic/DBAdvMap.h:7,
                 from /home/vitaly/p/Prime-World/pw/branches/r1117/Src/PF_GameLogic/specific.h:31:
/home/vitaly/p/Prime-World/pw/branches/r1117/Src/PF_GameLogic/../PF_GameLogic/../PF_GameLogic/DBAnimations.h:10:1: error: ‘namespace’ definition is not allowed here
   10 | namespace NDb
      | ^~~~~~~~~
In file included from /home/vitaly/p/Prime-World/pw/branches/r1117/Src/PF_GameLogic/../PF_GameLogic/DBAbility.h:8:
/home/vitaly/p/Prime-World/pw/branches/r1117/Src/PF_GameLogic/../PF_GameLogic/../PF_GameLogic/DBDayNight.h:10:1: error: ‘namespace’ definition is not allowed here
   10 | namespace NDb
      | ^~~~~~~~~
/home/vitaly/p/Prime-World/pw/branches/r1117/Src/PF_GameLogic/../PF_GameLogic/DBAbility.h:14:1: error: ‘namespace’ definition is not allowed here
   14 | namespace NWorld
      | ^~~~~~~~~
/home/vitaly/p/Prime-World/pw/branches/r1117/Src/PF_GameLogic/../PF_GameLogic/DBAbility.h:30:1: error: ‘namespace’ definition is not allowed here
   30 | namespace NDb
      | ^~~~~~~~~
In file included from /home/vitaly/p/Prime-World/pw/branches/r1117/Src/PF_GameLogic/DBAdvMap.h:9:
/home/vitaly/p/Prime-World/pw/branches/r1117/Src/PF_GameLogic/../PF_GameLogic/DBGameLogic.h:10:1: error: ‘namespace’ definition is not allowed here
   10 | namespace PF_Minigames
      | ^~~~~~~~~
/home/vitaly/p/Prime-World/pw/branches/r1117/Src/PF_GameLogic/../PF_GameLogic/DBGameLogic.h:15:1: error: ‘namespace’ definition is not allowed here
   15 | namespace NDb
      | ^~~~~~~~~
/home/vitaly/p/Prime-World/pw/branches/r1117/Src/PF_GameLogic/DBAdvMap.h:18:1: error: ‘namespace’ definition is not allowed here
   18 | namespace NDb
      | ^~~~~~~~~
In file included from /home/vitaly/p/Prime-World/pw/branches/r1117/Src/PF_GameLogic/DBPFEffect.h:7,
                 from /home/vitaly/p/Prime-World/pw/branches/r1117/Src/PF_GameLogic/specific.h:32:
/home/vitaly/p/Prime-World/pw/branches/r1117/Src/PF_GameLogic/../PF_Core/DBEffect.h:13:1: error: ‘namespace’ definition is not allowed here
   13 | namespace PF_Core
      | ^~~~~~~~~
/home/vitaly/p/Prime-World/pw/branches/r1117/Src/PF_GameLogic/../PF_Core/DBEffect.h:18:1: error: ‘namespace’ definition is not allowed here
   18 | namespace NScene
      | ^~~~~~~~~
/home/vitaly/p/Prime-World/pw/branches/r1117/Src/PF_GameLogic/../PF_Core/DBEffect.h:23:1: error: ‘namespace’ definition is not allowed here
   23 | namespace Render
      | ^~~~~~~~~
/home/vitaly/p/Prime-World/pw/branches/r1117/Src/PF_GameLogic/../PF_Core/DBEffect.h:28:1: error: ‘namespace’ definition is not allowed here
   28 | namespace NDb
      | ^~~~~~~~~
/home/vitaly/p/Prime-World/pw/branches/r1117/Src/PF_GameLogic/DBPFEffect.h:11:1: error: ‘namespace’ definition is not allowed here
   11 | namespace PF_Core
      | ^~~~~~~~~
/home/vitaly/p/Prime-World/pw/branches/r1117/Src/PF_GameLogic/DBPFEffect.h:17:1: error: ‘namespace’ definition is not allowed here
   17 | namespace NDb
      | ^~~~~~~~~
In file included from /home/vitaly/p/Prime-World/pw/branches/r1117/Src/PF_GameLogic/specific.h:35:
/home/vitaly/p/Prime-World/pw/branches/r1117/Src/PF_GameLogic/DBUnit.h:14:1: error: ‘namespace’ definition is not allowed here
   14 | namespace NDb
      | ^~~~~~~~~
In file included from /home/vitaly/p/Prime-World/pw/branches/r1117/Src/PF_GameLogic/specific.h:37:
/home/vitaly/p/Prime-World/pw/branches/r1117/Src/PF_GameLogic/DBSessionRoots.h:10:1: error: ‘namespace’ definition is not allowed here
   10 | namespace NDb
      | ^~~~~~~~~
In file included from /home/vitaly/p/Prime-World/pw/branches/r1117/Src/PF_GameLogic/specific.h:38:
/home/vitaly/p/Prime-World/pw/branches/r1117/Src/PF_GameLogic/DBResources.h:10:1: error: ‘namespace’ definition is not allowed here
   10 | namespace NDb
      | ^~~~~~~~~
In file included from /home/vitaly/p/Prime-World/pw/branches/r1117/Src/PF_GameLogic/specific.h:39:
/home/vitaly/p/Prime-World/pw/branches/r1117/Src/PF_GameLogic/DBVisualRoots.h:11:1: error: ‘namespace’ definition is not allowed here
   11 | namespace NDb
      | ^~~~~~~~~
/home/vitaly/p/Prime-World/pw/branches/r1117/Src/PF_GameLogic/ReplayInfo.h:8:1: error: ‘namespace’ definition is not allowed here
    8 | namespace NGameX
      | ^~~~~~~~~
/home/vitaly/p/Prime-World/pw/branches/r1117/Src/Game/PF/Client/LobbyPvx/HybridServerNodeImpl.h:14:1: error: ‘namespace’ definition is not allowed here
   14 | namespace StatisticService
      | ^~~~~~~~~
/home/vitaly/p/Prime-World/pw/branches/r1117/Src/Game/PF/Client/LobbyPvx/HybridServerNodeImpl.h:19:1: error: ‘namespace’ definition is not allowed here
   19 | namespace NCore
      | ^~~~~~~~~
In file included from /home/vitaly/p/Prime-World/pw/branches/r1117/Src/Game/PF/Client/LobbyPvx/HybridServerNodeImpl.cpp:5:
/home/vitaly/p/Prime-World/pw/branches/r1117/Src/Client/MainTimer.h:3:1: error: ‘namespace’ definition is not allowed here
    3 | namespace NMainLoop
      | ^~~~~~~~~
In file included from /home/vitaly/p/Prime-World/pw/branches/r1117/Src/PW_Client/GameStatistics.h:4,
                 from /home/vitaly/p/Prime-World/pw/branches/r1117/Src/Game/PF/Client/LobbyPvx/HybridServerNodeImpl.cpp:8:
/home/vitaly/p/Prime-World/pw/branches/r1117/Src/PF_GameLogic/IGameStatistics.h:4:1: error: ‘namespace’ definition is not allowed here
    4 | namespace StatisticService
      | ^~~~~~~~~
In file included from /home/vitaly/p/Prime-World/pw/branches/r1117/Src/Game/PF/Server/Statistic/GameStatClient.h:10,
                 from /home/vitaly/p/Prime-World/pw/branches/r1117/Src/PW_Client/GameStatistics.h:5:
/home/vitaly/p/Prime-World/pw/branches/r1117/Src/System/JobThread.h:9:1: error: ‘namespace’ definition is not allowed here
    9 | namespace threading
      | ^~~~~~~~~
/home/vitaly/p/Prime-World/pw/branches/r1117/Src/Game/PF/Server/Statistic/GameStatClient.h:14:1: error: ‘namespace’ definition is not allowed here
   14 | namespace StatisticService
      | ^~~~~~~~~
In file included from /home/vitaly/p/Prime-World/pw/branches/r1117/Src/Game/PF/Server/Statistic/StatisticsClientTypes.h:3,
                 from /home/vitaly/p/Prime-World/pw/branches/r1117/Src/PW_Client/GameStatistics.h:7:
/home/vitaly/p/Prime-World/pw/branches/r1117/Src/PF_GameLogic/GameLogicStatisticsTypes.h:5:1: error: ‘namespace’ definition is not allowed here
    5 | namespace StatisticService
      | ^~~~~~~~~
/home/vitaly/p/Prime-World/pw/branches/r1117/Src/Game/PF/Server/Statistic/StatisticsClientTypes.h:5:1: error: ‘namespace’ definition is not allowed here
    5 | namespace StatisticService
      | ^~~~~~~~~
In file included from /home/vitaly/p/Prime-World/pw/branches/r1117/Src/PW_Client/GameStatistics.h:8:
/home/vitaly/p/Prime-World/pw/branches/r1117/Src/Game/PF/Server/Statistic/StatisticsDebugTypes.h:4:1: error: ‘namespace’ definition is not allowed here
    4 | namespace StatisticService
      | ^~~~~~~~~
/home/vitaly/p/Prime-World/pw/branches/r1117/Src/PW_Client/GameStatistics.h:11:1: error: ‘namespace’ definition is not allowed here
   11 | namespace StatisticService
      | ^~~~~~~~~
In file included from /home/vitaly/p/Prime-World/pw/branches/r1117/Src/Game/PF/Client/LobbyPvx/HybridServerNodeImpl.cpp:10:
/home/vitaly/p/Prime-World/pw/branches/r1117/Src/Game/PF/HybridServer/RPeered.auto.h:10:1: error: ‘namespace’ definition is not allowed here
   10 | namespace Peered
      | ^~~~~~~~~
/home/vitaly/p/Prime-World/pw/branches/r1117/Src/Game/PF/HybridServer/RPeered.auto.h:156:1: error: ‘namespace’ definition is not allowed here
  156 | namespace Peered
      | ^~~~~~~~~
/home/vitaly/p/Prime-World/pw/branches/r1117/Src/Game/PF/HybridServer/RPeered.auto.h:242:1: error: ‘namespace’ definition is not allowed here
  242 | namespace Peered
      | ^~~~~~~~~
/home/vitaly/p/Prime-World/pw/branches/r1117/Src/Game/PF/HybridServer/RPeered.auto.h:428:1: error: ‘namespace’ definition is not allowed here
  428 | namespace Peered
      | ^~~~~~~~~
/home/vitaly/p/Prime-World/pw/branches/r1117/Src/Game/PF/HybridServer/RPeered.auto.h:540:1: error: ‘namespace’ definition is not allowed here
  540 | namespace Peered
      | ^~~~~~~~~
In file included from /home/vitaly/p/Prime-World/pw/branches/r1117/Src/Game/PF/Client/LobbyPvx/HybridServerNodeImpl.cpp:11:
/home/vitaly/p/Prime-World/pw/branches/r1117/Src/System/LogFileName.h:5:1: error: ‘namespace’ definition is not allowed here
    5 | namespace NDebug
      | ^~~~~~~~~
In file included from /usr/include/features.h:540,
                 from /usr/include/bits/libc-header-start.h:33,
                 from /usr/include/stdint.h:26,
                 from /usr/lib/gcc/x86_64-pc-linux-gnu/15/include/stdint.h:11,
                 from /home/vitaly/p/Prime-World/pw/branches/r1117/Src/System/types.h:8,
                 from /home/vitaly/p/Prime-World/pw/branches/r1117/Src/System/config.h:47:
/usr/include/fcntl.h:28:1: error: expected unqualified-id before string constant
   28 | __BEGIN_DECLS
      | ^~~~~~~~~~~~~
/usr/include/dirent.h:27:1: error: expected unqualified-id before string constant
   27 | __BEGIN_DECLS
      | ^~~~~~~~~~~~~
/usr/include/bits/dirent_ext.h:23:1: error: expected unqualified-id before string constant
   23 | __BEGIN_DECLS
      | ^~~~~~~~~~~~~
/usr/include/glob.h:23:1: error: expected unqualified-id before string constant
   23 | __BEGIN_DECLS
      | ^~~~~~~~~~~~~
In file included from /home/vitaly/p/Prime-World/pw/branches/r1117/Src/Game/PF/Client/LobbyPvx/HybridServerNodeImpl.cpp:13:
/home/vitaly/p/Prime-World/pw/branches/r1117/Src/System/FileSystem/FileUtils.h:21:1: error: ‘namespace’ definition is not allowed here
   21 | namespace NFile
      | ^~~~~~~~~
In file included from /home/vitaly/p/Prime-World/pw/branches/r1117/Src/Game/PF/Client/LobbyPvx/HybridServerNodeImpl.cpp:14:
/home/vitaly/p/Prime-World/pw/branches/r1117/Src/System/Lifehacks.h:10:1: error: ‘namespace’ definition is not allowed here
   10 | namespace lifehack
      | ^~~~~~~~~
In file included from /home/vitaly/p/Prime-World/pw/branches/r1117/Src/Game/PF/Client/LobbyPvx/HybridServerNodeImpl.cpp:15:
/home/vitaly/p/Prime-World/pw/branches/r1117/Src/System/SafeTextFormatHistogram.h:9:1: error: ‘namespace’ definition is not allowed here
    9 | namespace text
      | ^~~~~~~~~
In file included from /home/vitaly/p/Prime-World/pw/branches/r1117/Src/Game/PF/Client/LobbyPvx/HybridServerNodeImpl.cpp:17:
/home/vitaly/p/Prime-World/pw/branches/r1117/Src/Game/PF/Client/LobbyPvx/NewReplay.h:8:1: error: ‘namespace’ definition is not allowed here
    8 | namespace Login
      | ^~~~~~~~~
/home/vitaly/p/Prime-World/pw/branches/r1117/Src/Game/PF/Client/LobbyPvx/NewReplay.h:13:1: error: ‘namespace’ definition is not allowed here
   13 | namespace Peered
      | ^~~~~~~~~
/home/vitaly/p/Prime-World/pw/branches/r1117/Src/Game/PF/Client/LobbyPvx/NewReplay.h:21:1: error: ‘namespace’ definition is not allowed here
   21 | namespace lobby
      | ^~~~~~~~~
/home/vitaly/p/Prime-World/pw/branches/r1117/Src/Game/PF/Client/LobbyPvx/NewReplay.h:28:1: error: ‘namespace’ definition is not allowed here
   28 | namespace rpc
      | ^~~~~~~~~
/home/vitaly/p/Prime-World/pw/branches/r1117/Src/Game/PF/Client/LobbyPvx/NewReplay.h:33:1: error: ‘namespace’ definition is not allowed here
   33 | namespace Transport
      | ^~~~~~~~~
/home/vitaly/p/Prime-World/pw/branches/r1117/Src/Game/PF/Client/LobbyPvx/NewReplay.h:43:1: error: ‘namespace’ definition is not allowed here
   43 | namespace NCore
      | ^~~~~~~~~
In file included from /home/vitaly/p/Prime-World/pw/branches/r1117/Src/System/../System/Pointers/BaseInterface.h:6,
                 from /home/vitaly/p/Prime-World/pw/branches/r1117/Src/System/../System/Pointers/Pointers.h:4,
                 from /home/vitaly/p/Prime-World/pw/branches/r1117/Src/System/../System/Logger.h:8:
/home/vitaly/p/Prime-World/pw/branches/r1117/Src/System/../System/Pointers/PointersMacroses.h:35:3: error: ‘namespace’ definition is not allowed here
   35 |   namespace ni_detail { \
      |   ^~~~~~~~~
/home/vitaly/p/Prime-World/pw/branches/r1117/Src/Game/PF/Client/LobbyPvx/HybridServerNodeImpl.cpp:20:1: note: in expansion of macro ‘NI_DEFINE_REFCOUNT’
   20 | NI_DEFINE_REFCOUNT( NCore::ServerNode );
      | ^~~~~~~~~~~~~~~~~~
/home/vitaly/p/Prime-World/pw/branches/r1117/Src/Game/PF/Client/LobbyPvx/HybridServerNodeImpl.cpp:24:1: error: ‘namespace’ definition is not allowed here
   24 | namespace NCore
      | ^~~~~~~~~
/home/vitaly/p/Prime-World/pw/branches/r1117/Src/Game/PF/Client/LobbyPvx/HybridServerNodeImpl.cpp:1080:2: error: expected ‘}’ at end of input
 1080 | } // NCore
      |  ^
/home/vitaly/p/Prime-World/pw/branches/r1117/Src/PF_GameLogic/../../Data/GameLogic/FormulaPars.h:117:1: note: to match this ‘{’
  117 | {
      | ^
/home/vitaly/p/Prime-World/pw/branches/r1117/Src/Game/PF/Client/LobbyPvx/HybridServerNodeImpl.cpp:1080:2: warning: no return statement in function returning non-void [-Wreturn-type]
 1080 | } // NCore
      |  ^
make[3]: *** [CMakeFiles/PrimeWorld.dir/build.make:541: CMakeFiles/PrimeWorld.dir/Game/PF/Client/LobbyPvx/HybridServerNodeImpl.cpp.o] Error 1
make[2]: *** [CMakeFiles/Makefile2:87: CMakeFiles/PrimeWorld.dir/all] Error 2
make[1]: *** [CMakeFiles/Makefile2:94: CMakeFiles/PrimeWorld.dir/rule] Error 2
make: *** [Makefile:124: PrimeWorld] Error 2
