[  0%] Building CXX object CMakeFiles/PrimeWorld.dir/PF_GameLogic/AIWorldFacets/FemaleMaleAssistEffect.cpp.o
In file included from /home/vitaly/p/Prime-World/pw/branches/r1117/Src/PF_GameLogic/AIWorldFacets/./../specific.h:21,
                 from /home/vitaly/p/Prime-World/pw/branches/r1117/Src/PF_GameLogic/AIWorldFacets/./../stdafx.h:5,
                 from /home/vitaly/p/Prime-World/pw/branches/r1117/Src/PF_GameLogic/AIWorldFacets/stdafx.h:1,
                 from /home/vitaly/p/Prime-World/pw/branches/r1117/Src/PF_GameLogic/AIWorldFacets/FemaleMaleAssistEffect.cpp:1:
/home/vitaly/p/Prime-World/pw/branches/r1117/Src/PF_GameLogic/AIWorldFacets/./../../Scene/DiAnGrUtils.h:200:8: warning: extra tokens at end of ‘#endif’ directive [-Wendif-labels]
  200 | #endif _DIANGRUTILS_H_
      |        ^~~~~~~~~~~~~~~
In file included from /home/vitaly/p/Prime-World/pw/branches/r1117/Src/./PF_Core/../Scene/DiAnGr.h:17,
                 from /home/vitaly/p/Prime-World/pw/branches/r1117/Src/./PF_Core/../Scene/AnimatedSceneComponent.h:4,
                 from /home/vitaly/p/Prime-World/pw/branches/r1117/Src/./PF_Core/ControlledStatusEffect.h:3,
                 from /home/vitaly/p/Prime-World/pw/branches/r1117/Src/./PF_Core/EffectsPool.h:6,
                 from /home/vitaly/p/Prime-World/pw/branches/r1117/Src/PF_GameLogic/AIWorldFacets/FemaleMaleAssistEffect.cpp:6:
/home/vitaly/p/Prime-World/pw/branches/r1117/Src/./PF_Core/../Scene/DiAnGrUtils.h:200:8: warning: extra tokens at end of ‘#endif’ directive [-Wendif-labels]
  200 | #endif _DIANGRUTILS_H_
      |        ^~~~~~~~~~~~~~~
In file included from /home/vitaly/p/Prime-World/pw/branches/r1117/Src/./PF_Core/../Scene/DiAnGr.h:18:
/home/vitaly/p/Prime-World/pw/branches/r1117/Src/./PF_Core/../Scene/DiAnGrAPI.h:6:8: warning: extra tokens at end of ‘#endif’ directive [-Wendif-labels]
    6 | #endif __DIANGRAPI_H__
      |        ^~~~~~~~~~~~~~~
/home/vitaly/p/Prime-World/pw/branches/r1117/Src/./PF_Core/../Scene/DiAnGr.h:599:10: warning: extra tokens at end of ‘#endif’ directive [-Wendif-labels]
  599 |   #endif DIANGR_SCREEN_DEBUG_GENERAL
      |          ^~~~~~~~~~~~~~~~~~~~~~~~~~~
/home/vitaly/p/Prime-World/pw/branches/r1117/Src/./PF_Core/../Scene/DiAnGr.h:777:8: warning: extra tokens at end of ‘#endif’ directive [-Wendif-labels]
  777 | #endif DIANGR_SCREEN_DEBUG_GENERAL
      |        ^~~~~~~~~~~~~~~~~~~~~~~~~~~
In file included from /home/vitaly/p/Prime-World/pw/branches/r1117/Src/PF_GameLogic/AIWorldFacets/./../../System/../System/Logger.h:7,
                 from /home/vitaly/p/Prime-World/pw/branches/r1117/Src/PF_GameLogic/AIWorldFacets/./../../System/systemStdAfx.h:77,
                 from /home/vitaly/p/Prime-World/pw/branches/r1117/Src/PF_GameLogic/AIWorldFacets/./../stdafx.h:3:
/home/vitaly/p/Prime-World/pw/branches/r1117/Src/PF_GameLogic/AIWorldFacets/./../../System/../System/MultiReaderLock.h:22:14: warning: ‘template<class> class std::auto_ptr’ is deprecated: use 'std::unique_ptr' instead [-Wdeprecated-declarations]
   22 |   const std::auto_ptr< MultiReaderLockImpl > impl_;
      |              ^~~~~~~~
In file included from /usr/lib/gcc/x86_64-pc-linux-gnu/15/include/g++-v15/memory:80,
                 from /home/vitaly/p/Prime-World/pw/branches/r1117/Src/PF_GameLogic/AIWorldFacets/./../../System/../System/MultiReaderLock.h:3:
/usr/lib/gcc/x86_64-pc-linux-gnu/15/include/g++-v15/bits/unique_ptr.h:58:28: note: declared here
   58 |   template<typename> class auto_ptr;
      |                            ^~~~~~~~
In file included from /home/vitaly/p/Prime-World/pw/branches/r1117/Src/PF_GameLogic/AIWorldFacets/./../../System/systemStdAfx.h:162:
/home/vitaly/p/Prime-World/pw/branches/r1117/Src/PF_GameLogic/AIWorldFacets/./../../System/../System/ncircular_buffer.h:293:15: warning: ‘template<class _Category, class _Tp, class _Distance, class _Pointer, class _Reference> struct std::iterator’ is deprecated [-Wdeprecated-declarations]
  293 | : public std::iterator<std::random_access_iterator_tag,
      |               ^~~~~~~~
In file included from /usr/lib/gcc/x86_64-pc-linux-gnu/15/include/g++-v15/bits/stl_algobase.h:65,
                 from /usr/lib/gcc/x86_64-pc-linux-gnu/15/include/g++-v15/bits/specfun.h:43,
                 from /usr/lib/gcc/x86_64-pc-linux-gnu/15/include/g++-v15/cmath:3913,
                 from /usr/lib/gcc/x86_64-pc-linux-gnu/15/include/g++-v15/math.h:36,
                 from /home/vitaly/p/Prime-World/pw/branches/r1117/Src/System/Win32_linux.h:9,
                 from /home/vitaly/p/Prime-World/pw/branches/r1117/Src/System/config.h:51,
                 from /home/vitaly/p/Prime-World/pw/branches/r1117/Src/PF_GameLogic/AIWorldFacets/./../../System/systemStdAfx.h:4:
/usr/lib/gcc/x86_64-pc-linux-gnu/15/include/g++-v15/bits/stl_iterator_base_types.h:129:34: note: declared here
  129 |     struct _GLIBCXX17_DEPRECATED iterator
      |                                  ^~~~~~~~
In file included from /home/vitaly/p/Prime-World/pw/branches/r1117/Src/PF_GameLogic/AIWorldFacets/./../../Render/sampler.h:4,
                 from /home/vitaly/p/Prime-World/pw/branches/r1117/Src/PF_GameLogic/AIWorldFacets/./../../Render/material.h:9,
                 from /home/vitaly/p/Prime-World/pw/branches/r1117/Src/PF_GameLogic/AIWorldFacets/./../../Render/renderstatesmanager.h:5,
                 from /home/vitaly/p/Prime-World/pw/branches/r1117/Src/PF_GameLogic/AIWorldFacets/./../../Render/renderer.h:7,
                 from /home/vitaly/p/Prime-World/pw/branches/r1117/Src/PF_GameLogic/AIWorldFacets/./../specific.h:11:
/home/vitaly/p/Prime-World/pw/branches/r1117/Src/PF_GameLogic/AIWorldFacets/./../../Render/states.h: In member function ‘Render::SamplerState& Render::SamplerState::CreateMask()’:
/home/vitaly/p/Prime-World/pw/branches/r1117/Src/PF_GameLogic/AIWorldFacets/./../../Render/states.h:125:17: warning: conversion from ‘unsigned int’ to ‘unsigned char:3’ changes value from ‘4294967295’ to ‘7’ [-Woverflow]
  125 |     minFilter = UINT_MAX;
      |                 ^~~~~~~~
/home/vitaly/p/Prime-World/pw/branches/r1117/Src/PF_GameLogic/AIWorldFacets/./../../Render/states.h:126:17: warning: conversion from ‘unsigned int’ to ‘unsigned char:1’ changes value from ‘4294967295’ to ‘1’ [-Woverflow]
  126 |     magFilter = UINT_MAX;
      |                 ^~~~~~~~
/home/vitaly/p/Prime-World/pw/branches/r1117/Src/PF_GameLogic/AIWorldFacets/./../../Render/states.h:127:17: warning: conversion from ‘unsigned int’ to ‘unsigned char:2’ changes value from ‘4294967295’ to ‘3’ [-Woverflow]
  127 |     mipFilter = UINT_MAX;
      |                 ^~~~~~~~
/home/vitaly/p/Prime-World/pw/branches/r1117/Src/PF_GameLogic/AIWorldFacets/./../../Render/states.h:128:17: warning: conversion from ‘unsigned int’ to ‘unsigned char:2’ changes value from ‘4294967295’ to ‘3’ [-Woverflow]
  128 |     addressU  = UINT_MAX;
      |                 ^~~~~~~~
/home/vitaly/p/Prime-World/pw/branches/r1117/Src/PF_GameLogic/AIWorldFacets/./../../Render/states.h:129:17: warning: conversion from ‘unsigned int’ to ‘unsigned char:2’ changes value from ‘4294967295’ to ‘3’ [-Woverflow]
  129 |     addressV  = UINT_MAX;
      |                 ^~~~~~~~
/home/vitaly/p/Prime-World/pw/branches/r1117/Src/PF_GameLogic/AIWorldFacets/./../../Render/states.h:130:25: warning: conversion from ‘unsigned int’ to ‘unsigned char:1’ changes value from ‘4294967295’ to ‘1’ [-Woverflow]
  130 |     alwaysFailCompare = UINT_MAX;
      |                         ^~~~~~~~
/home/vitaly/p/Prime-World/pw/branches/r1117/Src/PF_GameLogic/AIWorldFacets/./../../Render/states.h: At global scope:
/home/vitaly/p/Prime-World/pw/branches/r1117/Src/PF_GameLogic/AIWorldFacets/./../../Render/states.h:168:3: warning: converting ‘Render::SamplerState2’ to a base class ‘Render::SamplerState’ will never use a type conversion operator [-Wclass-conversion]
  168 |   operator SamplerState()
      |   ^~~~~~~~
In file included from /home/vitaly/p/Prime-World/pw/branches/r1117/Src/PF_GameLogic/AIWorldFacets/./../../Render/LightsManager.h:5,
                 from /home/vitaly/p/Prime-World/pw/branches/r1117/Src/PF_GameLogic/AIWorldFacets/./../../Render/renderer.h:16:
/home/vitaly/p/Prime-World/pw/branches/r1117/Src/PF_GameLogic/AIWorldFacets/./../../Render/AABB.h:11:16: warning: attribute ignored in declaration of ‘struct Render::AABB’ [-Wattributes]
   11 |         struct AABB
      |                ^~~~
/home/vitaly/p/Prime-World/pw/branches/r1117/Src/PF_GameLogic/AIWorldFacets/./../../Render/AABB.h:11:16: note: attribute for ‘struct Render::AABB’ must follow the ‘struct’ keyword
In file included from /home/vitaly/p/Prime-World/pw/branches/r1117/Src/PF_GameLogic/AIWorldFacets/./../../Render/../Scene/VoxelGrid.h:3,
                 from /home/vitaly/p/Prime-World/pw/branches/r1117/Src/PF_GameLogic/AIWorldFacets/./../../Render/../Scene/CollectionVG.h:6,
                 from /home/vitaly/p/Prime-World/pw/branches/r1117/Src/PF_GameLogic/AIWorldFacets/./../../Render/../Scene/VoxelGridObj.h:3,
                 from /home/vitaly/p/Prime-World/pw/branches/r1117/Src/PF_GameLogic/AIWorldFacets/./../../Render/light.h:4,
                 from /home/vitaly/p/Prime-World/pw/branches/r1117/Src/PF_GameLogic/AIWorldFacets/./../../Render/LightsManager.h:6:
/home/vitaly/p/Prime-World/pw/branches/r1117/Src/Render/ConvexVolume.h:12:16: warning: attribute ignored in declaration of ‘struct Render::FPlane’ [-Wattributes]
   12 |         struct FPlane
      |                ^~~~~~
/home/vitaly/p/Prime-World/pw/branches/r1117/Src/Render/ConvexVolume.h:12:16: note: attribute for ‘struct Render::FPlane’ must follow the ‘struct’ keyword
/home/vitaly/p/Prime-World/pw/branches/r1117/Src/Render/ConvexVolume.h:28:15: warning: attribute ignored in declaration of ‘class Render::ConvexVolume’ [-Wattributes]
   28 |         class ConvexVolume
      |               ^~~~~~~~~~~~
/home/vitaly/p/Prime-World/pw/branches/r1117/Src/Render/ConvexVolume.h:28:15: note: attribute for ‘class Render::ConvexVolume’ must follow the ‘class’ keyword
In file included from /home/vitaly/p/Prime-World/pw/branches/r1117/Src/PF_GameLogic/AIWorldFacets/./../../Scene/SceneComponent.h:8,
                 from /home/vitaly/p/Prime-World/pw/branches/r1117/Src/PF_GameLogic/AIWorldFacets/./../../Scene/SceneObject.h:2,
                 from /home/vitaly/p/Prime-World/pw/branches/r1117/Src/PF_GameLogic/AIWorldFacets/./../specific.h:19:
/home/vitaly/p/Prime-World/pw/branches/r1117/Src/PF_GameLogic/AIWorldFacets/./../../Scene/../Render/RenderComponent.h:40:7: warning: attribute ignored in declaration of ‘class Render::RenderComponent’ [-Wattributes]
   40 | class RenderComponent : public NonCopyable
      |       ^~~~~~~~~~~~~~~
/home/vitaly/p/Prime-World/pw/branches/r1117/Src/PF_GameLogic/AIWorldFacets/./../../Scene/../Render/RenderComponent.h:40:7: note: attribute for ‘class Render::RenderComponent’ must follow the ‘class’ keyword
In file included from /usr/include/iconv.h:23,
                 from /home/vitaly/p/Prime-World/pw/branches/r1117/Src/PF_GameLogic/AIWorldFacets/./../../System/systemStdAfx.h:62:
/home/vitaly/p/Prime-World/pw/branches/r1117/Src/PF_GameLogic/AIWorldFacets/./../../Scene/../Render/MaterialSpec.h: In member function ‘virtual int Render::AIGeometryMaterialType::SignificantPartLength() const’:
/home/vitaly/p/Prime-World/pw/branches/r1117/Src/PF_GameLogic/AIWorldFacets/./../../Scene/../Render/MaterialSpec.h:208:70: warning: ‘offsetof’ within non-standard-layout type ‘Render::AIGeometryMaterialType’ is conditionally-supported [-Winvalid-offsetof]
  208 |         virtual int SignificantPartLength() const { return offsetof( AIGeometryMaterialType, renderState ) - offsetof( AIGeometryMaterialType, renderState ) + sizeof( renderState ); }
      |                                                                      ^
/home/vitaly/p/Prime-World/pw/branches/r1117/Src/PF_GameLogic/AIWorldFacets/./../../Scene/../Render/MaterialSpec.h:208:120: warning: ‘offsetof’ within non-standard-layout type ‘Render::AIGeometryMaterialType’ is conditionally-supported [-Winvalid-offsetof]
  208 |         virtual int SignificantPartLength() const { return offsetof( AIGeometryMaterialType, renderState ) - offsetof( AIGeometryMaterialType, renderState ) + sizeof( renderState ); }
      |                                                                                                                        ^
/home/vitaly/p/Prime-World/pw/branches/r1117/Src/PF_GameLogic/AIWorldFacets/./../../Scene/../Render/MaterialSpec.h: In member function ‘virtual int Render::AOEMaterial::SignificantPartLength() const’:
/home/vitaly/p/Prime-World/pw/branches/r1117/Src/PF_GameLogic/AIWorldFacets/./../../Scene/../Render/MaterialSpec.h:307:70: warning: ‘offsetof’ within non-standard-layout type ‘Render::AOEMaterial’ is conditionally-supported [-Winvalid-offsetof]
  307 |         virtual int SignificantPartLength() const { return offsetof( AOEMaterial, aspectRatio ) - offsetof( AOEMaterial, renderState ) + sizeof( aspectRatio ); }
      |                                                                      ^
/home/vitaly/p/Prime-World/pw/branches/r1117/Src/PF_GameLogic/AIWorldFacets/./../../Scene/../Render/MaterialSpec.h:307:109: warning: ‘offsetof’ within non-standard-layout type ‘Render::AOEMaterial’ is conditionally-supported [-Winvalid-offsetof]
  307 |         virtual int SignificantPartLength() const { return offsetof( AOEMaterial, aspectRatio ) - offsetof( AOEMaterial, renderState ) + sizeof( aspectRatio ); }
      |                                                                                                             ^
/home/vitaly/p/Prime-World/pw/branches/r1117/Src/PF_GameLogic/AIWorldFacets/./../../Scene/../Render/MaterialSpec.h: In static member function ‘static void Render::AOEMaterial::InitSamplersOffsets()’:
/home/vitaly/p/Prime-World/pw/branches/r1117/Src/PF_GameLogic/AIWorldFacets/./../../Scene/../Render/MaterialSpec.h:341:36: warning: ‘offsetof’ within non-standard-layout type ‘Render::AOEMaterial’ is conditionally-supported [-Winvalid-offsetof]
  341 |     samplersOffsets[0] = offsetof( AOEMaterial, DiffuseMap );
      |                                    ^
/home/vitaly/p/Prime-World/pw/branches/r1117/Src/PF_GameLogic/AIWorldFacets/./../../Scene/../Render/MaterialSpec.h: In member function ‘virtual int Render::BasicFXMaterial::SignificantPartLength() const’:
/home/vitaly/p/Prime-World/pw/branches/r1117/Src/PF_GameLogic/AIWorldFacets/./../../Scene/../Render/MaterialSpec.h:453:70: warning: ‘offsetof’ within non-standard-layout type ‘Render::BasicFXMaterial’ is conditionally-supported [-Winvalid-offsetof]
  453 |         virtual int SignificantPartLength() const { return offsetof( BasicFXMaterial, vOffset ) - offsetof( BasicFXMaterial, renderState ) + sizeof( vOffset ); }
      |                                                                      ^
/home/vitaly/p/Prime-World/pw/branches/r1117/Src/PF_GameLogic/AIWorldFacets/./../../Scene/../Render/MaterialSpec.h:453:109: warning: ‘offsetof’ within non-standard-layout type ‘Render::BasicFXMaterial’ is conditionally-supported [-Winvalid-offsetof]
  453 |         virtual int SignificantPartLength() const { return offsetof( BasicFXMaterial, vOffset ) - offsetof( BasicFXMaterial, renderState ) + sizeof( vOffset ); }
      |                                                                                                             ^
/home/vitaly/p/Prime-World/pw/branches/r1117/Src/PF_GameLogic/AIWorldFacets/./../../Scene/../Render/MaterialSpec.h: In static member function ‘static void Render::BasicFXMaterial::InitSamplersOffsets()’:
/home/vitaly/p/Prime-World/pw/branches/r1117/Src/PF_GameLogic/AIWorldFacets/./../../Scene/../Render/MaterialSpec.h:507:36: warning: ‘offsetof’ within non-standard-layout type ‘Render::BasicFXMaterial’ is conditionally-supported [-Winvalid-offsetof]
  507 |     samplersOffsets[0] = offsetof( BasicFXMaterial, DiffuseMap );
      |                                    ^
/home/vitaly/p/Prime-World/pw/branches/r1117/Src/PF_GameLogic/AIWorldFacets/./../../Scene/../Render/MaterialSpec.h: In member function ‘virtual int Render::BasicMaskMaterial::SignificantPartLength() const’:
/home/vitaly/p/Prime-World/pw/branches/r1117/Src/PF_GameLogic/AIWorldFacets/./../../Scene/../Render/MaterialSpec.h:595:70: warning: ‘offsetof’ within non-standard-layout type ‘Render::BasicMaskMaterial’ is conditionally-supported [-Winvalid-offsetof]
  595 |         virtual int SignificantPartLength() const { return offsetof( BasicMaskMaterial, isBlendModeOverrided ) - offsetof( BasicMaskMaterial, renderState ) + sizeof( isBlendModeOverrided ); }
      |                                                                      ^
/home/vitaly/p/Prime-World/pw/branches/r1117/Src/PF_GameLogic/AIWorldFacets/./../../Scene/../Render/MaterialSpec.h:595:124: warning: ‘offsetof’ within non-standard-layout type ‘Render::BasicMaskMaterial’ is conditionally-supported [-Winvalid-offsetof]
  595 |         virtual int SignificantPartLength() const { return offsetof( BasicMaskMaterial, isBlendModeOverrided ) - offsetof( BasicMaskMaterial, renderState ) + sizeof( isBlendModeOverrided ); }
      |                                                                                                                            ^
/home/vitaly/p/Prime-World/pw/branches/r1117/Src/PF_GameLogic/AIWorldFacets/./../../Scene/../Render/MaterialSpec.h: In static member function ‘static void Render::BasicMaskMaterial::InitSamplersOffsets()’:
/home/vitaly/p/Prime-World/pw/branches/r1117/Src/PF_GameLogic/AIWorldFacets/./../../Scene/../Render/MaterialSpec.h:628:36: warning: ‘offsetof’ within non-standard-layout type ‘Render::BasicMaskMaterial’ is conditionally-supported [-Winvalid-offsetof]
  628 |     samplersOffsets[0] = offsetof( BasicMaskMaterial, Diffuse );
      |                                    ^
/home/vitaly/p/Prime-World/pw/branches/r1117/Src/PF_GameLogic/AIWorldFacets/./../../Scene/../Render/MaterialSpec.h:629:36: warning: ‘offsetof’ within non-standard-layout type ‘Render::BasicMaskMaterial’ is conditionally-supported [-Winvalid-offsetof]
  629 |     samplersOffsets[1] = offsetof( BasicMaskMaterial, Mask );
      |                                    ^
/home/vitaly/p/Prime-World/pw/branches/r1117/Src/PF_GameLogic/AIWorldFacets/./../../Scene/../Render/MaterialSpec.h: In member function ‘virtual int Render::BasicMaterial::SignificantPartLength() const’:
/home/vitaly/p/Prime-World/pw/branches/r1117/Src/PF_GameLogic/AIWorldFacets/./../../Scene/../Render/MaterialSpec.h:743:70: warning: ‘offsetof’ within non-standard-layout type ‘Render::BasicMaterial’ is conditionally-supported [-Winvalid-offsetof]
  743 |         virtual int SignificantPartLength() const { return offsetof( BasicMaterial, specialTransparency ) - offsetof( BasicMaterial, renderState ) + sizeof( specialTransparency ); }
      |                                                                      ^
/home/vitaly/p/Prime-World/pw/branches/r1117/Src/PF_GameLogic/AIWorldFacets/./../../Scene/../Render/MaterialSpec.h:743:119: warning: ‘offsetof’ within non-standard-layout type ‘Render::BasicMaterial’ is conditionally-supported [-Winvalid-offsetof]
  743 |         virtual int SignificantPartLength() const { return offsetof( BasicMaterial, specialTransparency ) - offsetof( BasicMaterial, renderState ) + sizeof( specialTransparency ); }
      |                                                                                                                       ^
/home/vitaly/p/Prime-World/pw/branches/r1117/Src/PF_GameLogic/AIWorldFacets/./../../Scene/../Render/MaterialSpec.h: In static member function ‘static void Render::BasicMaterial::InitSamplersOffsets()’:
/home/vitaly/p/Prime-World/pw/branches/r1117/Src/PF_GameLogic/AIWorldFacets/./../../Scene/../Render/MaterialSpec.h:784:36: warning: ‘offsetof’ within non-standard-layout type ‘Render::BasicMaterial’ is conditionally-supported [-Winvalid-offsetof]
  784 |     samplersOffsets[0] = offsetof( BasicMaterial, DiffuseMap );
      |                                    ^
/home/vitaly/p/Prime-World/pw/branches/r1117/Src/PF_GameLogic/AIWorldFacets/./../../Scene/../Render/MaterialSpec.h:785:36: warning: ‘offsetof’ within non-standard-layout type ‘Render::BasicMaterial’ is conditionally-supported [-Winvalid-offsetof]
  785 |     samplersOffsets[1] = offsetof( BasicMaterial, NormalMap );
      |                                    ^
/home/vitaly/p/Prime-World/pw/branches/r1117/Src/PF_GameLogic/AIWorldFacets/./../../Scene/../Render/MaterialSpec.h:786:36: warning: ‘offsetof’ within non-standard-layout type ‘Render::BasicMaterial’ is conditionally-supported [-Winvalid-offsetof]
  786 |     samplersOffsets[2] = offsetof( BasicMaterial, SpecularMap );
      |                                    ^
/home/vitaly/p/Prime-World/pw/branches/r1117/Src/PF_GameLogic/AIWorldFacets/./../../Scene/../Render/MaterialSpec.h:787:36: warning: ‘offsetof’ within non-standard-layout type ‘Render::BasicMaterial’ is conditionally-supported [-Winvalid-offsetof]
  787 |     samplersOffsets[3] = offsetof( BasicMaterial, ReflectionMap );
      |                                    ^
/home/vitaly/p/Prime-World/pw/branches/r1117/Src/PF_GameLogic/AIWorldFacets/./../../Scene/../Render/MaterialSpec.h: In member function ‘virtual int Render::DecalMaterial::SignificantPartLength() const’:
/home/vitaly/p/Prime-World/pw/branches/r1117/Src/PF_GameLogic/AIWorldFacets/./../../Scene/../Render/MaterialSpec.h:976:70: warning: ‘offsetof’ within non-standard-layout type ‘Render::DecalMaterial’ is conditionally-supported [-Winvalid-offsetof]
  976 |         virtual int SignificantPartLength() const { return offsetof( DecalMaterial, isBlendModeOverrided ) - offsetof( DecalMaterial, renderState ) + sizeof( isBlendModeOverrided ); }
      |                                                                      ^
/home/vitaly/p/Prime-World/pw/branches/r1117/Src/PF_GameLogic/AIWorldFacets/./../../Scene/../Render/MaterialSpec.h:976:120: warning: ‘offsetof’ within non-standard-layout type ‘Render::DecalMaterial’ is conditionally-supported [-Winvalid-offsetof]
  976 |         virtual int SignificantPartLength() const { return offsetof( DecalMaterial, isBlendModeOverrided ) - offsetof( DecalMaterial, renderState ) + sizeof( isBlendModeOverrided ); }
      |                                                                                                                        ^
/home/vitaly/p/Prime-World/pw/branches/r1117/Src/PF_GameLogic/AIWorldFacets/./../../Scene/../Render/MaterialSpec.h: In static member function ‘static void Render::DecalMaterial::InitSamplersOffsets()’:
/home/vitaly/p/Prime-World/pw/branches/r1117/Src/PF_GameLogic/AIWorldFacets/./../../Scene/../Render/MaterialSpec.h:1020:36: warning: ‘offsetof’ within non-standard-layout type ‘Render::DecalMaterial’ is conditionally-supported [-Winvalid-offsetof]
 1020 |     samplersOffsets[0] = offsetof( DecalMaterial, DiffuseMap );
      |                                    ^
/home/vitaly/p/Prime-World/pw/branches/r1117/Src/PF_GameLogic/AIWorldFacets/./../../Scene/../Render/MaterialSpec.h: In member function ‘virtual int Render::DecalTerrainMaterial::SignificantPartLength() const’:
/home/vitaly/p/Prime-World/pw/branches/r1117/Src/PF_GameLogic/AIWorldFacets/./../../Scene/../Render/MaterialSpec.h:1140:70: warning: ‘offsetof’ within non-standard-layout type ‘Render::DecalTerrainMaterial’ is conditionally-supported [-Winvalid-offsetof]
 1140 |         virtual int SignificantPartLength() const { return offsetof( DecalTerrainMaterial, isBlendModeOverrided ) - offsetof( DecalTerrainMaterial, renderState ) + sizeof( isBlendModeOverrided ); }
      |                                                                      ^
/home/vitaly/p/Prime-World/pw/branches/r1117/Src/PF_GameLogic/AIWorldFacets/./../../Scene/../Render/MaterialSpec.h:1140:127: warning: ‘offsetof’ within non-standard-layout type ‘Render::DecalTerrainMaterial’ is conditionally-supported [-Winvalid-offsetof]
 1140 |         virtual int SignificantPartLength() const { return offsetof( DecalTerrainMaterial, isBlendModeOverrided ) - offsetof( DecalTerrainMaterial, renderState ) + sizeof( isBlendModeOverrided ); }
      |                                                                                                                               ^
/home/vitaly/p/Prime-World/pw/branches/r1117/Src/PF_GameLogic/AIWorldFacets/./../../Scene/../Render/MaterialSpec.h: In static member function ‘static void Render::DecalTerrainMaterial::InitSamplersOffsets()’:
/home/vitaly/p/Prime-World/pw/branches/r1117/Src/PF_GameLogic/AIWorldFacets/./../../Scene/../Render/MaterialSpec.h:1185:36: warning: ‘offsetof’ within non-standard-layout type ‘Render::DecalTerrainMaterial’ is conditionally-supported [-Winvalid-offsetof]
 1185 |     samplersOffsets[0] = offsetof( DecalTerrainMaterial, DiffuseMap );
      |                                    ^
/home/vitaly/p/Prime-World/pw/branches/r1117/Src/PF_GameLogic/AIWorldFacets/./../../Scene/../Render/MaterialSpec.h:1186:36: warning: ‘offsetof’ within non-standard-layout type ‘Render::DecalTerrainMaterial’ is conditionally-supported [-Winvalid-offsetof]
 1186 |     samplersOffsets[1] = offsetof( DecalTerrainMaterial, MaskMap );
      |                                    ^
/home/vitaly/p/Prime-World/pw/branches/r1117/Src/PF_GameLogic/AIWorldFacets/./../../Scene/../Render/MaterialSpec.h: In member function ‘virtual int Render::DropMaterial::SignificantPartLength() const’:
/home/vitaly/p/Prime-World/pw/branches/r1117/Src/PF_GameLogic/AIWorldFacets/./../../Scene/../Render/MaterialSpec.h:1364:70: warning: ‘offsetof’ within non-standard-layout type ‘Render::DropMaterial’ is conditionally-supported [-Winvalid-offsetof]
 1364 |         virtual int SignificantPartLength() const { return offsetof( DropMaterial, vOffset2 ) - offsetof( DropMaterial, renderState ) + sizeof( vOffset2 ); }
      |                                                                      ^
/home/vitaly/p/Prime-World/pw/branches/r1117/Src/PF_GameLogic/AIWorldFacets/./../../Scene/../Render/MaterialSpec.h:1364:107: warning: ‘offsetof’ within non-standard-layout type ‘Render::DropMaterial’ is conditionally-supported [-Winvalid-offsetof]
 1364 |         virtual int SignificantPartLength() const { return offsetof( DropMaterial, vOffset2 ) - offsetof( DropMaterial, renderState ) + sizeof( vOffset2 ); }
      |                                                                                                           ^
/home/vitaly/p/Prime-World/pw/branches/r1117/Src/PF_GameLogic/AIWorldFacets/./../../Scene/../Render/MaterialSpec.h: In static member function ‘static void Render::DropMaterial::InitSamplersOffsets()’:
/home/vitaly/p/Prime-World/pw/branches/r1117/Src/PF_GameLogic/AIWorldFacets/./../../Scene/../Render/MaterialSpec.h:1419:36: warning: ‘offsetof’ within non-standard-layout type ‘Render::DropMaterial’ is conditionally-supported [-Winvalid-offsetof]
 1419 |     samplersOffsets[0] = offsetof( DropMaterial, DiffuseMap );
      |                                    ^
/home/vitaly/p/Prime-World/pw/branches/r1117/Src/PF_GameLogic/AIWorldFacets/./../../Scene/../Render/MaterialSpec.h:1420:36: warning: ‘offsetof’ within non-standard-layout type ‘Render::DropMaterial’ is conditionally-supported [-Winvalid-offsetof]
 1420 |     samplersOffsets[1] = offsetof( DropMaterial, NormalMap );
      |                                    ^
/home/vitaly/p/Prime-World/pw/branches/r1117/Src/PF_GameLogic/AIWorldFacets/./../../Scene/../Render/MaterialSpec.h:1421:36: warning: ‘offsetof’ within non-standard-layout type ‘Render::DropMaterial’ is conditionally-supported [-Winvalid-offsetof]
 1421 |     samplersOffsets[2] = offsetof( DropMaterial, SpecularMap );
      |                                    ^
/home/vitaly/p/Prime-World/pw/branches/r1117/Src/PF_GameLogic/AIWorldFacets/./../../Scene/../Render/MaterialSpec.h:1422:36: warning: ‘offsetof’ within non-standard-layout type ‘Render::DropMaterial’ is conditionally-supported [-Winvalid-offsetof]
 1422 |     samplersOffsets[3] = offsetof( DropMaterial, ReflectionMap );
      |                                    ^
/home/vitaly/p/Prime-World/pw/branches/r1117/Src/PF_GameLogic/AIWorldFacets/./../../Scene/../Render/MaterialSpec.h: In member function ‘virtual int Render::FullScreenMaterial::SignificantPartLength() const’:
/home/vitaly/p/Prime-World/pw/branches/r1117/Src/PF_GameLogic/AIWorldFacets/./../../Scene/../Render/MaterialSpec.h:1516:70: warning: ‘offsetof’ within non-standard-layout type ‘Render::FullScreenMaterial’ is conditionally-supported [-Winvalid-offsetof]
 1516 |         virtual int SignificantPartLength() const { return offsetof( FullScreenMaterial, BloomMap ) - offsetof( FullScreenMaterial, renderState ) + sizeof( BloomMap ); }
      |                                                                      ^
/home/vitaly/p/Prime-World/pw/branches/r1117/Src/PF_GameLogic/AIWorldFacets/./../../Scene/../Render/MaterialSpec.h:1516:113: warning: ‘offsetof’ within non-standard-layout type ‘Render::FullScreenMaterial’ is conditionally-supported [-Winvalid-offsetof]
 1516 |         virtual int SignificantPartLength() const { return offsetof( FullScreenMaterial, BloomMap ) - offsetof( FullScreenMaterial, renderState ) + sizeof( BloomMap ); }
      |                                                                                                                 ^
/home/vitaly/p/Prime-World/pw/branches/r1117/Src/PF_GameLogic/AIWorldFacets/./../../Scene/../Render/MaterialSpec.h: In static member function ‘static void Render::FullScreenMaterial::InitSamplersOffsets()’:
/home/vitaly/p/Prime-World/pw/branches/r1117/Src/PF_GameLogic/AIWorldFacets/./../../Scene/../Render/MaterialSpec.h:1566:36: warning: ‘offsetof’ within non-standard-layout type ‘Render::FullScreenMaterial’ is conditionally-supported [-Winvalid-offsetof]
 1566 |     samplersOffsets[0] = offsetof( FullScreenMaterial, DepthMap );
      |                                    ^
/home/vitaly/p/Prime-World/pw/branches/r1117/Src/PF_GameLogic/AIWorldFacets/./../../Scene/../Render/MaterialSpec.h:1567:36: warning: ‘offsetof’ within non-standard-layout type ‘Render::FullScreenMaterial’ is conditionally-supported [-Winvalid-offsetof]
 1567 |     samplersOffsets[1] = offsetof( FullScreenMaterial, DiffuseMap );
      |                                    ^
/home/vitaly/p/Prime-World/pw/branches/r1117/Src/PF_GameLogic/AIWorldFacets/./../../Scene/../Render/MaterialSpec.h:1568:36: warning: ‘offsetof’ within non-standard-layout type ‘Render::FullScreenMaterial’ is conditionally-supported [-Winvalid-offsetof]
 1568 |     samplersOffsets[2] = offsetof( FullScreenMaterial, BloomMap );
      |                                    ^
/home/vitaly/p/Prime-World/pw/branches/r1117/Src/PF_GameLogic/AIWorldFacets/./../../Scene/../Render/MaterialSpec.h: In member function ‘virtual int Render::GrassMaterial::SignificantPartLength() const’:
/home/vitaly/p/Prime-World/pw/branches/r1117/Src/PF_GameLogic/AIWorldFacets/./../../Scene/../Render/MaterialSpec.h:1639:70: warning: ‘offsetof’ within non-standard-layout type ‘Render::GrassMaterial’ is conditionally-supported [-Winvalid-offsetof]
 1639 |         virtual int SignificantPartLength() const { return offsetof( GrassMaterial, elasticity ) - offsetof( GrassMaterial, renderState ) + sizeof( elasticity ); }
      |                                                                      ^
/home/vitaly/p/Prime-World/pw/branches/r1117/Src/PF_GameLogic/AIWorldFacets/./../../Scene/../Render/MaterialSpec.h:1639:110: warning: ‘offsetof’ within non-standard-layout type ‘Render::GrassMaterial’ is conditionally-supported [-Winvalid-offsetof]
 1639 |         virtual int SignificantPartLength() const { return offsetof( GrassMaterial, elasticity ) - offsetof( GrassMaterial, renderState ) + sizeof( elasticity ); }
      |                                                                                                              ^
/home/vitaly/p/Prime-World/pw/branches/r1117/Src/PF_GameLogic/AIWorldFacets/./../../Scene/../Render/MaterialSpec.h: In static member function ‘static void Render::GrassMaterial::InitSamplersOffsets()’:
/home/vitaly/p/Prime-World/pw/branches/r1117/Src/PF_GameLogic/AIWorldFacets/./../../Scene/../Render/MaterialSpec.h:1673:36: warning: ‘offsetof’ within non-standard-layout type ‘Render::GrassMaterial’ is conditionally-supported [-Winvalid-offsetof]
 1673 |     samplersOffsets[0] = offsetof( GrassMaterial, FrozenDiffuseMap );
      |                                    ^
/home/vitaly/p/Prime-World/pw/branches/r1117/Src/PF_GameLogic/AIWorldFacets/./../../Scene/../Render/MaterialSpec.h:1674:36: warning: ‘offsetof’ within non-standard-layout type ‘Render::GrassMaterial’ is conditionally-supported [-Winvalid-offsetof]
 1674 |     samplersOffsets[1] = offsetof( GrassMaterial, NormalDiffuseMap );
      |                                    ^
/home/vitaly/p/Prime-World/pw/branches/r1117/Src/PF_GameLogic/AIWorldFacets/./../../Scene/../Render/MaterialSpec.h:1675:36: warning: ‘offsetof’ within non-standard-layout type ‘Render::GrassMaterial’ is conditionally-supported [-Winvalid-offsetof]
 1675 |     samplersOffsets[2] = offsetof( GrassMaterial, BurnedDiffuseMap );
      |                                    ^
/home/vitaly/p/Prime-World/pw/branches/r1117/Src/PF_GameLogic/AIWorldFacets/./../../Scene/../Render/MaterialSpec.h: In member function ‘virtual int Render::HeightfogMaterial::SignificantPartLength() const’:
/home/vitaly/p/Prime-World/pw/branches/r1117/Src/PF_GameLogic/AIWorldFacets/./../../Scene/../Render/MaterialSpec.h:1760:70: warning: ‘offsetof’ within non-standard-layout type ‘Render::HeightfogMaterial’ is conditionally-supported [-Winvalid-offsetof]
 1760 |         virtual int SignificantPartLength() const { return offsetof( HeightfogMaterial, halfFadeDistance ) - offsetof( HeightfogMaterial, renderState ) + sizeof( halfFadeDistance ); }
      |                                                                      ^
/home/vitaly/p/Prime-World/pw/branches/r1117/Src/PF_GameLogic/AIWorldFacets/./../../Scene/../Render/MaterialSpec.h:1760:120: warning: ‘offsetof’ within non-standard-layout type ‘Render::HeightfogMaterial’ is conditionally-supported [-Winvalid-offsetof]
 1760 |         virtual int SignificantPartLength() const { return offsetof( HeightfogMaterial, halfFadeDistance ) - offsetof( HeightfogMaterial, renderState ) + sizeof( halfFadeDistance ); }
      |                                                                                                                        ^
/home/vitaly/p/Prime-World/pw/branches/r1117/Src/PF_GameLogic/AIWorldFacets/./../../Scene/../Render/MaterialSpec.h: In static member function ‘static void Render::HeightfogMaterial::InitSamplersOffsets()’:
/home/vitaly/p/Prime-World/pw/branches/r1117/Src/PF_GameLogic/AIWorldFacets/./../../Scene/../Render/MaterialSpec.h:1792:36: warning: ‘offsetof’ within non-standard-layout type ‘Render::HeightfogMaterial’ is conditionally-supported [-Winvalid-offsetof]
 1792 |     samplersOffsets[0] = offsetof( HeightfogMaterial, noiseMap );
      |                                    ^
/home/vitaly/p/Prime-World/pw/branches/r1117/Src/PF_GameLogic/AIWorldFacets/./../../Scene/../Render/MaterialSpec.h: In member function ‘virtual int Render::LightningMaterial::SignificantPartLength() const’:
/home/vitaly/p/Prime-World/pw/branches/r1117/Src/PF_GameLogic/AIWorldFacets/./../../Scene/../Render/MaterialSpec.h:1849:70: warning: ‘offsetof’ within non-standard-layout type ‘Render::LightningMaterial’ is conditionally-supported [-Winvalid-offsetof]
 1849 |         virtual int SignificantPartLength() const { return offsetof( LightningMaterial, DiffuseMap ) - offsetof( LightningMaterial, renderState ) + sizeof( DiffuseMap ); }
      |                                                                      ^
/home/vitaly/p/Prime-World/pw/branches/r1117/Src/PF_GameLogic/AIWorldFacets/./../../Scene/../Render/MaterialSpec.h:1849:114: warning: ‘offsetof’ within non-standard-layout type ‘Render::LightningMaterial’ is conditionally-supported [-Winvalid-offsetof]
 1849 |         virtual int SignificantPartLength() const { return offsetof( LightningMaterial, DiffuseMap ) - offsetof( LightningMaterial, renderState ) + sizeof( DiffuseMap ); }
      |                                                                                                                  ^
/home/vitaly/p/Prime-World/pw/branches/r1117/Src/PF_GameLogic/AIWorldFacets/./../../Scene/../Render/MaterialSpec.h: In static member function ‘static void Render::LightningMaterial::InitSamplersOffsets()’:
/home/vitaly/p/Prime-World/pw/branches/r1117/Src/PF_GameLogic/AIWorldFacets/./../../Scene/../Render/MaterialSpec.h:1881:36: warning: ‘offsetof’ within non-standard-layout type ‘Render::LightningMaterial’ is conditionally-supported [-Winvalid-offsetof]
 1881 |     samplersOffsets[0] = offsetof( LightningMaterial, DiffuseMap );
      |                                    ^
/home/vitaly/p/Prime-World/pw/branches/r1117/Src/PF_GameLogic/AIWorldFacets/./../../Scene/../Render/MaterialSpec.h: In member function ‘virtual int Render::PaintMaterial::SignificantPartLength() const’:
/home/vitaly/p/Prime-World/pw/branches/r1117/Src/PF_GameLogic/AIWorldFacets/./../../Scene/../Render/MaterialSpec.h:2042:70: warning: ‘offsetof’ within non-standard-layout type ‘Render::PaintMaterial’ is conditionally-supported [-Winvalid-offsetof]
 2042 |         virtual int SignificantPartLength() const { return offsetof( PaintMaterial, isBlendModeOverrided ) - offsetof( PaintMaterial, renderState ) + sizeof( isBlendModeOverrided ); }
      |                                                                      ^
/home/vitaly/p/Prime-World/pw/branches/r1117/Src/PF_GameLogic/AIWorldFacets/./../../Scene/../Render/MaterialSpec.h:2042:120: warning: ‘offsetof’ within non-standard-layout type ‘Render::PaintMaterial’ is conditionally-supported [-Winvalid-offsetof]
 2042 |         virtual int SignificantPartLength() const { return offsetof( PaintMaterial, isBlendModeOverrided ) - offsetof( PaintMaterial, renderState ) + sizeof( isBlendModeOverrided ); }
      |                                                                                                                        ^
/home/vitaly/p/Prime-World/pw/branches/r1117/Src/PF_GameLogic/AIWorldFacets/./../../Scene/../Render/MaterialSpec.h: In static member function ‘static void Render::PaintMaterial::InitSamplersOffsets()’:
/home/vitaly/p/Prime-World/pw/branches/r1117/Src/PF_GameLogic/AIWorldFacets/./../../Scene/../Render/MaterialSpec.h:2082:36: warning: ‘offsetof’ within non-standard-layout type ‘Render::PaintMaterial’ is conditionally-supported [-Winvalid-offsetof]
 2082 |     samplersOffsets[0] = offsetof( PaintMaterial, Draft );
      |                                    ^
/home/vitaly/p/Prime-World/pw/branches/r1117/Src/PF_GameLogic/AIWorldFacets/./../../Scene/../Render/MaterialSpec.h:2083:36: warning: ‘offsetof’ within non-standard-layout type ‘Render::PaintMaterial’ is conditionally-supported [-Winvalid-offsetof]
 2083 |     samplersOffsets[1] = offsetof( PaintMaterial, Background );
      |                                    ^
/home/vitaly/p/Prime-World/pw/branches/r1117/Src/PF_GameLogic/AIWorldFacets/./../../Scene/../Render/MaterialSpec.h:2084:36: warning: ‘offsetof’ within non-standard-layout type ‘Render::PaintMaterial’ is conditionally-supported [-Winvalid-offsetof]
 2084 |     samplersOffsets[2] = offsetof( PaintMaterial, BaseBackground );
      |                                    ^
/home/vitaly/p/Prime-World/pw/branches/r1117/Src/PF_GameLogic/AIWorldFacets/./../../Scene/../Render/MaterialSpec.h:2085:36: warning: ‘offsetof’ within non-standard-layout type ‘Render::PaintMaterial’ is conditionally-supported [-Winvalid-offsetof]
 2085 |     samplersOffsets[3] = offsetof( PaintMaterial, Complete );
      |                                    ^
/home/vitaly/p/Prime-World/pw/branches/r1117/Src/PF_GameLogic/AIWorldFacets/./../../Scene/../Render/MaterialSpec.h:2086:36: warning: ‘offsetof’ within non-standard-layout type ‘Render::PaintMaterial’ is conditionally-supported [-Winvalid-offsetof]
 2086 |     samplersOffsets[4] = offsetof( PaintMaterial, Mask );
      |                                    ^
/home/vitaly/p/Prime-World/pw/branches/r1117/Src/PF_GameLogic/AIWorldFacets/./../../Scene/../Render/MaterialSpec.h: In member function ‘virtual int Render::ParticleFXMaterial::SignificantPartLength() const’:
/home/vitaly/p/Prime-World/pw/branches/r1117/Src/PF_GameLogic/AIWorldFacets/./../../Scene/../Render/MaterialSpec.h:2165:70: warning: ‘offsetof’ within non-standard-layout type ‘Render::ParticleFXMaterial’ is conditionally-supported [-Winvalid-offsetof]
 2165 |         virtual int SignificantPartLength() const { return offsetof( ParticleFXMaterial, scale ) - offsetof( ParticleFXMaterial, renderState ) + sizeof( scale ); }
      |                                                                      ^
/home/vitaly/p/Prime-World/pw/branches/r1117/Src/PF_GameLogic/AIWorldFacets/./../../Scene/../Render/MaterialSpec.h:2165:110: warning: ‘offsetof’ within non-standard-layout type ‘Render::ParticleFXMaterial’ is conditionally-supported [-Winvalid-offsetof]
 2165 |         virtual int SignificantPartLength() const { return offsetof( ParticleFXMaterial, scale ) - offsetof( ParticleFXMaterial, renderState ) + sizeof( scale ); }
      |                                                                                                              ^
/home/vitaly/p/Prime-World/pw/branches/r1117/Src/PF_GameLogic/AIWorldFacets/./../../Scene/../Render/MaterialSpec.h: In static member function ‘static void Render::ParticleFXMaterial::InitSamplersOffsets()’:
/home/vitaly/p/Prime-World/pw/branches/r1117/Src/PF_GameLogic/AIWorldFacets/./../../Scene/../Render/MaterialSpec.h:2203:36: warning: ‘offsetof’ within non-standard-layout type ‘Render::ParticleFXMaterial’ is conditionally-supported [-Winvalid-offsetof]
 2203 |     samplersOffsets[0] = offsetof( ParticleFXMaterial, DiffuseMap );
      |                                    ^
/home/vitaly/p/Prime-World/pw/branches/r1117/Src/PF_GameLogic/AIWorldFacets/./../../Scene/../Render/MaterialSpec.h: In member function ‘virtual int Render::RoadMaterial::SignificantPartLength() const’:
/home/vitaly/p/Prime-World/pw/branches/r1117/Src/PF_GameLogic/AIWorldFacets/./../../Scene/../Render/MaterialSpec.h:2267:70: warning: ‘offsetof’ within non-standard-layout type ‘Render::RoadMaterial’ is conditionally-supported [-Winvalid-offsetof]
 2267 |         virtual int SignificantPartLength() const { return offsetof( RoadMaterial, BorderMap ) - offsetof( RoadMaterial, renderState ) + sizeof( BorderMap ); }
      |                                                                      ^
/home/vitaly/p/Prime-World/pw/branches/r1117/Src/PF_GameLogic/AIWorldFacets/./../../Scene/../Render/MaterialSpec.h:2267:108: warning: ‘offsetof’ within non-standard-layout type ‘Render::RoadMaterial’ is conditionally-supported [-Winvalid-offsetof]
 2267 |         virtual int SignificantPartLength() const { return offsetof( RoadMaterial, BorderMap ) - offsetof( RoadMaterial, renderState ) + sizeof( BorderMap ); }
      |                                                                                                            ^
/home/vitaly/p/Prime-World/pw/branches/r1117/Src/PF_GameLogic/AIWorldFacets/./../../Scene/../Render/MaterialSpec.h: In static member function ‘static void Render::RoadMaterial::InitSamplersOffsets()’:
/home/vitaly/p/Prime-World/pw/branches/r1117/Src/PF_GameLogic/AIWorldFacets/./../../Scene/../Render/MaterialSpec.h:2308:36: warning: ‘offsetof’ within non-standard-layout type ‘Render::RoadMaterial’ is conditionally-supported [-Winvalid-offsetof]
 2308 |     samplersOffsets[0] = offsetof( RoadMaterial, RoadMap );
      |                                    ^
/home/vitaly/p/Prime-World/pw/branches/r1117/Src/PF_GameLogic/AIWorldFacets/./../../Scene/../Render/MaterialSpec.h:2309:36: warning: ‘offsetof’ within non-standard-layout type ‘Render::RoadMaterial’ is conditionally-supported [-Winvalid-offsetof]
 2309 |     samplersOffsets[1] = offsetof( RoadMaterial, BorderMap );
      |                                    ^
/home/vitaly/p/Prime-World/pw/branches/r1117/Src/PF_GameLogic/AIWorldFacets/./../../Scene/../Render/MaterialSpec.h: In member function ‘virtual int Render::ShadowMaterial::SignificantPartLength() const’:
/home/vitaly/p/Prime-World/pw/branches/r1117/Src/PF_GameLogic/AIWorldFacets/./../../Scene/../Render/MaterialSpec.h:2369:70: warning: ‘offsetof’ within non-standard-layout type ‘Render::ShadowMaterial’ is conditionally-supported [-Winvalid-offsetof]
 2369 |         virtual int SignificantPartLength() const { return offsetof( ShadowMaterial, DiffuseMap ) - offsetof( ShadowMaterial, renderState ) + sizeof( DiffuseMap ); }
      |                                                                      ^
/home/vitaly/p/Prime-World/pw/branches/r1117/Src/PF_GameLogic/AIWorldFacets/./../../Scene/../Render/MaterialSpec.h:2369:111: warning: ‘offsetof’ within non-standard-layout type ‘Render::ShadowMaterial’ is conditionally-supported [-Winvalid-offsetof]
 2369 |         virtual int SignificantPartLength() const { return offsetof( ShadowMaterial, DiffuseMap ) - offsetof( ShadowMaterial, renderState ) + sizeof( DiffuseMap ); }
      |                                                                                                               ^
/home/vitaly/p/Prime-World/pw/branches/r1117/Src/PF_GameLogic/AIWorldFacets/./../../Scene/../Render/MaterialSpec.h: In static member function ‘static void Render::ShadowMaterial::InitSamplersOffsets()’:
/home/vitaly/p/Prime-World/pw/branches/r1117/Src/PF_GameLogic/AIWorldFacets/./../../Scene/../Render/MaterialSpec.h:2405:36: warning: ‘offsetof’ within non-standard-layout type ‘Render::ShadowMaterial’ is conditionally-supported [-Winvalid-offsetof]
 2405 |     samplersOffsets[0] = offsetof( ShadowMaterial, DiffuseMap );
      |                                    ^
/home/vitaly/p/Prime-World/pw/branches/r1117/Src/PF_GameLogic/AIWorldFacets/./../../Scene/../Render/MaterialSpec.h: In member function ‘virtual int Render::SilhouetteMaterial::SignificantPartLength() const’:
/home/vitaly/p/Prime-World/pw/branches/r1117/Src/PF_GameLogic/AIWorldFacets/./../../Scene/../Render/MaterialSpec.h:2462:70: warning: ‘offsetof’ within non-standard-layout type ‘Render::SilhouetteMaterial’ is conditionally-supported [-Winvalid-offsetof]
 2462 |         virtual int SignificantPartLength() const { return offsetof( SilhouetteMaterial, renderState ) - offsetof( SilhouetteMaterial, renderState ) + sizeof( renderState ); }
      |                                                                      ^
/home/vitaly/p/Prime-World/pw/branches/r1117/Src/PF_GameLogic/AIWorldFacets/./../../Scene/../Render/MaterialSpec.h:2462:116: warning: ‘offsetof’ within non-standard-layout type ‘Render::SilhouetteMaterial’ is conditionally-supported [-Winvalid-offsetof]
 2462 |         virtual int SignificantPartLength() const { return offsetof( SilhouetteMaterial, renderState ) - offsetof( SilhouetteMaterial, renderState ) + sizeof( renderState ); }
      |                                                                                                                    ^
/home/vitaly/p/Prime-World/pw/branches/r1117/Src/PF_GameLogic/AIWorldFacets/./../../Scene/../Render/MaterialSpec.h: In member function ‘virtual int Render::SkyMaterial::SignificantPartLength() const’:
/home/vitaly/p/Prime-World/pw/branches/r1117/Src/PF_GameLogic/AIWorldFacets/./../../Scene/../Render/MaterialSpec.h:2586:70: warning: ‘offsetof’ within non-standard-layout type ‘Render::SkyMaterial’ is conditionally-supported [-Winvalid-offsetof]
 2586 |         virtual int SignificantPartLength() const { return offsetof( SkyMaterial, vOffset2 ) - offsetof( SkyMaterial, renderState ) + sizeof( vOffset2 ); }
      |                                                                      ^
/home/vitaly/p/Prime-World/pw/branches/r1117/Src/PF_GameLogic/AIWorldFacets/./../../Scene/../Render/MaterialSpec.h:2586:106: warning: ‘offsetof’ within non-standard-layout type ‘Render::SkyMaterial’ is conditionally-supported [-Winvalid-offsetof]
 2586 |         virtual int SignificantPartLength() const { return offsetof( SkyMaterial, vOffset2 ) - offsetof( SkyMaterial, renderState ) + sizeof( vOffset2 ); }
      |                                                                                                          ^
/home/vitaly/p/Prime-World/pw/branches/r1117/Src/PF_GameLogic/AIWorldFacets/./../../Scene/../Render/MaterialSpec.h: In static member function ‘static void Render::SkyMaterial::InitSamplersOffsets()’:
/home/vitaly/p/Prime-World/pw/branches/r1117/Src/PF_GameLogic/AIWorldFacets/./../../Scene/../Render/MaterialSpec.h:2634:36: warning: ‘offsetof’ within non-standard-layout type ‘Render::SkyMaterial’ is conditionally-supported [-Winvalid-offsetof]
 2634 |     samplersOffsets[0] = offsetof( SkyMaterial, DiffuseMap );
      |                                    ^
/home/vitaly/p/Prime-World/pw/branches/r1117/Src/PF_GameLogic/AIWorldFacets/./../../Scene/../Render/MaterialSpec.h: In member function ‘virtual int Render::TerrainAOEMaterial::SignificantPartLength() const’:
/home/vitaly/p/Prime-World/pw/branches/r1117/Src/PF_GameLogic/AIWorldFacets/./../../Scene/../Render/MaterialSpec.h:2717:70: warning: ‘offsetof’ within non-standard-layout type ‘Render::TerrainAOEMaterial’ is conditionally-supported [-Winvalid-offsetof]
 2717 |         virtual int SignificantPartLength() const { return offsetof( TerrainAOEMaterial, uvOffset ) - offsetof( TerrainAOEMaterial, renderState ) + sizeof( uvOffset ); }
      |                                                                      ^
/home/vitaly/p/Prime-World/pw/branches/r1117/Src/PF_GameLogic/AIWorldFacets/./../../Scene/../Render/MaterialSpec.h:2717:113: warning: ‘offsetof’ within non-standard-layout type ‘Render::TerrainAOEMaterial’ is conditionally-supported [-Winvalid-offsetof]
 2717 |         virtual int SignificantPartLength() const { return offsetof( TerrainAOEMaterial, uvOffset ) - offsetof( TerrainAOEMaterial, renderState ) + sizeof( uvOffset ); }
      |                                                                                                                 ^
/home/vitaly/p/Prime-World/pw/branches/r1117/Src/PF_GameLogic/AIWorldFacets/./../../Scene/../Render/MaterialSpec.h: In static member function ‘static void Render::TerrainAOEMaterial::InitSamplersOffsets()’:
/home/vitaly/p/Prime-World/pw/branches/r1117/Src/PF_GameLogic/AIWorldFacets/./../../Scene/../Render/MaterialSpec.h:2749:36: warning: ‘offsetof’ within non-standard-layout type ‘Render::TerrainAOEMaterial’ is conditionally-supported [-Winvalid-offsetof]
 2749 |     samplersOffsets[0] = offsetof( TerrainAOEMaterial, DiffuseMap );
      |                                    ^
/home/vitaly/p/Prime-World/pw/branches/r1117/Src/PF_GameLogic/AIWorldFacets/./../../Scene/../Render/MaterialSpec.h: In member function ‘virtual int Render::TerrainHeightBuilderMaterial::SignificantPartLength() const’:
/home/vitaly/p/Prime-World/pw/branches/r1117/Src/PF_GameLogic/AIWorldFacets/./../../Scene/../Render/MaterialSpec.h:2973:70: warning: ‘offsetof’ within non-standard-layout type ‘Render::TerrainHeightBuilderMaterial’ is conditionally-supported [-Winvalid-offsetof]
 2973 |         virtual int SignificantPartLength() const { return offsetof( TerrainHeightBuilderMaterial, renderState ) - offsetof( TerrainHeightBuilderMaterial, renderState ) + sizeof( renderState ); }
      |                                                                      ^
/home/vitaly/p/Prime-World/pw/branches/r1117/Src/PF_GameLogic/AIWorldFacets/./../../Scene/../Render/MaterialSpec.h:2973:126: warning: ‘offsetof’ within non-standard-layout type ‘Render::TerrainHeightBuilderMaterial’ is conditionally-supported [-Winvalid-offsetof]
 2973 |         virtual int SignificantPartLength() const { return offsetof( TerrainHeightBuilderMaterial, renderState ) - offsetof( TerrainHeightBuilderMaterial, renderState ) + sizeof( renderState ); }
      |                                                                                                                              ^
/home/vitaly/p/Prime-World/pw/branches/r1117/Src/PF_GameLogic/AIWorldFacets/./../../Scene/../Render/MaterialSpec.h: In member function ‘virtual int Render::TerrainMaterial::SignificantPartLength() const’:
/home/vitaly/p/Prime-World/pw/branches/r1117/Src/PF_GameLogic/AIWorldFacets/./../../Scene/../Render/MaterialSpec.h:3102:70: warning: ‘offsetof’ within non-standard-layout type ‘Render::TerrainMaterial’ is conditionally-supported [-Winvalid-offsetof]
 3102 |         virtual int SignificantPartLength() const { return offsetof( TerrainMaterial, grassRect ) - offsetof( TerrainMaterial, A_DiffuseMap ) + sizeof( grassRect ); }
      |                                                                      ^
/home/vitaly/p/Prime-World/pw/branches/r1117/Src/PF_GameLogic/AIWorldFacets/./../../Scene/../Render/MaterialSpec.h:3102:111: warning: ‘offsetof’ within non-standard-layout type ‘Render::TerrainMaterial’ is conditionally-supported [-Winvalid-offsetof]
 3102 |         virtual int SignificantPartLength() const { return offsetof( TerrainMaterial, grassRect ) - offsetof( TerrainMaterial, A_DiffuseMap ) + sizeof( grassRect ); }
      |                                                                                                               ^
/home/vitaly/p/Prime-World/pw/branches/r1117/Src/PF_GameLogic/AIWorldFacets/./../../Scene/../Render/MaterialSpec.h: In static member function ‘static void Render::TerrainMaterial::InitSamplersOffsets()’:
/home/vitaly/p/Prime-World/pw/branches/r1117/Src/PF_GameLogic/AIWorldFacets/./../../Scene/../Render/MaterialSpec.h:3150:36: warning: ‘offsetof’ within non-standard-layout type ‘Render::TerrainMaterial’ is conditionally-supported [-Winvalid-offsetof]
 3150 |     samplersOffsets[0] = offsetof( TerrainMaterial, A_DiffuseMap );
      |                                    ^
/home/vitaly/p/Prime-World/pw/branches/r1117/Src/PF_GameLogic/AIWorldFacets/./../../Scene/../Render/MaterialSpec.h:3151:36: warning: ‘offsetof’ within non-standard-layout type ‘Render::TerrainMaterial’ is conditionally-supported [-Winvalid-offsetof]
 3151 |     samplersOffsets[1] = offsetof( TerrainMaterial, N_DiffuseMap );
      |                                    ^
/home/vitaly/p/Prime-World/pw/branches/r1117/Src/PF_GameLogic/AIWorldFacets/./../../Scene/../Render/MaterialSpec.h:3152:36: warning: ‘offsetof’ within non-standard-layout type ‘Render::TerrainMaterial’ is conditionally-supported [-Winvalid-offsetof]
 3152 |     samplersOffsets[2] = offsetof( TerrainMaterial, B_DiffuseMap );
      |                                    ^
/home/vitaly/p/Prime-World/pw/branches/r1117/Src/PF_GameLogic/AIWorldFacets/./../../Scene/../Render/MaterialSpec.h:3153:36: warning: ‘offsetof’ within non-standard-layout type ‘Render::TerrainMaterial’ is conditionally-supported [-Winvalid-offsetof]
 3153 |     samplersOffsets[3] = offsetof( TerrainMaterial, FrozenNormalMap );
      |                                    ^
/home/vitaly/p/Prime-World/pw/branches/r1117/Src/PF_GameLogic/AIWorldFacets/./../../Scene/../Render/MaterialSpec.h:3154:36: warning: ‘offsetof’ within non-standard-layout type ‘Render::TerrainMaterial’ is conditionally-supported [-Winvalid-offsetof]
 3154 |     samplersOffsets[4] = offsetof( TerrainMaterial, NormalNormalMap );
      |                                    ^
/home/vitaly/p/Prime-World/pw/branches/r1117/Src/PF_GameLogic/AIWorldFacets/./../../Scene/../Render/MaterialSpec.h:3155:36: warning: ‘offsetof’ within non-standard-layout type ‘Render::TerrainMaterial’ is conditionally-supported [-Winvalid-offsetof]
 3155 |     samplersOffsets[5] = offsetof( TerrainMaterial, BurnedNormalMap );
      |                                    ^
/home/vitaly/p/Prime-World/pw/branches/r1117/Src/PF_GameLogic/AIWorldFacets/./../../Scene/../Render/MaterialSpec.h:3156:36: warning: ‘offsetof’ within non-standard-layout type ‘Render::TerrainMaterial’ is conditionally-supported [-Winvalid-offsetof]
 3156 |     samplersOffsets[6] = offsetof( TerrainMaterial, FrozenSpecularMap );
      |                                    ^
/home/vitaly/p/Prime-World/pw/branches/r1117/Src/PF_GameLogic/AIWorldFacets/./../../Scene/../Render/MaterialSpec.h:3157:36: warning: ‘offsetof’ within non-standard-layout type ‘Render::TerrainMaterial’ is conditionally-supported [-Winvalid-offsetof]
 3157 |     samplersOffsets[7] = offsetof( TerrainMaterial, NormalSpecularMap );
      |                                    ^
/home/vitaly/p/Prime-World/pw/branches/r1117/Src/PF_GameLogic/AIWorldFacets/./../../Scene/../Render/MaterialSpec.h:3158:36: warning: ‘offsetof’ within non-standard-layout type ‘Render::TerrainMaterial’ is conditionally-supported [-Winvalid-offsetof]
 3158 |     samplersOffsets[8] = offsetof( TerrainMaterial, BurnedSpecularMap );
      |                                    ^
/home/vitaly/p/Prime-World/pw/branches/r1117/Src/PF_GameLogic/AIWorldFacets/./../../Scene/../Render/MaterialSpec.h:3159:36: warning: ‘offsetof’ within non-standard-layout type ‘Render::TerrainMaterial’ is conditionally-supported [-Winvalid-offsetof]
 3159 |     samplersOffsets[9] = offsetof( TerrainMaterial, DarkMap );
      |                                    ^
/home/vitaly/p/Prime-World/pw/branches/r1117/Src/PF_GameLogic/AIWorldFacets/./../../Scene/../Render/MaterialSpec.h: In member function ‘virtual int Render::TestTownMaterial::SignificantPartLength() const’:
/home/vitaly/p/Prime-World/pw/branches/r1117/Src/PF_GameLogic/AIWorldFacets/./../../Scene/../Render/MaterialSpec.h:3225:70: warning: ‘offsetof’ within non-standard-layout type ‘Render::TestTownMaterial’ is conditionally-supported [-Winvalid-offsetof]
 3225 |         virtual int SignificantPartLength() const { return offsetof( TestTownMaterial, outputAdd ) - offsetof( TestTownMaterial, RenderState ) + sizeof( outputAdd ); }
      |                                                                      ^
/home/vitaly/p/Prime-World/pw/branches/r1117/Src/PF_GameLogic/AIWorldFacets/./../../Scene/../Render/MaterialSpec.h:3225:112: warning: ‘offsetof’ within non-standard-layout type ‘Render::TestTownMaterial’ is conditionally-supported [-Winvalid-offsetof]
 3225 |         virtual int SignificantPartLength() const { return offsetof( TestTownMaterial, outputAdd ) - offsetof( TestTownMaterial, RenderState ) + sizeof( outputAdd ); }
      |                                                                                                                ^
/home/vitaly/p/Prime-World/pw/branches/r1117/Src/PF_GameLogic/AIWorldFacets/./../../Scene/../Render/MaterialSpec.h: In static member function ‘static void Render::TestTownMaterial::InitSamplersOffsets()’:
/home/vitaly/p/Prime-World/pw/branches/r1117/Src/PF_GameLogic/AIWorldFacets/./../../Scene/../Render/MaterialSpec.h:3261:36: warning: ‘offsetof’ within non-standard-layout type ‘Render::TestTownMaterial’ is conditionally-supported [-Winvalid-offsetof]
 3261 |     samplersOffsets[0] = offsetof( TestTownMaterial, DiffuseMap );
      |                                    ^
/home/vitaly/p/Prime-World/pw/branches/r1117/Src/PF_GameLogic/AIWorldFacets/./../../Scene/../Render/MaterialSpec.h: In member function ‘virtual int Render::TraceMaterial::SignificantPartLength() const’:
/home/vitaly/p/Prime-World/pw/branches/r1117/Src/PF_GameLogic/AIWorldFacets/./../../Scene/../Render/MaterialSpec.h:3343:70: warning: ‘offsetof’ within non-standard-layout type ‘Render::TraceMaterial’ is conditionally-supported [-Winvalid-offsetof]
 3343 |         virtual int SignificantPartLength() const { return offsetof( TraceMaterial, vOffset ) - offsetof( TraceMaterial, renderState ) + sizeof( vOffset ); }
      |                                                                      ^
/home/vitaly/p/Prime-World/pw/branches/r1117/Src/PF_GameLogic/AIWorldFacets/./../../Scene/../Render/MaterialSpec.h:3343:107: warning: ‘offsetof’ within non-standard-layout type ‘Render::TraceMaterial’ is conditionally-supported [-Winvalid-offsetof]
 3343 |         virtual int SignificantPartLength() const { return offsetof( TraceMaterial, vOffset ) - offsetof( TraceMaterial, renderState ) + sizeof( vOffset ); }
      |                                                                                                           ^
/home/vitaly/p/Prime-World/pw/branches/r1117/Src/PF_GameLogic/AIWorldFacets/./../../Scene/../Render/MaterialSpec.h: In static member function ‘static void Render::TraceMaterial::InitSamplersOffsets()’:
/home/vitaly/p/Prime-World/pw/branches/r1117/Src/PF_GameLogic/AIWorldFacets/./../../Scene/../Render/MaterialSpec.h:3389:36: warning: ‘offsetof’ within non-standard-layout type ‘Render::TraceMaterial’ is conditionally-supported [-Winvalid-offsetof]
 3389 |     samplersOffsets[0] = offsetof( TraceMaterial, DiffuseMap );
      |                                    ^
/home/vitaly/p/Prime-World/pw/branches/r1117/Src/PF_GameLogic/AIWorldFacets/./../../Scene/../Render/MaterialSpec.h: In member function ‘virtual int Render::UIBaseMaterial::SignificantPartLength() const’:
/home/vitaly/p/Prime-World/pw/branches/r1117/Src/PF_GameLogic/AIWorldFacets/./../../Scene/../Render/MaterialSpec.h:3511:70: warning: ‘offsetof’ within non-standard-layout type ‘Render::UIBaseMaterial’ is conditionally-supported [-Winvalid-offsetof]
 3511 |         virtual int SignificantPartLength() const { return offsetof( UIBaseMaterial, colorStripe1000 ) - offsetof( UIBaseMaterial, DiffuseMap ) + sizeof( colorStripe1000 ); }
      |                                                                      ^
/home/vitaly/p/Prime-World/pw/branches/r1117/Src/PF_GameLogic/AIWorldFacets/./../../Scene/../Render/MaterialSpec.h:3511:116: warning: ‘offsetof’ within non-standard-layout type ‘Render::UIBaseMaterial’ is conditionally-supported [-Winvalid-offsetof]
 3511 |         virtual int SignificantPartLength() const { return offsetof( UIBaseMaterial, colorStripe1000 ) - offsetof( UIBaseMaterial, DiffuseMap ) + sizeof( colorStripe1000 ); }
      |                                                                                                                    ^
/home/vitaly/p/Prime-World/pw/branches/r1117/Src/PF_GameLogic/AIWorldFacets/./../../Scene/../Render/MaterialSpec.h: In static member function ‘static void Render::UIBaseMaterial::InitSamplersOffsets()’:
/home/vitaly/p/Prime-World/pw/branches/r1117/Src/PF_GameLogic/AIWorldFacets/./../../Scene/../Render/MaterialSpec.h:3558:36: warning: ‘offsetof’ within non-standard-layout type ‘Render::UIBaseMaterial’ is conditionally-supported [-Winvalid-offsetof]
 3558 |     samplersOffsets[0] = offsetof( UIBaseMaterial, DiffuseMap );
      |                                    ^
/home/vitaly/p/Prime-World/pw/branches/r1117/Src/PF_GameLogic/AIWorldFacets/./../../Scene/../Render/MaterialSpec.h:3559:36: warning: ‘offsetof’ within non-standard-layout type ‘Render::UIBaseMaterial’ is conditionally-supported [-Winvalid-offsetof]
 3559 |     samplersOffsets[1] = offsetof( UIBaseMaterial, MaskMap );
      |                                    ^
/home/vitaly/p/Prime-World/pw/branches/r1117/Src/PF_GameLogic/AIWorldFacets/./../../Scene/../Render/MaterialSpec.h: In member function ‘virtual int Render::UIButtonMaterial::SignificantPartLength() const’:
/home/vitaly/p/Prime-World/pw/branches/r1117/Src/PF_GameLogic/AIWorldFacets/./../../Scene/../Render/MaterialSpec.h:3652:70: warning: ‘offsetof’ within non-standard-layout type ‘Render::UIButtonMaterial’ is conditionally-supported [-Winvalid-offsetof]
 3652 |         virtual int SignificantPartLength() const { return offsetof( UIButtonMaterial, ScreenOpacity ) - offsetof( UIButtonMaterial, BackgroundMap ) + sizeof( ScreenOpacity ); }
      |                                                                      ^
/home/vitaly/p/Prime-World/pw/branches/r1117/Src/PF_GameLogic/AIWorldFacets/./../../Scene/../Render/MaterialSpec.h:3652:116: warning: ‘offsetof’ within non-standard-layout type ‘Render::UIButtonMaterial’ is conditionally-supported [-Winvalid-offsetof]
 3652 |         virtual int SignificantPartLength() const { return offsetof( UIButtonMaterial, ScreenOpacity ) - offsetof( UIButtonMaterial, BackgroundMap ) + sizeof( ScreenOpacity ); }
      |                                                                                                                    ^
/home/vitaly/p/Prime-World/pw/branches/r1117/Src/PF_GameLogic/AIWorldFacets/./../../Scene/../Render/MaterialSpec.h: In static member function ‘static void Render::UIButtonMaterial::InitSamplersOffsets()’:
/home/vitaly/p/Prime-World/pw/branches/r1117/Src/PF_GameLogic/AIWorldFacets/./../../Scene/../Render/MaterialSpec.h:3718:36: warning: ‘offsetof’ within non-standard-layout type ‘Render::UIButtonMaterial’ is conditionally-supported [-Winvalid-offsetof]
 3718 |     samplersOffsets[0] = offsetof( UIButtonMaterial, BackgroundMap );
      |                                    ^
/home/vitaly/p/Prime-World/pw/branches/r1117/Src/PF_GameLogic/AIWorldFacets/./../../Scene/../Render/MaterialSpec.h:3719:36: warning: ‘offsetof’ within non-standard-layout type ‘Render::UIButtonMaterial’ is conditionally-supported [-Winvalid-offsetof]
 3719 |     samplersOffsets[1] = offsetof( UIButtonMaterial, DiffuseMap );
      |                                    ^
/home/vitaly/p/Prime-World/pw/branches/r1117/Src/PF_GameLogic/AIWorldFacets/./../../Scene/../Render/MaterialSpec.h:3720:36: warning: ‘offsetof’ within non-standard-layout type ‘Render::UIButtonMaterial’ is conditionally-supported [-Winvalid-offsetof]
 3720 |     samplersOffsets[2] = offsetof( UIButtonMaterial, WaitForActMap );
      |                                    ^
/home/vitaly/p/Prime-World/pw/branches/r1117/Src/PF_GameLogic/AIWorldFacets/./../../Scene/../Render/MaterialSpec.h:3721:36: warning: ‘offsetof’ within non-standard-layout type ‘Render::UIButtonMaterial’ is conditionally-supported [-Winvalid-offsetof]
 3721 |     samplersOffsets[3] = offsetof( UIButtonMaterial, LackOfManaMap );
      |                                    ^
/home/vitaly/p/Prime-World/pw/branches/r1117/Src/PF_GameLogic/AIWorldFacets/./../../Scene/../Render/MaterialSpec.h:3722:36: warning: ‘offsetof’ within non-standard-layout type ‘Render::UIButtonMaterial’ is conditionally-supported [-Winvalid-offsetof]
 3722 |     samplersOffsets[4] = offsetof( UIButtonMaterial, PressedMap );
      |                                    ^
/home/vitaly/p/Prime-World/pw/branches/r1117/Src/PF_GameLogic/AIWorldFacets/./../../Scene/../Render/MaterialSpec.h:3723:36: warning: ‘offsetof’ within non-standard-layout type ‘Render::UIButtonMaterial’ is conditionally-supported [-Winvalid-offsetof]
 3723 |     samplersOffsets[5] = offsetof( UIButtonMaterial, HighlightMap );
      |                                    ^
/home/vitaly/p/Prime-World/pw/branches/r1117/Src/PF_GameLogic/AIWorldFacets/./../../Scene/../Render/MaterialSpec.h:3724:36: warning: ‘offsetof’ within non-standard-layout type ‘Render::UIButtonMaterial’ is conditionally-supported [-Winvalid-offsetof]
 3724 |     samplersOffsets[6] = offsetof( UIButtonMaterial, ScreenMap );
      |                                    ^
/home/vitaly/p/Prime-World/pw/branches/r1117/Src/PF_GameLogic/AIWorldFacets/./../../Scene/../Render/MaterialSpec.h: In member function ‘virtual int Render::UIFlashMaterial::SignificantPartLength() const’:
/home/vitaly/p/Prime-World/pw/branches/r1117/Src/PF_GameLogic/AIWorldFacets/./../../Scene/../Render/MaterialSpec.h:3803:70: warning: ‘offsetof’ within non-standard-layout type ‘Render::UIFlashMaterial’ is conditionally-supported [-Winvalid-offsetof]
 3803 |         virtual int SignificantPartLength() const { return offsetof( UIFlashMaterial, CXFormAdd ) - offsetof( UIFlashMaterial, DiffuseMap ) + sizeof( CXFormAdd ); }
      |                                                                      ^
/home/vitaly/p/Prime-World/pw/branches/r1117/Src/PF_GameLogic/AIWorldFacets/./../../Scene/../Render/MaterialSpec.h:3803:111: warning: ‘offsetof’ within non-standard-layout type ‘Render::UIFlashMaterial’ is conditionally-supported [-Winvalid-offsetof]
 3803 |         virtual int SignificantPartLength() const { return offsetof( UIFlashMaterial, CXFormAdd ) - offsetof( UIFlashMaterial, DiffuseMap ) + sizeof( CXFormAdd ); }
      |                                                                                                               ^
/home/vitaly/p/Prime-World/pw/branches/r1117/Src/PF_GameLogic/AIWorldFacets/./../../Scene/../Render/MaterialSpec.h: In static member function ‘static void Render::UIFlashMaterial::InitSamplersOffsets()’:
/home/vitaly/p/Prime-World/pw/branches/r1117/Src/PF_GameLogic/AIWorldFacets/./../../Scene/../Render/MaterialSpec.h:3855:36: warning: ‘offsetof’ within non-standard-layout type ‘Render::UIFlashMaterial’ is conditionally-supported [-Winvalid-offsetof]
 3855 |     samplersOffsets[0] = offsetof( UIFlashMaterial, DiffuseMap );
      |                                    ^
/home/vitaly/p/Prime-World/pw/branches/r1117/Src/PF_GameLogic/AIWorldFacets/./../../Scene/../Render/MaterialSpec.h:3856:36: warning: ‘offsetof’ within non-standard-layout type ‘Render::UIFlashMaterial’ is conditionally-supported [-Winvalid-offsetof]
 3856 |     samplersOffsets[1] = offsetof( UIFlashMaterial, DiffuseMap2 );
      |                                    ^
/home/vitaly/p/Prime-World/pw/branches/r1117/Src/PF_GameLogic/AIWorldFacets/./../../Scene/../Render/MaterialSpec.h: In member function ‘virtual int Render::UIFontMaterial::SignificantPartLength() const’:
/home/vitaly/p/Prime-World/pw/branches/r1117/Src/PF_GameLogic/AIWorldFacets/./../../Scene/../Render/MaterialSpec.h:3924:70: warning: ‘offsetof’ within non-standard-layout type ‘Render::UIFontMaterial’ is conditionally-supported [-Winvalid-offsetof]
 3924 |         virtual int SignificantPartLength() const { return offsetof( UIFontMaterial, SecondaryColor ) - offsetof( UIFontMaterial, DiffuseMap ) + sizeof( SecondaryColor ); }
      |                                                                      ^
/home/vitaly/p/Prime-World/pw/branches/r1117/Src/PF_GameLogic/AIWorldFacets/./../../Scene/../Render/MaterialSpec.h:3924:115: warning: ‘offsetof’ within non-standard-layout type ‘Render::UIFontMaterial’ is conditionally-supported [-Winvalid-offsetof]
 3924 |         virtual int SignificantPartLength() const { return offsetof( UIFontMaterial, SecondaryColor ) - offsetof( UIFontMaterial, DiffuseMap ) + sizeof( SecondaryColor ); }
      |                                                                                                                   ^
/home/vitaly/p/Prime-World/pw/branches/r1117/Src/PF_GameLogic/AIWorldFacets/./../../Scene/../Render/MaterialSpec.h: In static member function ‘static void Render::UIFontMaterial::InitSamplersOffsets()’:
/home/vitaly/p/Prime-World/pw/branches/r1117/Src/PF_GameLogic/AIWorldFacets/./../../Scene/../Render/MaterialSpec.h:3962:36: warning: ‘offsetof’ within non-standard-layout type ‘Render::UIFontMaterial’ is conditionally-supported [-Winvalid-offsetof]
 3962 |     samplersOffsets[0] = offsetof( UIFontMaterial, DiffuseMap );
      |                                    ^
/home/vitaly/p/Prime-World/pw/branches/r1117/Src/PF_GameLogic/AIWorldFacets/./../../Scene/../Render/MaterialSpec.h: In member function ‘virtual int Render::UIGlassMaterial::SignificantPartLength() const’:
/home/vitaly/p/Prime-World/pw/branches/r1117/Src/PF_GameLogic/AIWorldFacets/./../../Scene/../Render/MaterialSpec.h:4035:70: warning: ‘offsetof’ within non-standard-layout type ‘Render::UIGlassMaterial’ is conditionally-supported [-Winvalid-offsetof]
 4035 |         virtual int SignificantPartLength() const { return offsetof( UIGlassMaterial, ScreenOpacity ) - offsetof( UIGlassMaterial, BackgroundMap ) + sizeof( ScreenOpacity ); }
      |                                                                      ^
/home/vitaly/p/Prime-World/pw/branches/r1117/Src/PF_GameLogic/AIWorldFacets/./../../Scene/../Render/MaterialSpec.h:4035:115: warning: ‘offsetof’ within non-standard-layout type ‘Render::UIGlassMaterial’ is conditionally-supported [-Winvalid-offsetof]
 4035 |         virtual int SignificantPartLength() const { return offsetof( UIGlassMaterial, ScreenOpacity ) - offsetof( UIGlassMaterial, BackgroundMap ) + sizeof( ScreenOpacity ); }
      |                                                                                                                   ^
/home/vitaly/p/Prime-World/pw/branches/r1117/Src/PF_GameLogic/AIWorldFacets/./../../Scene/../Render/MaterialSpec.h: In static member function ‘static void Render::UIGlassMaterial::InitSamplersOffsets()’:
/home/vitaly/p/Prime-World/pw/branches/r1117/Src/PF_GameLogic/AIWorldFacets/./../../Scene/../Render/MaterialSpec.h:4078:36: warning: ‘offsetof’ within non-standard-layout type ‘Render::UIGlassMaterial’ is conditionally-supported [-Winvalid-offsetof]
 4078 |     samplersOffsets[0] = offsetof( UIGlassMaterial, BackgroundMap );
      |                                    ^
/home/vitaly/p/Prime-World/pw/branches/r1117/Src/PF_GameLogic/AIWorldFacets/./../../Scene/../Render/MaterialSpec.h:4079:36: warning: ‘offsetof’ within non-standard-layout type ‘Render::UIGlassMaterial’ is conditionally-supported [-Winvalid-offsetof]
 4079 |     samplersOffsets[1] = offsetof( UIGlassMaterial, DiffuseMap );
      |                                    ^
/home/vitaly/p/Prime-World/pw/branches/r1117/Src/PF_GameLogic/AIWorldFacets/./../../Scene/../Render/MaterialSpec.h:4080:36: warning: ‘offsetof’ within non-standard-layout type ‘Render::UIGlassMaterial’ is conditionally-supported [-Winvalid-offsetof]
 4080 |     samplersOffsets[2] = offsetof( UIGlassMaterial, OverlayMap );
      |                                    ^
/home/vitaly/p/Prime-World/pw/branches/r1117/Src/PF_GameLogic/AIWorldFacets/./../../Scene/../Render/MaterialSpec.h:4081:36: warning: ‘offsetof’ within non-standard-layout type ‘Render::UIGlassMaterial’ is conditionally-supported [-Winvalid-offsetof]
 4081 |     samplersOffsets[3] = offsetof( UIGlassMaterial, ScreenMap );
      |                                    ^
In file included from /home/vitaly/p/Prime-World/pw/branches/r1117/Src/PF_GameLogic/AIWorldFacets/./../../Scene/RenderableScene.h:5,
                 from /home/vitaly/p/Prime-World/pw/branches/r1117/Src/PF_GameLogic/AIWorldFacets/./../../Scene/SceneObject.h:5:
/home/vitaly/p/Prime-World/pw/branches/r1117/Src/PF_GameLogic/AIWorldFacets/./../../Scene/../Render/batch.h: At global scope:
/home/vitaly/p/Prime-World/pw/branches/r1117/Src/PF_GameLogic/AIWorldFacets/./../../Scene/../Render/batch.h:15:8: warning: attribute ignored in declaration of ‘struct Render::Batch’ [-Wattributes]
   15 | struct Batch
      |        ^~~~~
/home/vitaly/p/Prime-World/pw/branches/r1117/Src/PF_GameLogic/AIWorldFacets/./../../Scene/../Render/batch.h:15:8: note: attribute for ‘struct Render::Batch’ must follow the ‘struct’ keyword
/home/vitaly/p/Prime-World/pw/branches/r1117/Src/PF_GameLogic/AIWorldFacets/./../../Scene/../Render/batch.h:79:8: warning: ‘template<class> class std::auto_ptr’ is deprecated: use 'std::unique_ptr' instead [-Wdeprecated-declarations]
   79 |   std::auto_ptr<class DXManager>  resourceManager;
      |        ^~~~~~~~
/usr/lib/gcc/x86_64-pc-linux-gnu/15/include/g++-v15/bits/unique_ptr.h:58:28: note: declared here
   58 |   template<typename> class auto_ptr;
      |                            ^~~~~~~~
/home/vitaly/p/Prime-World/pw/branches/r1117/Src/PF_GameLogic/AIWorldFacets/./../../Scene/SceneObject.h:56:7: warning: attribute ignored in declaration of ‘class NScene::SceneObject’ [-Wattributes]
   56 | class SceneObject : public SceneObjectBase
      |       ^~~~~~~~~~~
/home/vitaly/p/Prime-World/pw/branches/r1117/Src/PF_GameLogic/AIWorldFacets/./../../Scene/SceneObject.h:56:7: note: attribute for ‘class NScene::SceneObject’ must follow the ‘class’ keyword
In file included from /home/vitaly/p/Prime-World/pw/branches/r1117/Src/PF_GameLogic/AIWorldFacets/./../PFApplicator.h:9,
                 from /home/vitaly/p/Prime-World/pw/branches/r1117/Src/PF_GameLogic/AIWorldFacets/./../PFApplBuff.h:3,
                 from /home/vitaly/p/Prime-World/pw/branches/r1117/Src/PF_GameLogic/AIWorldFacets/./../PFApplMod.h:5,
                 from /home/vitaly/p/Prime-World/pw/branches/r1117/Src/PF_GameLogic/AIWorldFacets/./../PFBaseUnit.h:7,
                 from /home/vitaly/p/Prime-World/pw/branches/r1117/Src/PF_GameLogic/AIWorldFacets/FemaleMaleAssistEffect.cpp:3:
/home/vitaly/p/Prime-World/pw/branches/r1117/Src/PF_GameLogic/AIWorldFacets/./../PFDBLinker.h: In member function ‘const T_DB& NWorld::DBLinker<T, T_DB>::GetDB() const’:
/home/vitaly/p/Prime-World/pw/branches/r1117/Src/PF_GameLogic/AIWorldFacets/./../PFDBLinker.h:26:70: error: there are no arguments to ‘GetDBBase’ that depend on a template parameter, so a declaration of ‘GetDBBase’ must be available [-Wtemplate-body]
   26 |         T_DB const &GetDB() const { return *static_cast<T_DB const*>(GetDBBase().GetPtr()); }
      |                                                                      ^~~~~~~~~
/home/vitaly/p/Prime-World/pw/branches/r1117/Src/PF_GameLogic/AIWorldFacets/./../PFDBLinker.h:26:70: note: (if you use ‘-fpermissive’, G++ will accept your code, but allowing the use of an undeclared name is deprecated)
In file included from /home/vitaly/p/Prime-World/pw/branches/r1117/Src/PF_GameLogic/AIWorldFacets/./../PFWorld.h:12,
                 from /home/vitaly/p/Prime-World/pw/branches/r1117/Src/PF_GameLogic/AIWorldFacets/./../PFWorldObjectBase.h:3,
                 from /home/vitaly/p/Prime-World/pw/branches/r1117/Src/PF_GameLogic/AIWorldFacets/./../PFAbilityInstance.h:4,
                 from /home/vitaly/p/Prime-World/pw/branches/r1117/Src/PF_GameLogic/AIWorldFacets/./../PFApplicator.h:10:
/home/vitaly/p/Prime-World/pw/branches/r1117/Src/PF_GameLogic/AIWorldFacets/./../IAdventureScreen.h: At global scope:
/home/vitaly/p/Prime-World/pw/branches/r1117/Src/PF_GameLogic/AIWorldFacets/./../IAdventureScreen.h:17:8: error: use of enum ‘EventType’ without previous declaration
   17 |   enum EventType;
      |        ^~~~~~~~~
/home/vitaly/p/Prime-World/pw/branches/r1117/Src/PF_GameLogic/AIWorldFacets/./../IAdventureScreen.h:86:65: error: ‘SessionEventType::EventType’ has not been declared
   86 |   virtual void LogSessionEvent(NWorld::PFBaseHero const * hero, SessionEventType::EventType eventType, const StatisticService::RPC::SessionEventInfo & params) = 0;
      |                                                                 ^~~~~~~~~~~~~~~~
/home/vitaly/p/Prime-World/pw/branches/r1117/Src/PF_GameLogic/AIWorldFacets/./../IAdventureScreen.h:87:37: error: ‘SessionEventType::EventType’ has not been declared
   87 |   virtual void LogWorldSessionEvent(SessionEventType::EventType eventType, const StatisticService::RPC::SessionEventInfo & params) = 0;
      |                                     ^~~~~~~~~~~~~~~~
In file included from /home/vitaly/p/Prime-World/pw/branches/r1117/Src/PF_GameLogic/AIWorldFacets/./../PFResourcesCollectionClient.h:8,
                 from /home/vitaly/p/Prime-World/pw/branches/r1117/Src/PF_GameLogic/AIWorldFacets/./../PFWorld.h:14:
/home/vitaly/p/Prime-World/pw/branches/r1117/Src/PF_GameLogic/AIWorldFacets/./../PFResourcesCollection.h: In member function ‘void NWorld::PFResourcesCollection::CollectResources(const char*, const char*, NWorld::ResourcesCollection<T>&, nstl::map<unsigned int, H>&)’:
/home/vitaly/p/Prime-World/pw/branches/r1117/Src/PF_GameLogic/AIWorldFacets/./../PFResourcesCollection.h:109:11: error: need ‘typename’ before ‘nstl::map<unsigned int, H>::iterator’ because ‘nstl::map<unsigned int, H>’ is a dependent scope [-Wtemplate-body]
  109 |           nstl::map<uint, H>::iterator it = hashedRes.find(id);
      |           ^~~~
/home/vitaly/p/Prime-World/pw/branches/r1117/Src/PF_GameLogic/AIWorldFacets/./../PFAbilityInstance.h: At global scope:
/home/vitaly/p/Prime-World/pw/branches/r1117/Src/PF_GameLogic/AIWorldFacets/./../PFAbilityInstance.h:9:6: error: use of enum ‘ELookKind’ without previous declaration
    9 | enum ELookKind;
      |      ^~~~~~~~~
/home/vitaly/p/Prime-World/pw/branches/r1117/Src/PF_GameLogic/AIWorldFacets/./../PFAbilityInstance.h:36:3: error: ‘ELookKind’ does not name a type
   36 |   ELookKind             IsCasterShouldLookAtTarget() const;
      |   ^~~~~~~~~
In file included from /home/vitaly/p/Prime-World/pw/branches/r1117/Src/PF_GameLogic/AIWorldFacets/./../PFApplicator.h:11:
/home/vitaly/p/Prime-World/pw/branches/r1117/Src/PF_GameLogic/AIWorldFacets/./../PFAbilityData.h:316:28: error: ‘PFConsumable’ has not been declared
  316 |   void SetUsingConsumable( PFConsumable* pConsumable ) { pUsingConsumable = pConsumable; }
      |                            ^~~~~~~~~~~~
/home/vitaly/p/Prime-World/pw/branches/r1117/Src/PF_GameLogic/AIWorldFacets/./../PFAbilityData.h:320:8: error: ‘PFConsumable’ was not declared in this scope
  320 |   CPtr<PFConsumable> const& GetUsingConsumable() const {return pUsingConsumable; }
      |        ^~~~~~~~~~~~
/home/vitaly/p/Prime-World/pw/branches/r1117/Src/PF_GameLogic/AIWorldFacets/./../PFAbilityData.h:320:20: error: template argument 1 is invalid
  320 |   CPtr<PFConsumable> const& GetUsingConsumable() const {return pUsingConsumable; }
      |                    ^
/home/vitaly/p/Prime-World/pw/branches/r1117/Src/PF_GameLogic/AIWorldFacets/./../PFAbilityData.h:328:8: error: ‘PFConsumable’ was not declared in this scope
  328 |   CPtr<PFConsumable> pUsingConsumable;
      |        ^~~~~~~~~~~~
/home/vitaly/p/Prime-World/pw/branches/r1117/Src/PF_GameLogic/AIWorldFacets/./../PFAbilityData.h:328:20: error: template argument 1 is invalid
  328 |   CPtr<PFConsumable> pUsingConsumable;
      |                    ^
/home/vitaly/p/Prime-World/pw/branches/r1117/Src/PF_GameLogic/AIWorldFacets/./../PFAbilityData.h: In member function ‘void NWorld::PFConsumableAbilityData::SetUsingConsumable(int*)’:
/home/vitaly/p/Prime-World/pw/branches/r1117/Src/PF_GameLogic/AIWorldFacets/./../PFAbilityData.h:316:77: error: invalid conversion from ‘int*’ to ‘int’ [-fpermissive]
  316 |   void SetUsingConsumable( PFConsumable* pConsumable ) { pUsingConsumable = pConsumable; }
      |                                                                             ^~~~~~~~~~~
      |                                                                             |
      |                                                                             int*
/home/vitaly/p/Prime-World/pw/branches/r1117/Src/PF_GameLogic/AIWorldFacets/./../PFAbilityData.h:316:77: note: possible fix: dereference with ‘*’
  316 |   void SetUsingConsumable( PFConsumable* pConsumable ) { pUsingConsumable = pConsumable; }
      |                                                                             ^~~~~~~~~~~
      |                                                                             *
In file included from /home/vitaly/p/Prime-World/pw/branches/r1117/Src/PF_GameLogic/AIWorldFacets/./../../PF_Core/../Scene/../Render/MeshResource.h:4,
                 from /home/vitaly/p/Prime-World/pw/branches/r1117/Src/PF_GameLogic/AIWorldFacets/./../../PF_Core/../Scene/../Render/StaticMesh.h:4,
                 from /home/vitaly/p/Prime-World/pw/branches/r1117/Src/PF_GameLogic/AIWorldFacets/./../../PF_Core/../Scene/StaticSceneComponent.h:4,
                 from /home/vitaly/p/Prime-World/pw/branches/r1117/Src/PF_GameLogic/AIWorldFacets/./../../PF_Core/../Scene/SceneObjectCreation.h:6,
                 from /home/vitaly/p/Prime-World/pw/branches/r1117/Src/PF_GameLogic/AIWorldFacets/./../../PF_Core/BasicEffect.h:5,
                 from /home/vitaly/p/Prime-World/pw/branches/r1117/Src/PF_GameLogic/AIWorldFacets/./../PFApplicator.h:14:
/home/vitaly/p/Prime-World/pw/branches/r1117/Src/PF_GameLogic/AIWorldFacets/./../../PF_Core/../Scene/../Render/../MeshConverter/MeshHeader.h: At global scope:
/home/vitaly/p/Prime-World/pw/branches/r1117/Src/PF_GameLogic/AIWorldFacets/./../../PF_Core/../Scene/../Render/../MeshConverter/MeshHeader.h:168:30: warning: attribute ignored in declaration of ‘struct H6SkeletalMeshVertexStride’ [-Wattributes]
  168 | __declspec(align(16)) struct H6SkeletalMeshVertexStride
      |                              ^~~~~~~~~~~~~~~~~~~~~~~~~~
/home/vitaly/p/Prime-World/pw/branches/r1117/Src/PF_GameLogic/AIWorldFacets/./../../PF_Core/../Scene/../Render/../MeshConverter/MeshHeader.h:168:30: note: attribute for ‘struct H6SkeletalMeshVertexStride’ must follow the ‘struct’ keyword
/home/vitaly/p/Prime-World/pw/branches/r1117/Src/PF_GameLogic/AIWorldFacets/./../../PF_Core/../Scene/../Render/StaticMesh.h:28:7: warning: attribute ignored in declaration of ‘class Render::StaticMeshBase’ [-Wattributes]
   28 | class StaticMeshBase : public RenderComponent
      |       ^~~~~~~~~~~~~~
/home/vitaly/p/Prime-World/pw/branches/r1117/Src/PF_GameLogic/AIWorldFacets/./../../PF_Core/../Scene/../Render/StaticMesh.h:28:7: note: attribute for ‘class Render::StaticMeshBase’ must follow the ‘class’ keyword
/home/vitaly/p/Prime-World/pw/branches/r1117/Src/PF_GameLogic/AIWorldFacets/./../../PF_Core/../Scene/../Render/StaticMesh.h:50:7: warning: attribute ignored in declaration of ‘class Render::StaticMesh’ [-Wattributes]
   50 | class StaticMesh : public StaticMeshBase
      |       ^~~~~~~~~~
/home/vitaly/p/Prime-World/pw/branches/r1117/Src/PF_GameLogic/AIWorldFacets/./../../PF_Core/../Scene/../Render/StaticMesh.h:50:7: note: attribute for ‘class Render::StaticMesh’ must follow the ‘class’ keyword
/home/vitaly/p/Prime-World/pw/branches/r1117/Src/PF_GameLogic/AIWorldFacets/./../PFApplicator.h: In member function ‘const NWorld::PFAbilityData* NWorld::PFBaseApplicator::GetAbilityData() const’:
/home/vitaly/p/Prime-World/pw/branches/r1117/Src/PF_GameLogic/AIWorldFacets/./../PFApplicator.h:173:77: error: operands to ‘?:’ have different types ‘const CObj<NWorld::PFAbilityData>’ and ‘NWorld::PFAbilityData*’
  173 |   const PFAbilityData* GetAbilityData() const { return pUpgraderAbilityData ? pUpgraderAbilityData : ( pAbility ? pAbility->GetData() : 0 ); }
      |                                                        ~~~~~~~~~~~~~~~~~~~~~^~~~~~~~~~~~~~~~~~~~~~~~~~~~~~~~~~~~~~~~~~~~~~~~~~~~~~~~~~~~~~~
/home/vitaly/p/Prime-World/pw/branches/r1117/Src/PF_GameLogic/AIWorldFacets/./../PFApplicator.h:173:77: note:   and each type can be converted to the other
In file included from /home/vitaly/p/Prime-World/pw/branches/r1117/Src/PF_GameLogic/AIWorldFacets/./../../System/systemStdAfx.h:173:
/home/vitaly/p/Prime-World/pw/branches/r1117/Src/PF_GameLogic/AIWorldFacets/./../PFApplMod.h: At global scope:
/home/vitaly/p/Prime-World/pw/branches/r1117/Src/PF_GameLogic/AIWorldFacets/./../../System/../System/Ring.h:652:30: error: redeclaration of ‘template<class A> struct NWorld::PFApplAbilityMod::ring_Ring_’
  652 | template <typename A> struct ring ## _ ## ringCls ## _ { \
      |                              ^~~~
/home/vitaly/p/Prime-World/pw/branches/r1117/Src/PF_GameLogic/AIWorldFacets/./../../System/../System/Ring.h:692:55: note: in expansion of macro ‘seDECLARE_RING_CLASS_BASE’
  692 | #define seDECLARE_CPTRRING_CLASS(cls, field, ringCls) seDECLARE_RING_CLASS_BASE(cls, field, ringCls, ring::CPtrBasePolicyWithPtr<cls>)
      |                                                       ^~~~~~~~~~~~~~~~~~~~~~~~~
/home/vitaly/p/Prime-World/pw/branches/r1117/Src/PF_GameLogic/AIWorldFacets/./../PFApplMod.h:107:3: note: in expansion of macro ‘seDECLARE_CPTRRING_CLASS’
  107 |   seDECLARE_CPTRRING_CLASS(PFApplAbilityMod, abilityModRing, Ring);
      |   ^~~~~~~~~~~~~~~~~~~~~~~~
/home/vitaly/p/Prime-World/pw/branches/r1117/Src/PF_GameLogic/AIWorldFacets/./../../System/../System/Ring.h:650:30: note: previous declaration ‘template<class A> struct NWorld::PFApplAbilityMod::ring_Ring_’
  650 | template <typename A> struct ring ## _ ## ringCls ## _; \
      |                              ^~~~
/home/vitaly/p/Prime-World/pw/branches/r1117/Src/PF_GameLogic/AIWorldFacets/./../../System/../System/Ring.h:692:55: note: in expansion of macro ‘seDECLARE_RING_CLASS_BASE’
  692 | #define seDECLARE_CPTRRING_CLASS(cls, field, ringCls) seDECLARE_RING_CLASS_BASE(cls, field, ringCls, ring::CPtrBasePolicyWithPtr<cls>)
      |                                                       ^~~~~~~~~~~~~~~~~~~~~~~~~
/home/vitaly/p/Prime-World/pw/branches/r1117/Src/PF_GameLogic/AIWorldFacets/./../PFApplMod.h:107:3: note: in expansion of macro ‘seDECLARE_CPTRRING_CLASS’
  107 |   seDECLARE_CPTRRING_CLASS(PFApplAbilityMod, abilityModRing, Ring);
      |   ^~~~~~~~~~~~~~~~~~~~~~~~
/home/vitaly/p/Prime-World/pw/branches/r1117/Src/PF_GameLogic/AIWorldFacets/./../../System/../System/Ring.h:652:30: error: redeclaration of ‘template<class A> struct NWorld::PFApplAbilityUpgrade::ring_Ring_’
  652 | template <typename A> struct ring ## _ ## ringCls ## _ { \
      |                              ^~~~
/home/vitaly/p/Prime-World/pw/branches/r1117/Src/PF_GameLogic/AIWorldFacets/./../../System/../System/Ring.h:692:55: note: in expansion of macro ‘seDECLARE_RING_CLASS_BASE’
  692 | #define seDECLARE_CPTRRING_CLASS(cls, field, ringCls) seDECLARE_RING_CLASS_BASE(cls, field, ringCls, ring::CPtrBasePolicyWithPtr<cls>)
      |                                                       ^~~~~~~~~~~~~~~~~~~~~~~~~
/home/vitaly/p/Prime-World/pw/branches/r1117/Src/PF_GameLogic/AIWorldFacets/./../PFApplMod.h:145:3: note: in expansion of macro ‘seDECLARE_CPTRRING_CLASS’
  145 |   seDECLARE_CPTRRING_CLASS(PFApplAbilityUpgrade, upgradesRing, Ring);
      |   ^~~~~~~~~~~~~~~~~~~~~~~~
/home/vitaly/p/Prime-World/pw/branches/r1117/Src/PF_GameLogic/AIWorldFacets/./../../System/../System/Ring.h:650:30: note: previous declaration ‘template<class A> struct NWorld::PFApplAbilityUpgrade::ring_Ring_’
  650 | template <typename A> struct ring ## _ ## ringCls ## _; \
      |                              ^~~~
/home/vitaly/p/Prime-World/pw/branches/r1117/Src/PF_GameLogic/AIWorldFacets/./../../System/../System/Ring.h:692:55: note: in expansion of macro ‘seDECLARE_RING_CLASS_BASE’
  692 | #define seDECLARE_CPTRRING_CLASS(cls, field, ringCls) seDECLARE_RING_CLASS_BASE(cls, field, ringCls, ring::CPtrBasePolicyWithPtr<cls>)
      |                                                       ^~~~~~~~~~~~~~~~~~~~~~~~~
/home/vitaly/p/Prime-World/pw/branches/r1117/Src/PF_GameLogic/AIWorldFacets/./../PFApplMod.h:145:3: note: in expansion of macro ‘seDECLARE_CPTRRING_CLASS’
  145 |   seDECLARE_CPTRRING_CLASS(PFApplAbilityUpgrade, upgradesRing, Ring);
      |   ^~~~~~~~~~~~~~~~~~~~~~~~
/home/vitaly/p/Prime-World/pw/branches/r1117/Src/PF_GameLogic/AIWorldFacets/./../PFApplMod.h: In static member function ‘static bool NWorld::TauntApplicatorManager::IsTauntApplicator(const CObj<NWorld::PFBaseApplicator>&)’:
/home/vitaly/p/Prime-World/pw/branches/r1117/Src/PF_GameLogic/AIWorldFacets/./../PFApplMod.h:525:32: warning: comparison between ‘enum NWorld::PFBaseApplicator::<unnamed>’ and ‘enum NWorld::PFApplTaunt::<unnamed>’ [-Wenum-compare]
  525 |     return pApplicator->typeId == PFApplTaunt::typeId;
      |            ~~~~~~~~~~~~~~~~~~~~^~~~~~~~~~~~~~~~~~~~~~
In file included from /home/vitaly/p/Prime-World/pw/branches/r1117/Src/PF_GameLogic/AIWorldFacets/./../PFBaseUnit.h:12:
/home/vitaly/p/Prime-World/pw/branches/r1117/Src/PF_GameLogic/AIWorldFacets/./../PFUnitAbilities.h: At global scope:
/home/vitaly/p/Prime-World/pw/branches/r1117/Src/PF_GameLogic/AIWorldFacets/./../PFUnitAbilities.h:27:9: error: expected unqualified-id before ‘)’ token
   27 |   ZDATA()
      |         ^
/home/vitaly/p/Prime-World/pw/branches/r1117/Src/PF_GameLogic/AIWorldFacets/./../PFUnitAbilities.h: In member function ‘int NWorld::PFUnitAbilities::operator&(IBinSaver&)’:
/home/vitaly/p/Prime-World/pw/branches/r1117/Src/PF_GameLogic/AIWorldFacets/./../PFUnitAbilities.h:34:49: error: ‘useAbilitiesMicroAI’ was not declared in this scope
   34 |   ZEND int operator&( IBinSaver &f ) { f.Add(2,&useAbilitiesMicroAI); f.Add(3,&abilities); f.Add(4,&globalCooldownTime); f.Add(5,&globalActionsCooldown); f.Add(6,&channellingProgress); return 0; }
      |                                                 ^~~~~~~~~~~~~~~~~~~
/home/vitaly/p/Prime-World/pw/branches/r1117/Src/PF_GameLogic/AIWorldFacets/./../PFUnitAbilities.h: In constructor ‘NWorld::PFUnitAbilities::PFUnitAbilities()’:
/home/vitaly/p/Prime-World/pw/branches/r1117/Src/PF_GameLogic/AIWorldFacets/./../PFUnitAbilities.h:37:7: error: class ‘NWorld::PFUnitAbilities’ does not have any field named ‘useAbilitiesMicroAI’
   37 |     : useAbilitiesMicroAI(true)
      |       ^~~~~~~~~~~~~~~~~~~
/home/vitaly/p/Prime-World/pw/branches/r1117/Src/PF_GameLogic/AIWorldFacets/./../PFUnitAbilities.h: In member function ‘bool NWorld::PFUnitAbilities::IsMicroAiEnabled() const’:
/home/vitaly/p/Prime-World/pw/branches/r1117/Src/PF_GameLogic/AIWorldFacets/./../PFUnitAbilities.h:55:61: error: ‘useAbilitiesMicroAI’ was not declared in this scope
   55 |   bool                    IsMicroAiEnabled() const { return useAbilitiesMicroAI; }
      |                                                             ^~~~~~~~~~~~~~~~~~~
/home/vitaly/p/Prime-World/pw/branches/r1117/Src/PF_GameLogic/AIWorldFacets/./../PFUnitAbilities.h: In member function ‘void NWorld::PFUnitAbilities::EnableAbilityAI(bool)’:
/home/vitaly/p/Prime-World/pw/branches/r1117/Src/PF_GameLogic/AIWorldFacets/./../PFUnitAbilities.h:56:58: error: ‘useAbilitiesMicroAI’ was not declared in this scope
   56 |   void                    EnableAbilityAI(bool enable) { useAbilitiesMicroAI = enable; }
      |                                                          ^~~~~~~~~~~~~~~~~~~
In file included from /home/vitaly/p/Prime-World/pw/branches/r1117/Src/PF_GameLogic/AIWorldFacets/./../PFCreature.h:3,
                 from /home/vitaly/p/Prime-World/pw/branches/r1117/Src/PF_GameLogic/AIWorldFacets/./../PFHero.h:3,
                 from /home/vitaly/p/Prime-World/pw/branches/r1117/Src/PF_GameLogic/AIWorldFacets/FemaleMaleAssistEffect.cpp:5:
/home/vitaly/p/Prime-World/pw/branches/r1117/Src/PF_GameLogic/AIWorldFacets/./../PFBaseMovingUnit.h: At global scope:
/home/vitaly/p/Prime-World/pw/branches/r1117/Src/PF_GameLogic/AIWorldFacets/./../PFBaseMovingUnit.h:8:6: error: use of enum ‘EPathRestriction’ without previous declaration
    8 | enum EPathRestriction;
      |      ^~~~~~~~~~~~~~~~
/home/vitaly/p/Prime-World/pw/branches/r1117/Src/PF_GameLogic/AIWorldFacets/./../PFHero.h:20:34: error: use of enum ‘EventType’ without previous declaration
   20 | namespace SessionEventType {enum EventType;}
      |                                  ^~~~~~~~~
/home/vitaly/p/Prime-World/pw/branches/r1117/Src/PF_GameLogic/AIWorldFacets/./../PFHero.h:41:36: error: use of enum ‘Enum’ without previous declaration
   41 | namespace ETalentActivation { enum Enum; }
      |                                    ^~~~
/home/vitaly/p/Prime-World/pw/branches/r1117/Src/PF_GameLogic/AIWorldFacets/./../PFHero.h:166:25: error: ‘SessionEventType::EventType’ has not been declared
  166 |   void LogSessionEvent( SessionEventType::EventType eventType, const StatisticService::RPC::SessionEventInfo & params);
      |                         ^~~~~~~~~~~~~~~~
/home/vitaly/p/Prime-World/pw/branches/r1117/Src/PF_GameLogic/AIWorldFacets/./../PFHero.h:167:25: error: ‘SessionEventType::EventType’ has not been declared
  167 |   void LogSessionEvent( SessionEventType::EventType eventType, const NDb::DbResource *  resource);
      |                         ^~~~~~~~~~~~~~~~
/home/vitaly/p/Prime-World/pw/branches/r1117/Src/PF_GameLogic/AIWorldFacets/./../PFHero.h:168:25: error: ‘SessionEventType::EventType’ has not been declared
  168 |   void LogSessionEvent( SessionEventType::EventType eventType, int intParam1);
      |                         ^~~~~~~~~~~~~~~~
In file included from /home/vitaly/p/Prime-World/pw/branches/r1117/Src/PF_GameLogic/AIWorldFacets/./../PFAIWorld.h:5,
                 from /home/vitaly/p/Prime-World/pw/branches/r1117/Src/PF_GameLogic/AIWorldFacets/./../PFStatistics.h:3,
                 from /home/vitaly/p/Prime-World/pw/branches/r1117/Src/PF_GameLogic/AIWorldFacets/./../AdventureScreen.h:16,
                 from /home/vitaly/p/Prime-World/pw/branches/r1117/Src/PF_GameLogic/AIWorldFacets/FemaleMaleAssistEffect.cpp:8:
/home/vitaly/p/Prime-World/pw/branches/r1117/Src/PF_GameLogic/AIWorldFacets/./../PFVoxelMap.h: In member function ‘void NWorld::RingElementRemovalHandler<E, R>::OnRemove(E*)’:
/home/vitaly/p/Prime-World/pw/branches/r1117/Src/PF_GameLogic/AIWorldFacets/./../PFVoxelMap.h:29:13: error: need ‘typename’ before ‘NWorld::RingElementRemovalHandler<E, R>::TCurrentNextPointers::iterator’ because ‘NWorld::RingElementRemovalHandler<E, R>::TCurrentNextPointers’ is a dependent scope [-Wtemplate-body]
   29 |       for ( TCurrentNextPointers::iterator it = nextPointers.begin(); it != nextPointers.end(); ++it )
      |             ^~~~~~~~~~~~~~~~~~~~
/home/vitaly/p/Prime-World/pw/branches/r1117/Src/PF_GameLogic/AIWorldFacets/./../PFVoxelMap.h:29:71: error: ‘it’ was not declared in this scope; did you mean ‘t’? [-Wtemplate-body]
   29 |       for ( TCurrentNextPointers::iterator it = nextPointers.begin(); it != nextPointers.end(); ++it )
      |                                                                       ^~
      |                                                                       t
/home/vitaly/p/Prime-World/pw/branches/r1117/Src/PF_GameLogic/AIWorldFacets/./../PFVoxelMap.h:29:95: error: expected ‘)’ before ‘;’ token [-Wtemplate-body]
   29 |       for ( TCurrentNextPointers::iterator it = nextPointers.begin(); it != nextPointers.end(); ++it )
      |                                                                                               ^
/home/vitaly/p/Prime-World/pw/branches/r1117/Src/PF_GameLogic/AIWorldFacets/./../PFVoxelMap.h:29:11: note: to match this ‘(’
   29 |       for ( TCurrentNextPointers::iterator it = nextPointers.begin(); it != nextPointers.end(); ++it )
      |           ^
/home/vitaly/p/Prime-World/pw/branches/r1117/Src/PF_GameLogic/AIWorldFacets/./../PFVoxelMap.h:29:99: error: ‘it’ was not declared in this scope; did you mean ‘t’? [-Wtemplate-body]
   29 |       for ( TCurrentNextPointers::iterator it = nextPointers.begin(); it != nextPointers.end(); ++it )
      |                                                                                                   ^~
      |                                                                                                   t
/home/vitaly/p/Prime-World/pw/branches/r1117/Src/PF_GameLogic/AIWorldFacets/./../PFVoxelMap.h: In member function ‘void NWorld::PFVoxelMap::ForAllEntities(TFunc&, const TPredicate&) const’:
/home/vitaly/p/Prime-World/pw/branches/r1117/Src/PF_GameLogic/AIWorldFacets/./../PFVoxelMap.h:136:20: error: ‘pObj’ was not declared in this scope; did you mean ‘CObj’? [-Wtemplate-body]
  136 |         TSel::Obj *pObj = TSel::Cast(&(*r));
      |                    ^~~~
      |                    CObj
/home/vitaly/p/Prime-World/pw/branches/r1117/Src/PF_GameLogic/AIWorldFacets/./../PFVoxelMap.h: In member function ‘void NWorld::PFVoxelMap::ForAllEntitiesInBBox(const NWorld::BBox2D&, const Range&, TFunc&, const TPredicate&) const’:
/home/vitaly/p/Prime-World/pw/branches/r1117/Src/PF_GameLogic/AIWorldFacets/./../PFVoxelMap.h:165:20: error: expected primary-expression before ‘const’ [-Wtemplate-body]
  165 |         TSel::Obj *const pObjLast = TSel::Cast(ring.last());
      |                    ^~~~~
/home/vitaly/p/Prime-World/pw/branches/r1117/Src/PF_GameLogic/AIWorldFacets/./../PFVoxelMap.h:165:20: error: expected ‘;’ before ‘const’ [-Wtemplate-body]
/home/vitaly/p/Prime-World/pw/branches/r1117/Src/PF_GameLogic/AIWorldFacets/./../PFVoxelMap.h:166:25: error: ‘pObj’ was not declared in this scope; did you mean ‘CObj’? [-Wtemplate-body]
  166 |         for (TSel::Obj *pObj = TSel::Cast(ring.first()); pObj != pObjLast;)
      |                         ^~~~
      |                         CObj
/home/vitaly/p/Prime-World/pw/branches/r1117/Src/PF_GameLogic/AIWorldFacets/./../PFVoxelMap.h:166:66: error: ‘pObjLast’ was not declared in this scope [-Wtemplate-body]
  166 |         for (TSel::Obj *pObj = TSel::Cast(ring.first()); pObj != pObjLast;)
      |                                                                  ^~~~~~~~
/home/vitaly/p/Prime-World/pw/branches/r1117/Src/PF_GameLogic/AIWorldFacets/./../PFVoxelMap.h:170:22: error: ‘pNext’ was not declared in this scope [-Wtemplate-body]
  170 |           TSel::Obj *pNext = TSel::Cast(PFLogicObject::LORing::next(pObj));
      |                      ^~~~~
/home/vitaly/p/Prime-World/pw/branches/r1117/Src/PF_GameLogic/AIWorldFacets/./../PFVoxelMap.h:172:33: error: need ‘typename’ before ‘TSel::Obj’ because ‘TSel’ is a dependent scope [-Wtemplate-body]
  172 |             pNext = static_cast<TSel::Obj*>(ringElemRemovalHandler.GetTopNext());
      |                                 ^~~~
      |                                 typename 
/home/vitaly/p/Prime-World/pw/branches/r1117/Src/PF_GameLogic/AIWorldFacets/./../PFVoxelMap.h:172:42: error: expected ‘>’ before ‘*’ token [-Wtemplate-body]
  172 |             pNext = static_cast<TSel::Obj*>(ringElemRemovalHandler.GetTopNext());
      |                                          ^
/home/vitaly/p/Prime-World/pw/branches/r1117/Src/PF_GameLogic/AIWorldFacets/./../PFVoxelMap.h: In member function ‘void NWorld::PFVoxelMap::ForAllUnitsInRangeConsiderSize(const CVec3&, float, TFunc&) const’:
/home/vitaly/p/Prime-World/pw/branches/r1117/Src/PF_GameLogic/AIWorldFacets/./../PFVoxelMap.h:237:64: warning: invalid use of incomplete type ‘class NWorld::PFAIWorld’
  237 |     const float maxUnitRadius = 0.5f * GetWorld()->GetAIWorld()->GetMaxObjectSize();
      |                                                                ^~
/home/vitaly/p/Prime-World/pw/branches/r1117/Src/PF_GameLogic/AIWorldFacets/./../PFWorld.h:64:7: note: forward declaration of ‘class NWorld::PFAIWorld’
   64 | class PFAIWorld;
      |       ^~~~~~~~~
In file included from /home/vitaly/p/Prime-World/pw/branches/r1117/Src/PF_GameLogic/AIWorldFacets/./../PFStatistics.h:9:
/home/vitaly/p/Prime-World/pw/branches/r1117/Src/PF_GameLogic/AIWorldFacets/./../PFStatisticsImpl.h: In function ‘void NWorld::StatisticsStuff::Minus_(nstl::vector<_Tp>&, const nstl::vector<_Tp>&)’:
/home/vitaly/p/Prime-World/pw/branches/r1117/Src/PF_GameLogic/AIWorldFacets/./../PFStatisticsImpl.h:19:8: error: need ‘typename’ before ‘nstl::vector<_Tp>::const_iterator’ because ‘nstl::vector<_Tp>’ is a dependent scope [-Wtemplate-body]
   19 |   for (vector<T>::const_iterator it2 = v2.begin(), end2 = v2.end(); it2 != end2; ++it2)
      |        ^~~~~~~~~
/home/vitaly/p/Prime-World/pw/branches/r1117/Src/PF_GameLogic/AIWorldFacets/./../PFStatisticsImpl.h:19:69: error: ‘it2’ was not declared in this scope [-Wtemplate-body]
   19 |   for (vector<T>::const_iterator it2 = v2.begin(), end2 = v2.end(); it2 != end2; ++it2)
      |                                                                     ^~~
/home/vitaly/p/Prime-World/pw/branches/r1117/Src/PF_GameLogic/AIWorldFacets/./../PFStatisticsImpl.h:19:76: error: ‘end2’ was not declared in this scope; did you mean ‘endl’? [-Wtemplate-body]
   19 |   for (vector<T>::const_iterator it2 = v2.begin(), end2 = v2.end(); it2 != end2; ++it2)
      |                                                                            ^~~~
      |                                                                            endl
/home/vitaly/p/Prime-World/pw/branches/r1117/Src/PF_GameLogic/AIWorldFacets/./../PFStatisticsImpl.h:19:80: error: expected ‘)’ before ‘;’ token [-Wtemplate-body]
   19 |   for (vector<T>::const_iterator it2 = v2.begin(), end2 = v2.end(); it2 != end2; ++it2)
      |       ~                                                                        ^
      |                                                                                )
/home/vitaly/p/Prime-World/pw/branches/r1117/Src/PF_GameLogic/AIWorldFacets/./../PFStatisticsImpl.h:19:84: error: ‘it2’ was not declared in this scope [-Wtemplate-body]
   19 |   for (vector<T>::const_iterator it2 = v2.begin(), end2 = v2.end(); it2 != end2; ++it2)
      |                                                                                    ^~~
/home/vitaly/p/Prime-World/pw/branches/r1117/Src/PF_GameLogic/AIWorldFacets/./../PFStatisticsImpl.h: In function ‘void NWorld::StatisticsStuff::Unite_(const nstl::vector<_Tp>&, const nstl::vector<_Tp>&, nstl::vector<_Tp>&)’:
/home/vitaly/p/Prime-World/pw/branches/r1117/Src/PF_GameLogic/AIWorldFacets/./../PFStatisticsImpl.h:35:8: error: need ‘typename’ before ‘nstl::vector<_Tp>::const_iterator’ because ‘nstl::vector<_Tp>’ is a dependent scope [-Wtemplate-body]
   35 |   for (vector<T>::const_iterator it1 = v1.begin(), end1 = v1.end(); it1 != end1; ++it1)
      |        ^~~~~~~~~
/home/vitaly/p/Prime-World/pw/branches/r1117/Src/PF_GameLogic/AIWorldFacets/./../PFStatisticsImpl.h:35:69: error: ‘it1’ was not declared in this scope [-Wtemplate-body]
   35 |   for (vector<T>::const_iterator it1 = v1.begin(), end1 = v1.end(); it1 != end1; ++it1)
      |                                                                     ^~~
/home/vitaly/p/Prime-World/pw/branches/r1117/Src/PF_GameLogic/AIWorldFacets/./../PFStatisticsImpl.h:35:76: error: ‘end1’ was not declared in this scope; did you mean ‘endl’? [-Wtemplate-body]
   35 |   for (vector<T>::const_iterator it1 = v1.begin(), end1 = v1.end(); it1 != end1; ++it1)
      |                                                                            ^~~~
      |                                                                            endl
/home/vitaly/p/Prime-World/pw/branches/r1117/Src/PF_GameLogic/AIWorldFacets/./../PFStatisticsImpl.h:35:80: error: expected ‘)’ before ‘;’ token [-Wtemplate-body]
   35 |   for (vector<T>::const_iterator it1 = v1.begin(), end1 = v1.end(); it1 != end1; ++it1)
      |       ~                                                                        ^
      |                                                                                )
/home/vitaly/p/Prime-World/pw/branches/r1117/Src/PF_GameLogic/AIWorldFacets/./../PFStatisticsImpl.h:35:84: error: ‘it1’ was not declared in this scope [-Wtemplate-body]
   35 |   for (vector<T>::const_iterator it1 = v1.begin(), end1 = v1.end(); it1 != end1; ++it1)
      |                                                                                    ^~~
/home/vitaly/p/Prime-World/pw/branches/r1117/Src/PF_GameLogic/AIWorldFacets/./../PFStatisticsImpl.h:39:8: error: need ‘typename’ before ‘nstl::vector<_Tp>::const_iterator’ because ‘nstl::vector<_Tp>’ is a dependent scope [-Wtemplate-body]
   39 |   for (vector<T>::const_iterator it2 = v2.begin(), end2 = v2.end(); it2 != end2; ++it2)
      |        ^~~~~~~~~
/home/vitaly/p/Prime-World/pw/branches/r1117/Src/PF_GameLogic/AIWorldFacets/./../PFStatisticsImpl.h:39:69: error: ‘it2’ was not declared in this scope [-Wtemplate-body]
   39 |   for (vector<T>::const_iterator it2 = v2.begin(), end2 = v2.end(); it2 != end2; ++it2)
      |                                                                     ^~~
/home/vitaly/p/Prime-World/pw/branches/r1117/Src/PF_GameLogic/AIWorldFacets/./../PFStatisticsImpl.h:39:76: error: ‘end2’ was not declared in this scope; did you mean ‘endl’? [-Wtemplate-body]
   39 |   for (vector<T>::const_iterator it2 = v2.begin(), end2 = v2.end(); it2 != end2; ++it2)
      |                                                                            ^~~~
      |                                                                            endl
/home/vitaly/p/Prime-World/pw/branches/r1117/Src/PF_GameLogic/AIWorldFacets/./../PFStatisticsImpl.h:39:80: error: expected ‘)’ before ‘;’ token [-Wtemplate-body]
   39 |   for (vector<T>::const_iterator it2 = v2.begin(), end2 = v2.end(); it2 != end2; ++it2)
      |       ~                                                                        ^
      |                                                                                )
/home/vitaly/p/Prime-World/pw/branches/r1117/Src/PF_GameLogic/AIWorldFacets/./../PFStatisticsImpl.h:39:84: error: ‘it2’ was not declared in this scope [-Wtemplate-body]
   39 |   for (vector<T>::const_iterator it2 = v2.begin(), end2 = v2.end(); it2 != end2; ++it2)
      |                                                                                    ^~~
/home/vitaly/p/Prime-World/pw/branches/r1117/Src/PF_GameLogic/AIWorldFacets/./../PFStatistics.h: At global scope:
/home/vitaly/p/Prime-World/pw/branches/r1117/Src/PF_GameLogic/AIWorldFacets/./../PFStatistics.h:20:3: error: extra qualification ‘{anonymous}::FirstEventChecker::’ on member ‘FirstEventChecker’ [-fpermissive]
   20 |   FirstEventChecker::FirstEventChecker () : wasEvent(0), firstTime(0) {}
      |   ^~~~~~~~~~~~~~~~~
/home/vitaly/p/Prime-World/pw/branches/r1117/Src/PF_GameLogic/AIWorldFacets/./../AdventureScreen.h:455:10: error: extra qualification ‘NGameX::AdventureScreen::’ on member ‘CastLimitationsHandler’ [-fpermissive]
  455 |     bool AdventureScreen::CastLimitationsHandler( const NWorld::PFAbilityData* pAbilityData, const NWorld::PFBaseUnit* pOwner, const NWorld::Target& target ) const;
      |          ^~~~~~~~~~~~~~~
/home/vitaly/p/Prime-World/pw/branches/r1117/Src/PF_GameLogic/AIWorldFacets/./../AdventureScreen.h:574:112: error: ‘SessionEventType::EventType’ has not been declared
  574 |     void LogHeroEvent( const StatisticService::RPC::SessionEventInfo &params, NWorld::PFBaseHero const * hero, SessionEventType::EventType eventType );
      |                                                                                                                ^~~~~~~~~~~~~~~~
/home/vitaly/p/Prime-World/pw/branches/r1117/Src/PF_GameLogic/AIWorldFacets/./../AdventureScreen.h:600:39: error: ‘SessionEventType::EventType’ has not been declared
  600 |       SessionEventData(int worldStep, SessionEventType::EventType eventType, const StatisticService::RPC::SessionEventInfo & eventParams)
      |                                       ^~~~~~~~~~~~~~~~
/home/vitaly/p/Prime-World/pw/branches/r1117/Src/PF_GameLogic/AIWorldFacets/./../AdventureScreen.h:607:25: error: ‘EventType’ in namespace ‘SessionEventType’ does not name a type
  607 |       SessionEventType::EventType type;
      |                         ^~~~~~~~~
/home/vitaly/p/Prime-World/pw/branches/r1117/Src/PF_GameLogic/AIWorldFacets/./../AdventureScreen.h:787:68: error: ‘SessionEventType::EventType’ has not been declared
  787 |     virtual void LogSessionEvent( NWorld::PFBaseHero const * hero, SessionEventType::EventType eventType, const StatisticService::RPC::SessionEventInfo & params );
      |                                                                    ^~~~~~~~~~~~~~~~
/home/vitaly/p/Prime-World/pw/branches/r1117/Src/PF_GameLogic/AIWorldFacets/./../AdventureScreen.h:788:68: error: ‘SessionEventType::EventType’ has not been declared
  788 |     virtual void LogSessionEvent( NWorld::PFBaseHero const * hero, SessionEventType::EventType eventType, const StatisticService::RPC::SessionEventInfo & params, int worldStep );
      |                                                                    ^~~~~~~~~~~~~~~~
/home/vitaly/p/Prime-World/pw/branches/r1117/Src/PF_GameLogic/AIWorldFacets/./../AdventureScreen.h:790:40: error: ‘SessionEventType::EventType’ has not been declared
  790 |     virtual void LogWorldSessionEvent( SessionEventType::EventType eventType, const StatisticService::RPC::SessionEventInfo & params );
      |                                        ^~~~~~~~~~~~~~~~
/home/vitaly/p/Prime-World/pw/branches/r1117/Src/PF_GameLogic/AIWorldFacets/./../AdventureScreen.h: In constructor ‘NGameX::AdventureScreen::SessionEventData::SessionEventData(int, int, const StatisticService::RPC::SessionEventInfo&)’:
/home/vitaly/p/Prime-World/pw/branches/r1117/Src/PF_GameLogic/AIWorldFacets/./../AdventureScreen.h:602:11: error: class ‘NGameX::AdventureScreen::SessionEventData’ does not have any field named ‘type’
  602 |         , type(eventType)
      |           ^~~~
In file included from /home/vitaly/p/Prime-World/pw/branches/r1117/Src/PF_GameLogic/AIWorldFacets/./../../System/systemStdAfx.h:81:
/home/vitaly/p/Prime-World/pw/branches/r1117/Src/PF_GameLogic/AIWorldFacets/./../../System/../System/Basic.h: In instantiation of ‘ConstPtr<T>& ConstPtr<T>::operator=(const T*) [with T = NWorld::PFBaseUnit]’:
/home/vitaly/p/Prime-World/pw/branches/r1117/Src/PF_GameLogic/AIWorldFacets/./../PFBaseUnit.h:244:49:   required from here
  244 |     void Init(const PFBaseUnit * _unit) {unit = _unit;}
      |                                                 ^~~~~
/home/vitaly/p/Prime-World/pw/branches/r1117/Src/PF_GameLogic/AIWorldFacets/./../../System/../System/Basic.h:435:55: error: ‘SetPtr’ was not declared in this scope, and no declarations were found by argument-dependent lookup at the point of instantiation
  435 |   ConstPtr & operator = ( const T *_pObject ) { SetPtr( const_cast<T *>( _pObject ) ); return *this; }
      |                                                 ~~~~~~^~~~~~~~~~~~~~~~~~~~~~~~~~~~~~~
/home/vitaly/p/Prime-World/pw/branches/r1117/Src/PF_GameLogic/AIWorldFacets/./../../System/../System/Basic.h:435:55: note: declarations in dependent base ‘CPtrBase<NWorld::PFBaseUnit, CObjectBase::SRefCounter>’ are not found by unqualified lookup
/home/vitaly/p/Prime-World/pw/branches/r1117/Src/PF_GameLogic/AIWorldFacets/./../../System/../System/Basic.h:435:55: note: use ‘this->SetPtr’ instead
/home/vitaly/p/Prime-World/pw/branches/r1117/Src/PF_GameLogic/AIWorldFacets/./../../System/../System/Ring.h: In instantiation of ‘T* ring::Ring<T, C, REF_POLICY>::self() const [with T = NWorld::PFApplAbilityMod; C = NWorld::PFApplAbilityMod::ring_Ring_<int>; REF_POLICY = ring::CPtrBasePolicyWithPtr<NWorld::PFApplAbilityMod>]’:
/home/vitaly/p/Prime-World/pw/branches/r1117/Src/PF_GameLogic/AIWorldFacets/./../../System/../System/Ring.h:169:19:   required from ‘ring::Ring<T, C, REF_POLICY>::Ring() [with T = NWorld::PFApplAbilityMod; C = NWorld::PFApplAbilityMod::ring_Ring_<int>; REF_POLICY = ring::CPtrBasePolicyWithPtr<NWorld::PFApplAbilityMod>]’
  169 |   Ring() : m_part(self())
      |                   ^~~~
/home/vitaly/p/Prime-World/pw/branches/r1117/Src/PF_GameLogic/AIWorldFacets/./../PFHero.h:483:25:   required from here
  483 |   explicit PFBaseHero() {}
      |                         ^
/home/vitaly/p/Prime-World/pw/branches/r1117/Src/PF_GameLogic/AIWorldFacets/./../../System/../System/Ring.h:567:27: error: incomplete type ‘NWorld::PFApplAbilityMod::ring_Ring_<int>’ used in nested name specifier
  567 |     T * const obj = C::obj(&m_part);
      |                     ~~~~~~^~~~~~~~~
In file included from /home/vitaly/p/Prime-World/pw/branches/r1117/Src/PF_GameLogic/AIWorldFacets/./../../System/../System/nlist.h:36,
                 from /home/vitaly/p/Prime-World/pw/branches/r1117/Src/PF_GameLogic/AIWorldFacets/./../../System/systemStdAfx.h:72:
/home/vitaly/p/Prime-World/pw/branches/r1117/Src/PF_GameLogic/AIWorldFacets/./../../System/../System/Ring.h:568:29: error: incomplete type ‘NWorld::PFApplAbilityMod::ring_Ring_<int>’ used in nested name specifier
  568 |     NI_ASSERT_TRACE(&C::part(obj) == &m_part, "sanity check");
      |                      ~~~~~~~^~~~~
/home/vitaly/p/Prime-World/pw/branches/r1117/Src/PF_GameLogic/AIWorldFacets/./../../System/../System/Asserts.h:40:67: note: in definition of macro ‘NI_ASSERT_TRACE’
   40 | #define NI_ASSERT_TRACE( expr, user_text ) { const bool bCheck = (expr); if ( !bCheck ) { TRACE_MSG( user_text ); } }
      |                                                                   ^~~~
/home/vitaly/p/Prime-World/pw/branches/r1117/Src/PF_GameLogic/AIWorldFacets/./../../System/../System/Ring.h: In instantiation of ‘T* ring::Ring<T, C, REF_POLICY>::self() const [with T = NWorld::PFApplAbilityUpgrade; C = NWorld::PFApplAbilityUpgrade::ring_Ring_<int>; REF_POLICY = ring::CPtrBasePolicyWithPtr<NWorld::PFApplAbilityUpgrade>]’:
/home/vitaly/p/Prime-World/pw/branches/r1117/Src/PF_GameLogic/AIWorldFacets/./../../System/../System/Ring.h:401:12:   required from ‘T* ring::Ring<T, C, REF_POLICY>::last() const [with T = NWorld::PFApplAbilityUpgrade; C = NWorld::PFApplAbilityUpgrade::ring_Ring_<int>; REF_POLICY = ring::CPtrBasePolicyWithPtr<NWorld::PFApplAbilityUpgrade>]’
  401 |     return self();
      |            ^~~~
/home/vitaly/p/Prime-World/pw/branches/r1117/Src/System/BinSaver.h:228:32:   required from ‘void IBinSaver::DoRing(ring::Ring<T, C, R>&) [with T = NWorld::PFApplAbilityUpgrade; C = NWorld::PFApplAbilityUpgrade::ring_Ring_<int>; R = ring::CPtrBasePolicyWithPtr<NWorld::PFApplAbilityUpgrade>]’
  228 |       T * pElemLast = data.last();
      |                       ~~~~~~~~~^~
/home/vitaly/p/Prime-World/pw/branches/r1117/Src/System/BinSaver.h:553:20:   required from ‘void IBinSaver::AddImpl(chunk_id, ring::Ring<T, C, R>*, int) [with T = NWorld::PFApplAbilityUpgrade; C = NWorld::PFApplAbilityUpgrade::ring_Ring_<int>; R = ring::CPtrBasePolicyWithPtr<NWorld::PFApplAbilityUpgrade>; chunk_id = unsigned char]’
  553 |     DoRing<T, C, R>( *pRing);
      |     ~~~~~~~~~~~~~~~^~~~~~~~~
/home/vitaly/p/Prime-World/pw/branches/r1117/Src/System/BinSaver.h:793:14:   required from ‘void IBinSaver::Add(chunk_id, T*, int) [with T = ring::Ring<NWorld::PFApplAbilityUpgrade, NWorld::PFApplAbilityUpgrade::ring_Ring_<int>, ring::CPtrBasePolicyWithPtr<NWorld::PFApplAbilityUpgrade> >; chunk_id = unsigned char]’
  793 |       AddImpl( idChunk, p, nChunkNumber );
      |       ~~~~~~~^~~~~~~~~~~~~~~~~~~~~~~~~~~~
/home/vitaly/p/Prime-World/pw/branches/r1117/Src/PF_GameLogic/AIWorldFacets/./../PFBaseUnit.h:416:1215:   required from here
  416 |   ZEND int operator&( IBinSaver &f ) { f.Add(1,(PFLogicObject*)this); f.Add(2,(PFFsm*)this); f.Add(3,(PFUnitAbilities*)this); OnSerialize( f ); f.Add(4,&eventListeners); f.Add(5,&appliedApplicatorsHistory); f.Add(6,&sentApplicatorsHistory); f.Add(7,&namedApplicators); f.Add(8,&appliedApplicators); f.Add(9,&sentApplicators); f.Add(10,&statusApplicators); f.Add(11,&tauntApplicators); f.Add(12,&abilityInstances); f.Add(13,&attackersRing); f.Add(14,&forbidFlags); f.Add(15,&variablesRing); f.Add(16,&bStrongTarget); f.Add(17,&pCurrentTarget); f.Add(18,&derivativeStatsContainer); f.Add(19,&unitTargetingParams); f.Add(20,&baseUnitTargetingParams); f.Add(21,&dbUnitDesc); f.Add(22,&stats); f.Add(23,&summonedUnits); f.Add(24,&naftaLevel); f.Add(25,&timeSinceLevelUp); f.Add(26,&energy); f.Add(27,&targetRevisionTime); f.Add(28,&pMaster); f.Add(29,&behaviourList); f.Add(30,&visUnitData); f.Add(31,&visibleForEnemy); f.Add(32,&visibleForNeutral); f.Add(33,&pAttackAbility); f.Add(34,&maxHealth); f.Add(35,&maxEnergy); f.Add(36,&gold); f.Add(37,&canApplyDispatch); f.Add(38,&isInCombat); f.Add(39,&priorityTargets); f.Add(40,&screamTargets); f.Add(41,&shouldRestoreSceneObject); f.Add(42,&pOriginalSceneObject); f.Add(43,&abilitiesUpgrades); f.Add(44,&inboundDispatches); f.Add(45,&maxAllowedSummons); f.Add(46,&attackSectorsCount); f.Add(47,&attackSectorsAngle); f.Add(48,&attackSectors); f.Add(49,&pAlphaSummon); f.Add(50,&lastAttack); f.Add(51,&lastHeroAttack); f.Add(52,&lastDamage); f.Add(53,&externalPassiveAbilities); f.Add(54,&sleepDelay); f.Add(55,&bSleep); f.Add(56,&isInTaunt); return 0; }
      |                                                                                                                                                                                                                                                                                                                                                                                                                                                                                                                                                                                                                                                                                                                                                                                                                                                                                                                                                                                                                                                                                                                                                                                                                                                          ~~~~~^~~~~~~~~~~~~~~~~~~~~~~
/home/vitaly/p/Prime-World/pw/branches/r1117/Src/PF_GameLogic/AIWorldFacets/./../../System/../System/Ring.h:567:27: error: incomplete type ‘NWorld::PFApplAbilityUpgrade::ring_Ring_<int>’ used in nested name specifier
  567 |     T * const obj = C::obj(&m_part);
      |                     ~~~~~~^~~~~~~~~
/home/vitaly/p/Prime-World/pw/branches/r1117/Src/PF_GameLogic/AIWorldFacets/./../../System/../System/Ring.h:568:29: error: incomplete type ‘NWorld::PFApplAbilityUpgrade::ring_Ring_<int>’ used in nested name specifier
  568 |     NI_ASSERT_TRACE(&C::part(obj) == &m_part, "sanity check");
      |                      ~~~~~~~^~~~~
/home/vitaly/p/Prime-World/pw/branches/r1117/Src/PF_GameLogic/AIWorldFacets/./../../System/../System/Asserts.h:40:67: note: in definition of macro ‘NI_ASSERT_TRACE’
   40 | #define NI_ASSERT_TRACE( expr, user_text ) { const bool bCheck = (expr); if ( !bCheck ) { TRACE_MSG( user_text ); } }
      |                                                                   ^~~~
/home/vitaly/p/Prime-World/pw/branches/r1117/Src/PF_GameLogic/AIWorldFacets/./../../System/../System/Ring.h: In instantiation of ‘static ring::Ring<T, C, REF_POLICY>::Part& ring::Ring<T, C, REF_POLICY>::part(T*) [with T = NWorld::PFApplAbilityUpgrade; C = NWorld::PFApplAbilityUpgrade::ring_Ring_<int>; REF_POLICY = ring::CPtrBasePolicyWithPtr<NWorld::PFApplAbilityUpgrade>; Part = ring::PartT<NWorld::PFApplAbilityUpgrade>]’:
/home/vitaly/p/Prime-World/pw/branches/r1117/Src/PF_GameLogic/AIWorldFacets/./../../System/../System/Ring.h:429:22:   required from ‘static T* ring::Ring<T, C, REF_POLICY>::next(T*) [with T = NWorld::PFApplAbilityUpgrade; C = NWorld::PFApplAbilityUpgrade::ring_Ring_<int>; REF_POLICY = ring::CPtrBasePolicyWithPtr<NWorld::PFApplAbilityUpgrade>]’
  429 |     return obj ? part(obj).next : 0;
      |                  ~~~~^~~~~
/home/vitaly/p/Prime-World/pw/branches/r1117/Src/System/BinSaver.h:232:30:   required from ‘void IBinSaver::DoRing(ring::Ring<T, C, R>&) [with T = NWorld::PFApplAbilityUpgrade; C = NWorld::PFApplAbilityUpgrade::ring_Ring_<int>; R = ring::CPtrBasePolicyWithPtr<NWorld::PFApplAbilityUpgrade>]’
  232 |         pRingElem = data.next(pRingElem);
      |                     ~~~~~~~~~^~~~~~~~~~~
/home/vitaly/p/Prime-World/pw/branches/r1117/Src/System/BinSaver.h:553:20:   required from ‘void IBinSaver::AddImpl(chunk_id, ring::Ring<T, C, R>*, int) [with T = NWorld::PFApplAbilityUpgrade; C = NWorld::PFApplAbilityUpgrade::ring_Ring_<int>; R = ring::CPtrBasePolicyWithPtr<NWorld::PFApplAbilityUpgrade>; chunk_id = unsigned char]’
  553 |     DoRing<T, C, R>( *pRing);
      |     ~~~~~~~~~~~~~~~^~~~~~~~~
/home/vitaly/p/Prime-World/pw/branches/r1117/Src/System/BinSaver.h:793:14:   required from ‘void IBinSaver::Add(chunk_id, T*, int) [with T = ring::Ring<NWorld::PFApplAbilityUpgrade, NWorld::PFApplAbilityUpgrade::ring_Ring_<int>, ring::CPtrBasePolicyWithPtr<NWorld::PFApplAbilityUpgrade> >; chunk_id = unsigned char]’
  793 |       AddImpl( idChunk, p, nChunkNumber );
      |       ~~~~~~~^~~~~~~~~~~~~~~~~~~~~~~~~~~~
/home/vitaly/p/Prime-World/pw/branches/r1117/Src/PF_GameLogic/AIWorldFacets/./../PFBaseUnit.h:416:1215:   required from here
  416 |   ZEND int operator&( IBinSaver &f ) { f.Add(1,(PFLogicObject*)this); f.Add(2,(PFFsm*)this); f.Add(3,(PFUnitAbilities*)this); OnSerialize( f ); f.Add(4,&eventListeners); f.Add(5,&appliedApplicatorsHistory); f.Add(6,&sentApplicatorsHistory); f.Add(7,&namedApplicators); f.Add(8,&appliedApplicators); f.Add(9,&sentApplicators); f.Add(10,&statusApplicators); f.Add(11,&tauntApplicators); f.Add(12,&abilityInstances); f.Add(13,&attackersRing); f.Add(14,&forbidFlags); f.Add(15,&variablesRing); f.Add(16,&bStrongTarget); f.Add(17,&pCurrentTarget); f.Add(18,&derivativeStatsContainer); f.Add(19,&unitTargetingParams); f.Add(20,&baseUnitTargetingParams); f.Add(21,&dbUnitDesc); f.Add(22,&stats); f.Add(23,&summonedUnits); f.Add(24,&naftaLevel); f.Add(25,&timeSinceLevelUp); f.Add(26,&energy); f.Add(27,&targetRevisionTime); f.Add(28,&pMaster); f.Add(29,&behaviourList); f.Add(30,&visUnitData); f.Add(31,&visibleForEnemy); f.Add(32,&visibleForNeutral); f.Add(33,&pAttackAbility); f.Add(34,&maxHealth); f.Add(35,&maxEnergy); f.Add(36,&gold); f.Add(37,&canApplyDispatch); f.Add(38,&isInCombat); f.Add(39,&priorityTargets); f.Add(40,&screamTargets); f.Add(41,&shouldRestoreSceneObject); f.Add(42,&pOriginalSceneObject); f.Add(43,&abilitiesUpgrades); f.Add(44,&inboundDispatches); f.Add(45,&maxAllowedSummons); f.Add(46,&attackSectorsCount); f.Add(47,&attackSectorsAngle); f.Add(48,&attackSectors); f.Add(49,&pAlphaSummon); f.Add(50,&lastAttack); f.Add(51,&lastHeroAttack); f.Add(52,&lastDamage); f.Add(53,&externalPassiveAbilities); f.Add(54,&sleepDelay); f.Add(55,&bSleep); f.Add(56,&isInTaunt); return 0; }
      |                                                                                                                                                                                                                                                                                                                                                                                                                                                                                                                                                                                                                                                                                                                                                                                                                                                                                                                                                                                                                                                                                                                                                                                                                                                          ~~~~~^~~~~~~~~~~~~~~~~~~~~~~
/home/vitaly/p/Prime-World/pw/branches/r1117/Src/PF_GameLogic/AIWorldFacets/./../../System/../System/Ring.h:587:19: error: incomplete type ‘NWorld::PFApplAbilityUpgrade::ring_Ring_<int>’ used in nested name specifier
  587 |     return C::part(obj);
      |            ~~~~~~~^~~~~
/home/vitaly/p/Prime-World/pw/branches/r1117/Src/PF_GameLogic/AIWorldFacets/./../../System/../System/Ring.h: In instantiation of ‘static ring::Ring<T, C, REF_POLICY>::Part& ring::Ring<T, C, REF_POLICY>::part(T*) [with T = NWorld::PFApplAbilityMod; C = NWorld::PFApplAbilityMod::ring_Ring_<int>; REF_POLICY = ring::CPtrBasePolicyWithPtr<NWorld::PFApplAbilityMod>; Part = ring::PartT<NWorld::PFApplAbilityMod>]’:
/home/vitaly/p/Prime-World/pw/branches/r1117/Src/PF_GameLogic/AIWorldFacets/./../../System/../System/Ring.h:429:22:   required from ‘static T* ring::Ring<T, C, REF_POLICY>::next(T*) [with T = NWorld::PFApplAbilityMod; C = NWorld::PFApplAbilityMod::ring_Ring_<int>; REF_POLICY = ring::CPtrBasePolicyWithPtr<NWorld::PFApplAbilityMod>]’
  429 |     return obj ? part(obj).next : 0;
      |                  ~~~~^~~~~
/home/vitaly/p/Prime-World/pw/branches/r1117/Src/System/BinSaver.h:232:30:   required from ‘void IBinSaver::DoRing(ring::Ring<T, C, R>&) [with T = NWorld::PFApplAbilityMod; C = NWorld::PFApplAbilityMod::ring_Ring_<int>; R = ring::CPtrBasePolicyWithPtr<NWorld::PFApplAbilityMod>]’
  232 |         pRingElem = data.next(pRingElem);
      |                     ~~~~~~~~~^~~~~~~~~~~
/home/vitaly/p/Prime-World/pw/branches/r1117/Src/System/BinSaver.h:553:20:   required from ‘void IBinSaver::AddImpl(chunk_id, ring::Ring<T, C, R>*, int) [with T = NWorld::PFApplAbilityMod; C = NWorld::PFApplAbilityMod::ring_Ring_<int>; R = ring::CPtrBasePolicyWithPtr<NWorld::PFApplAbilityMod>; chunk_id = unsigned char]’
  553 |     DoRing<T, C, R>( *pRing);
      |     ~~~~~~~~~~~~~~~^~~~~~~~~
/home/vitaly/p/Prime-World/pw/branches/r1117/Src/System/BinSaver.h:793:14:   required from ‘void IBinSaver::Add(chunk_id, T*, int) [with T = ring::Ring<NWorld::PFApplAbilityMod, NWorld::PFApplAbilityMod::ring_Ring_<int>, ring::CPtrBasePolicyWithPtr<NWorld::PFApplAbilityMod> >; chunk_id = unsigned char]’
  793 |       AddImpl( idChunk, p, nChunkNumber );
      |       ~~~~~~~^~~~~~~~~~~~~~~~~~~~~~~~~~~~
/home/vitaly/p/Prime-World/pw/branches/r1117/Src/PF_GameLogic/AIWorldFacets/./../PFHero.h:565:603:   required from here
  565 |   ZEND int operator&( IBinSaver &f ) { f.Add(1,(PFCreature*)this); f.Add(2,&activatedWhileLastDeathtime); f.Add(3,&consumables); f.Add(4,&respawnDelay); f.Add(5,&advanceRespawnDelay); f.Add(6,&forbidRespawn); f.Add(7,&resurrectParams); f.Add(8,&redeemCost); f.Add(9,&redeemCostRecalculateDelay); f.Add(10,&experience); f.Add(11,&spawnPos); f.Add(12,&pPlayer); f.Add(13,&isClone); f.Add(14,&giveWorldGoldOffset); f.Add(15,&distanceRun); f.Add(16,&pDbHero); f.Add(17,&isolated); f.Add(18,&ripTime); f.Add(19,&inTeamId); f.Add(20,&rgConsumablesAbilities); f.Add(21,&clones); f.Add(22,&cloneCounter); f.Add(23,&rgAbilitiesModifiers); f.Add(24,&abilityModsActualizationTime); f.Add(25,&pMount); f.Add(26,&pStatistics); f.Add(27,&pProfile); f.Add(28,&fountainPos); f.Add(29,&canControlMount); f.Add(30,&force); f.Add(31,&raiting); f.Add(32,&originalFaction); f.Add(33,&takeModDmg); f.Add(34,&takeTypeUnit); f.Add(35,&heroSkinId); f.Add(36,&playerGender); f.Add(37,&scriptControlledProgressValue); f.Add(38,&partyId); f.Add(39,&heroState); f.Add(40,&isAnimatedAvatar); f.Add(41,&leagueIndex); f.Add(42,&ownLeaguePlace); f.Add(43,&leaguePlaces); OnSerialize( f ); return 0; }
      |                                                                                                                                                                                                                                                                                                                                                                                                                                                                                                                                                                                                                      ~~~~~^~~~~~~~~~~~~~~~~~~~~~~~~~
/home/vitaly/p/Prime-World/pw/branches/r1117/Src/PF_GameLogic/AIWorldFacets/./../../System/../System/Ring.h:587:19: error: incomplete type ‘NWorld::PFApplAbilityMod::ring_Ring_<int>’ used in nested name specifier
  587 |     return C::part(obj);
      |            ~~~~~~~^~~~~
make[3]: *** [CMakeFiles/PrimeWorld.dir/build.make:2137: CMakeFiles/PrimeWorld.dir/PF_GameLogic/AIWorldFacets/FemaleMaleAssistEffect.cpp.o] Error 1
make[2]: *** [CMakeFiles/Makefile2:87: CMakeFiles/PrimeWorld.dir/all] Error 2
make[1]: *** [CMakeFiles/Makefile2:94: CMakeFiles/PrimeWorld.dir/rule] Error 2
make: *** [Makefile:124: PrimeWorld] Error 2
