[  0%] Building CXX object CMakeFiles/PrimeWorld.dir/Game/PF/Client/GameChatClient/GameChatClient.cpp.o
In file included from /home/vitaly/p/Prime-World/pw/branches/r1117/Src/System/../System/Logger.h:7,
                 from /home/vitaly/p/Prime-World/pw/branches/r1117/Src/System/systemStdAfx.h:77,
                 from /home/vitaly/p/Prime-World/pw/branches/r1117/Src/Game/PF/Client/GameChatClient/stdafx.h:3,
                 from /home/vitaly/p/Prime-World/pw/branches/r1117/Src/Game/PF/Client/GameChatClient/GameChatClient.cpp:1:
/home/vitaly/p/Prime-World/pw/branches/r1117/Src/System/../System/MultiReaderLock.h:22:14: warning: ‘template<class> class std::auto_ptr’ is deprecated: use 'std::unique_ptr' instead [-Wdeprecated-declarations]
   22 |   const std::auto_ptr< MultiReaderLockImpl > impl_;
      |              ^~~~~~~~
In file included from /usr/lib/gcc/x86_64-pc-linux-gnu/15/include/g++-v15/memory:80,
                 from /home/vitaly/p/Prime-World/pw/branches/r1117/Src/System/../System/MultiReaderLock.h:3:
/usr/lib/gcc/x86_64-pc-linux-gnu/15/include/g++-v15/bits/unique_ptr.h:58:28: note: declared here
   58 |   template<typename> class auto_ptr;
      |                            ^~~~~~~~
In file included from /home/vitaly/p/Prime-World/pw/branches/r1117/Src/System/systemStdAfx.h:162:
/home/vitaly/p/Prime-World/pw/branches/r1117/Src/System/../System/ncircular_buffer.h:293:15: warning: ‘template<class _Category, class _Tp, class _Distance, class _Pointer, class _Reference> struct std::iterator’ is deprecated [-Wdeprecated-declarations]
  293 | : public std::iterator<std::random_access_iterator_tag,
      |               ^~~~~~~~
In file included from /usr/lib/gcc/x86_64-pc-linux-gnu/15/include/g++-v15/bits/stl_algobase.h:65,
                 from /usr/lib/gcc/x86_64-pc-linux-gnu/15/include/g++-v15/bits/specfun.h:43,
                 from /usr/lib/gcc/x86_64-pc-linux-gnu/15/include/g++-v15/cmath:3913,
                 from /usr/lib/gcc/x86_64-pc-linux-gnu/15/include/g++-v15/math.h:36,
                 from /home/vitaly/p/Prime-World/pw/branches/r1117/Src/System/Win32_linux.h:9,
                 from /home/vitaly/p/Prime-World/pw/branches/r1117/Src/System/config.h:51,
                 from /home/vitaly/p/Prime-World/pw/branches/r1117/Src/System/systemStdAfx.h:4:
/usr/lib/gcc/x86_64-pc-linux-gnu/15/include/g++-v15/bits/stl_iterator_base_types.h:129:34: note: declared here
  129 |     struct _GLIBCXX17_DEPRECATED iterator
      |                                  ^~~~~~~~
In file included from /home/vitaly/p/Prime-World/pw/branches/r1117/Src/Server/RPC/RpcArgs.h:14,
                 from /home/vitaly/p/Prime-World/pw/branches/r1117/Src/Server/RPC/RpcEntityHandler.h:4,
                 from /home/vitaly/p/Prime-World/pw/branches/r1117/Src/Server/RPC/ClassFactory.h:17,
                 from /home/vitaly/p/Prime-World/pw/branches/r1117/Src/Server/RPC/ReplicationTypes.h:3,
                 from /home/vitaly/p/Prime-World/pw/branches/r1117/Src/Server/RPC/Arguments.h:8,
                 from /home/vitaly/p/Prime-World/pw/branches/r1117/Src/Server/RPC/RPC.h:24,
                 from /home/vitaly/p/Prime-World/pw/branches/r1117/Src/Server/Chat/ChatSvc/RChatClientIface.auto.h:4,
                 from /home/vitaly/p/Prime-World/pw/branches/r1117/Src/Game/PF/Client/GameChatClient/GameChatClient.h:2,
                 from /home/vitaly/p/Prime-World/pw/branches/r1117/Src/Game/PF/Client/GameChatClient/GameChatClient.cpp:2:
/home/vitaly/p/Prime-World/pw/branches/r1117/Src/Server/RPC/RpcMultiPacketPipe.h:27:9: error: ‘string’ in namespace ‘rpc::nstl’ does not name a type
   27 |   nstl::string nodeName;
      |         ^~~~~~
/home/vitaly/p/Prime-World/pw/branches/r1117/Src/Server/RPC/RpcMultiPacketPipe.h:34:9: error: ‘string’ in namespace ‘rpc::nstl’ does not name a type
   34 |   nstl::string nodeName;
      |         ^~~~~~
/home/vitaly/p/Prime-World/pw/branches/r1117/Src/Server/RPC/RpcMultiPacketPipe.h: In constructor ‘rpc::rpc::NodeInfo::NodeInfo(const char*, const GUID&, rpc::rpc::INode*)’:
/home/vitaly/p/Prime-World/pw/branches/r1117/Src/Server/RPC/RpcMultiPacketPipe.h:44:5: error: ‘nodeName’ was not declared in this scope; did you mean ‘_nodeName’?
   44 |     nodeName = _nodeName;
      |     ^~~~~~~~
      |     _nodeName
/home/vitaly/p/Prime-World/pw/branches/r1117/Src/Server/RPC/RpcMultiPacketPipe.h: At global scope:
/home/vitaly/p/Prime-World/pw/branches/r1117/Src/Server/RPC/RpcMultiPacketPipe.h:54:15: error: ‘map’ in namespace ‘rpc::nstl’ does not name a template type
   54 | typedef nstl::map<int, NodeInfo> NodesMap;
      |               ^~~
/home/vitaly/p/Prime-World/pw/branches/r1117/Src/Server/RPC/RpcMultiPacketPipe.h:70:17: error: ‘hash_map’ in namespace ‘rpc::nstl’ does not name a template type
   70 |   typedef nstl::hash_map<void*, int> NodeContainer;
      |                 ^~~~~~~~
/home/vitaly/p/Prime-World/pw/branches/r1117/Src/Server/RPC/RpcMultiPacketPipe.h:120:28: error: ‘rpc::nstl::vector’ has not been declared
  120 |   int GetDisconnectedNodes(nstl::vector<NodeBriefDesc>& nodes);
      |                            ^~~~
/home/vitaly/p/Prime-World/pw/branches/r1117/Src/Server/RPC/RpcMultiPacketPipe.h:120:40: error: expected ‘,’ or ‘...’ before ‘<’ token
  120 |   int GetDisconnectedNodes(nstl::vector<NodeBriefDesc>& nodes);
      |                                        ^
/home/vitaly/p/Prime-World/pw/branches/r1117/Src/Server/RPC/RpcMultiPacketPipe.h:121:19: error: ‘rpc::nstl::vector’ has not been declared
  121 |   int GetAllNodes(nstl::vector<NodeBriefDesc>& nodes);
      |                   ^~~~
/home/vitaly/p/Prime-World/pw/branches/r1117/Src/Server/RPC/RpcMultiPacketPipe.h:121:31: error: expected ‘,’ or ‘...’ before ‘<’ token
  121 |   int GetAllNodes(nstl::vector<NodeBriefDesc>& nodes);
      |                               ^
/home/vitaly/p/Prime-World/pw/branches/r1117/Src/Server/RPC/RpcMultiPacketPipe.h:122:8: error: ‘Status’ in namespace ‘rpc::rpc’ does not name a type
  122 |   rpc::Status GetStatus();
      |        ^~~~~~
/home/vitaly/p/Prime-World/pw/branches/r1117/Src/Server/RPC/RpcMultiPacketPipe.h:140:13: error: ‘NodeContainer’ has not been declared; did you mean ‘CachedContainer’?
  140 |   int _Send(NodeContainer& nodes, const byte* data, int size );
      |             ^~~~~~~~~~~~~
      |             CachedContainer
/home/vitaly/p/Prime-World/pw/branches/r1117/Src/Server/RPC/RpcMultiPacketPipe.h:142:3: error: ‘NodeContainer’ does not name a type; did you mean ‘CachedContainer’?
  142 |   NodeContainer activeNodes;
      |   ^~~~~~~~~~~~~
      |   CachedContainer
/home/vitaly/p/Prime-World/pw/branches/r1117/Src/Server/RPC/RpcMultiPacketPipe.h:143:3: error: ‘NodeContainer’ does not name a type; did you mean ‘CachedContainer’?
  143 |   NodeContainer blockedNodes;
      |   ^~~~~~~~~~~~~
      |   CachedContainer
/home/vitaly/p/Prime-World/pw/branches/r1117/Src/Server/RPC/RpcMultiPacketPipe.h:146:3: error: ‘NodesMap’ does not name a type
  146 |   NodesMap allNodes;
      |   ^~~~~~~~
/home/vitaly/p/Prime-World/pw/branches/r1117/Src/Server/RPC/RpcMultiPacketPipe.h:115:27: error: invalid covariant return type for ‘virtual StrongMT<rpc::rpc::INode> rpc::rpc::MultiPacketPipe::GetNode(int)’
  115 |   virtual StrongMT<INode> GetNode(int index);
      |                           ^~~~~~~
In file included from /home/vitaly/p/Prime-World/pw/branches/r1117/Src/Server/RPC/ClassFactory.h:14:
/home/vitaly/p/Prime-World/pw/branches/r1117/Src/Server/RPC/IMultiPipe.h:15:27: note: overridden function is ‘virtual StrongMT<rpc::INode> rpc::IMultiPipe::GetNode(int)’
   15 |   virtual StrongMT<INode> GetNode(int index)=0;
      |                           ^~~~~~~
/home/vitaly/p/Prime-World/pw/branches/r1117/Src/Server/RPC/RpcMultiPacketPipe.h: In member function ‘virtual int rpc::rpc::MultiPacketPipe::GetCount()’:
/home/vitaly/p/Prime-World/pw/branches/r1117/Src/Server/RPC/RpcMultiPacketPipe.h:114:74: error: ‘activeNodes’ was not declared in this scope
  114 |   virtual int GetCount() { threading::SpinLockGuard lock(locker); return activeNodes.size()+blockedNodes.size(); }
      |                                                                          ^~~~~~~~~~~
/home/vitaly/p/Prime-World/pw/branches/r1117/Src/Server/RPC/RpcMultiPacketPipe.h:114:93: error: ‘blockedNodes’ was not declared in this scope; did you mean ‘BlockNode’?
  114 |   virtual int GetCount() { threading::SpinLockGuard lock(locker); return activeNodes.size()+blockedNodes.size(); }
      |                                                                                             ^~~~~~~~~~~~
      |                                                                                             BlockNode
/home/vitaly/p/Prime-World/pw/branches/r1117/Src/Server/RPC/RpcMultiPacketPipe.h: In member function ‘uint rpc::rpc::MultiPacketPipe::GetRegisteredCount() const’:
/home/vitaly/p/Prime-World/pw/branches/r1117/Src/Server/RPC/RpcMultiPacketPipe.h:119:83: error: ‘allNodes’ was not declared in this scope; did you mean ‘INodes’?
  119 |   uint GetRegisteredCount() const { threading::SpinLockGuard lock(locker); return allNodes.size(); }
      |                                                                                   ^~~~~~~~
      |                                                                                   INodes
/home/vitaly/p/Prime-World/pw/branches/r1117/Src/Server/RPC/RpcMultiPacketPipe.h: In member function ‘bool rpc::rpc::MultiPacketPipe::_IsBlocked(rpc::rpc::INode*)’:
/home/vitaly/p/Prime-World/pw/branches/r1117/Src/Server/RPC/RpcMultiPacketPipe.h:136:5: error: ‘NodeContainer’ has not been declared; did you mean ‘CachedContainer’?
  136 |     NodeContainer::iterator it = blockedNodes.find(node);
      |     ^~~~~~~~~~~~~
      |     CachedContainer
/home/vitaly/p/Prime-World/pw/branches/r1117/Src/Server/RPC/RpcMultiPacketPipe.h:137:13: error: ‘it’ was not declared in this scope; did you mean ‘int’?
  137 |     return (it != blockedNodes.end());
      |             ^~
      |             int
/home/vitaly/p/Prime-World/pw/branches/r1117/Src/Server/RPC/RpcMultiPacketPipe.h:137:19: error: ‘blockedNodes’ was not declared in this scope; did you mean ‘BlockNode’?
  137 |     return (it != blockedNodes.end());
      |                   ^~~~~~~~~~~~
      |                   BlockNode
/home/vitaly/p/Prime-World/pw/branches/r1117/Src/Server/RPC/RpcArgs.h: At global scope:
/home/vitaly/p/Prime-World/pw/branches/r1117/Src/Server/RPC/RpcArgs.h:284:8: error: ‘Transaction’ in namespace ‘rpc::rpc’ does not name a type
  284 |   rpc::Transaction* StartDataTransaction(uint methodId=rpc::NoMethod, bool isReady=true) { if (!datatransaction) datatransaction = StartTransaction(methodId, isReady);  return datatransaction; }
      |        ^~~~~~~~~~~
/home/vitaly/p/Prime-World/pw/branches/r1117/Src/Server/RPC/RpcArgs.h:286:8: error: ‘ECallResult’ in namespace ‘rpc::rpc’ does not name a type
  286 |   rpc::ECallResult::Enum DoDataTransaction(IPacketPipe * pipe) { return DoTransaction(pipe, datatransaction); }
      |        ^~~~~~~~~~~
/home/vitaly/p/Prime-World/pw/branches/r1117/Src/Server/RPC/RpcArgs.h:289:13: error: ‘rpc::rpc::Transaction’ has not been declared
  289 |   bool Push(rpc::Transaction* transaction, int value)  { return transaction?transaction->GetArgs().Push(value):false; }
      |             ^~~
/home/vitaly/p/Prime-World/pw/branches/r1117/Src/Server/RPC/RpcArgs.h:290:13: error: ‘rpc::rpc::Transaction’ has not been declared
  290 |   bool Push(rpc::Transaction* transaction, uint value)  { return transaction?transaction->GetArgs().Push(value):false; }
      |             ^~~
/home/vitaly/p/Prime-World/pw/branches/r1117/Src/Server/RPC/RpcArgs.h:291:13: error: ‘rpc::rpc::Transaction’ has not been declared
  291 |   bool Push(rpc::Transaction* transaction, ushort value)  { if (transaction) { return transaction->GetArgs().Push(short(value)); } return false; }
      |             ^~~
/home/vitaly/p/Prime-World/pw/branches/r1117/Src/Server/RPC/RpcArgs.h:292:13: error: ‘rpc::rpc::Transaction’ has not been declared
  292 |   bool Push(rpc::Transaction* transaction, char value) { return transaction?transaction->GetArgs().Push(value):false; }
      |             ^~~
/home/vitaly/p/Prime-World/pw/branches/r1117/Src/Server/RPC/RpcArgs.h:293:13: error: ‘rpc::rpc::Transaction’ has not been declared
  293 |   bool Push(rpc::Transaction* transaction, unsigned char value) { return transaction?transaction->GetArgs().Push(value):false; }
      |             ^~~
/home/vitaly/p/Prime-World/pw/branches/r1117/Src/Server/RPC/RpcArgs.h:294:13: error: ‘rpc::rpc::Transaction’ has not been declared
  294 |   bool Push(rpc::Transaction* transaction, bool value) { return transaction?transaction->GetArgs().Push(value):false; }
      |             ^~~
/home/vitaly/p/Prime-World/pw/branches/r1117/Src/Server/RPC/RpcArgs.h:295:13: error: ‘rpc::rpc::Transaction’ has not been declared
  295 |   bool Push(rpc::Transaction* transaction, float value) { return transaction?transaction->GetArgs().Push(value):false; }
      |             ^~~
/home/vitaly/p/Prime-World/pw/branches/r1117/Src/Server/RPC/RpcArgs.h:296:13: error: ‘rpc::rpc::Transaction’ has not been declared
  296 |   bool Push(rpc::Transaction* transaction, short value) { return transaction?transaction->GetArgs().Push(value):false; }
      |             ^~~
/home/vitaly/p/Prime-World/pw/branches/r1117/Src/Server/RPC/RpcArgs.h:297:13: error: ‘rpc::rpc::Transaction’ has not been declared
  297 |   bool Push(rpc::Transaction* transaction, double value) { return transaction?transaction->GetArgs().Push(value):false; }
      |             ^~~
/home/vitaly/p/Prime-World/pw/branches/r1117/Src/Server/RPC/RpcArgs.h:298:13: error: ‘rpc::rpc::Transaction’ has not been declared
  298 |   bool Push(rpc::Transaction* transaction, long long value) { return transaction?transaction->GetArgs().Push(value):false; }
      |             ^~~
/home/vitaly/p/Prime-World/pw/branches/r1117/Src/Server/RPC/RpcArgs.h:299:13: error: ‘rpc::rpc::Transaction’ has not been declared
  299 |   bool Push(rpc::Transaction* transaction, unsigned long long value) { return transaction?transaction->GetArgs().Push(value):false; }
      |             ^~~
/home/vitaly/p/Prime-World/pw/branches/r1117/Src/Server/RPC/RpcArgs.h:300:13: error: ‘rpc::rpc::Transaction’ has not been declared
  300 |   bool Push(rpc::Transaction* transaction, const char* value) { return transaction?transaction->GetArgs().Push(value):false; }
      |             ^~~
/home/vitaly/p/Prime-World/pw/branches/r1117/Src/Server/RPC/RpcArgs.h:301:13: error: ‘rpc::rpc::Transaction’ has not been declared
  301 |   bool Push(rpc::Transaction* transaction, const wchar_t* value) { return transaction?transaction->GetArgs().Push(value):false; }
      |             ^~~
/home/vitaly/p/Prime-World/pw/branches/r1117/Src/Server/RPC/RpcArgs.h:302:13: error: ‘rpc::rpc::Transaction’ has not been declared
  302 |   bool Push(rpc::Transaction* transaction, const nstl::string& value) { return transaction?transaction->GetArgs().Push(value):false; }
      |             ^~~
/home/vitaly/p/Prime-World/pw/branches/r1117/Src/Server/RPC/RpcArgs.h:302:56: error: ‘string’ in namespace ‘rpc::nstl’ does not name a type
  302 |   bool Push(rpc::Transaction* transaction, const nstl::string& value) { return transaction?transaction->GetArgs().Push(value):false; }
      |                                                        ^~~~~~
/home/vitaly/p/Prime-World/pw/branches/r1117/Src/Server/RPC/RpcArgs.h:303:13: error: ‘rpc::rpc::Transaction’ has not been declared
  303 |   bool Push(rpc::Transaction* transaction, const nstl::wstring& value) { return transaction?transaction->GetArgs().Push(value):false; }
      |             ^~~
/home/vitaly/p/Prime-World/pw/branches/r1117/Src/Server/RPC/RpcArgs.h:303:56: error: ‘wstring’ in namespace ‘rpc::nstl’ does not name a type
  303 |   bool Push(rpc::Transaction* transaction, const nstl::wstring& value) { return transaction?transaction->GetArgs().Push(value):false; }
      |                                                        ^~~~~~~
/home/vitaly/p/Prime-World/pw/branches/r1117/Src/Server/RPC/RpcArgs.h:303:8: error: ‘bool rpc::Args::Push(int*, const int&)’ cannot be overloaded with ‘bool rpc::Args::Push(int*, const int&)’
  303 |   bool Push(rpc::Transaction* transaction, const nstl::wstring& value) { return transaction?transaction->GetArgs().Push(value):false; }
      |        ^~~~
/home/vitaly/p/Prime-World/pw/branches/r1117/Src/Server/RPC/RpcArgs.h:302:8: note: previous declaration ‘bool rpc::Args::Push(int*, const int&)’
  302 |   bool Push(rpc::Transaction* transaction, const nstl::string& value) { return transaction?transaction->GetArgs().Push(value):false; }
      |        ^~~~
/home/vitaly/p/Prime-World/pw/branches/r1117/Src/Server/RPC/RpcArgs.h:304:13: error: ‘rpc::rpc::Transaction’ has not been declared
  304 |   bool Push(rpc::Transaction* transaction, const ContainerOperationInfo& value) { return transaction?transaction->GetArgs().Push(value):false; }
      |             ^~~
/home/vitaly/p/Prime-World/pw/branches/r1117/Src/Server/RPC/RpcArgs.h:305:13: error: ‘rpc::rpc::Transaction’ has not been declared
  305 |   bool Push(rpc::Transaction* transaction, const rpc::MemoryBlock& value) { return transaction?transaction->GetArgs().Push(value):false; }
      |             ^~~
/home/vitaly/p/Prime-World/pw/branches/r1117/Src/Server/RPC/RpcArgs.h:305:55: error: ‘MemoryBlock’ in namespace ‘rpc::rpc’ does not name a type
  305 |   bool Push(rpc::Transaction* transaction, const rpc::MemoryBlock& value) { return transaction?transaction->GetArgs().Push(value):false; }
      |                                                       ^~~~~~~~~~~
/home/vitaly/p/Prime-World/pw/branches/r1117/Src/Server/RPC/RpcArgs.h:305:8: error: ‘bool rpc::Args::Push(int*, const int&)’ cannot be overloaded with ‘bool rpc::Args::Push(int*, const int&)’
  305 |   bool Push(rpc::Transaction* transaction, const rpc::MemoryBlock& value) { return transaction?transaction->GetArgs().Push(value):false; }
      |        ^~~~
/home/vitaly/p/Prime-World/pw/branches/r1117/Src/Server/RPC/RpcArgs.h:302:8: note: previous declaration ‘bool rpc::Args::Push(int*, const int&)’
  302 |   bool Push(rpc::Transaction* transaction, const nstl::string& value) { return transaction?transaction->GetArgs().Push(value):false; }
      |        ^~~~
/home/vitaly/p/Prime-World/pw/branches/r1117/Src/Server/RPC/RpcArgs.h:306:35: error: ‘rpc::rpc::Transaction’ has not been declared
  306 |   template <typename T> bool Push(rpc::Transaction* transaction, const nstl::vector<T>& value) { return transaction?transaction->GetArgs().Push(value):false; }
      |                                   ^~~
/home/vitaly/p/Prime-World/pw/branches/r1117/Src/Server/RPC/RpcArgs.h:306:78: error: ‘vector’ in namespace ‘rpc::nstl’ does not name a template type
  306 |   template <typename T> bool Push(rpc::Transaction* transaction, const nstl::vector<T>& value) { return transaction?transaction->GetArgs().Push(value):false; }
      |                                                                              ^~~~~~
/home/vitaly/p/Prime-World/pw/branches/r1117/Src/Server/RPC/RpcArgs.h:306:84: error: expected ‘,’ or ‘...’ before ‘<’ token
  306 |   template <typename T> bool Push(rpc::Transaction* transaction, const nstl::vector<T>& value) { return transaction?transaction->GetArgs().Push(value):false; }
      |                                                                                    ^
/home/vitaly/p/Prime-World/pw/branches/r1117/Src/Server/RPC/RpcArgs.h:307:58: error: ‘rpc::rpc::Transaction’ has not been declared
  307 |   template <typename T, unsigned int capacity> bool Push(rpc::Transaction* transaction, const FixedVector<T, capacity>& value) { return transaction?transaction->GetArgs().Push(value):false; }
      |                                                          ^~~
/home/vitaly/p/Prime-World/pw/branches/r1117/Src/Server/RPC/RpcArgs.h:309:35: error: ‘rpc::rpc::Transaction’ has not been declared
  309 |   template <typename T> bool Push(rpc::Transaction* transaction, T* value)
      |                                   ^~~
/home/vitaly/p/Prime-World/pw/branches/r1117/Src/Server/RPC/RpcArgs.h:319:35: error: ‘rpc::rpc::Transaction’ has not been declared
  319 |   template <typename T> bool Push(rpc::Transaction* transaction, const T& value)
      |                                   ^~~
/home/vitaly/p/Prime-World/pw/branches/r1117/Src/Server/RPC/RpcArgs.h:329:24: error: ‘rpc::rpc::Transaction’ has not been declared
  329 |   bool PushArrayMember(rpc::Transaction* transaction, const IRemoteEntity* value) { return transaction?transaction->GetArgs().Push(value):false; }
      |                        ^~~
/home/vitaly/p/Prime-World/pw/branches/r1117/Src/Server/RPC/RpcArgs.h:330:24: error: ‘rpc::rpc::Transaction’ has not been declared
  330 |   bool PushArrayMember(rpc::Transaction* transaction, IRemoteEntity* value) { return transaction?transaction->GetArgs().Push(value):false; }
      |                        ^~~
/home/vitaly/p/Prime-World/pw/branches/r1117/Src/Server/RPC/RpcArgs.h:331:24: error: ‘rpc::rpc::Transaction’ has not been declared
  331 |   bool PushArrayMember(rpc::Transaction* transaction, const char* value) { return transaction?transaction->GetArgs().Push(value):false; }
      |                        ^~~
/home/vitaly/p/Prime-World/pw/branches/r1117/Src/Server/RPC/RpcArgs.h:332:24: error: ‘rpc::rpc::Transaction’ has not been declared
  332 |   bool PushArrayMember(rpc::Transaction* transaction, const wchar_t* value) { return transaction?transaction->GetArgs().Push(value):false; }
      |                        ^~~
/home/vitaly/p/Prime-World/pw/branches/r1117/Src/Server/RPC/RpcArgs.h:333:24: error: ‘rpc::rpc::Transaction’ has not been declared
  333 |   bool PushArrayMember(rpc::Transaction* transaction, const nstl::string& value) { return transaction?transaction->GetArgs().Push(value):false; }
      |                        ^~~
/home/vitaly/p/Prime-World/pw/branches/r1117/Src/Server/RPC/RpcArgs.h:333:67: error: ‘string’ in namespace ‘rpc::nstl’ does not name a type
  333 |   bool PushArrayMember(rpc::Transaction* transaction, const nstl::string& value) { return transaction?transaction->GetArgs().Push(value):false; }
      |                                                                   ^~~~~~
/home/vitaly/p/Prime-World/pw/branches/r1117/Src/Server/RPC/RpcArgs.h:334:24: error: ‘rpc::rpc::Transaction’ has not been declared
  334 |   bool PushArrayMember(rpc::Transaction* transaction, const nstl::wstring& value) { if (transaction) { return transaction->GetArgs().Push(value); } return false ; }
      |                        ^~~
/home/vitaly/p/Prime-World/pw/branches/r1117/Src/Server/RPC/RpcArgs.h:334:67: error: ‘wstring’ in namespace ‘rpc::nstl’ does not name a type
  334 |   bool PushArrayMember(rpc::Transaction* transaction, const nstl::wstring& value) { if (transaction) { return transaction->GetArgs().Push(value); } return false ; }
      |                                                                   ^~~~~~~
/home/vitaly/p/Prime-World/pw/branches/r1117/Src/Server/RPC/RpcArgs.h:334:8: error: ‘bool rpc::Args::PushArrayMember(int*, const int&)’ cannot be overloaded with ‘bool rpc::Args::PushArrayMember(int*, const int&)’
  334 |   bool PushArrayMember(rpc::Transaction* transaction, const nstl::wstring& value) { if (transaction) { return transaction->GetArgs().Push(value); } return false ; }
      |        ^~~~~~~~~~~~~~~
/home/vitaly/p/Prime-World/pw/branches/r1117/Src/Server/RPC/RpcArgs.h:333:8: note: previous declaration ‘bool rpc::Args::PushArrayMember(int*, const int&)’
  333 |   bool PushArrayMember(rpc::Transaction* transaction, const nstl::string& value) { return transaction?transaction->GetArgs().Push(value):false; }
      |        ^~~~~~~~~~~~~~~
/home/vitaly/p/Prime-World/pw/branches/r1117/Src/Server/RPC/RpcArgs.h:335:24: error: ‘rpc::rpc::Transaction’ has not been declared
  335 |   bool PushArrayMember(rpc::Transaction* transaction, char value) { return transaction?transaction->GetArgs().Push(value):false; }
      |                        ^~~
/home/vitaly/p/Prime-World/pw/branches/r1117/Src/Server/RPC/RpcArgs.h:336:24: error: ‘rpc::rpc::Transaction’ has not been declared
  336 |   bool PushArrayMember(rpc::Transaction* transaction, wchar_t value) { return transaction?transaction->GetArgs().Push(value):false; }
      |                        ^~~
/home/vitaly/p/Prime-World/pw/branches/r1117/Src/Server/RPC/RpcArgs.h:338:46: error: ‘rpc::rpc::Transaction’ has not been declared
  338 |   template <typename T> bool PushArrayMember(rpc::Transaction* transaction, const T& value)
      |                                              ^~~
/home/vitaly/p/Prime-World/pw/branches/r1117/Src/Server/RPC/RpcArgs.h:351:13: error: ‘rpc::rpc::Transaction’ has not been declared
  351 |   bool Push(rpc::Transaction* transaction,  void* val, uint size )
      |             ^~~
/home/vitaly/p/Prime-World/pw/branches/r1117/Src/Server/RPC/RpcArgs.h:360:16: error: ‘rpc::rpc::Transaction’ has not been declared
  360 |   bool PushRaw(rpc::Transaction* transaction, const T& value) { if (transaction) { return transaction->GetArgs().PushRaw(value);} return false; }
      |                ^~~
/home/vitaly/p/Prime-World/pw/branches/r1117/Src/Server/RPC/RpcArgs.h:361:30: error: ‘rpc::rpc::IEntityMap’ has not been declared
  361 |   virtual int ConnectToNodes(rpc::IEntityMap* _entityMap) { return 0; }
      |                              ^~~
/home/vitaly/p/Prime-World/pw/branches/r1117/Src/Server/RPC/RpcArgs.h:362:8: error: ‘Transaction’ in namespace ‘rpc::rpc’ does not name a type
  362 |   rpc::Transaction* StartTransaction( uint methodId=rpc::NoMethod, bool isReady=true);
      |        ^~~~~~~~~~~
/home/vitaly/p/Prime-World/pw/branches/r1117/Src/Server/RPC/RpcArgs.h:363:15: error: ‘IEntityMap’ is not a member of ‘rpc::rpc’; did you mean ‘rpc::IEntityMap’?
  363 |   WeakMT<rpc::IEntityMap>& GetEntityMap() { return entityMap; }
      |               ^~~~~~~~~~
In file included from /home/vitaly/p/Prime-World/pw/branches/r1117/Src/Server/RPC/EntityMap.h:5,
                 from /home/vitaly/p/Prime-World/pw/branches/r1117/Src/Server/RPC/ClassFactory.h:11:
/home/vitaly/p/Prime-World/pw/branches/r1117/Src/Server/RPC/IEntityMap.h:19:8: note: ‘rpc::IEntityMap’ declared here
   19 | struct IEntityMap : IBaseInterfaceMT
      |        ^~~~~~~~~~
/home/vitaly/p/Prime-World/pw/branches/r1117/Src/Server/RPC/RpcArgs.h:363:25: error: template argument 1 is invalid
  363 |   WeakMT<rpc::IEntityMap>& GetEntityMap() { return entityMap; }
      |                         ^
/home/vitaly/p/Prime-World/pw/branches/r1117/Src/Server/RPC/RpcArgs.h:365:8: error: ‘ECallResult’ in namespace ‘rpc::rpc’ does not name a type
  365 |   rpc::ECallResult::Enum DoTransaction(IPacketPipe * pipe, rpc::Transaction* & transaction);
      |        ^~~~~~~~~~~
/home/vitaly/p/Prime-World/pw/branches/r1117/Src/Server/RPC/RpcArgs.h:366:24: error: ‘rpc::rpc::Transaction’ has not been declared
  366 |   void StopTransaction(rpc::Transaction* & transaction);
      |                        ^~~
/home/vitaly/p/Prime-World/pw/branches/r1117/Src/Server/RPC/RpcArgs.h:369:32: error: ‘rpc::rpc::Transaction’ has not been declared
  369 | template <typename T> void Set(rpc::Transaction* transaction, const T& newValue) { Push(transaction, newValue); }
      |                                ^~~
/home/vitaly/p/Prime-World/pw/branches/r1117/Src/Server/RPC/RpcArgs.h:373:8: error: ‘Transaction’ in namespace ‘rpc::rpc’ does not name a type
  373 |   rpc::Transaction* datatransaction;
      |        ^~~~~~~~~~~
/home/vitaly/p/Prime-World/pw/branches/r1117/Src/Server/RPC/RpcArgs.h:374:15: error: ‘IEntityMap’ is not a member of ‘rpc::rpc’; did you mean ‘rpc::IEntityMap’?
  374 |   WeakMT<rpc::IEntityMap> entityMap;
      |               ^~~~~~~~~~
/home/vitaly/p/Prime-World/pw/branches/r1117/Src/Server/RPC/IEntityMap.h:19:8: note: ‘rpc::IEntityMap’ declared here
   19 | struct IEntityMap : IBaseInterfaceMT
      |        ^~~~~~~~~~
/home/vitaly/p/Prime-World/pw/branches/r1117/Src/Server/RPC/RpcArgs.h:374:25: error: template argument 1 is invalid
  374 |   WeakMT<rpc::IEntityMap> entityMap;
      |                         ^
/home/vitaly/p/Prime-World/pw/branches/r1117/Src/Server/RPC/RpcArgs.h:375:12: error: ‘MultiPacketPipe’ was not declared in this scope; did you mean ‘rpc::rpc::MultiPacketPipe’?
  375 |   StrongMT<MultiPacketPipe> multiPipe;
      |            ^~~~~~~~~~~~~~~
      |            rpc::rpc::MultiPacketPipe
/home/vitaly/p/Prime-World/pw/branches/r1117/Src/Server/RPC/RpcMultiPacketPipe.h:65:7: note: ‘rpc::rpc::MultiPacketPipe’ declared here
   65 | class MultiPacketPipe : public IPacketPipe, public IMultiPipe, public BaseObjectMT
      |       ^~~~~~~~~~~~~~~
/home/vitaly/p/Prime-World/pw/branches/r1117/Src/Server/RPC/RpcArgs.h:375:27: error: template argument 1 is invalid
  375 |   StrongMT<MultiPacketPipe> multiPipe;
      |                           ^
/home/vitaly/p/Prime-World/pw/branches/r1117/Src/Server/RPC/RpcArgs.h: In member function ‘void rpc::Args::Set(rpc::IRemoteEntity*, byte, const T0&, T0&)’:
/home/vitaly/p/Prime-World/pw/branches/r1117/Src/Server/RPC/RpcArgs.h:45:19: error: ‘IEntityMap’ is not a member of ‘rpc::rpc’; did you mean ‘rpc::IEntityMap’? [-Wtemplate-body]
   45 |     StrongMT<rpc::IEntityMap> sentityMap = entityMap.Lock();
      |                   ^~~~~~~~~~
/home/vitaly/p/Prime-World/pw/branches/r1117/Src/Server/RPC/IEntityMap.h:19:8: note: ‘rpc::IEntityMap’ declared here
   19 | struct IEntityMap : IBaseInterfaceMT
      |        ^~~~~~~~~~
/home/vitaly/p/Prime-World/pw/branches/r1117/Src/Server/RPC/RpcArgs.h:45:29: error: template argument 1 is invalid [-Wtemplate-body]
   45 |     StrongMT<rpc::IEntityMap> sentityMap = entityMap.Lock();
      |                             ^
/home/vitaly/p/Prime-World/pw/branches/r1117/Src/Server/RPC/RpcArgs.h:45:54: error: request for member ‘Lock’ in ‘((rpc::Args*)this)->rpc::Args::entityMap’, which is of non-class type ‘int’ [-Wtemplate-body]
   45 |     StrongMT<rpc::IEntityMap> sentityMap = entityMap.Lock();
      |                                                      ^~~~
/home/vitaly/p/Prime-World/pw/branches/r1117/Src/Server/RPC/RpcArgs.h:50:38: error: base operand of ‘->’ is not a pointer [-Wtemplate-body]
   50 |     TransactionHandler h = sentityMap->GetActiveDataTransaction();
      |                                      ^~
/home/vitaly/p/Prime-World/pw/branches/r1117/Src/Server/RPC/RpcArgs.h:55:35: error: there are no arguments to ‘StartDataTransaction’ that depend on a template parameter, so a declaration of ‘StartDataTransaction’ must be available [-Wtemplate-body]
   55 |     if (old_value != new_value && StartDataTransaction())
      |                                   ^~~~~~~~~~~~~~~~~~~~
/home/vitaly/p/Prime-World/pw/branches/r1117/Src/Server/RPC/RpcArgs.h:55:35: note: (if you use ‘-fpermissive’, G++ will accept your code, but allowing the use of an undeclared name is deprecated)
/home/vitaly/p/Prime-World/pw/branches/r1117/Src/Server/RPC/RpcArgs.h:57:12: error: ‘datatransaction’ was not declared in this scope; did you mean ‘StartTransaction’? [-Wtemplate-body]
   57 |       Push(datatransaction, memberId);
      |            ^~~~~~~~~~~~~~~
      |            StartTransaction
/home/vitaly/p/Prime-World/pw/branches/r1117/Src/Server/RPC/RpcArgs.h: In member function ‘void rpc::Args::Set(rpc::IRemoteEntity*, byte, T0*, StrongMT<T>&)’:
/home/vitaly/p/Prime-World/pw/branches/r1117/Src/Server/RPC/RpcArgs.h:72:19: error: ‘IEntityMap’ is not a member of ‘rpc::rpc’; did you mean ‘rpc::IEntityMap’? [-Wtemplate-body]
   72 |     StrongMT<rpc::IEntityMap> sentityMap = entityMap.Lock();
      |                   ^~~~~~~~~~
/home/vitaly/p/Prime-World/pw/branches/r1117/Src/Server/RPC/IEntityMap.h:19:8: note: ‘rpc::IEntityMap’ declared here
   19 | struct IEntityMap : IBaseInterfaceMT
      |        ^~~~~~~~~~
/home/vitaly/p/Prime-World/pw/branches/r1117/Src/Server/RPC/RpcArgs.h:72:29: error: template argument 1 is invalid [-Wtemplate-body]
   72 |     StrongMT<rpc::IEntityMap> sentityMap = entityMap.Lock();
      |                             ^
/home/vitaly/p/Prime-World/pw/branches/r1117/Src/Server/RPC/RpcArgs.h:72:54: error: request for member ‘Lock’ in ‘((rpc::Args*)this)->rpc::Args::entityMap’, which is of non-class type ‘int’ [-Wtemplate-body]
   72 |     StrongMT<rpc::IEntityMap> sentityMap = entityMap.Lock();
      |                                                      ^~~~
/home/vitaly/p/Prime-World/pw/branches/r1117/Src/Server/RPC/RpcArgs.h:77:38: error: base operand of ‘->’ is not a pointer [-Wtemplate-body]
   77 |     TransactionHandler h = sentityMap->GetActiveDataTransaction();
      |                                      ^~
/home/vitaly/p/Prime-World/pw/branches/r1117/Src/Server/RPC/RpcArgs.h:82:33: error: there are no arguments to ‘StartDataTransaction’ that depend on a template parameter, so a declaration of ‘StartDataTransaction’ must be available [-Wtemplate-body]
   82 |     if (newValue != oldValue && StartDataTransaction())
      |                                 ^~~~~~~~~~~~~~~~~~~~
/home/vitaly/p/Prime-World/pw/branches/r1117/Src/Server/RPC/RpcArgs.h:85:12: error: ‘datatransaction’ was not declared in this scope; did you mean ‘StartTransaction’? [-Wtemplate-body]
   85 |       Push(datatransaction, memberId);
      |            ^~~~~~~~~~~~~~~
      |            StartTransaction
/home/vitaly/p/Prime-World/pw/branches/r1117/Src/Server/RPC/RpcArgs.h: In member function ‘void rpc::Args::Set(rpc::IRemoteEntity*, byte, rpc::IRemoteEntity*, rpc::IRemoteEntity*&)’:
/home/vitaly/p/Prime-World/pw/branches/r1117/Src/Server/RPC/RpcArgs.h:103:19: error: ‘IEntityMap’ is not a member of ‘rpc::rpc’; did you mean ‘rpc::IEntityMap’?
  103 |     StrongMT<rpc::IEntityMap> sentityMap = entityMap.Lock();
      |                   ^~~~~~~~~~
/home/vitaly/p/Prime-World/pw/branches/r1117/Src/Server/RPC/IEntityMap.h:19:8: note: ‘rpc::IEntityMap’ declared here
   19 | struct IEntityMap : IBaseInterfaceMT
      |        ^~~~~~~~~~
/home/vitaly/p/Prime-World/pw/branches/r1117/Src/Server/RPC/RpcArgs.h:103:29: error: template argument 1 is invalid
  103 |     StrongMT<rpc::IEntityMap> sentityMap = entityMap.Lock();
      |                             ^
/home/vitaly/p/Prime-World/pw/branches/r1117/Src/Server/RPC/RpcArgs.h:103:54: error: request for member ‘Lock’ in ‘((rpc::Args*)this)->rpc::Args::entityMap’, which is of non-class type ‘int’
  103 |     StrongMT<rpc::IEntityMap> sentityMap = entityMap.Lock();
      |                                                      ^~~~
/home/vitaly/p/Prime-World/pw/branches/r1117/Src/Server/RPC/RpcArgs.h:108:38: error: base operand of ‘->’ is not a pointer
  108 |     TransactionHandler h = sentityMap->GetActiveDataTransaction();
      |                                      ^~
/home/vitaly/p/Prime-World/pw/branches/r1117/Src/Server/RPC/RpcArgs.h:113:33: error: ‘StartDataTransaction’ was not declared in this scope; did you mean ‘StopDataTransaction’?
  113 |     if (newValue != oldValue && StartDataTransaction())
      |                                 ^~~~~~~~~~~~~~~~~~~~
      |                                 StopDataTransaction
/home/vitaly/p/Prime-World/pw/branches/r1117/Src/Server/RPC/RpcArgs.h:116:12: error: ‘datatransaction’ was not declared in this scope; did you mean ‘StartTransaction’?
  116 |       Push(datatransaction, memberId);
      |            ^~~~~~~~~~~~~~~
      |            StartTransaction
/home/vitaly/p/Prime-World/pw/branches/r1117/Src/Server/RPC/RpcArgs.h: In member function ‘void rpc::Args::Set(rpc::IRemoteEntity*, byte, void*, void*, int)’:
/home/vitaly/p/Prime-World/pw/branches/r1117/Src/Server/RPC/RpcArgs.h:132:19: error: ‘IEntityMap’ is not a member of ‘rpc::rpc’; did you mean ‘rpc::IEntityMap’?
  132 |     StrongMT<rpc::IEntityMap> sentityMap = entityMap.Lock();
      |                   ^~~~~~~~~~
/home/vitaly/p/Prime-World/pw/branches/r1117/Src/Server/RPC/IEntityMap.h:19:8: note: ‘rpc::IEntityMap’ declared here
   19 | struct IEntityMap : IBaseInterfaceMT
      |        ^~~~~~~~~~
/home/vitaly/p/Prime-World/pw/branches/r1117/Src/Server/RPC/RpcArgs.h:132:29: error: template argument 1 is invalid
  132 |     StrongMT<rpc::IEntityMap> sentityMap = entityMap.Lock();
      |                             ^
/home/vitaly/p/Prime-World/pw/branches/r1117/Src/Server/RPC/RpcArgs.h:132:54: error: request for member ‘Lock’ in ‘((rpc::Args*)this)->rpc::Args::entityMap’, which is of non-class type ‘int’
  132 |     StrongMT<rpc::IEntityMap> sentityMap = entityMap.Lock();
      |                                                      ^~~~
/home/vitaly/p/Prime-World/pw/branches/r1117/Src/Server/RPC/RpcArgs.h:137:38: error: base operand of ‘->’ is not a pointer
  137 |     TransactionHandler h = sentityMap->GetActiveDataTransaction();
      |                                      ^~
/home/vitaly/p/Prime-World/pw/branches/r1117/Src/Server/RPC/RpcArgs.h:142:35: error: ‘StartDataTransaction’ was not declared in this scope; did you mean ‘StopDataTransaction’?
  142 |     if (old_value != new_value && StartDataTransaction())
      |                                   ^~~~~~~~~~~~~~~~~~~~
      |                                   StopDataTransaction
/home/vitaly/p/Prime-World/pw/branches/r1117/Src/Server/RPC/RpcArgs.h:144:12: error: ‘datatransaction’ was not declared in this scope; did you mean ‘StartTransaction’?
  144 |       Push(datatransaction, memberId);
      |            ^~~~~~~~~~~~~~~
      |            StartTransaction
/home/vitaly/p/Prime-World/pw/branches/r1117/Src/Server/RPC/RpcArgs.h: In member function ‘void rpc::Args::SetMember(rpc::IRemoteEntity*, byte, const rpc::ContainerOperationInfo&, const T1&, const T1&)’:
/home/vitaly/p/Prime-World/pw/branches/r1117/Src/Server/RPC/RpcArgs.h:161:19: error: ‘IEntityMap’ is not a member of ‘rpc::rpc’; did you mean ‘rpc::IEntityMap’? [-Wtemplate-body]
  161 |     StrongMT<rpc::IEntityMap> sentityMap = entityMap.Lock();
      |                   ^~~~~~~~~~
/home/vitaly/p/Prime-World/pw/branches/r1117/Src/Server/RPC/IEntityMap.h:19:8: note: ‘rpc::IEntityMap’ declared here
   19 | struct IEntityMap : IBaseInterfaceMT
      |        ^~~~~~~~~~
/home/vitaly/p/Prime-World/pw/branches/r1117/Src/Server/RPC/RpcArgs.h:161:29: error: template argument 1 is invalid [-Wtemplate-body]
  161 |     StrongMT<rpc::IEntityMap> sentityMap = entityMap.Lock();
      |                             ^
/home/vitaly/p/Prime-World/pw/branches/r1117/Src/Server/RPC/RpcArgs.h:161:54: error: request for member ‘Lock’ in ‘((rpc::Args*)this)->rpc::Args::entityMap’, which is of non-class type ‘int’ [-Wtemplate-body]
  161 |     StrongMT<rpc::IEntityMap> sentityMap = entityMap.Lock();
      |                                                      ^~~~
/home/vitaly/p/Prime-World/pw/branches/r1117/Src/Server/RPC/RpcArgs.h:166:38: error: base operand of ‘->’ is not a pointer [-Wtemplate-body]
  166 |     TransactionHandler h = sentityMap->GetActiveDataTransaction();
      |                                      ^~
/home/vitaly/p/Prime-World/pw/branches/r1117/Src/Server/RPC/RpcArgs.h:171:9: error: there are no arguments to ‘StartDataTransaction’ that depend on a template parameter, so a declaration of ‘StartDataTransaction’ must be available [-Wtemplate-body]
  171 |     if (StartDataTransaction())
      |         ^~~~~~~~~~~~~~~~~~~~
/home/vitaly/p/Prime-World/pw/branches/r1117/Src/Server/RPC/RpcArgs.h:173:12: error: ‘datatransaction’ was not declared in this scope; did you mean ‘StartTransaction’? [-Wtemplate-body]
  173 |       Push(datatransaction, memberId);
      |            ^~~~~~~~~~~~~~~
      |            StartTransaction
/home/vitaly/p/Prime-World/pw/branches/r1117/Src/Server/RPC/RpcArgs.h: In member function ‘void rpc::Args::SetMember(rpc::IRemoteEntity*, byte, const rpc::ContainerOperationInfo&, void*, void*, unsigned int)’:
/home/vitaly/p/Prime-World/pw/branches/r1117/Src/Server/RPC/RpcArgs.h:192:19: error: ‘IEntityMap’ is not a member of ‘rpc::rpc’; did you mean ‘rpc::IEntityMap’?
  192 |     StrongMT<rpc::IEntityMap> sentityMap = entityMap.Lock();
      |                   ^~~~~~~~~~
/home/vitaly/p/Prime-World/pw/branches/r1117/Src/Server/RPC/IEntityMap.h:19:8: note: ‘rpc::IEntityMap’ declared here
   19 | struct IEntityMap : IBaseInterfaceMT
      |        ^~~~~~~~~~
/home/vitaly/p/Prime-World/pw/branches/r1117/Src/Server/RPC/RpcArgs.h:192:29: error: template argument 1 is invalid
  192 |     StrongMT<rpc::IEntityMap> sentityMap = entityMap.Lock();
      |                             ^
/home/vitaly/p/Prime-World/pw/branches/r1117/Src/Server/RPC/RpcArgs.h:192:54: error: request for member ‘Lock’ in ‘((rpc::Args*)this)->rpc::Args::entityMap’, which is of non-class type ‘int’
  192 |     StrongMT<rpc::IEntityMap> sentityMap = entityMap.Lock();
      |                                                      ^~~~
/home/vitaly/p/Prime-World/pw/branches/r1117/Src/Server/RPC/RpcArgs.h:197:38: error: base operand of ‘->’ is not a pointer
  197 |     TransactionHandler h = sentityMap->GetActiveDataTransaction();
      |                                      ^~
/home/vitaly/p/Prime-World/pw/branches/r1117/Src/Server/RPC/RpcArgs.h:202:9: error: ‘StartDataTransaction’ was not declared in this scope; did you mean ‘StopDataTransaction’?
  202 |     if (StartDataTransaction())
      |         ^~~~~~~~~~~~~~~~~~~~
      |         StopDataTransaction
/home/vitaly/p/Prime-World/pw/branches/r1117/Src/Server/RPC/RpcArgs.h:204:12: error: ‘datatransaction’ was not declared in this scope; did you mean ‘StartTransaction’?
  204 |       Push(datatransaction, memberId);
      |            ^~~~~~~~~~~~~~~
      |            StartTransaction
/home/vitaly/p/Prime-World/pw/branches/r1117/Src/Server/RPC/RpcArgs.h: In member function ‘void rpc::Args::SetMember(rpc::IRemoteEntity*, byte, const rpc::ContainerOperationInfo&, const StrongMT<T>&, const StrongMT<T>&)’:
/home/vitaly/p/Prime-World/pw/branches/r1117/Src/Server/RPC/RpcArgs.h:223:19: error: ‘IEntityMap’ is not a member of ‘rpc::rpc’; did you mean ‘rpc::IEntityMap’? [-Wtemplate-body]
  223 |     StrongMT<rpc::IEntityMap> sentityMap = entityMap.Lock();
      |                   ^~~~~~~~~~
/home/vitaly/p/Prime-World/pw/branches/r1117/Src/Server/RPC/IEntityMap.h:19:8: note: ‘rpc::IEntityMap’ declared here
   19 | struct IEntityMap : IBaseInterfaceMT
      |        ^~~~~~~~~~
/home/vitaly/p/Prime-World/pw/branches/r1117/Src/Server/RPC/RpcArgs.h:223:29: error: template argument 1 is invalid [-Wtemplate-body]
  223 |     StrongMT<rpc::IEntityMap> sentityMap = entityMap.Lock();
      |                             ^
/home/vitaly/p/Prime-World/pw/branches/r1117/Src/Server/RPC/RpcArgs.h:223:54: error: request for member ‘Lock’ in ‘((rpc::Args*)this)->rpc::Args::entityMap’, which is of non-class type ‘int’ [-Wtemplate-body]
  223 |     StrongMT<rpc::IEntityMap> sentityMap = entityMap.Lock();
      |                                                      ^~~~
/home/vitaly/p/Prime-World/pw/branches/r1117/Src/Server/RPC/RpcArgs.h:228:38: error: base operand of ‘->’ is not a pointer [-Wtemplate-body]
  228 |     TransactionHandler h = sentityMap->GetActiveDataTransaction();
      |                                      ^~
/home/vitaly/p/Prime-World/pw/branches/r1117/Src/Server/RPC/RpcArgs.h:233:9: error: there are no arguments to ‘StartDataTransaction’ that depend on a template parameter, so a declaration of ‘StartDataTransaction’ must be available [-Wtemplate-body]
  233 |     if (StartDataTransaction())
      |         ^~~~~~~~~~~~~~~~~~~~
/home/vitaly/p/Prime-World/pw/branches/r1117/Src/Server/RPC/RpcArgs.h:235:12: error: ‘datatransaction’ was not declared in this scope; did you mean ‘StartTransaction’? [-Wtemplate-body]
  235 |       Push(datatransaction, memberId);
      |            ^~~~~~~~~~~~~~~
      |            StartTransaction
In file included from /home/vitaly/p/Prime-World/pw/branches/r1117/Src/System/BinSaver.h:5,
                 from /home/vitaly/p/Prime-World/pw/branches/r1117/Src/System/systemStdAfx.h:194:
/home/vitaly/p/Prime-World/pw/branches/r1117/Src/Server/RPC/RpcArgs.h:238:31: error: ‘IRemoteEntity’ is not a member of ‘rpc::rpc’; did you mean ‘rpc::IRemoteEntity’? [-Wtemplate-body]
  238 |       if (SUPERSUBCLASS( rpc::IRemoteEntity, T1 ))
      |                               ^~~~~~~~~~~~~
/home/vitaly/p/Prime-World/pw/branches/r1117/Src/System/MetaProg.h:268:27: note: in definition of macro ‘SUPERSUBCLASS’
  268 |     ::Meta::SuperSubclass<T,U>::value
      |                           ^
In file included from /home/vitaly/p/Prime-World/pw/branches/r1117/Src/Server/RPC/Interfaces.h:16,
                 from /home/vitaly/p/Prime-World/pw/branches/r1117/Src/Server/RPC/RPC.h:21:
/home/vitaly/p/Prime-World/pw/branches/r1117/Src/Server/RPC/IRemoteEntity.h:39:12: note: ‘rpc::IRemoteEntity’ declared here
   39 | _interface IRemoteEntity : public IBaseInterfaceMT
      |            ^~~~~~~~~~~~~
/home/vitaly/p/Prime-World/pw/branches/r1117/Src/System/MetaProg.h:268:30: error: template argument 1 is invalid [-Wtemplate-body]
  268 |     ::Meta::SuperSubclass<T,U>::value
      |                              ^
/home/vitaly/p/Prime-World/pw/branches/r1117/Src/Server/RPC/RpcArgs.h:238:11: note: in expansion of macro ‘SUPERSUBCLASS’
  238 |       if (SUPERSUBCLASS( rpc::IRemoteEntity, T1 ))
      |           ^~~~~~~~~~~~~
/home/vitaly/p/Prime-World/pw/branches/r1117/Src/Server/RPC/RpcArgs.h:238:50: error: expected initializer before ‘)’ token [-Wtemplate-body]
  238 |       if (SUPERSUBCLASS( rpc::IRemoteEntity, T1 ))
      |                                                  ^
/home/vitaly/p/Prime-World/pw/branches/r1117/Src/Server/RPC/RpcArgs.h: In member function ‘void rpc::Args::EraseMember(rpc::IRemoteEntity*, byte, const rpc::ContainerOperationInfo&, const T1&)’:
/home/vitaly/p/Prime-World/pw/branches/r1117/Src/Server/RPC/RpcArgs.h:258:19: error: ‘IEntityMap’ is not a member of ‘rpc::rpc’; did you mean ‘rpc::IEntityMap’? [-Wtemplate-body]
  258 |     StrongMT<rpc::IEntityMap> sentityMap = entityMap.Lock();
      |                   ^~~~~~~~~~
/home/vitaly/p/Prime-World/pw/branches/r1117/Src/Server/RPC/IEntityMap.h:19:8: note: ‘rpc::IEntityMap’ declared here
   19 | struct IEntityMap : IBaseInterfaceMT
      |        ^~~~~~~~~~
/home/vitaly/p/Prime-World/pw/branches/r1117/Src/Server/RPC/RpcArgs.h:258:29: error: template argument 1 is invalid [-Wtemplate-body]
  258 |     StrongMT<rpc::IEntityMap> sentityMap = entityMap.Lock();
      |                             ^
/home/vitaly/p/Prime-World/pw/branches/r1117/Src/Server/RPC/RpcArgs.h:258:54: error: request for member ‘Lock’ in ‘((rpc::Args*)this)->rpc::Args::entityMap’, which is of non-class type ‘int’ [-Wtemplate-body]
  258 |     StrongMT<rpc::IEntityMap> sentityMap = entityMap.Lock();
      |                                                      ^~~~
/home/vitaly/p/Prime-World/pw/branches/r1117/Src/Server/RPC/RpcArgs.h:263:38: error: base operand of ‘->’ is not a pointer [-Wtemplate-body]
  263 |     TransactionHandler h = sentityMap->GetActiveDataTransaction();
      |                                      ^~
/home/vitaly/p/Prime-World/pw/branches/r1117/Src/Server/RPC/RpcArgs.h:268:9: error: there are no arguments to ‘StartDataTransaction’ that depend on a template parameter, so a declaration of ‘StartDataTransaction’ must be available [-Wtemplate-body]
  268 |     if (StartDataTransaction())
      |         ^~~~~~~~~~~~~~~~~~~~
/home/vitaly/p/Prime-World/pw/branches/r1117/Src/Server/RPC/RpcArgs.h:270:12: error: ‘datatransaction’ was not declared in this scope; did you mean ‘StartTransaction’? [-Wtemplate-body]
  270 |       Push(datatransaction, memberId);
      |            ^~~~~~~~~~~~~~~
      |            StartTransaction
/home/vitaly/p/Prime-World/pw/branches/r1117/Src/Server/RPC/RpcArgs.h: In member function ‘void rpc::Args::StopDataTransaction()’:
/home/vitaly/p/Prime-World/pw/branches/r1117/Src/Server/RPC/RpcArgs.h:287:48: error: ‘datatransaction’ was not declared in this scope; did you mean ‘StartTransaction’?
  287 |   void StopDataTransaction() { StopTransaction(datatransaction); }
      |                                                ^~~~~~~~~~~~~~~
      |                                                StartTransaction
/home/vitaly/p/Prime-World/pw/branches/r1117/Src/Server/RPC/RpcArgs.h: In member function ‘bool rpc::Args::Push(int*, int)’:
/home/vitaly/p/Prime-World/pw/branches/r1117/Src/Server/RPC/RpcArgs.h:289:90: error: request for member ‘GetArgs’ in ‘* transaction’, which is of non-class type ‘int’
  289 |   bool Push(rpc::Transaction* transaction, int value)  { return transaction?transaction->GetArgs().Push(value):false; }
      |                                                                                          ^~~~~~~
/home/vitaly/p/Prime-World/pw/branches/r1117/Src/Server/RPC/RpcArgs.h: In member function ‘bool rpc::Args::Push(int*, uint)’:
/home/vitaly/p/Prime-World/pw/branches/r1117/Src/Server/RPC/RpcArgs.h:290:91: error: request for member ‘GetArgs’ in ‘* transaction’, which is of non-class type ‘int’
  290 |   bool Push(rpc::Transaction* transaction, uint value)  { return transaction?transaction->GetArgs().Push(value):false; }
      |                                                                                           ^~~~~~~
/home/vitaly/p/Prime-World/pw/branches/r1117/Src/Server/RPC/RpcArgs.h: In member function ‘bool rpc::Args::Push(int*, ushort)’:
/home/vitaly/p/Prime-World/pw/branches/r1117/Src/Server/RPC/RpcArgs.h:291:100: error: request for member ‘GetArgs’ in ‘* transaction’, which is of non-class type ‘int’
  291 |   bool Push(rpc::Transaction* transaction, ushort value)  { if (transaction) { return transaction->GetArgs().Push(short(value)); } return false; }
      |                                                                                                    ^~~~~~~
/home/vitaly/p/Prime-World/pw/branches/r1117/Src/Server/RPC/RpcArgs.h: In member function ‘bool rpc::Args::Push(int*, char)’:
/home/vitaly/p/Prime-World/pw/branches/r1117/Src/Server/RPC/RpcArgs.h:292:90: error: request for member ‘GetArgs’ in ‘* transaction’, which is of non-class type ‘int’
  292 |   bool Push(rpc::Transaction* transaction, char value) { return transaction?transaction->GetArgs().Push(value):false; }
      |                                                                                          ^~~~~~~
/home/vitaly/p/Prime-World/pw/branches/r1117/Src/Server/RPC/RpcArgs.h: In member function ‘bool rpc::Args::Push(int*, unsigned char)’:
/home/vitaly/p/Prime-World/pw/branches/r1117/Src/Server/RPC/RpcArgs.h:293:99: error: request for member ‘GetArgs’ in ‘* transaction’, which is of non-class type ‘int’
  293 |   bool Push(rpc::Transaction* transaction, unsigned char value) { return transaction?transaction->GetArgs().Push(value):false; }
      |                                                                                                   ^~~~~~~
/home/vitaly/p/Prime-World/pw/branches/r1117/Src/Server/RPC/RpcArgs.h: In member function ‘bool rpc::Args::Push(int*, bool)’:
/home/vitaly/p/Prime-World/pw/branches/r1117/Src/Server/RPC/RpcArgs.h:294:90: error: request for member ‘GetArgs’ in ‘* transaction’, which is of non-class type ‘int’
  294 |   bool Push(rpc::Transaction* transaction, bool value) { return transaction?transaction->GetArgs().Push(value):false; }
      |                                                                                          ^~~~~~~
/home/vitaly/p/Prime-World/pw/branches/r1117/Src/Server/RPC/RpcArgs.h: In member function ‘bool rpc::Args::Push(int*, float)’:
/home/vitaly/p/Prime-World/pw/branches/r1117/Src/Server/RPC/RpcArgs.h:295:91: error: request for member ‘GetArgs’ in ‘* transaction’, which is of non-class type ‘int’
  295 |   bool Push(rpc::Transaction* transaction, float value) { return transaction?transaction->GetArgs().Push(value):false; }
      |                                                                                           ^~~~~~~
/home/vitaly/p/Prime-World/pw/branches/r1117/Src/Server/RPC/RpcArgs.h: In member function ‘bool rpc::Args::Push(int*, short int)’:
/home/vitaly/p/Prime-World/pw/branches/r1117/Src/Server/RPC/RpcArgs.h:296:91: error: request for member ‘GetArgs’ in ‘* transaction’, which is of non-class type ‘int’
  296 |   bool Push(rpc::Transaction* transaction, short value) { return transaction?transaction->GetArgs().Push(value):false; }
      |                                                                                           ^~~~~~~
/home/vitaly/p/Prime-World/pw/branches/r1117/Src/Server/RPC/RpcArgs.h: In member function ‘bool rpc::Args::Push(int*, double)’:
/home/vitaly/p/Prime-World/pw/branches/r1117/Src/Server/RPC/RpcArgs.h:297:92: error: request for member ‘GetArgs’ in ‘* transaction’, which is of non-class type ‘int’
  297 |   bool Push(rpc::Transaction* transaction, double value) { return transaction?transaction->GetArgs().Push(value):false; }
      |                                                                                            ^~~~~~~
/home/vitaly/p/Prime-World/pw/branches/r1117/Src/Server/RPC/RpcArgs.h: In member function ‘bool rpc::Args::Push(int*, long long int)’:
/home/vitaly/p/Prime-World/pw/branches/r1117/Src/Server/RPC/RpcArgs.h:298:95: error: request for member ‘GetArgs’ in ‘* transaction’, which is of non-class type ‘int’
  298 |   bool Push(rpc::Transaction* transaction, long long value) { return transaction?transaction->GetArgs().Push(value):false; }
      |                                                                                               ^~~~~~~
/home/vitaly/p/Prime-World/pw/branches/r1117/Src/Server/RPC/RpcArgs.h: In member function ‘bool rpc::Args::Push(int*, long long unsigned int)’:
/home/vitaly/p/Prime-World/pw/branches/r1117/Src/Server/RPC/RpcArgs.h:299:104: error: request for member ‘GetArgs’ in ‘* transaction’, which is of non-class type ‘int’
  299 |   bool Push(rpc::Transaction* transaction, unsigned long long value) { return transaction?transaction->GetArgs().Push(value):false; }
      |                                                                                                        ^~~~~~~
/home/vitaly/p/Prime-World/pw/branches/r1117/Src/Server/RPC/RpcArgs.h: In member function ‘bool rpc::Args::Push(int*, const char*)’:
/home/vitaly/p/Prime-World/pw/branches/r1117/Src/Server/RPC/RpcArgs.h:300:97: error: request for member ‘GetArgs’ in ‘* transaction’, which is of non-class type ‘int’
  300 |   bool Push(rpc::Transaction* transaction, const char* value) { return transaction?transaction->GetArgs().Push(value):false; }
      |                                                                                                 ^~~~~~~
/home/vitaly/p/Prime-World/pw/branches/r1117/Src/Server/RPC/RpcArgs.h: In member function ‘bool rpc::Args::Push(int*, const wchar_t*)’:
/home/vitaly/p/Prime-World/pw/branches/r1117/Src/Server/RPC/RpcArgs.h:301:100: error: request for member ‘GetArgs’ in ‘* transaction’, which is of non-class type ‘int’
  301 |   bool Push(rpc::Transaction* transaction, const wchar_t* value) { return transaction?transaction->GetArgs().Push(value):false; }
      |                                                                                                    ^~~~~~~
/home/vitaly/p/Prime-World/pw/branches/r1117/Src/Server/RPC/RpcArgs.h: In member function ‘bool rpc::Args::Push(int*, const int&)’:
/home/vitaly/p/Prime-World/pw/branches/r1117/Src/Server/RPC/RpcArgs.h:302:105: error: request for member ‘GetArgs’ in ‘* transaction’, which is of non-class type ‘int’
  302 |   bool Push(rpc::Transaction* transaction, const nstl::string& value) { return transaction?transaction->GetArgs().Push(value):false; }
      |                                                                                                         ^~~~~~~
/home/vitaly/p/Prime-World/pw/branches/r1117/Src/Server/RPC/RpcArgs.h: In member function ‘bool rpc::Args::Push(int*, const int&)’:
/home/vitaly/p/Prime-World/pw/branches/r1117/Src/Server/RPC/RpcArgs.h:303:106: error: request for member ‘GetArgs’ in ‘* transaction’, which is of non-class type ‘int’
  303 |   bool Push(rpc::Transaction* transaction, const nstl::wstring& value) { return transaction?transaction->GetArgs().Push(value):false; }
      |                                                                                                          ^~~~~~~
/home/vitaly/p/Prime-World/pw/branches/r1117/Src/Server/RPC/RpcArgs.h: In member function ‘bool rpc::Args::Push(int*, const rpc::ContainerOperationInfo&)’:
/home/vitaly/p/Prime-World/pw/branches/r1117/Src/Server/RPC/RpcArgs.h:304:115: error: request for member ‘GetArgs’ in ‘* transaction’, which is of non-class type ‘int’
  304 |   bool Push(rpc::Transaction* transaction, const ContainerOperationInfo& value) { return transaction?transaction->GetArgs().Push(value):false; }
      |                                                                                                                   ^~~~~~~
/home/vitaly/p/Prime-World/pw/branches/r1117/Src/Server/RPC/RpcArgs.h: In member function ‘bool rpc::Args::Push(int*, const int&)’:
/home/vitaly/p/Prime-World/pw/branches/r1117/Src/Server/RPC/RpcArgs.h:305:109: error: request for member ‘GetArgs’ in ‘* transaction’, which is of non-class type ‘int’
  305 |   bool Push(rpc::Transaction* transaction, const rpc::MemoryBlock& value) { return transaction?transaction->GetArgs().Push(value):false; }
      |                                                                                                             ^~~~~~~
/home/vitaly/p/Prime-World/pw/branches/r1117/Src/Server/RPC/RpcArgs.h: In member function ‘bool rpc::Args::Push(int*, int)’:
/home/vitaly/p/Prime-World/pw/branches/r1117/Src/Server/RPC/RpcArgs.h:306:130: error: request for member ‘GetArgs’ in ‘transaction->’, which is of non-class type ‘int’ [-Wtemplate-body]
  306 |   template <typename T> bool Push(rpc::Transaction* transaction, const nstl::vector<T>& value) { return transaction?transaction->GetArgs().Push(value):false; }
      |                                                                                                                                  ^~~~~~~
/home/vitaly/p/Prime-World/pw/branches/r1117/Src/Server/RPC/RpcArgs.h:306:145: error: ‘value’ was not declared in this scope; did you mean ‘RValue’? [-Wtemplate-body]
  306 |   template <typename T> bool Push(rpc::Transaction* transaction, const nstl::vector<T>& value) { return transaction?transaction->GetArgs().Push(value):false; }
      |                                                                                                                                                 ^~~~~
      |                                                                                                                                                 RValue
/home/vitaly/p/Prime-World/pw/branches/r1117/Src/Server/RPC/RpcArgs.h: In member function ‘bool rpc::Args::Push(int*, const FixedVector<T, capacity>&)’:
/home/vitaly/p/Prime-World/pw/branches/r1117/Src/Server/RPC/RpcArgs.h:307:162: error: request for member ‘GetArgs’ in ‘transaction->’, which is of non-class type ‘int’ [-Wtemplate-body]
  307 |   template <typename T, unsigned int capacity> bool Push(rpc::Transaction* transaction, const FixedVector<T, capacity>& value) { return transaction?transaction->GetArgs().Push(value):false; }
      |                                                                                                                                                                  ^~~~~~~
/home/vitaly/p/Prime-World/pw/branches/r1117/Src/Server/RPC/RpcArgs.h: In member function ‘bool rpc::Args::Push(int*, T*)’:
/home/vitaly/p/Prime-World/pw/branches/r1117/Src/Server/RPC/RpcArgs.h:313:20: error: request for member ‘GetArgs’ in ‘transaction->’, which is of non-class type ‘int’ [-Wtemplate-body]
  313 |       transaction->GetArgs().SetPipe(multiPipe.Get());
      |                    ^~~~~~~
/home/vitaly/p/Prime-World/pw/branches/r1117/Src/Server/RPC/RpcArgs.h:313:48: error: request for member ‘Get’ in ‘((rpc::Args*)this)->rpc::Args::multiPipe’, which is of non-class type ‘int’ [-Wtemplate-body]
  313 |       transaction->GetArgs().SetPipe(multiPipe.Get());
      |                                                ^~~
/home/vitaly/p/Prime-World/pw/branches/r1117/Src/Server/RPC/RpcArgs.h:314:27: error: request for member ‘GetArgs’ in ‘transaction->’, which is of non-class type ‘int’ [-Wtemplate-body]
  314 |       return transaction->GetArgs().Push(value);
      |                           ^~~~~~~
/home/vitaly/p/Prime-World/pw/branches/r1117/Src/Server/RPC/RpcArgs.h: In member function ‘bool rpc::Args::Push(int*, const T&)’:
/home/vitaly/p/Prime-World/pw/branches/r1117/Src/Server/RPC/RpcArgs.h:323:20: error: request for member ‘GetArgs’ in ‘transaction->’, which is of non-class type ‘int’ [-Wtemplate-body]
  323 |       transaction->GetArgs().SetPipe(multiPipe.Get());
      |                    ^~~~~~~
/home/vitaly/p/Prime-World/pw/branches/r1117/Src/Server/RPC/RpcArgs.h:323:48: error: request for member ‘Get’ in ‘((rpc::Args*)this)->rpc::Args::multiPipe’, which is of non-class type ‘int’ [-Wtemplate-body]
  323 |       transaction->GetArgs().SetPipe(multiPipe.Get());
      |                                                ^~~
/home/vitaly/p/Prime-World/pw/branches/r1117/Src/Server/RPC/RpcArgs.h:324:27: error: request for member ‘GetArgs’ in ‘transaction->’, which is of non-class type ‘int’ [-Wtemplate-body]
  324 |       return transaction->GetArgs().Push( value );
      |                           ^~~~~~~
/home/vitaly/p/Prime-World/pw/branches/r1117/Src/Server/RPC/RpcArgs.h: In member function ‘bool rpc::Args::PushArrayMember(int*, const rpc::IRemoteEntity*)’:
/home/vitaly/p/Prime-World/pw/branches/r1117/Src/Server/RPC/RpcArgs.h:329:117: error: request for member ‘GetArgs’ in ‘* transaction’, which is of non-class type ‘int’
  329 |   bool PushArrayMember(rpc::Transaction* transaction, const IRemoteEntity* value) { return transaction?transaction->GetArgs().Push(value):false; }
      |                                                                                                                     ^~~~~~~
/home/vitaly/p/Prime-World/pw/branches/r1117/Src/Server/RPC/RpcArgs.h: In member function ‘bool rpc::Args::PushArrayMember(int*, rpc::IRemoteEntity*)’:
/home/vitaly/p/Prime-World/pw/branches/r1117/Src/Server/RPC/RpcArgs.h:330:111: error: request for member ‘GetArgs’ in ‘* transaction’, which is of non-class type ‘int’
  330 |   bool PushArrayMember(rpc::Transaction* transaction, IRemoteEntity* value) { return transaction?transaction->GetArgs().Push(value):false; }
      |                                                                                                               ^~~~~~~
/home/vitaly/p/Prime-World/pw/branches/r1117/Src/Server/RPC/RpcArgs.h: In member function ‘bool rpc::Args::PushArrayMember(int*, const char*)’:
/home/vitaly/p/Prime-World/pw/branches/r1117/Src/Server/RPC/RpcArgs.h:331:108: error: request for member ‘GetArgs’ in ‘* transaction’, which is of non-class type ‘int’
  331 |   bool PushArrayMember(rpc::Transaction* transaction, const char* value) { return transaction?transaction->GetArgs().Push(value):false; }
      |                                                                                                            ^~~~~~~
/home/vitaly/p/Prime-World/pw/branches/r1117/Src/Server/RPC/RpcArgs.h: In member function ‘bool rpc::Args::PushArrayMember(int*, const wchar_t*)’:
/home/vitaly/p/Prime-World/pw/branches/r1117/Src/Server/RPC/RpcArgs.h:332:111: error: request for member ‘GetArgs’ in ‘* transaction’, which is of non-class type ‘int’
  332 |   bool PushArrayMember(rpc::Transaction* transaction, const wchar_t* value) { return transaction?transaction->GetArgs().Push(value):false; }
      |                                                                                                               ^~~~~~~
/home/vitaly/p/Prime-World/pw/branches/r1117/Src/Server/RPC/RpcArgs.h: In member function ‘bool rpc::Args::PushArrayMember(int*, const int&)’:
/home/vitaly/p/Prime-World/pw/branches/r1117/Src/Server/RPC/RpcArgs.h:333:116: error: request for member ‘GetArgs’ in ‘* transaction’, which is of non-class type ‘int’
  333 |   bool PushArrayMember(rpc::Transaction* transaction, const nstl::string& value) { return transaction?transaction->GetArgs().Push(value):false; }
      |                                                                                                                    ^~~~~~~
/home/vitaly/p/Prime-World/pw/branches/r1117/Src/Server/RPC/RpcArgs.h: In member function ‘bool rpc::Args::PushArrayMember(int*, const int&)’:
/home/vitaly/p/Prime-World/pw/branches/r1117/Src/Server/RPC/RpcArgs.h:334:124: error: request for member ‘GetArgs’ in ‘* transaction’, which is of non-class type ‘int’
  334 |   bool PushArrayMember(rpc::Transaction* transaction, const nstl::wstring& value) { if (transaction) { return transaction->GetArgs().Push(value); } return false ; }
      |                                                                                                                            ^~~~~~~
/home/vitaly/p/Prime-World/pw/branches/r1117/Src/Server/RPC/RpcArgs.h: In member function ‘bool rpc::Args::PushArrayMember(int*, char)’:
/home/vitaly/p/Prime-World/pw/branches/r1117/Src/Server/RPC/RpcArgs.h:335:101: error: request for member ‘GetArgs’ in ‘* transaction’, which is of non-class type ‘int’
  335 |   bool PushArrayMember(rpc::Transaction* transaction, char value) { return transaction?transaction->GetArgs().Push(value):false; }
      |                                                                                                     ^~~~~~~
/home/vitaly/p/Prime-World/pw/branches/r1117/Src/Server/RPC/RpcArgs.h: In member function ‘bool rpc::Args::PushArrayMember(int*, wchar_t)’:
/home/vitaly/p/Prime-World/pw/branches/r1117/Src/Server/RPC/RpcArgs.h:336:104: error: request for member ‘GetArgs’ in ‘* transaction’, which is of non-class type ‘int’
  336 |   bool PushArrayMember(rpc::Transaction* transaction, wchar_t value) { return transaction?transaction->GetArgs().Push(value):false; }
      |                                                                                                        ^~~~~~~
/home/vitaly/p/Prime-World/pw/branches/r1117/Src/Server/RPC/RpcArgs.h: In member function ‘bool rpc::Args::PushArrayMember(int*, const T&)’:
/home/vitaly/p/Prime-World/pw/branches/r1117/Src/Server/RPC/RpcArgs.h:342:20: error: request for member ‘GetArgs’ in ‘transaction->’, which is of non-class type ‘int’ [-Wtemplate-body]
  342 |       transaction->GetArgs().SetPipe(multiPipe.Get());
      |                    ^~~~~~~
/home/vitaly/p/Prime-World/pw/branches/r1117/Src/Server/RPC/RpcArgs.h:342:48: error: request for member ‘Get’ in ‘((rpc::Args*)this)->rpc::Args::multiPipe’, which is of non-class type ‘int’ [-Wtemplate-body]
  342 |       transaction->GetArgs().SetPipe(multiPipe.Get());
      |                                                ^~~
/home/vitaly/p/Prime-World/pw/branches/r1117/Src/Server/RPC/RpcArgs.h:343:32: error: ‘Data’ is not a member of ‘rpc::rpc’; did you mean ‘rpc::Data’? [-Wtemplate-body]
  343 |       if ( SUPERSUBCLASS( rpc::Data, T ) )
      |                                ^~~~
/home/vitaly/p/Prime-World/pw/branches/r1117/Src/System/MetaProg.h:268:27: note: in definition of macro ‘SUPERSUBCLASS’
  268 |     ::Meta::SuperSubclass<T,U>::value
      |                           ^
In file included from /home/vitaly/p/Prime-World/pw/branches/r1117/Src/Server/RPC/ArgWriter.h:5,
                 from /home/vitaly/p/Prime-World/pw/branches/r1117/Src/Server/RPC/Calls.h:4,
                 from /home/vitaly/p/Prime-World/pw/branches/r1117/Src/Server/RPC/ClassFactory.h:5:
/home/vitaly/p/Prime-World/pw/branches/r1117/Src/Server/RPC/RpcDataFactory.h:54:8: note: ‘rpc::Data’ declared here
   54 | struct Data
      |        ^~~~
/home/vitaly/p/Prime-World/pw/branches/r1117/Src/System/MetaProg.h:268:30: error: template argument 1 is invalid [-Wtemplate-body]
  268 |     ::Meta::SuperSubclass<T,U>::value
      |                              ^
/home/vitaly/p/Prime-World/pw/branches/r1117/Src/Server/RPC/RpcArgs.h:343:12: note: in expansion of macro ‘SUPERSUBCLASS’
  343 |       if ( SUPERSUBCLASS( rpc::Data, T ) )
      |            ^~~~~~~~~~~~~
/home/vitaly/p/Prime-World/pw/branches/r1117/Src/Server/RPC/RpcArgs.h:343:42: error: expected initializer before ‘)’ token [-Wtemplate-body]
  343 |       if ( SUPERSUBCLASS( rpc::Data, T ) )
      |                                          ^
/home/vitaly/p/Prime-World/pw/branches/r1117/Src/Server/RPC/RpcArgs.h:344:29: error: request for member ‘GetArgs’ in ‘transaction->’, which is of non-class type ‘int’ [-Wtemplate-body]
  344 |         return transaction->GetArgs().Push( value );
      |                             ^~~~~~~
/home/vitaly/p/Prime-World/pw/branches/r1117/Src/Server/RPC/RpcArgs.h:346:29: error: request for member ‘GetArgs’ in ‘transaction->’, which is of non-class type ‘int’ [-Wtemplate-body]
  346 |         return transaction->GetArgs().PushSimpleStructWithoutSize( value );
      |                             ^~~~~~~
/home/vitaly/p/Prime-World/pw/branches/r1117/Src/Server/RPC/RpcArgs.h: In member function ‘bool rpc::Args::Push(int*, void*, uint)’:
/home/vitaly/p/Prime-World/pw/branches/r1117/Src/Server/RPC/RpcArgs.h:355:27: error: request for member ‘GetArgs’ in ‘* transaction’, which is of non-class type ‘int’
  355 |       return transaction->GetArgs().Push( val, size );
      |                           ^~~~~~~
/home/vitaly/p/Prime-World/pw/branches/r1117/Src/Server/RPC/RpcArgs.h: In member function ‘bool rpc::Args::PushRaw(int*, const T&)’:
/home/vitaly/p/Prime-World/pw/branches/r1117/Src/Server/RPC/RpcArgs.h:360:104: error: request for member ‘GetArgs’ in ‘transaction->’, which is of non-class type ‘int’ [-Wtemplate-body]
  360 |   bool PushRaw(rpc::Transaction* transaction, const T& value) { if (transaction) { return transaction->GetArgs().PushRaw(value);} return false; }
      |                                                                                                        ^~~~~~~
/home/vitaly/p/Prime-World/pw/branches/r1117/Src/Server/RPC/RpcEntityHandler.h: At global scope:
/home/vitaly/p/Prime-World/pw/branches/r1117/Src/Server/RPC/RpcEntityHandler.h:45:8: error: ‘ECallResult’ in namespace ‘rpc::rpc’ does not name a type
   45 |   rpc::ECallResult::Enum Go(rpc::Transaction* transaction) { return DoTransaction(multiPipe, transaction); }
      |        ^~~~~~~~~~~
/home/vitaly/p/Prime-World/pw/branches/r1117/Src/Server/RPC/RpcEntityHandler.h:46:8: error: ‘ECallResult’ in namespace ‘rpc::rpc’ does not name a type
   46 |   rpc::ECallResult::Enum GoData()
      |        ^~~~~~~~~~~
/home/vitaly/p/Prime-World/pw/branches/r1117/Src/Server/RPC/RpcEntityHandler.h:56:38: error: ‘rpc::rpc::IRemoteEntity’ has not been declared
   56 |   IUpdateCallback* GetUpdateCallback(rpc::IRemoteEntity* parent) { return updateCallback?updateCallback:(parent?parent->GetUpdateCallback():0); }
      |                                      ^~~
/home/vitaly/p/Prime-World/pw/branches/r1117/Src/Server/RPC/RpcEntityHandler.h:60:15: error: ‘Transaction’ in namespace ‘rpc::rpc’ does not name a type
   60 |   inline rpc::Transaction* Call(uint methodId)
      |               ^~~~~~~~~~~
/home/vitaly/p/Prime-World/pw/branches/r1117/Src/Server/RPC/RpcEntityHandler.h:69:31: error: ‘Transaction’ in namespace ‘rpc::rpc’ does not name a type
   69 |   template <typename T0> rpc::Transaction* Call(uint methodId, const T0& value0)
      |                               ^~~~~~~~~~~
/home/vitaly/p/Prime-World/pw/branches/r1117/Src/Server/RPC/RpcEntityHandler.h:81:44: error: ‘Transaction’ in namespace ‘rpc::rpc’ does not name a type
   81 |   template <typename T0, typename T1> rpc::Transaction* Call(uint methodId, const T0& value0, const T1& value1)
      |                                            ^~~~~~~~~~~
/home/vitaly/p/Prime-World/pw/branches/r1117/Src/Server/RPC/RpcEntityHandler.h:94:57: error: ‘Transaction’ in namespace ‘rpc::rpc’ does not name a type
   94 |   template <typename T0, typename T1, typename T2> rpc::Transaction* Call(uint methodId, const T0& value0, const T1& value1, const T2& value2)
      |                                                         ^~~~~~~~~~~
/home/vitaly/p/Prime-World/pw/branches/r1117/Src/Server/RPC/RpcEntityHandler.h:108:70: error: ‘Transaction’ in namespace ‘rpc::rpc’ does not name a type
  108 |   template <typename T0, typename T1, typename T2, typename T3> rpc::Transaction* Call(uint methodId, const T0& value0, const T1& value1, const T2& value2, const T3& value3)
      |                                                                      ^~~~~~~~~~~
/home/vitaly/p/Prime-World/pw/branches/r1117/Src/Server/RPC/RpcEntityHandler.h:124:8: error: ‘Transaction’ in namespace ‘rpc::rpc’ does not name a type
  124 |   rpc::Transaction* Call(uint methodId, const T0& value0, const T1& value1, const T2& value2, const T3& value3, const T4& value4)
      |        ^~~~~~~~~~~
/home/vitaly/p/Prime-World/pw/branches/r1117/Src/Server/RPC/RpcEntityHandler.h:141:8: error: ‘Transaction’ in namespace ‘rpc::rpc’ does not name a type
  141 |   rpc::Transaction* Call(uint methodId, const T0& value0, const T1& value1, const T2& value2, const T3& value3, const T4& value4, const T5& value5)
      |        ^~~~~~~~~~~
/home/vitaly/p/Prime-World/pw/branches/r1117/Src/Server/RPC/RpcEntityHandler.h:159:8: error: ‘Transaction’ in namespace ‘rpc::rpc’ does not name a type
  159 |   rpc::Transaction* Call(uint methodId,const T0& value0,const T1& value1,const T2& value2,const T3& value3,const T4& value4,const T5& value5,const T6& value6)
      |        ^~~~~~~~~~~
/home/vitaly/p/Prime-World/pw/branches/r1117/Src/Server/RPC/RpcEntityHandler.h:178:8: error: ‘Transaction’ in namespace ‘rpc::rpc’ does not name a type
  178 |   rpc::Transaction* Ping(const nstl::vector<byte>& value)
      |        ^~~~~~~~~~~
/home/vitaly/p/Prime-World/pw/branches/r1117/Src/Server/RPC/RpcEntityHandler.h:214:19: error: ‘rpc::nstl::vector’ has not been declared
  214 |   int GetAllNodes(nstl::vector<NodeBriefDesc>& nodes) { return multiPipe->GetAllNodes(nodes); }
      |                   ^~~~
/home/vitaly/p/Prime-World/pw/branches/r1117/Src/Server/RPC/RpcEntityHandler.h:214:31: error: expected ‘,’ or ‘...’ before ‘<’ token
  214 |   int GetAllNodes(nstl::vector<NodeBriefDesc>& nodes) { return multiPipe->GetAllNodes(nodes); }
      |                               ^
/home/vitaly/p/Prime-World/pw/branches/r1117/Src/Server/RPC/RpcEntityHandler.h:217:30: error: ‘rpc::rpc::IEntityMap’ has not been declared
  217 |   virtual int ConnectToNodes(rpc::IEntityMap* _entityMap);
      |                              ^~~
/home/vitaly/p/Prime-World/pw/branches/r1117/Src/Server/RPC/RpcEntityHandler.h:218:8: error: ‘Status’ in namespace ‘rpc::rpc’ does not name a type
  218 |   rpc::Status GetStatus() { return multiPipe->GetStatus(); }
      |        ^~~~~~
/home/vitaly/p/Prime-World/pw/branches/r1117/Src/Server/RPC/RpcEntityHandler.h: In member function ‘rpc::IUpdateCallback* rpc::EntityHandler::GetUpdateCallback(int*)’:
/home/vitaly/p/Prime-World/pw/branches/r1117/Src/Server/RPC/RpcEntityHandler.h:56:121: error: request for member ‘GetUpdateCallback’ in ‘* parent’, which is of non-class type ‘int’
   56 |   IUpdateCallback* GetUpdateCallback(rpc::IRemoteEntity* parent) { return updateCallback?updateCallback:(parent?parent->GetUpdateCallback():0); }
      |                                                                                                                         ^~~~~~~~~~~~~~~~~
/home/vitaly/p/Prime-World/pw/branches/r1117/Src/Server/RPC/RpcEntityHandler.h: In member function ‘bool rpc::EntityHandler::IsReplicated(rpc::INode&)’:
/home/vitaly/p/Prime-World/pw/branches/r1117/Src/Server/RPC/RpcEntityHandler.h:205:52: error: base operand of ‘->’ is not a pointer
  205 |   bool IsReplicated(INode& node) { return multiPipe->HaveNode(node); }
      |                                                    ^~
/home/vitaly/p/Prime-World/pw/branches/r1117/Src/Server/RPC/RpcEntityHandler.h: In member function ‘StrongMT<rpc::INode> rpc::EntityHandler::GetNode(int)’:
/home/vitaly/p/Prime-World/pw/branches/r1117/Src/Server/RPC/RpcEntityHandler.h:212:56: error: base operand of ‘->’ is not a pointer
  212 |   StrongMT<INode> GetNode(int index) { return multiPipe->GetNode(index); }
      |                                                        ^~
/home/vitaly/p/Prime-World/pw/branches/r1117/Src/Server/RPC/RpcEntityHandler.h: In member function ‘StrongMT<rpc::INode> rpc::EntityHandler::GetNode(const char*)’:
/home/vitaly/p/Prime-World/pw/branches/r1117/Src/Server/RPC/RpcEntityHandler.h:213:63: error: base operand of ‘->’ is not a pointer
  213 |   StrongMT<INode> GetNode(const char* name) { return multiPipe->GetNode(name); }
      |                                                               ^~
/home/vitaly/p/Prime-World/pw/branches/r1117/Src/Server/RPC/RpcEntityHandler.h: In member function ‘int rpc::EntityHandler::GetAllNodes(int)’:
/home/vitaly/p/Prime-World/pw/branches/r1117/Src/Server/RPC/RpcEntityHandler.h:214:73: error: base operand of ‘->’ is not a pointer
  214 |   int GetAllNodes(nstl::vector<NodeBriefDesc>& nodes) { return multiPipe->GetAllNodes(nodes); }
      |                                                                         ^~
/home/vitaly/p/Prime-World/pw/branches/r1117/Src/Server/RPC/RpcEntityHandler.h:214:87: error: ‘nodes’ was not declared in this scope
  214 |   int GetAllNodes(nstl::vector<NodeBriefDesc>& nodes) { return multiPipe->GetAllNodes(nodes); }
      |                                                                                       ^~~~~
/home/vitaly/p/Prime-World/pw/branches/r1117/Src/Server/RPC/ClassFactory.h: In constructor ‘rpc::CreationEntry::CreationEntry(uint, rpc::ILocalEntityFactory&)’:
/home/vitaly/p/Prime-World/pw/branches/r1117/Src/Server/RPC/ClassFactory.h:29:10: error: ‘RegisterFactory’ is not a member of ‘rpc::rpc’; did you mean ‘rpc::RegisterFactory’?
   29 |     rpc::RegisterFactory(classId, factory);
      |          ^~~~~~~~~~~~~~~
/home/vitaly/p/Prime-World/pw/branches/r1117/Src/Server/RPC/ClassFactory.h:22:6: note: ‘rpc::RegisterFactory’ declared here
   22 | void RegisterFactory(uint classId, rpc::ILocalEntityFactory& factory);
      |      ^~~~~~~~~~~~~~~
/home/vitaly/p/Prime-World/pw/branches/r1117/Src/Server/RPC/ClassFactory.h: At global scope:
/home/vitaly/p/Prime-World/pw/branches/r1117/Src/Server/RPC/ClassFactory.h:66:9: error: ‘vector’ in namespace ‘rpc::nstl’ does not name a template type [-Wtemplate-body]
   66 |   nstl::vector<T*> objects;
      |         ^~~~~~
/home/vitaly/p/Prime-World/pw/branches/r1117/Src/Server/RPC/ClassFactory.h: In destructor ‘rpc::LocalObjectsFactory<T, B>::~LocalObjectsFactory()’:
/home/vitaly/p/Prime-World/pw/branches/r1117/Src/Server/RPC/ClassFactory.h:42:20: error: ‘objects’ was not declared in this scope [-Wtemplate-body]
   42 |     for (int i=0;i<objects.size();++i)
      |                    ^~~~~~~
/home/vitaly/p/Prime-World/pw/branches/r1117/Src/Server/RPC/ClassFactory.h: In member function ‘void rpc::LocalObjectsFactory<T, B>::deallocate(T&)’:
/home/vitaly/p/Prime-World/pw/branches/r1117/Src/Server/RPC/ClassFactory.h:50:5: error: ‘objects’ was not declared in this scope [-Wtemplate-body]
   50 |     objects.push_back(&t);
      |     ^~~~~~~
/home/vitaly/p/Prime-World/pw/branches/r1117/Src/Server/RPC/ClassFactory.h: In member function ‘N& rpc::LocalObjectsFactory<T, B>::allocate(P0, P1)’:
/home/vitaly/p/Prime-World/pw/branches/r1117/Src/Server/RPC/ClassFactory.h:57:9: error: ‘objects’ was not declared in this scope [-Wtemplate-body]
   57 |     if (objects.size() > 0)
      |         ^~~~~~~
/home/vitaly/p/Prime-World/pw/branches/r1117/Src/Server/RPC/ClassFactory.h: At global scope:
/home/vitaly/p/Prime-World/pw/branches/r1117/Src/Server/RPC/ClassFactory.h:73:40: error: ‘rpc::rpc::CallStatus’ has not been declared [-Wtemplate-body]
   73 |   void (T::*func)(P result, C context, rpc::CallStatus status);
      |                                        ^~~
/home/vitaly/p/Prime-World/pw/branches/r1117/Src/Server/RPC/ClassFactory.h:77:68: error: ‘rpc::rpc::CallStatus’ has not been declared [-Wtemplate-body]
   77 |   FunctorContext(T* _object, void (T::*_func)(P result, C context, rpc::CallStatus status), const C& _context):
      |                                                                    ^~~
/home/vitaly/p/Prime-World/pw/branches/r1117/Src/Server/RPC/ClassFactory.h:97:26: error: ‘rpc::rpc::CallStatus’ has not been declared [-Wtemplate-body]
   97 |   virtual void OnFailure(rpc::CallStatus status)
      |                          ^~~
/home/vitaly/p/Prime-World/pw/branches/r1117/Src/Server/RPC/ClassFactory.h: In member function ‘virtual bool rpc::FunctorContext<T, P, C>::Call(rpc::VArgList)’:
/home/vitaly/p/Prime-World/pw/branches/r1117/Src/Server/RPC/ClassFactory.h:89:56: error: ‘CallSuccessful’ is not a member of ‘rpc::rpc’; did you mean ‘rpc::CallSuccessful’? [-Wtemplate-body]
   89 |       (lobject->*func)(_mng_va_arg(v,P), context, rpc::CallSuccessful);
      |                                                        ^~~~~~~~~~~~~~
In file included from /home/vitaly/p/Prime-World/pw/branches/r1117/Src/Server/RPC/Types.h:6,
                 from /home/vitaly/p/Prime-World/pw/branches/r1117/Src/Server/RPC/Interfaces.h:12:
/home/vitaly/p/Prime-World/pw/branches/r1117/Src/Server/RPC/Packets.h:24:3: note: ‘rpc::CallSuccessful’ declared here
   24 |   CallSuccessful,
      |   ^~~~~~~~~~~~~~
/home/vitaly/p/Prime-World/pw/branches/r1117/Src/Server/RPC/ClassFactory.h: At global scope:
/home/vitaly/p/Prime-World/pw/branches/r1117/Src/Server/RPC/ClassFactory.h:134:26: error: ‘rpc::rpc::CallStatus’ has not been declared [-Wtemplate-body]
  134 |   virtual void OnFailure(rpc::CallStatus status)
      |                          ^~~
/home/vitaly/p/Prime-World/pw/branches/r1117/Src/Server/RPC/ClassFactory.h:149:41: error: ‘rpc::rpc::CallStatus’ has not been declared [-Wtemplate-body]
  149 |   void (T::*func)(P& result, C context, rpc::CallStatus status);
      |                                         ^~~
/home/vitaly/p/Prime-World/pw/branches/r1117/Src/Server/RPC/ClassFactory.h:153:71: error: ‘rpc::rpc::CallStatus’ has not been declared [-Wtemplate-body]
  153 |   RefFunctorContext(T* _object, void (T::*func)(P& result, C context, rpc::CallStatus status), const C& _context):
      |                                                                       ^~~
/home/vitaly/p/Prime-World/pw/branches/r1117/Src/Server/RPC/ClassFactory.h:173:26: error: ‘rpc::rpc::CallStatus’ has not been declared [-Wtemplate-body]
  173 |   virtual void OnFailure(rpc::CallStatus status)
      |                          ^~~
/home/vitaly/p/Prime-World/pw/branches/r1117/Src/Server/RPC/ClassFactory.h: In member function ‘virtual bool rpc::RefFunctorContext<T, P, C>::Call(rpc::VArgList)’:
/home/vitaly/p/Prime-World/pw/branches/r1117/Src/Server/RPC/ClassFactory.h:165:59: error: ‘CallSuccessful’ is not a member of ‘rpc::rpc’; did you mean ‘rpc::CallSuccessful’? [-Wtemplate-body]
  165 |       (lobject->*func)(*_mng_va_arg(v, P*), context, rpc::CallSuccessful);
      |                                                           ^~~~~~~~~~~~~~
/home/vitaly/p/Prime-World/pw/branches/r1117/Src/Server/RPC/Packets.h:24:3: note: ‘rpc::CallSuccessful’ declared here
   24 |   CallSuccessful,
      |   ^~~~~~~~~~~~~~
/home/vitaly/p/Prime-World/pw/branches/r1117/Src/Server/RPC/ClassFactory.h: At global scope:
/home/vitaly/p/Prime-World/pw/branches/r1117/Src/Server/RPC/ClassFactory.h:210:26: error: ‘rpc::rpc::CallStatus’ has not been declared [-Wtemplate-body]
  210 |   virtual void OnFailure(rpc::CallStatus status)
      |                          ^~~
/home/vitaly/p/Prime-World/pw/branches/r1117/Src/Server/RPC/ClassFactory.h:240:26: error: ‘rpc::rpc::CallStatus’ has not been declared [-Wtemplate-body]
  240 |   virtual void OnFailure(rpc::CallStatus status)
      |                          ^~~
/home/vitaly/p/Prime-World/pw/branches/r1117/Src/Server/RPC/ClassFactory.h:248:15: error: ‘hash_map’ in namespace ‘rpc::nstl’ does not name a template type
  248 | typedef nstl::hash_map<EntityId, LocalEntityInfo*> LocalEntityContainer;
      |               ^~~~~~~~
/home/vitaly/p/Prime-World/pw/branches/r1117/Src/Server/RPC/ClassFactory.h:267:8: error: ‘ILocalEntity’ in namespace ‘rpc::rpc’ does not name a type; did you mean ‘ILocalEntityFactory’?
  267 |   rpc::ILocalEntity* GetEntity(EntityId entityId)
      |        ^~~~~~~~~~~~
      |        ILocalEntityFactory
/home/vitaly/p/Prime-World/pw/branches/r1117/Src/Server/RPC/ClassFactory.h:273:8: error: ‘LocalEntityInfo’ in namespace ‘rpc::rpc’ does not name a type; did you mean ‘ILocalEntityFactory’?
  273 |   rpc::LocalEntityInfo* GetEntityInfo(EntityId entityId)
      |        ^~~~~~~~~~~~~~~
      |        ILocalEntityFactory
/home/vitaly/p/Prime-World/pw/branches/r1117/Src/Server/RPC/ClassFactory.h:285:8: error: ‘ILocalEntity’ in namespace ‘rpc::rpc’ does not name a type; did you mean ‘ILocalEntityFactory’?
  285 |   rpc::ILocalEntity* GetEntity(EntityId entityId, const RemoteEntityTypeInfo& info);
      |        ^~~~~~~~~~~~
      |        ILocalEntityFactory
/home/vitaly/p/Prime-World/pw/branches/r1117/Src/Server/RPC/ClassFactory.h:300:8: error: ‘LocalEntityInfo’ in namespace ‘rpc::rpc’ does not name a type; did you mean ‘ILocalEntityFactory’?
  300 |   rpc::LocalEntityInfo* FindMember(const void* value, int& index);
      |        ^~~~~~~~~~~~~~~
      |        ILocalEntityFactory
/home/vitaly/p/Prime-World/pw/branches/r1117/Src/Server/RPC/ClassFactory.h:316:3: error: ‘LocalEntityContainer’ does not name a type; did you mean ‘RemoteEntityContainer’?
  316 |   LocalEntityContainer _entities;
      |   ^~~~~~~~~~~~~~~~~~~~
      |   RemoteEntityContainer
/home/vitaly/p/Prime-World/pw/branches/r1117/Src/Server/RPC/ClassFactory.h:317:50: error: ‘IFunctor’ is not a member of ‘rpc::rpc’; did you mean ‘rpc::IFunctor’?
  317 |   LocalObjectsFactory<DummyVoidCallFunctor, rpc::IFunctor> change_callbacks_factory;
      |                                                  ^~~~~~~~
In file included from /home/vitaly/p/Prime-World/pw/branches/r1117/Src/Server/RPC/Interfaces.h:15:
/home/vitaly/p/Prime-World/pw/branches/r1117/Src/Server/RPC/IFunctor.h:9:12: note: ‘rpc::IFunctor’ declared here
    9 | _interface IFunctor
      |            ^~~~~~~~
/home/vitaly/p/Prime-World/pw/branches/r1117/Src/Server/RPC/ClassFactory.h:317:58: error: template argument 2 is invalid
  317 |   LocalObjectsFactory<DummyVoidCallFunctor, rpc::IFunctor> change_callbacks_factory;
      |                                                          ^
/home/vitaly/p/Prime-World/pw/branches/r1117/Src/Server/RPC/ClassFactory.h: In destructor ‘rpc::LocalEntities::~LocalEntities()’:
/home/vitaly/p/Prime-World/pw/branches/r1117/Src/Server/RPC/ClassFactory.h:261:10: error: ‘LocalEntityContainer’ has not been declared; did you mean ‘RemoteEntityContainer’?
  261 |     for (LocalEntityContainer::iterator it=_entities.begin();it != _entities.end();++it)
      |          ^~~~~~~~~~~~~~~~~~~~
      |          RemoteEntityContainer
/home/vitaly/p/Prime-World/pw/branches/r1117/Src/Server/RPC/ClassFactory.h:261:62: error: ‘it’ was not declared in this scope; did you mean ‘int’?
  261 |     for (LocalEntityContainer::iterator it=_entities.begin();it != _entities.end();++it)
      |                                                              ^~
      |                                                              int
/home/vitaly/p/Prime-World/pw/branches/r1117/Src/Server/RPC/ClassFactory.h:261:68: error: ‘_entities’ was not declared in this scope
  261 |     for (LocalEntityContainer::iterator it=_entities.begin();it != _entities.end();++it)
      |                                                                    ^~~~~~~~~
/home/vitaly/p/Prime-World/pw/branches/r1117/Src/Server/RPC/ClassFactory.h: In member function ‘void* rpc::LocalEntities::get(rpc::EntityId, uint)’:
/home/vitaly/p/Prime-World/pw/branches/r1117/Src/Server/RPC/ClassFactory.h:289:10: error: ‘ILocalEntity’ is not a member of ‘rpc::rpc’; did you mean ‘ILocalEntityFactory’?
  289 |     rpc::ILocalEntity* entity = GetEntity(entityId);
      |          ^~~~~~~~~~~~
      |          ILocalEntityFactory
/home/vitaly/p/Prime-World/pw/branches/r1117/Src/Server/RPC/ClassFactory.h:289:24: error: ‘entity’ was not declared in this scope; did you mean ‘Identity’?
  289 |     rpc::ILocalEntity* entity = GetEntity(entityId);
      |                        ^~~~~~
      |                        Identity
/home/vitaly/p/Prime-World/pw/branches/r1117/Src/Server/RPC/ClassFactory.h:289:33: error: ‘GetEntity’ was not declared in this scope
  289 |     rpc::ILocalEntity* entity = GetEntity(entityId);
      |                                 ^~~~~~~~~
/home/vitaly/p/Prime-World/pw/branches/r1117/Src/Server/RPC/ClassFactory.h: In member function ‘bool rpc::LocalEntities::SetHandler(const void*, H*, void (H::*)())’:
/home/vitaly/p/Prime-World/pw/branches/r1117/Src/Server/RPC/ClassFactory.h:305:10: error: ‘LocalEntityInfo’ is not a member of ‘rpc::rpc’; did you mean ‘ILocalEntityFactory’? [-Wtemplate-body]
  305 |     rpc::LocalEntityInfo* info = FindMember(value, index);
      |          ^~~~~~~~~~~~~~~
      |          ILocalEntityFactory
/home/vitaly/p/Prime-World/pw/branches/r1117/Src/Server/RPC/ClassFactory.h:305:27: error: ‘info’ was not declared in this scope [-Wtemplate-body]
  305 |     rpc::LocalEntityInfo* info = FindMember(value, index);
      |                           ^~~~
/home/vitaly/p/Prime-World/pw/branches/r1117/Src/Server/RPC/ClassFactory.h:305:34: error: there are no arguments to ‘FindMember’ that depend on a template parameter, so a declaration of ‘FindMember’ must be available [-Wtemplate-body]
  305 |     rpc::LocalEntityInfo* info = FindMember(value, index);
      |                                  ^~~~~~~~~~
/home/vitaly/p/Prime-World/pw/branches/r1117/Src/Server/RPC/ClassFactory.h:308:63: error: request for member ‘allocate’ in ‘((rpc::LocalEntities*)this)->rpc::LocalEntities::change_callbacks_factory’, which is of non-class type ‘int’ [-Wtemplate-body]
  308 |       VoidCallFunctor<H>& callback = change_callbacks_factory.allocate<VoidCallFunctor<H> >(object, func);
      |                                                               ^~~~~~~~
/home/vitaly/p/Prime-World/pw/branches/r1117/Src/Server/RPC/ClassFactory.h:308:91: error: expected primary-expression before ‘>’ token [-Wtemplate-body]
  308 |       VoidCallFunctor<H>& callback = change_callbacks_factory.allocate<VoidCallFunctor<H> >(object, func);
      |                                                                                           ^
/home/vitaly/p/Prime-World/pw/branches/r1117/Src/Server/RPC/ReplicationTypes.h: At global scope:
/home/vitaly/p/Prime-World/pw/branches/r1117/Src/Server/RPC/ReplicationTypes.h:19:15: error: ‘rpc::rpc::IRemoteEntity’ has not been declared
   19 |     void Init(rpc::IRemoteEntity* _entity) { entity = _entity; }
      |               ^~~
/home/vitaly/p/Prime-World/pw/branches/r1117/Src/Server/RPC/ReplicationTypes.h:42:10: error: ‘IRemoteEntity’ in namespace ‘rpc::rpc’ does not name a type
   42 |     rpc::IRemoteEntity* entity;
      |          ^~~~~~~~~~~~~
/home/vitaly/p/Prime-World/pw/branches/r1117/Src/Server/RPC/ReplicationTypes.h: In constructor ‘rpc::VectorAccessor::VectorAccessor()’:
/home/vitaly/p/Prime-World/pw/branches/r1117/Src/Server/RPC/ReplicationTypes.h:12:22: error: class ‘rpc::VectorAccessor’ does not have any field named ‘entity’
   12 |     VectorAccessor():entity(0) {}
      |                      ^~~~~~
/home/vitaly/p/Prime-World/pw/branches/r1117/Src/Server/RPC/ReplicationTypes.h: In constructor ‘rpc::VectorAccessor::VectorAccessor(byte)’:
/home/vitaly/p/Prime-World/pw/branches/r1117/Src/Server/RPC/ReplicationTypes.h:15:5: error: class ‘rpc::VectorAccessor’ does not have any field named ‘entity’
   15 |     entity(0),
      |     ^~~~~~
/home/vitaly/p/Prime-World/pw/branches/r1117/Src/Server/RPC/ReplicationTypes.h: In member function ‘void rpc::VectorAccessor::Init(int*)’:
/home/vitaly/p/Prime-World/pw/branches/r1117/Src/Server/RPC/ReplicationTypes.h:19:46: error: ‘entity’ was not declared in this scope; did you mean ‘_entity’?
   19 |     void Init(rpc::IRemoteEntity* _entity) { entity = _entity; }
      |                                              ^~~~~~
      |                                              _entity
/home/vitaly/p/Prime-World/pw/branches/r1117/Src/Server/RPC/ReplicationTypes.h: In member function ‘void rpc::VectorAccessor::Set(int, const T&, const T&)’:
/home/vitaly/p/Prime-World/pw/branches/r1117/Src/Server/RPC/ReplicationTypes.h:24:51: error: ‘VectorOfScalars’ is not a member of ‘rpc::rpc’; did you mean ‘rpc::VectorOfScalars’? [-Wtemplate-body]
   24 |       ContainerOperationInfo info = { index, rpc::VectorOfScalars, rpc::voSet };
      |                                                   ^~~~~~~~~~~~~~~
/home/vitaly/p/Prime-World/pw/branches/r1117/Src/Server/RPC/Types.h:104:3: note: ‘rpc::VectorOfScalars’ declared here
  104 |   VectorOfScalars = 5,  // 5
      |   ^~~~~~~~~~~~~~~
/home/vitaly/p/Prime-World/pw/branches/r1117/Src/Server/RPC/ReplicationTypes.h:24:73: error: ‘voSet’ is not a member of ‘rpc::rpc’; did you mean ‘rpc::voSet’? [-Wtemplate-body]
   24 |       ContainerOperationInfo info = { index, rpc::VectorOfScalars, rpc::voSet };
      |                                                                         ^~~~~
/home/vitaly/p/Prime-World/pw/branches/r1117/Src/Server/RPC/Types.h:247:3: note: ‘rpc::voSet’ declared here
  247 |   voSet = 1,
      |   ^~~~~
/home/vitaly/p/Prime-World/pw/branches/r1117/Src/Server/RPC/ReplicationTypes.h:25:7: error: ‘entity’ was not declared in this scope; did you mean ‘Identity’? [-Wtemplate-body]
   25 |       entity->GetHandler()->SetMember(entity, memberId, info, value, oldValue);
      |       ^~~~~~
      |       Identity
/home/vitaly/p/Prime-World/pw/branches/r1117/Src/Server/RPC/ReplicationTypes.h: In member function ‘void rpc::VectorAccessor::append(const T&)’:
/home/vitaly/p/Prime-World/pw/branches/r1117/Src/Server/RPC/ReplicationTypes.h:31:48: error: ‘VectorOfScalars’ is not a member of ‘rpc::rpc’; did you mean ‘rpc::VectorOfScalars’? [-Wtemplate-body]
   31 |       ContainerOperationInfo info = { -1, rpc::VectorOfScalars, rpc::voAppend };
      |                                                ^~~~~~~~~~~~~~~
/home/vitaly/p/Prime-World/pw/branches/r1117/Src/Server/RPC/Types.h:104:3: note: ‘rpc::VectorOfScalars’ declared here
  104 |   VectorOfScalars = 5,  // 5
      |   ^~~~~~~~~~~~~~~
/home/vitaly/p/Prime-World/pw/branches/r1117/Src/Server/RPC/ReplicationTypes.h:31:70: error: ‘voAppend’ is not a member of ‘rpc::rpc’; did you mean ‘rpc::voAppend’? [-Wtemplate-body]
   31 |       ContainerOperationInfo info = { -1, rpc::VectorOfScalars, rpc::voAppend };
      |                                                                      ^~~~~~~~
/home/vitaly/p/Prime-World/pw/branches/r1117/Src/Server/RPC/Types.h:246:3: note: ‘rpc::voAppend’ declared here
  246 |   voAppend = 0,
      |   ^~~~~~~~
/home/vitaly/p/Prime-World/pw/branches/r1117/Src/Server/RPC/ReplicationTypes.h:32:7: error: ‘entity’ was not declared in this scope; did you mean ‘Identity’? [-Wtemplate-body]
   32 |       entity->GetHandler()->SetMember(entity, memberId, info, value, value);
      |       ^~~~~~
      |       Identity
/home/vitaly/p/Prime-World/pw/branches/r1117/Src/Server/RPC/ReplicationTypes.h: In member function ‘void rpc::VectorAccessor::eraseByIndex(int, const T&)’:
/home/vitaly/p/Prime-World/pw/branches/r1117/Src/Server/RPC/ReplicationTypes.h:38:51: error: ‘VectorOfScalars’ is not a member of ‘rpc::rpc’; did you mean ‘rpc::VectorOfScalars’? [-Wtemplate-body]
   38 |       ContainerOperationInfo info = { index, rpc::VectorOfScalars, rpc::voEraseByIndex };
      |                                                   ^~~~~~~~~~~~~~~
/home/vitaly/p/Prime-World/pw/branches/r1117/Src/Server/RPC/Types.h:104:3: note: ‘rpc::VectorOfScalars’ declared here
  104 |   VectorOfScalars = 5,  // 5
      |   ^~~~~~~~~~~~~~~
/home/vitaly/p/Prime-World/pw/branches/r1117/Src/Server/RPC/ReplicationTypes.h:38:73: error: ‘voEraseByIndex’ is not a member of ‘rpc::rpc’; did you mean ‘rpc::voEraseByIndex’? [-Wtemplate-body]
   38 |       ContainerOperationInfo info = { index, rpc::VectorOfScalars, rpc::voEraseByIndex };
      |                                                                         ^~~~~~~~~~~~~~
/home/vitaly/p/Prime-World/pw/branches/r1117/Src/Server/RPC/Types.h:248:3: note: ‘rpc::voEraseByIndex’ declared here
  248 |   voEraseByIndex = 2,
      |   ^~~~~~~~~~~~~~
/home/vitaly/p/Prime-World/pw/branches/r1117/Src/Server/RPC/ReplicationTypes.h:39:7: error: ‘entity’ was not declared in this scope; did you mean ‘Identity’? [-Wtemplate-body]
   39 |       entity->GetHandler()->EraseMember(entity, memberId, info, value);
      |       ^~~~~~
      |       Identity
/home/vitaly/p/Prime-World/pw/branches/r1117/Src/Server/RPC/ReplicationTypes.h: At global scope:
/home/vitaly/p/Prime-World/pw/branches/r1117/Src/Server/RPC/ReplicationTypes.h:47:30: error: expected template-name before ‘<’ token [-Wtemplate-body]
   47 |   class vector : nstl::vector<T>
      |                              ^
/home/vitaly/p/Prime-World/pw/branches/r1117/Src/Server/RPC/ReplicationTypes.h:47:30: error: expected ‘{’ before ‘<’ token
/home/vitaly/p/Prime-World/pw/branches/r1117/Src/Server/RPC/ReplicationTypes.h:129:15: error: ‘rpc::rpc::IRemoteEntity’ has not been declared [-Wtemplate-body]
  129 |     void Init(rpc::IRemoteEntity* _entity) { entity = _entity; }
      |               ^~~
/home/vitaly/p/Prime-World/pw/branches/r1117/Src/Server/RPC/ReplicationTypes.h:144:10: error: ‘IRemoteEntity’ in namespace ‘rpc::rpc’ does not name a type [-Wtemplate-body]
  144 |     rpc::IRemoteEntity* entity;
      |          ^~~~~~~~~~~~~
/home/vitaly/p/Prime-World/pw/branches/r1117/Src/Server/RPC/ReplicationTypes.h: In constructor ‘rpc::_StringAccessor<T>::_StringAccessor()’:
/home/vitaly/p/Prime-World/pw/branches/r1117/Src/Server/RPC/ReplicationTypes.h:122:23: error: class ‘rpc::_StringAccessor<T>’ does not have any field named ‘entity’ [-Wtemplate-body]
  122 |     _StringAccessor():entity(0) {}
      |                       ^~~~~~
/home/vitaly/p/Prime-World/pw/branches/r1117/Src/Server/RPC/ReplicationTypes.h: In constructor ‘rpc::_StringAccessor<T>::_StringAccessor(byte)’:
/home/vitaly/p/Prime-World/pw/branches/r1117/Src/Server/RPC/ReplicationTypes.h:125:5: error: class ‘rpc::_StringAccessor<T>’ does not have any field named ‘entity’ [-Wtemplate-body]
  125 |     entity(0),
      |     ^~~~~~
/home/vitaly/p/Prime-World/pw/branches/r1117/Src/Server/RPC/ReplicationTypes.h: In member function ‘void rpc::_StringAccessor<T>::Init(int*)’:
/home/vitaly/p/Prime-World/pw/branches/r1117/Src/Server/RPC/ReplicationTypes.h:129:46: error: ‘entity’ was not declared in this scope; did you mean ‘_entity’? [-Wtemplate-body]
  129 |     void Init(rpc::IRemoteEntity* _entity) { entity = _entity; }
      |                                              ^~~~~~
      |                                              _entity
/home/vitaly/p/Prime-World/pw/branches/r1117/Src/Server/RPC/ReplicationTypes.h: In member function ‘void rpc::_StringAccessor<T>::Set(const T*, const T*)’:
/home/vitaly/p/Prime-World/pw/branches/r1117/Src/Server/RPC/ReplicationTypes.h:133:47: error: ‘String’ is not a member of ‘rpc::rpc’; did you mean ‘rpc::String’? [-Wtemplate-body]
  133 |       ContainerOperationInfo info = { 0, rpc::String, rpc::soAssign };
      |                                               ^~~~~~
/home/vitaly/p/Prime-World/pw/branches/r1117/Src/Server/RPC/Types.h:103:3: note: ‘rpc::String’ declared here
  103 |   String= 4,           // 4
      |   ^~~~~~
/home/vitaly/p/Prime-World/pw/branches/r1117/Src/Server/RPC/ReplicationTypes.h:133:60: error: ‘soAssign’ is not a member of ‘rpc::rpc’; did you mean ‘rpc::soAssign’? [-Wtemplate-body]
  133 |       ContainerOperationInfo info = { 0, rpc::String, rpc::soAssign };
      |                                                            ^~~~~~~~
/home/vitaly/p/Prime-World/pw/branches/r1117/Src/Server/RPC/Types.h:240:3: note: ‘rpc::soAssign’ declared here
  240 |   soAssign = 0,
      |   ^~~~~~~~
/home/vitaly/p/Prime-World/pw/branches/r1117/Src/Server/RPC/ReplicationTypes.h:134:7: error: ‘entity’ was not declared in this scope; did you mean ‘Identity’? [-Wtemplate-body]
  134 |       entity->GetHandler()->SetMember(entity, memberId, info, newValue, oldValue);
      |       ^~~~~~
      |       Identity
/home/vitaly/p/Prime-World/pw/branches/r1117/Src/Server/RPC/ReplicationTypes.h: In member function ‘void rpc::_StringAccessor<T>::Set(int, T, T)’:
/home/vitaly/p/Prime-World/pw/branches/r1117/Src/Server/RPC/ReplicationTypes.h:139:51: error: ‘String’ is not a member of ‘rpc::rpc’; did you mean ‘rpc::String’? [-Wtemplate-body]
  139 |       ContainerOperationInfo info = { index, rpc::String, rpc::soSetByIndex };
      |                                                   ^~~~~~
/home/vitaly/p/Prime-World/pw/branches/r1117/Src/Server/RPC/Types.h:103:3: note: ‘rpc::String’ declared here
  103 |   String= 4,           // 4
      |   ^~~~~~
/home/vitaly/p/Prime-World/pw/branches/r1117/Src/Server/RPC/ReplicationTypes.h:139:64: error: ‘soSetByIndex’ is not a member of ‘rpc::rpc’; did you mean ‘rpc::soSetByIndex’? [-Wtemplate-body]
  139 |       ContainerOperationInfo info = { index, rpc::String, rpc::soSetByIndex };
      |                                                                ^~~~~~~~~~~~
/home/vitaly/p/Prime-World/pw/branches/r1117/Src/Server/RPC/Types.h:241:3: note: ‘rpc::soSetByIndex’ declared here
  241 |   soSetByIndex = 2,
      |   ^~~~~~~~~~~~
/home/vitaly/p/Prime-World/pw/branches/r1117/Src/Server/RPC/ReplicationTypes.h:140:7: error: ‘entity’ was not declared in this scope; did you mean ‘Identity’? [-Wtemplate-body]
  140 |       entity->GetHandler()->SetMember(entity, memberId, info, newValue, oldValue);;
      |       ^~~~~~
      |       Identity
/home/vitaly/p/Prime-World/pw/branches/r1117/Src/Server/RPC/ReplicationTypes.h: At global scope:
/home/vitaly/p/Prime-World/pw/branches/r1117/Src/Server/RPC/ReplicationTypes.h:151:45: error: expected template-name before ‘<’ token [-Wtemplate-body]
  151 |   class _string : private nstl::basic_string<T>
      |                                             ^
/home/vitaly/p/Prime-World/pw/branches/r1117/Src/Server/RPC/ReplicationTypes.h:151:45: error: expected ‘{’ before ‘<’ token
/home/vitaly/p/Prime-World/pw/branches/r1117/Src/Server/RPC/Arguments.h:20:38: error: expected template-name before ‘<’ token
   20 |   class xvector : public nstl::vector<byte>
      |                                      ^
/home/vitaly/p/Prime-World/pw/branches/r1117/Src/Server/RPC/Arguments.h:20:38: error: expected ‘{’ before ‘<’ token
/home/vitaly/p/Prime-World/pw/branches/r1117/Src/Server/RPC/Arguments.h:20:38: error: expected unqualified-id before ‘<’ token
/home/vitaly/p/Prime-World/pw/branches/r1117/Src/Server/RPC/Arguments.h:30:3: error: expected class-name before ‘{’ token
   30 |   {
      |   ^
/home/vitaly/p/Prime-World/pw/branches/r1117/Src/Server/RPC/Arguments.h: In constructor ‘rpc::xstring::xstring(const byte*, int, bool)’:
/home/vitaly/p/Prime-World/pw/branches/r1117/Src/Server/RPC/Arguments.h:32:69: error: expected class-name before ‘(’ token
   32 |     xstring(const byte* value, int length, bool isWide):nstl::string( nstl::string::eNotAllocateOnConstruct )
      |                                                                     ^
/home/vitaly/p/Prime-World/pw/branches/r1117/Src/Server/RPC/Arguments.h:32:69: error: expected ‘{’ before ‘(’ token
/home/vitaly/p/Prime-World/pw/branches/r1117/Src/Server/RPC/Arguments.h: In member function ‘void rpc::xstring::Set(byte*, int, bool)’:
/home/vitaly/p/Prime-World/pw/branches/r1117/Src/Server/RPC/Arguments.h:51:13: error: ‘class rpc::xstring’ has no member named ‘_M_start’
   51 |       this->_M_start = (char*)value;
      |             ^~~~~~~~
/home/vitaly/p/Prime-World/pw/branches/r1117/Src/Server/RPC/Arguments.h:55:15: error: ‘class rpc::xstring’ has no member named ‘_M_finish’
   55 |         this->_M_finish = (char*)(value+length*itemSize);
      |               ^~~~~~~~~
/home/vitaly/p/Prime-World/pw/branches/r1117/Src/Server/RPC/Arguments.h:56:15: error: ‘class rpc::xstring’ has no member named ‘_M_end_of_storage’
   56 |         this->_M_end_of_storage = _M_finish+itemSize;
      |               ^~~~~~~~~~~~~~~~~
/home/vitaly/p/Prime-World/pw/branches/r1117/Src/Server/RPC/Arguments.h:56:35: error: ‘_M_finish’ was not declared in this scope; did you mean ‘__finite’?
   56 |         this->_M_end_of_storage = _M_finish+itemSize;
      |                                   ^~~~~~~~~
      |                                   __finite
/home/vitaly/p/Prime-World/pw/branches/r1117/Src/Server/RPC/Arguments.h: At global scope:
/home/vitaly/p/Prime-World/pw/branches/r1117/Src/Server/RPC/Arguments.h:72:42: error: ‘rpc::rpc::IPacketPipe’ has not been declared; did you mean ‘rpc::rpc::MultiPacketPipe’?
   72 |     ArgReader(ILocalEntities* _entities, rpc::IPacketPipe* _pipe, bool _isRemote=false):
      |                                          ^~~
/home/vitaly/p/Prime-World/pw/branches/r1117/Src/Server/RPC/Arguments.h:86:23: error: ‘rpc::rpc::IEntityMap’ has not been declared
   86 |     void SetEntityMap(rpc::IEntityMap* _entityMap) { entityMap = _entityMap; }
      |                       ^~~
/home/vitaly/p/Prime-World/pw/branches/r1117/Src/Server/RPC/Arguments.h:221:10: error: ‘Data’ in namespace ‘rpc::rpc’ does not name a type
  221 |     rpc::Data* _PopSerializedStruct(bool& result, uint size, DataFactory* factory=0);
      |          ^~~~
/home/vitaly/p/Prime-World/pw/branches/r1117/Src/Server/RPC/Arguments.h:222:10: error: ‘Data’ in namespace ‘rpc::rpc’ does not name a type
  222 |     rpc::Data* _PopRawSerializedData(bool& result, int size, DataFactory* factory=0, int dataStructSize = sizeof(rpc::Data));
      |          ^~~~
/home/vitaly/p/Prime-World/pw/branches/r1117/Src/Server/RPC/Arguments.h:226:17: error: ‘rpc::nstl::vector’ has not been declared
  226 |     bool Assign(nstl::vector<T>& member)
      |                 ^~~~
/home/vitaly/p/Prime-World/pw/branches/r1117/Src/Server/RPC/Arguments.h:226:29: error: expected ‘,’ or ‘...’ before ‘<’ token
  226 |     bool Assign(nstl::vector<T>& member)
      |                             ^
/home/vitaly/p/Prime-World/pw/branches/r1117/Src/Server/RPC/Arguments.h:286:36: error: ‘rpc::nstl::vector’ has not been declared
  286 |     void _PopVectorWithoutTypeCode(nstl::vector<T>& member, int expectedElementSize, bool isSerializedStruct, bool& result)
      |                                    ^~~~
/home/vitaly/p/Prime-World/pw/branches/r1117/Src/Server/RPC/Arguments.h:286:48: error: expected ‘,’ or ‘...’ before ‘<’ token
  286 |     void _PopVectorWithoutTypeCode(nstl::vector<T>& member, int expectedElementSize, bool isSerializedStruct, bool& result)
      |                                                ^
/home/vitaly/p/Prime-World/pw/branches/r1117/Src/Server/RPC/Arguments.h:366:19: error: ‘rpc::rpc::vector’ has not been declared
  366 |     bool Rollback(rpc::vector<T>& member)
      |                   ^~~
/home/vitaly/p/Prime-World/pw/branches/r1117/Src/Server/RPC/Arguments.h:366:30: error: expected ‘,’ or ‘...’ before ‘<’ token
  366 |     bool Rollback(rpc::vector<T>& member)
      |                              ^
/home/vitaly/p/Prime-World/pw/branches/r1117/Src/Server/RPC/Arguments.h:418:17: error: ‘rpc::nstl::string’ has not been declared
  418 |     bool Assign(nstl::string& member) {  return AssignStr<nstl::string, char, false>(member); }
      |                 ^~~~
/home/vitaly/p/Prime-World/pw/branches/r1117/Src/Server/RPC/Arguments.h:419:17: error: ‘rpc::nstl::wstring’ has not been declared
  419 |     bool Assign(nstl::wstring& member) {  return AssignStr<nstl::wstring, wchar_t, true>(member); }
      |                 ^~~~
/home/vitaly/p/Prime-World/pw/branches/r1117/Src/Server/RPC/Arguments.h:419:10: error: ‘bool rpc::ArgReader::Assign(int&)’ cannot be overloaded with ‘bool rpc::ArgReader::Assign(int&)’
  419 |     bool Assign(nstl::wstring& member) {  return AssignStr<nstl::wstring, wchar_t, true>(member); }
      |          ^~~~~~
/home/vitaly/p/Prime-World/pw/branches/r1117/Src/Server/RPC/Arguments.h:418:10: note: previous declaration ‘bool rpc::ArgReader::Assign(int&)’
  418 |     bool Assign(nstl::string& member) {  return AssignStr<nstl::string, char, false>(member); }
      |          ^~~~~~
/home/vitaly/p/Prime-World/pw/branches/r1117/Src/Server/RPC/Arguments.h:420:19: error: ‘rpc::rpc::rpcstring’ has not been declared
  420 |     bool Rollback(rpc::rpcstring& member) {  return AssignStr<rpc::rpcstring, char, false>(member); }
      |                   ^~~
/home/vitaly/p/Prime-World/pw/branches/r1117/Src/Server/RPC/Arguments.h:421:19: error: ‘rpc::rpc::rpcwstring’ has not been declared
  421 |     bool Rollback(rpc::rpcwstring& member) {  return AssignStr<rpc::rpcwstring, wchar_t, true>(member); }
      |                   ^~~
/home/vitaly/p/Prime-World/pw/branches/r1117/Src/Server/RPC/Arguments.h:421:10: error: ‘bool rpc::ArgReader::Rollback(int&)’ cannot be overloaded with ‘bool rpc::ArgReader::Rollback(int&)’
  421 |     bool Rollback(rpc::rpcwstring& member) {  return AssignStr<rpc::rpcwstring, wchar_t, true>(member); }
      |          ^~~~~~~~
/home/vitaly/p/Prime-World/pw/branches/r1117/Src/Server/RPC/Arguments.h:420:10: note: previous declaration ‘bool rpc::ArgReader::Rollback(int&)’
  420 |     bool Rollback(rpc::rpcstring& member) {  return AssignStr<rpc::rpcstring, char, false>(member); }
      |          ^~~~~~~~
/home/vitaly/p/Prime-World/pw/branches/r1117/Src/Server/RPC/Arguments.h:484:17: error: ‘rpc::nstl::vector’ has not been declared
  484 |     bool Assign(nstl::vector<StrongMT<T> >& member)
      |                 ^~~~
/home/vitaly/p/Prime-World/pw/branches/r1117/Src/Server/RPC/Arguments.h:484:29: error: expected ‘,’ or ‘...’ before ‘<’ token
  484 |     bool Assign(nstl::vector<StrongMT<T> >& member)
      |                             ^
/home/vitaly/p/Prime-World/pw/branches/r1117/Src/Server/RPC/Arguments.h:484:10: error: ‘template<class T> bool rpc::ArgReader::Assign(int)’ cannot be overloaded with ‘template<class T> bool rpc::ArgReader::Assign(int)’
  484 |     bool Assign(nstl::vector<StrongMT<T> >& member)
      |          ^~~~~~
/home/vitaly/p/Prime-World/pw/branches/r1117/Src/Server/RPC/Arguments.h:226:10: note: previous declaration ‘template<class T> bool rpc::ArgReader::Assign(int)’
  226 |     bool Assign(nstl::vector<T>& member)
      |          ^~~~~~
/home/vitaly/p/Prime-World/pw/branches/r1117/Src/Server/RPC/Arguments.h:535:18: error: ‘rpc::nstl::vector’ has not been declared
  535 |     bool Assign( nstl::vector<IRemoteEntity*>& member, IRemoteEntityFactory* factory=0 );
      |                  ^~~~
/home/vitaly/p/Prime-World/pw/branches/r1117/Src/Server/RPC/Arguments.h:535:30: error: expected ‘,’ or ‘...’ before ‘<’ token
  535 |     bool Assign( nstl::vector<IRemoteEntity*>& member, IRemoteEntityFactory* factory=0 );
      |                              ^
/home/vitaly/p/Prime-World/pw/branches/r1117/Src/Server/RPC/Arguments.h:537:19: error: ‘rpc::rpc::vector’ has not been declared
  537 |     bool Rollback(rpc::vector<StrongMT<T> >& member) { return false; }
      |                   ^~~
/home/vitaly/p/Prime-World/pw/branches/r1117/Src/Server/RPC/Arguments.h:537:30: error: expected ‘,’ or ‘...’ before ‘<’ token
  537 |     bool Rollback(rpc::vector<StrongMT<T> >& member) { return false; }
      |                              ^
/home/vitaly/p/Prime-World/pw/branches/r1117/Src/Server/RPC/Arguments.h:537:10: error: ‘template<class T> bool rpc::ArgReader::Rollback(int)’ cannot be overloaded with ‘template<class T> bool rpc::ArgReader::Rollback(int)’
  537 |     bool Rollback(rpc::vector<StrongMT<T> >& member) { return false; }
      |          ^~~~~~~~
/home/vitaly/p/Prime-World/pw/branches/r1117/Src/Server/RPC/Arguments.h:366:10: note: previous declaration ‘template<class T> bool rpc::ArgReader::Rollback(int)’
  366 |     bool Rollback(rpc::vector<T>& member)
      |          ^~~~~~~~
/home/vitaly/p/Prime-World/pw/branches/r1117/Src/Server/RPC/Arguments.h:539:10: error: ‘IRemoteEntity’ in namespace ‘rpc::rpc’ does not name a type
  539 |     rpc::IRemoteEntity* PopRawRemoteEntity(bool& result, IRemoteEntityFactory* factory=0);
      |          ^~~~~~~~~~~~~
/home/vitaly/p/Prime-World/pw/branches/r1117/Src/Server/RPC/Arguments.h:559:10: error: ‘Data’ in namespace ‘rpc::rpc’ does not name a type
  559 |     rpc::Data* PopRawSerializedData(bool& result, DataFactory* factory, int dataStructSize);
      |          ^~~~
/home/vitaly/p/Prime-World/pw/branches/r1117/Src/Server/RPC/Arguments.h:560:10: error: ‘Data’ in namespace ‘rpc::rpc’ does not name a type
  560 |     rpc::Data* Deserialize(uint structId, byte* source, uint sourceSize, void* target, DataFactory* factory, bool& result);
      |          ^~~~
/home/vitaly/p/Prime-World/pw/branches/r1117/Src/Server/RPC/Arguments.h:562:10: error: ‘IRemoteEntity’ in namespace ‘rpc::rpc’ does not name a type
  562 |     rpc::IRemoteEntity* _PopRemoteEntity( bool& result, IRemoteEntityFactory* factory=0 );
      |          ^~~~~~~~~~~~~
/home/vitaly/p/Prime-World/pw/branches/r1117/Src/Server/RPC/Arguments.h:572:17: error: ‘string’ in namespace ‘rpc::nstl’ does not name a type
  572 |     const nstl::string& PopEmptyString();
      |                 ^~~~~~
/home/vitaly/p/Prime-World/pw/branches/r1117/Src/Server/RPC/Arguments.h:573:17: error: ‘wstring’ in namespace ‘rpc::nstl’ does not name a type
  573 |     const nstl::wstring& PopEmptyWideString();
      |                 ^~~~~~~
/home/vitaly/p/Prime-World/pw/branches/r1117/Src/Server/RPC/Arguments.h:579:17: error: ‘vector’ in namespace ‘rpc::nstl’ does not name a template type
  579 |     const nstl::vector<rpc::MemoryBlock>* PopVectorOfMemoryBlocksRaw(bool &result);
      |                 ^~~~~~
/home/vitaly/p/Prime-World/pw/branches/r1117/Src/Server/RPC/Arguments.h:587:29: error: ‘rpc::rpc::IRemoteEntity’ has not been declared
  587 |     bool UpdateRemoteEntity(rpc::IRemoteEntity* entity, uint classCrc, uint dataSize);
      |                             ^~~
/home/vitaly/p/Prime-World/pw/branches/r1117/Src/Server/RPC/Arguments.h:588:28: error: ‘rpc::rpc::LocalEntityInfo’ has not been declared; did you mean ‘rpc::rpc::ILocalEntityFactory’?
  588 |     bool UpdateLocalEntity(rpc::LocalEntityInfo& info, uint dataSize);
      |                            ^~~
/home/vitaly/p/Prime-World/pw/branches/r1117/Src/Server/RPC/Arguments.h:590:16: error: ‘MemoryBlock’ in namespace ‘rpc::rpc’ does not name a type
  590 |     const rpc::MemoryBlock* PopMemoryBlockRaw(bool& result);
      |                ^~~~~~~~~~~
/home/vitaly/p/Prime-World/pw/branches/r1117/Src/Server/RPC/Arguments.h:591:44: error: ‘rpc::rpc::MemoryBlock’ has not been declared
  591 |     void _PopMemoryBlockRaw( bool& result, rpc::MemoryBlock* block );
      |                                            ^~~
/home/vitaly/p/Prime-World/pw/branches/r1117/Src/Server/RPC/Arguments.h:597:10: error: ‘IRemoteEntity’ in namespace ‘rpc::rpc’ does not name a type
  597 |     rpc::IRemoteEntity* GetLastRemoteEntity() { return rparents.size()>0?*(rparents.end()-1):0; }
      |          ^~~~~~~~~~~~~
/home/vitaly/p/Prime-World/pw/branches/r1117/Src/Server/RPC/Arguments.h:598:10: error: ‘ILocalEntity’ in namespace ‘rpc::rpc’ does not name a type; did you mean ‘ILocalEntityFactory’?
  598 |     rpc::ILocalEntity* GetLastLocalEntity() { return lparents.size()>0?*(lparents.end()-1):0; }
      |          ^~~~~~~~~~~~
      |          ILocalEntityFactory
/home/vitaly/p/Prime-World/pw/branches/r1117/Src/Server/RPC/Arguments.h:600:17: error: ‘vector’ in namespace ‘rpc::nstl’ does not name a template type
  600 |     const nstl::vector<rpc::LocalEntityInfo*>& GetCreatedLocalEntities() const { return createdLocalEntities; }
      |                 ^~~~~~
/home/vitaly/p/Prime-World/pw/branches/r1117/Src/Server/RPC/Arguments.h:611:10: error: ‘Data’ in namespace ‘rpc::rpc’ does not name a type
  611 |     rpc::Data* PopSerializedStruct(bool& result, DataFactory* factory);
      |          ^~~~
/home/vitaly/p/Prime-World/pw/branches/r1117/Src/Server/RPC/Arguments.h:629:11: error: ‘vector’ in namespace ‘rpc::nstl’ does not name a template type
  629 |     nstl::vector<rpc::Data*> datas;
      |           ^~~~~~
/home/vitaly/p/Prime-World/pw/branches/r1117/Src/Server/RPC/Arguments.h:630:11: error: ‘vector’ in namespace ‘rpc::nstl’ does not name a template type
  630 |     nstl::vector<byte> bytes;
      |           ^~~~~~
/home/vitaly/p/Prime-World/pw/branches/r1117/Src/Server/RPC/Arguments.h:631:11: error: ‘vector’ in namespace ‘rpc::nstl’ does not name a template type
  631 |     nstl::vector<xstring*> strings;
      |           ^~~~~~
/home/vitaly/p/Prime-World/pw/branches/r1117/Src/Server/RPC/Arguments.h:633:11: error: ‘vector’ in namespace ‘rpc::nstl’ does not name a template type
  633 |     nstl::vector<nstl::wstring*> heapStrings;
      |           ^~~~~~
/home/vitaly/p/Prime-World/pw/branches/r1117/Src/Server/RPC/Arguments.h:635:11: error: ‘vector’ in namespace ‘rpc::nstl’ does not name a template type
  635 |     nstl::vector<xvector*> vectors;
      |           ^~~~~~
/home/vitaly/p/Prime-World/pw/branches/r1117/Src/Server/RPC/Arguments.h:637:11: error: ‘vector’ in namespace ‘rpc::nstl’ does not name a template type
  637 |     nstl::vector<rpc::IRemoteEntity*> rparents;
      |           ^~~~~~
/home/vitaly/p/Prime-World/pw/branches/r1117/Src/Server/RPC/Arguments.h:638:11: error: ‘vector’ in namespace ‘rpc::nstl’ does not name a template type
  638 |     nstl::vector<rpc::ILocalEntity*> lparents;
      |           ^~~~~~
/home/vitaly/p/Prime-World/pw/branches/r1117/Src/Server/RPC/Arguments.h:639:11: error: ‘vector’ in namespace ‘rpc::nstl’ does not name a template type
  639 |     nstl::vector<rpc::LocalEntityInfo*> createdLocalEntities;
      |           ^~~~~~
/home/vitaly/p/Prime-World/pw/branches/r1117/Src/Server/RPC/Arguments.h:640:11: error: ‘vector’ in namespace ‘rpc::nstl’ does not name a template type
  640 |     nstl::vector<StrongMT<rpc::IRemoteEntity> > readEntities;
      |           ^~~~~~
/home/vitaly/p/Prime-World/pw/branches/r1117/Src/Server/RPC/Arguments.h: In constructor ‘rpc::ArgReader::ArgReader(rpc::ILocalEntities*, int*, bool)’:
/home/vitaly/p/Prime-World/pw/branches/r1117/Src/Server/RPC/Arguments.h:75:5: error: no matching function for call to ‘StrongMT<rpc::IPacketPipe>::StrongMT(int*&)’
   75 |     pipe(_pipe),
      |     ^~~~~~~~~~~
/home/vitaly/p/Prime-World/pw/branches/r1117/Src/Server/RPC/Arguments.h:75:5: note: there are 4 candidates
In file included from /home/vitaly/p/Prime-World/pw/branches/r1117/Src/System/../System/Pointers/Pointers.h:7,
                 from /home/vitaly/p/Prime-World/pw/branches/r1117/Src/System/../System/Logger.h:8:
/home/vitaly/p/Prime-World/pw/branches/r1117/Src/System/../System/Pointers/Strong.h:114:29: note: candidate 1: ‘StrongMT<T>::StrongMT(const StrongMT<T>&) [with T = rpc::IPacketPipe]’
  114 | NII_DECLARE_STRONG_POINTER( StrongMT, BaseObjectMT );
      |                             ^~~~~~~~
/home/vitaly/p/Prime-World/pw/branches/r1117/Src/System/../System/Pointers/Strong.h:98:3: note: in definition of macro ‘NII_DECLARE_STRONG_POINTER’
   98 |   className( const className & other ) : base_class_t::StrongTemplate( other ) {} \
      |   ^~~~~~~~~
/home/vitaly/p/Prime-World/pw/branches/r1117/Src/System/../System/Pointers/Strong.h:98:32: note: no known conversion for argument 1 from ‘int*’ to ‘const StrongMT<rpc::IPacketPipe>&’
   98 |   className( const className & other ) : base_class_t::StrongTemplate( other ) {} \
      |              ~~~~~~~~~~~~~~~~~~^~~~~
/home/vitaly/p/Prime-World/pw/branches/r1117/Src/System/../System/Pointers/Strong.h:114:1: note: in expansion of macro ‘NII_DECLARE_STRONG_POINTER’
  114 | NII_DECLARE_STRONG_POINTER( StrongMT, BaseObjectMT );
      | ^~~~~~~~~~~~~~~~~~~~~~~~~~
/home/vitaly/p/Prime-World/pw/branches/r1117/Src/System/../System/Pointers/Strong.h:114:29: note: candidate 2: ‘StrongMT<T>::StrongMT(typename base_class_t::EDoNotIncrementReferenceFlag, T*) [with T = rpc::IPacketPipe; typename base_class_t::EDoNotIncrementReferenceFlag = ni_detail::StrongTemplate<rpc::IPacketPipe, BaseObjectMT>::EDoNotIncrementReferenceFlag; base_class_t = ni_detail::StrongTemplate<rpc::IPacketPipe, BaseObjectMT>]’
  114 | NII_DECLARE_STRONG_POINTER( StrongMT, BaseObjectMT );
      |                             ^~~~~~~~
/home/vitaly/p/Prime-World/pw/branches/r1117/Src/System/../System/Pointers/Strong.h:96:3: note: in definition of macro ‘NII_DECLARE_STRONG_POINTER’
   96 |   className( typename base_class_t::EDoNotIncrementReferenceFlag, T * p ): \
      |   ^~~~~~~~~
/home/vitaly/p/Prime-World/pw/branches/r1117/Src/System/../System/Pointers/Strong.h:114:29: note: candidate expects 2 arguments, 1 provided
  114 | NII_DECLARE_STRONG_POINTER( StrongMT, BaseObjectMT );
      |                             ^~~~~~~~
/home/vitaly/p/Prime-World/pw/branches/r1117/Src/System/../System/Pointers/Strong.h:96:3: note: in definition of macro ‘NII_DECLARE_STRONG_POINTER’
   96 |   className( typename base_class_t::EDoNotIncrementReferenceFlag, T * p ): \
      |   ^~~~~~~~~
/home/vitaly/p/Prime-World/pw/branches/r1117/Src/System/../System/Pointers/Strong.h:114:29: note: candidate 3: ‘StrongMT<T>::StrongMT(T*) [with T = rpc::IPacketPipe]’
  114 | NII_DECLARE_STRONG_POINTER( StrongMT, BaseObjectMT );
      |                             ^~~~~~~~
/home/vitaly/p/Prime-World/pw/branches/r1117/Src/System/../System/Pointers/Strong.h:95:3: note: in definition of macro ‘NII_DECLARE_STRONG_POINTER’
   95 |   className( T * p ) : base_class_t::StrongTemplate( p ) {} \
      |   ^~~~~~~~~
/home/vitaly/p/Prime-World/pw/branches/r1117/Src/System/../System/Pointers/Strong.h:95:18: note: no known conversion for argument 1 from ‘int*’ to ‘rpc::IPacketPipe*’
   95 |   className( T * p ) : base_class_t::StrongTemplate( p ) {} \
      |              ~~~~^
/home/vitaly/p/Prime-World/pw/branches/r1117/Src/System/../System/Pointers/Strong.h:114:1: note: in expansion of macro ‘NII_DECLARE_STRONG_POINTER’
  114 | NII_DECLARE_STRONG_POINTER( StrongMT, BaseObjectMT );
      | ^~~~~~~~~~~~~~~~~~~~~~~~~~
/home/vitaly/p/Prime-World/pw/branches/r1117/Src/System/../System/Pointers/Strong.h:114:29: note: candidate 4: ‘StrongMT<T>::StrongMT() [with T = rpc::IPacketPipe]’
  114 | NII_DECLARE_STRONG_POINTER( StrongMT, BaseObjectMT );
      |                             ^~~~~~~~
/home/vitaly/p/Prime-World/pw/branches/r1117/Src/System/../System/Pointers/Strong.h:94:3: note: in definition of macro ‘NII_DECLARE_STRONG_POINTER’
   94 |   className() {} \
      |   ^~~~~~~~~
/home/vitaly/p/Prime-World/pw/branches/r1117/Src/System/../System/Pointers/Strong.h:114:29: note: candidate expects 0 arguments, 1 provided
  114 | NII_DECLARE_STRONG_POINTER( StrongMT, BaseObjectMT );
      |                             ^~~~~~~~
/home/vitaly/p/Prime-World/pw/branches/r1117/Src/System/../System/Pointers/Strong.h:94:3: note: in definition of macro ‘NII_DECLARE_STRONG_POINTER’
   94 |   className() {} \
      |   ^~~~~~~~~
/home/vitaly/p/Prime-World/pw/branches/r1117/Src/Server/RPC/Arguments.h: In member function ‘void rpc::ArgReader::SetEntityMap(int*)’:
/home/vitaly/p/Prime-World/pw/branches/r1117/Src/Server/RPC/Arguments.h:86:66: error: cannot convert ‘int*’ to ‘rpc::IEntityMap*’ in assignment
   86 |     void SetEntityMap(rpc::IEntityMap* _entityMap) { entityMap = _entityMap; }
      |                                                                  ^~~~~~~~~~
      |                                                                  |
      |                                                                  int*
/home/vitaly/p/Prime-World/pw/branches/r1117/Src/Server/RPC/Arguments.h: In member function ‘void rpc::ArgReader::Preallocate(int)’:
/home/vitaly/p/Prime-World/pw/branches/r1117/Src/Server/RPC/Arguments.h:95:22: error: ‘strings’ was not declared in this scope; did you mean ‘String’?
   95 |       for (int i=0;i<strings.size();++i)
      |                      ^~~~~~~
      |                      String
/home/vitaly/p/Prime-World/pw/branches/r1117/Src/Server/RPC/Arguments.h:99:7: error: ‘strings’ was not declared in this scope; did you mean ‘String’?
   99 |       strings.clear();
      |       ^~~~~~~
      |       String
/home/vitaly/p/Prime-World/pw/branches/r1117/Src/Server/RPC/Arguments.h:101:22: error: ‘heapStrings’ was not declared in this scope; did you mean ‘PopString’?
  101 |       for (int i=0;i<heapStrings.size();++i)
      |                      ^~~~~~~~~~~
      |                      PopString
/home/vitaly/p/Prime-World/pw/branches/r1117/Src/Server/RPC/Arguments.h:105:7: error: ‘heapStrings’ was not declared in this scope; did you mean ‘PopString’?
  105 |       heapStrings.clear();
      |       ^~~~~~~~~~~
      |       PopString
/home/vitaly/p/Prime-World/pw/branches/r1117/Src/Server/RPC/Arguments.h:107:22: error: ‘vectors’ was not declared in this scope; did you mean ‘vector’?
  107 |       for (int i=0;i<vectors.size();++i)
      |                      ^~~~~~~
      |                      vector
/home/vitaly/p/Prime-World/pw/branches/r1117/Src/Server/RPC/Arguments.h:112:7: error: ‘vectors’ was not declared in this scope; did you mean ‘vector’?
  112 |       vectors.clear();
      |       ^~~~~~~
      |       vector
/home/vitaly/p/Prime-World/pw/branches/r1117/Src/Server/RPC/Arguments.h:114:22: error: ‘datas’ was not declared in this scope
  114 |       for (int i=0;i<datas.size();++i)
      |                      ^~~~~
/home/vitaly/p/Prime-World/pw/branches/r1117/Src/Server/RPC/Arguments.h:118:7: error: ‘bytes’ was not declared in this scope; did you mean ‘byte’?
  118 |       bytes.reserve(preAllocatedSize);
      |       ^~~~~
      |       byte
/home/vitaly/p/Prime-World/pw/branches/r1117/Src/Server/RPC/Arguments.h:120:7: error: ‘datas’ was not declared in this scope
  120 |       datas.clear();
      |       ^~~~~
/home/vitaly/p/Prime-World/pw/branches/r1117/Src/Server/RPC/Arguments.h: In member function ‘void rpc::ArgReader::Reset(const byte*, uint, uint)’:
/home/vitaly/p/Prime-World/pw/branches/r1117/Src/Server/RPC/Arguments.h:130:7: error: ‘rparents’ was not declared in this scope
  130 |       rparents.clear();
      |       ^~~~~~~~
/home/vitaly/p/Prime-World/pw/branches/r1117/Src/Server/RPC/Arguments.h:131:7: error: ‘lparents’ was not declared in this scope
  131 |       lparents.clear();
      |       ^~~~~~~~
/home/vitaly/p/Prime-World/pw/branches/r1117/Src/Server/RPC/Arguments.h:132:7: error: ‘createdLocalEntities’ was not declared in this scope; did you mean ‘UpdateLocalEntity’?
  132 |       createdLocalEntities.clear();
      |       ^~~~~~~~~~~~~~~~~~~~
      |       UpdateLocalEntity
/home/vitaly/p/Prime-World/pw/branches/r1117/Src/Server/RPC/Arguments.h:133:7: error: ‘readEntities’ was not declared in this scope; did you mean ‘entities’?
  133 |       readEntities.clear();
      |       ^~~~~~~~~~~~
      |       entities
/home/vitaly/p/Prime-World/pw/branches/r1117/Src/Server/RPC/Arguments.h: In member function ‘T rpc::ArgReader::PopType(bool&)’:
/home/vitaly/p/Prime-World/pw/branches/r1117/Src/Server/RPC/Arguments.h:166:18: error: ‘GetTypeT’ is not a member of ‘rpc::rpc’; did you mean ‘rpc::GetTypeT’? [-Wtemplate-body]
  166 |         if (rpc::GetTypeT<T>::type == param.code)
      |                  ^~~~~~~~
/home/vitaly/p/Prime-World/pw/branches/r1117/Src/Server/RPC/Types.h:121:8: note: ‘rpc::GetTypeT’ declared here
  121 | struct GetTypeT;
      |        ^~~~~~~~
/home/vitaly/p/Prime-World/pw/branches/r1117/Src/Server/RPC/Arguments.h:166:28: error: expected primary-expression before ‘>’ token [-Wtemplate-body]
  166 |         if (rpc::GetTypeT<T>::type == param.code)
      |                            ^
/home/vitaly/p/Prime-World/pw/branches/r1117/Src/Server/RPC/Arguments.h:166:31: error: ‘::type’ has not been declared [-Wtemplate-body]
  166 |         if (rpc::GetTypeT<T>::type == param.code)
      |                               ^~~~
/home/vitaly/p/Prime-World/pw/branches/r1117/Src/Server/RPC/Arguments.h: In member function ‘bool rpc::ArgReader::Assign(int)’:
/home/vitaly/p/Prime-World/pw/branches/r1117/Src/Server/RPC/Arguments.h:229:53: error: ‘Data’ is not a member of ‘rpc::rpc’; did you mean ‘rpc::Data’? [-Wtemplate-body]
  229 |       bool isSerializedStruct = SUPERSUBCLASS( rpc::Data, T );
      |                                                     ^~~~
/home/vitaly/p/Prime-World/pw/branches/r1117/Src/System/MetaProg.h:268:27: note: in definition of macro ‘SUPERSUBCLASS’
  268 |     ::Meta::SuperSubclass<T,U>::value
      |                           ^
/home/vitaly/p/Prime-World/pw/branches/r1117/Src/Server/RPC/RpcDataFactory.h:54:8: note: ‘rpc::Data’ declared here
   54 | struct Data
      |        ^~~~
/home/vitaly/p/Prime-World/pw/branches/r1117/Src/System/MetaProg.h:268:30: error: template argument 1 is invalid [-Wtemplate-body]
  268 |     ::Meta::SuperSubclass<T,U>::value
      |                              ^
/home/vitaly/p/Prime-World/pw/branches/r1117/Src/Server/RPC/Arguments.h:229:33: note: in expansion of macro ‘SUPERSUBCLASS’
  229 |       bool isSerializedStruct = SUPERSUBCLASS( rpc::Data, T );
      |                                 ^~~~~~~~~~~~~
/home/vitaly/p/Prime-World/pw/branches/r1117/Src/Server/RPC/Arguments.h:240:19: error: ‘voAppend’ is not a member of ‘rpc::rpc’; did you mean ‘rpc::voAppend’? [-Wtemplate-body]
  240 |         case rpc::voAppend:
      |                   ^~~~~~~~
/home/vitaly/p/Prime-World/pw/branches/r1117/Src/Server/RPC/Types.h:246:3: note: ‘rpc::voAppend’ declared here
  246 |   voAppend = 0,
      |   ^~~~~~~~
/home/vitaly/p/Prime-World/pw/branches/r1117/Src/Server/RPC/Arguments.h:244:26: error: ‘member’ was not declared in this scope; did you mean ‘memset’? [-Wtemplate-body]
  244 |               T& value = member.push_back();
      |                          ^~~~~~
      |                          memset
/home/vitaly/p/Prime-World/pw/branches/r1117/Src/Server/RPC/Arguments.h:248:20: error: ‘Data’ is not a member of ‘rpc::rpc’; did you mean ‘rpc::Data’? [-Wtemplate-body]
  248 |               rpc::Data* data = _PopSerializedStruct(result, sizeof(T));
      |                    ^~~~
/home/vitaly/p/Prime-World/pw/branches/r1117/Src/Server/RPC/RpcDataFactory.h:54:8: note: ‘rpc::Data’ declared here
   54 | struct Data
      |        ^~~~
/home/vitaly/p/Prime-World/pw/branches/r1117/Src/Server/RPC/Arguments.h:248:26: error: ‘data’ was not declared in this scope; did you mean ‘std::data’? [-Wtemplate-body]
  248 |               rpc::Data* data = _PopSerializedStruct(result, sizeof(T));
      |                          ^~~~
      |                          std::data
In file included from /usr/lib/gcc/x86_64-pc-linux-gnu/15/include/g++-v15/string:55,
                 from /home/vitaly/p/Prime-World/pw/branches/r1117/Src/System/ported/cwfn.h:13,
                 from /home/vitaly/p/Prime-World/pw/branches/r1117/Src/Server/RPC/Types.h:5:
/usr/lib/gcc/x86_64-pc-linux-gnu/15/include/g++-v15/bits/range_access.h:356:5: note: ‘std::data’ declared here
  356 |     data(initializer_list<_Tp> __il) noexcept
      |     ^~~~
/home/vitaly/p/Prime-World/pw/branches/r1117/Src/Server/RPC/Arguments.h:248:33: error: there are no arguments to ‘_PopSerializedStruct’ that depend on a template parameter, so a declaration of ‘_PopSerializedStruct’ must be available [-Wtemplate-body]
  248 |               rpc::Data* data = _PopSerializedStruct(result, sizeof(T));
      |                                 ^~~~~~~~~~~~~~~~~~~~
/home/vitaly/p/Prime-World/pw/branches/r1117/Src/Server/RPC/Arguments.h:249:15: error: ‘member’ was not declared in this scope; did you mean ‘memset’? [-Wtemplate-body]
  249 |               member.push_back(*((T*)data));
      |               ^~~~~~
      |               memset
/home/vitaly/p/Prime-World/pw/branches/r1117/Src/Server/RPC/Arguments.h:253:19: error: ‘voSet’ is not a member of ‘rpc::rpc’; did you mean ‘rpc::voSet’? [-Wtemplate-body]
  253 |         case rpc::voSet:
      |                   ^~~~~
/home/vitaly/p/Prime-World/pw/branches/r1117/Src/Server/RPC/Types.h:247:3: note: ‘rpc::voSet’ declared here
  247 |   voSet = 1,
      |   ^~~~~
/home/vitaly/p/Prime-World/pw/branches/r1117/Src/Server/RPC/Arguments.h:255:24: error: ‘member’ was not declared in this scope; did you mean ‘memset’? [-Wtemplate-body]
  255 |             T& value = member[info->index];
      |                        ^~~~~~
      |                        memset
/home/vitaly/p/Prime-World/pw/branches/r1117/Src/Server/RPC/Arguments.h:261:20: error: ‘Data’ is not a member of ‘rpc::rpc’; did you mean ‘rpc::Data’? [-Wtemplate-body]
  261 |               rpc::Data* data = _PopSerializedStruct(result, sizeof(T));
      |                    ^~~~
/home/vitaly/p/Prime-World/pw/branches/r1117/Src/Server/RPC/RpcDataFactory.h:54:8: note: ‘rpc::Data’ declared here
   54 | struct Data
      |        ^~~~
/home/vitaly/p/Prime-World/pw/branches/r1117/Src/Server/RPC/Arguments.h:261:26: error: ‘data’ was not declared in this scope; did you mean ‘std::data’? [-Wtemplate-body]
  261 |               rpc::Data* data = _PopSerializedStruct(result, sizeof(T));
      |                          ^~~~
      |                          std::data
/usr/lib/gcc/x86_64-pc-linux-gnu/15/include/g++-v15/bits/range_access.h:356:5: note: ‘std::data’ declared here
  356 |     data(initializer_list<_Tp> __il) noexcept
      |     ^~~~
/home/vitaly/p/Prime-World/pw/branches/r1117/Src/Server/RPC/Arguments.h:261:33: error: there are no arguments to ‘_PopSerializedStruct’ that depend on a template parameter, so a declaration of ‘_PopSerializedStruct’ must be available [-Wtemplate-body]
  261 |               rpc::Data* data = _PopSerializedStruct(result, sizeof(T));
      |                                 ^~~~~~~~~~~~~~~~~~~~
/home/vitaly/p/Prime-World/pw/branches/r1117/Src/Server/RPC/Arguments.h:266:19: error: ‘voEraseByIndex’ is not a member of ‘rpc::rpc’; did you mean ‘rpc::voEraseByIndex’? [-Wtemplate-body]
  266 |         case rpc::voEraseByIndex:
      |                   ^~~~~~~~~~~~~~
/home/vitaly/p/Prime-World/pw/branches/r1117/Src/Server/RPC/Types.h:248:3: note: ‘rpc::voEraseByIndex’ declared here
  248 |   voEraseByIndex = 2,
      |   ^~~~~~~~~~~~~~
/home/vitaly/p/Prime-World/pw/branches/r1117/Src/Server/RPC/Arguments.h:268:13: error: ‘member’ was not declared in this scope; did you mean ‘memset’? [-Wtemplate-body]
  268 |             member.eraseByIndex(info->index);
      |             ^~~~~~
      |             memset
/home/vitaly/p/Prime-World/pw/branches/r1117/Src/Server/RPC/Arguments.h:277:29: error: ‘VectorOfScalars’ is not a member of ‘rpc::rpc’; did you mean ‘rpc::VectorOfScalars’? [-Wtemplate-body]
  277 |         if (result && (rpc::VectorOfScalars == param.code || rpc::VectorOfStructs == param.code))
      |                             ^~~~~~~~~~~~~~~
/home/vitaly/p/Prime-World/pw/branches/r1117/Src/Server/RPC/Types.h:104:3: note: ‘rpc::VectorOfScalars’ declared here
  104 |   VectorOfScalars = 5,  // 5
      |   ^~~~~~~~~~~~~~~
/home/vitaly/p/Prime-World/pw/branches/r1117/Src/Server/RPC/Arguments.h:277:67: error: ‘VectorOfStructs’ is not a member of ‘rpc::rpc’; did you mean ‘rpc::VectorOfStructs’? [-Wtemplate-body]
  277 |         if (result && (rpc::VectorOfScalars == param.code || rpc::VectorOfStructs == param.code))
      |                                                                   ^~~~~~~~~~~~~~~
/home/vitaly/p/Prime-World/pw/branches/r1117/Src/Server/RPC/Types.h:108:3: note: ‘rpc::VectorOfStructs’ declared here
  108 |   VectorOfStructs = 9,  // 9
      |   ^~~~~~~~~~~~~~~
/home/vitaly/p/Prime-World/pw/branches/r1117/Src/Server/RPC/Arguments.h:279:37: error: ‘member’ was not declared in this scope; did you mean ‘memset’? [-Wtemplate-body]
  279 |           _PopVectorWithoutTypeCode(member, sizeof(T), (rpc::VectorOfStructs == param.code), result) ;
      |                                     ^~~~~~
      |                                     memset
/home/vitaly/p/Prime-World/pw/branches/r1117/Src/Server/RPC/Arguments.h:279:62: error: ‘VectorOfStructs’ is not a member of ‘rpc::rpc’; did you mean ‘rpc::VectorOfStructs’? [-Wtemplate-body]
  279 |           _PopVectorWithoutTypeCode(member, sizeof(T), (rpc::VectorOfStructs == param.code), result) ;
      |                                                              ^~~~~~~~~~~~~~~
/home/vitaly/p/Prime-World/pw/branches/r1117/Src/Server/RPC/Types.h:108:3: note: ‘rpc::VectorOfStructs’ declared here
  108 |   VectorOfStructs = 9,  // 9
      |   ^~~~~~~~~~~~~~~
/home/vitaly/p/Prime-World/pw/branches/r1117/Src/Server/RPC/Arguments.h: In member function ‘void rpc::ArgReader::_PopVectorWithoutTypeCode(int)’:
/home/vitaly/p/Prime-World/pw/branches/r1117/Src/Server/RPC/Arguments.h:288:39: error: ‘result’ was not declared in this scope [-Wtemplate-body]
  288 |       uint elementSize = PopRaw<uint>(result);
      |                                       ^~~~~~
/home/vitaly/p/Prime-World/pw/branches/r1117/Src/Server/RPC/Arguments.h:291:13: error: ‘expectedElementSize’ was not declared in this scope [-Wtemplate-body]
  291 |         if (expectedElementSize == -1 ||  uint(expectedElementSize) == elementSize || isSerializedStruct)
      |             ^~~~~~~~~~~~~~~~~~~
/home/vitaly/p/Prime-World/pw/branches/r1117/Src/Server/RPC/Arguments.h:291:87: error: ‘isSerializedStruct’ was not declared in this scope [-Wtemplate-body]
  291 |         if (expectedElementSize == -1 ||  uint(expectedElementSize) == elementSize || isSerializedStruct)
      |                                                                                       ^~~~~~~~~~~~~~~~~~
/home/vitaly/p/Prime-World/pw/branches/r1117/Src/Server/RPC/Arguments.h:300:17: error: ‘member’ was not declared in this scope; did you mean ‘memset’? [-Wtemplate-body]
  300 |                 member.resize(elementsCount);
      |                 ^~~~~~
      |                 memset
/home/vitaly/p/Prime-World/pw/branches/r1117/Src/Server/RPC/Arguments.h:306:27: error: ‘vector’ is not a member of ‘rpc::nstl’ [-Wtemplate-body]
  306 |                     nstl::vector<T>* data = (nstl::vector<T>*)_data;
      |                           ^~~~~~
/home/vitaly/p/Prime-World/pw/branches/r1117/Src/Server/RPC/Arguments.h:306:27: note: suggested alternatives:
In file included from /home/vitaly/p/Prime-World/pw/branches/r1117/Src/System/systemStdAfx.h:74:
/home/vitaly/p/Prime-World/pw/branches/r1117/Src/System/../System/nvector.h:85:7: note:   ‘nstl::vector’
   85 | class vector
      |       ^~~~~~
/home/vitaly/p/Prime-World/pw/branches/r1117/Src/Server/RPC/ReplicationTypes.h:47:9: note:   ‘rpc::vector’
   47 |   class vector : nstl::vector<T>
      |         ^~~~~~
/home/vitaly/p/Prime-World/pw/branches/r1117/Src/Server/RPC/Arguments.h:306:35: error: expected primary-expression before ‘>’ token [-Wtemplate-body]
  306 |                     nstl::vector<T>* data = (nstl::vector<T>*)_data;
      |                                   ^
/home/vitaly/p/Prime-World/pw/branches/r1117/Src/Server/RPC/Arguments.h:306:38: error: ‘data’ was not declared in this scope; did you mean ‘std::data’? [-Wtemplate-body]
  306 |                     nstl::vector<T>* data = (nstl::vector<T>*)_data;
      |                                      ^~~~
      |                                      std::data
/usr/lib/gcc/x86_64-pc-linux-gnu/15/include/g++-v15/bits/range_access.h:356:5: note: ‘std::data’ declared here
  356 |     data(initializer_list<_Tp> __il) noexcept
      |     ^~~~
/home/vitaly/p/Prime-World/pw/branches/r1117/Src/Server/RPC/Arguments.h:306:52: error: ‘vector’ is not a member of ‘rpc::nstl’ [-Wtemplate-body]
  306 |                     nstl::vector<T>* data = (nstl::vector<T>*)_data;
      |                                                    ^~~~~~
/home/vitaly/p/Prime-World/pw/branches/r1117/Src/Server/RPC/Arguments.h:306:52: note: suggested alternatives:
/home/vitaly/p/Prime-World/pw/branches/r1117/Src/System/../System/nvector.h:85:7: note:   ‘nstl::vector’
   85 | class vector
      |       ^~~~~~
/home/vitaly/p/Prime-World/pw/branches/r1117/Src/Server/RPC/ReplicationTypes.h:47:9: note:   ‘rpc::vector’
   47 |   class vector : nstl::vector<T>
      |         ^~~~~~
/home/vitaly/p/Prime-World/pw/branches/r1117/Src/Server/RPC/Arguments.h:306:60: error: expected primary-expression before ‘>’ token [-Wtemplate-body]
  306 |                     nstl::vector<T>* data = (nstl::vector<T>*)_data;
      |                                                            ^
/home/vitaly/p/Prime-World/pw/branches/r1117/Src/Server/RPC/Arguments.h:306:62: error: expected primary-expression before ‘)’ token [-Wtemplate-body]
  306 |                     nstl::vector<T>* data = (nstl::vector<T>*)_data;
      |                                                              ^
/home/vitaly/p/Prime-World/pw/branches/r1117/Src/Server/RPC/Arguments.h: In member function ‘bool rpc::ArgReader::Rollback(StrongMT<T>&)’:
/home/vitaly/p/Prime-World/pw/branches/r1117/Src/Server/RPC/Arguments.h:349:39: error: ‘SPtr’ is not a member of ‘rpc::rpc’; did you mean ‘rpc::SPtr’? [-Wtemplate-body]
  349 |       if (result && type.code == rpc::SPtr)
      |                                       ^~~~
/home/vitaly/p/Prime-World/pw/branches/r1117/Src/Server/RPC/Types.h:112:3: note: ‘rpc::SPtr’ declared here
  112 |   SPtr = 13,             // 13
      |   ^~~~
/home/vitaly/p/Prime-World/pw/branches/r1117/Src/Server/RPC/Arguments.h: In member function ‘bool rpc::ArgReader::Rollback(int)’:
/home/vitaly/p/Prime-World/pw/branches/r1117/Src/Server/RPC/Arguments.h:369:53: error: ‘Data’ is not a member of ‘rpc::rpc’; did you mean ‘rpc::Data’? [-Wtemplate-body]
  369 |       bool isSerializedStruct = SUPERSUBCLASS( rpc::Data, T );
      |                                                     ^~~~
/home/vitaly/p/Prime-World/pw/branches/r1117/Src/System/MetaProg.h:268:27: note: in definition of macro ‘SUPERSUBCLASS’
  268 |     ::Meta::SuperSubclass<T,U>::value
      |                           ^
/home/vitaly/p/Prime-World/pw/branches/r1117/Src/Server/RPC/RpcDataFactory.h:54:8: note: ‘rpc::Data’ declared here
   54 | struct Data
      |        ^~~~
/home/vitaly/p/Prime-World/pw/branches/r1117/Src/System/MetaProg.h:268:30: error: template argument 1 is invalid [-Wtemplate-body]
  268 |     ::Meta::SuperSubclass<T,U>::value
      |                              ^
/home/vitaly/p/Prime-World/pw/branches/r1117/Src/Server/RPC/Arguments.h:369:33: note: in expansion of macro ‘SUPERSUBCLASS’
  369 |       bool isSerializedStruct = SUPERSUBCLASS( rpc::Data, T );
      |                                 ^~~~~~~~~~~~~
/home/vitaly/p/Prime-World/pw/branches/r1117/Src/Server/RPC/Arguments.h:380:17: error: ‘voAppend’ is not a member of ‘rpc::rpc’; did you mean ‘rpc::voAppend’? [-Wtemplate-body]
  380 |       case rpc::voAppend:
      |                 ^~~~~~~~
/home/vitaly/p/Prime-World/pw/branches/r1117/Src/Server/RPC/Types.h:246:3: note: ‘rpc::voAppend’ declared here
  246 |   voAppend = 0,
      |   ^~~~~~~~
/home/vitaly/p/Prime-World/pw/branches/r1117/Src/Server/RPC/Arguments.h:382:11: error: ‘member’ was not declared in this scope; did you mean ‘memset’? [-Wtemplate-body]
  382 |           member.pop_back();
      |           ^~~~~~
      |           memset
/home/vitaly/p/Prime-World/pw/branches/r1117/Src/Server/RPC/Arguments.h:385:17: error: ‘voSet’ is not a member of ‘rpc::rpc’; did you mean ‘rpc::voSet’? [-Wtemplate-body]
  385 |       case rpc::voSet:
      |                 ^~~~~
/home/vitaly/p/Prime-World/pw/branches/r1117/Src/Server/RPC/Types.h:247:3: note: ‘rpc::voSet’ declared here
  247 |   voSet = 1,
      |   ^~~~~
/home/vitaly/p/Prime-World/pw/branches/r1117/Src/Server/RPC/Arguments.h:387:22: error: ‘member’ was not declared in this scope; did you mean ‘memset’? [-Wtemplate-body]
  387 |           T& value = member[info->index];
      |                      ^~~~~~
      |                      memset
/home/vitaly/p/Prime-World/pw/branches/r1117/Src/Server/RPC/Arguments.h:393:18: error: ‘Data’ is not a member of ‘rpc::rpc’; did you mean ‘rpc::Data’? [-Wtemplate-body]
  393 |             rpc::Data* data = _PopSerializedStruct(result, sizeof(T));
      |                  ^~~~
/home/vitaly/p/Prime-World/pw/branches/r1117/Src/Server/RPC/RpcDataFactory.h:54:8: note: ‘rpc::Data’ declared here
   54 | struct Data
      |        ^~~~
/home/vitaly/p/Prime-World/pw/branches/r1117/Src/Server/RPC/Arguments.h:393:24: error: ‘data’ was not declared in this scope; did you mean ‘std::data’? [-Wtemplate-body]
  393 |             rpc::Data* data = _PopSerializedStruct(result, sizeof(T));
      |                        ^~~~
      |                        std::data
/usr/lib/gcc/x86_64-pc-linux-gnu/15/include/g++-v15/bits/range_access.h:356:5: note: ‘std::data’ declared here
  356 |     data(initializer_list<_Tp> __il) noexcept
      |     ^~~~
/home/vitaly/p/Prime-World/pw/branches/r1117/Src/Server/RPC/Arguments.h:393:31: error: there are no arguments to ‘_PopSerializedStruct’ that depend on a template parameter, so a declaration of ‘_PopSerializedStruct’ must be available [-Wtemplate-body]
  393 |             rpc::Data* data = _PopSerializedStruct(result, sizeof(T));
      |                               ^~~~~~~~~~~~~~~~~~~~
/home/vitaly/p/Prime-World/pw/branches/r1117/Src/Server/RPC/Arguments.h:398:17: error: ‘voEraseByIndex’ is not a member of ‘rpc::rpc’; did you mean ‘rpc::voEraseByIndex’? [-Wtemplate-body]
  398 |       case rpc::voEraseByIndex:
      |                 ^~~~~~~~~~~~~~
/home/vitaly/p/Prime-World/pw/branches/r1117/Src/Server/RPC/Types.h:248:3: note: ‘rpc::voEraseByIndex’ declared here
  248 |   voEraseByIndex = 2,
      |   ^~~~~~~~~~~~~~
/home/vitaly/p/Prime-World/pw/branches/r1117/Src/Server/RPC/Arguments.h:400:11: error: ‘member’ was not declared in this scope; did you mean ‘memset’? [-Wtemplate-body]
  400 |           member.insert(info->index);
      |           ^~~~~~
      |           memset
/home/vitaly/p/Prime-World/pw/branches/r1117/Src/Server/RPC/Arguments.h:407:18: error: ‘Data’ is not a member of ‘rpc::rpc’; did you mean ‘rpc::Data’? [-Wtemplate-body]
  407 |             rpc::Data* data = _PopSerializedStruct(result, sizeof(T));
      |                  ^~~~
/home/vitaly/p/Prime-World/pw/branches/r1117/Src/Server/RPC/RpcDataFactory.h:54:8: note: ‘rpc::Data’ declared here
   54 | struct Data
      |        ^~~~
/home/vitaly/p/Prime-World/pw/branches/r1117/Src/Server/RPC/Arguments.h:407:24: error: ‘data’ was not declared in this scope; did you mean ‘std::data’? [-Wtemplate-body]
  407 |             rpc::Data* data = _PopSerializedStruct(result, sizeof(T));
      |                        ^~~~
      |                        std::data
/usr/lib/gcc/x86_64-pc-linux-gnu/15/include/g++-v15/bits/range_access.h:356:5: note: ‘std::data’ declared here
  356 |     data(initializer_list<_Tp> __il) noexcept
      |     ^~~~
/home/vitaly/p/Prime-World/pw/branches/r1117/Src/Server/RPC/Arguments.h:407:31: error: there are no arguments to ‘_PopSerializedStruct’ that depend on a template parameter, so a declaration of ‘_PopSerializedStruct’ must be available [-Wtemplate-body]
  407 |             rpc::Data* data = _PopSerializedStruct(result, sizeof(T));
      |                               ^~~~~~~~~~~~~~~~~~~~
/home/vitaly/p/Prime-World/pw/branches/r1117/Src/Server/RPC/Arguments.h: In member function ‘bool rpc::ArgReader::Assign(int&)’:
/home/vitaly/p/Prime-World/pw/branches/r1117/Src/Server/RPC/Arguments.h:418:65: error: ‘string’ is not a member of ‘rpc::nstl’
  418 |     bool Assign(nstl::string& member) {  return AssignStr<nstl::string, char, false>(member); }
      |                                                                 ^~~~~~
/home/vitaly/p/Prime-World/pw/branches/r1117/Src/Server/RPC/Arguments.h:418:65: note: suggested alternatives:
In file included from /usr/lib/gcc/x86_64-pc-linux-gnu/15/include/g++-v15/iosfwd:43,
                 from /usr/lib/gcc/x86_64-pc-linux-gnu/15/include/g++-v15/bits/shared_ptr.h:52,
                 from /usr/lib/gcc/x86_64-pc-linux-gnu/15/include/g++-v15/memory:82:
/usr/lib/gcc/x86_64-pc-linux-gnu/15/include/g++-v15/bits/stringfwd.h:79:33: note:   ‘std::string’
   79 |   typedef basic_string<char>    string;
      |                                 ^~~~~~
In file included from /home/vitaly/p/Prime-World/pw/branches/r1117/Src/System/systemStdAfx.h:73:
/home/vitaly/p/Prime-World/pw/branches/r1117/Src/System/../System/nstring.h:1168:28: note:   ‘nstl::string’
 1168 | typedef basic_string<char> string;
      |                            ^~~~~~
/usr/lib/gcc/x86_64-pc-linux-gnu/15/include/g++-v15/string:80:11: note:   ‘std::pmr::string’
   80 |     using string    = basic_string<char>;
      |           ^~~~~~
/home/vitaly/p/Prime-World/pw/branches/r1117/Src/Server/RPC/Arguments.h:418:85: error: no matching function for call to ‘rpc::ArgReader::AssignStr<<expression error>, char, false>(int&)’
  418 |     bool Assign(nstl::string& member) {  return AssignStr<nstl::string, char, false>(member); }
      |                                                 ~~~~~~~~~~~~~~~~~~~~~~~~~~~~~~~~~~~~^~~~~~~~
/home/vitaly/p/Prime-World/pw/branches/r1117/Src/Server/RPC/Arguments.h:418:85: note: there is 1 candidate
/home/vitaly/p/Prime-World/pw/branches/r1117/Src/Server/RPC/Arguments.h:424:10: note: candidate 1: ‘template<class T0, class T1, bool isWide> bool rpc::ArgReader::AssignStr(T0&)’
  424 |     bool AssignStr(T0& member)
      |          ^~~~~~~~~
/home/vitaly/p/Prime-World/pw/branches/r1117/Src/Server/RPC/Arguments.h:424:10: note: template argument deduction/substitution failed:
/home/vitaly/p/Prime-World/pw/branches/r1117/Src/Server/RPC/Arguments.h:418:85: error: template argument 1 is invalid
  418 |     bool Assign(nstl::string& member) {  return AssignStr<nstl::string, char, false>(member); }
      |                                                 ~~~~~~~~~~~~~~~~~~~~~~~~~~~~~~~~~~~~^~~~~~~~
/home/vitaly/p/Prime-World/pw/branches/r1117/Src/Server/RPC/Arguments.h: In member function ‘bool rpc::ArgReader::Assign(int&)’:
/home/vitaly/p/Prime-World/pw/branches/r1117/Src/Server/RPC/Arguments.h:419:66: error: ‘wstring’ is not a member of ‘rpc::nstl’
  419 |     bool Assign(nstl::wstring& member) {  return AssignStr<nstl::wstring, wchar_t, true>(member); }
      |                                                                  ^~~~~~~
/home/vitaly/p/Prime-World/pw/branches/r1117/Src/Server/RPC/Arguments.h:419:66: note: suggested alternatives:
/usr/lib/gcc/x86_64-pc-linux-gnu/15/include/g++-v15/bits/stringfwd.h:82:33: note:   ‘std::wstring’
   82 |   typedef basic_string<wchar_t> wstring;
      |                                 ^~~~~~~
/home/vitaly/p/Prime-World/pw/branches/r1117/Src/System/../System/nstring.h:1170:31: note:   ‘nstl::wstring’
 1170 | typedef basic_string<wchar_t> wstring;
      |                               ^~~~~~~
/usr/lib/gcc/x86_64-pc-linux-gnu/15/include/g++-v15/string:86:11: note:   ‘std::pmr::wstring’
   86 |     using wstring   = basic_string<wchar_t>;
      |           ^~~~~~~
/home/vitaly/p/Prime-World/pw/branches/r1117/Src/Server/RPC/Arguments.h:419:89: error: no matching function for call to ‘rpc::ArgReader::AssignStr<<expression error>, wchar_t, true>(int&)’
  419 |     bool Assign(nstl::wstring& member) {  return AssignStr<nstl::wstring, wchar_t, true>(member); }
      |                                                  ~~~~~~~~~~~~~~~~~~~~~~~~~~~~~~~~~~~~~~~^~~~~~~~
/home/vitaly/p/Prime-World/pw/branches/r1117/Src/Server/RPC/Arguments.h:419:89: note: there is 1 candidate
/home/vitaly/p/Prime-World/pw/branches/r1117/Src/Server/RPC/Arguments.h:424:10: note: candidate 1: ‘template<class T0, class T1, bool isWide> bool rpc::ArgReader::AssignStr(T0&)’
  424 |     bool AssignStr(T0& member)
      |          ^~~~~~~~~
/home/vitaly/p/Prime-World/pw/branches/r1117/Src/Server/RPC/Arguments.h:424:10: note: template argument deduction/substitution failed:
/home/vitaly/p/Prime-World/pw/branches/r1117/Src/Server/RPC/Arguments.h:419:89: error: template argument 1 is invalid
  419 |     bool Assign(nstl::wstring& member) {  return AssignStr<nstl::wstring, wchar_t, true>(member); }
      |                                                  ~~~~~~~~~~~~~~~~~~~~~~~~~~~~~~~~~~~~~~~^~~~~~~~
/home/vitaly/p/Prime-World/pw/branches/r1117/Src/Server/RPC/Arguments.h: In member function ‘bool rpc::ArgReader::Rollback(int&)’:
/home/vitaly/p/Prime-World/pw/branches/r1117/Src/Server/RPC/Arguments.h:420:68: error: ‘rpcstring’ is not a member of ‘rpc::rpc’; did you mean ‘rpc::rpcstring’?
  420 |     bool Rollback(rpc::rpcstring& member) {  return AssignStr<rpc::rpcstring, char, false>(member); }
      |                                                                    ^~~~~~~~~
/home/vitaly/p/Prime-World/pw/branches/r1117/Src/Server/RPC/ReplicationTypes.h:202:25: note: ‘rpc::rpcstring’ declared here
  202 |   typedef _string<char> rpcstring;
      |                         ^~~~~~~~~
/home/vitaly/p/Prime-World/pw/branches/r1117/Src/Server/RPC/Arguments.h:420:91: error: no matching function for call to ‘rpc::ArgReader::AssignStr<<expression error>, char, false>(int&)’
  420 |     bool Rollback(rpc::rpcstring& member) {  return AssignStr<rpc::rpcstring, char, false>(member); }
      |                                                     ~~~~~~~~~~~~~~~~~~~~~~~~~~~~~~~~~~~~~~^~~~~~~~
/home/vitaly/p/Prime-World/pw/branches/r1117/Src/Server/RPC/Arguments.h:420:91: note: there is 1 candidate
/home/vitaly/p/Prime-World/pw/branches/r1117/Src/Server/RPC/Arguments.h:424:10: note: candidate 1: ‘template<class T0, class T1, bool isWide> bool rpc::ArgReader::AssignStr(T0&)’
  424 |     bool AssignStr(T0& member)
      |          ^~~~~~~~~
/home/vitaly/p/Prime-World/pw/branches/r1117/Src/Server/RPC/Arguments.h:424:10: note: template argument deduction/substitution failed:
/home/vitaly/p/Prime-World/pw/branches/r1117/Src/Server/RPC/Arguments.h:420:91: error: template argument 1 is invalid
  420 |     bool Rollback(rpc::rpcstring& member) {  return AssignStr<rpc::rpcstring, char, false>(member); }
      |                                                     ~~~~~~~~~~~~~~~~~~~~~~~~~~~~~~~~~~~~~~^~~~~~~~
/home/vitaly/p/Prime-World/pw/branches/r1117/Src/Server/RPC/Arguments.h: In member function ‘bool rpc::ArgReader::Rollback(int&)’:
/home/vitaly/p/Prime-World/pw/branches/r1117/Src/Server/RPC/Arguments.h:421:69: error: ‘rpcwstring’ is not a member of ‘rpc::rpc’; did you mean ‘rpc::rpcwstring’?
  421 |     bool Rollback(rpc::rpcwstring& member) {  return AssignStr<rpc::rpcwstring, wchar_t, true>(member); }
      |                                                                     ^~~~~~~~~~
/home/vitaly/p/Prime-World/pw/branches/r1117/Src/Server/RPC/ReplicationTypes.h:203:28: note: ‘rpc::rpcwstring’ declared here
  203 |   typedef _string<wchar_t> rpcwstring;
      |                            ^~~~~~~~~~
/home/vitaly/p/Prime-World/pw/branches/r1117/Src/Server/RPC/Arguments.h:421:95: error: no matching function for call to ‘rpc::ArgReader::AssignStr<<expression error>, wchar_t, true>(int&)’
  421 |     bool Rollback(rpc::rpcwstring& member) {  return AssignStr<rpc::rpcwstring, wchar_t, true>(member); }
      |                                                      ~~~~~~~~~~~~~~~~~~~~~~~~~~~~~~~~~~~~~~~~~^~~~~~~~
/home/vitaly/p/Prime-World/pw/branches/r1117/Src/Server/RPC/Arguments.h:421:95: note: there is 1 candidate
/home/vitaly/p/Prime-World/pw/branches/r1117/Src/Server/RPC/Arguments.h:424:10: note: candidate 1: ‘template<class T0, class T1, bool isWide> bool rpc::ArgReader::AssignStr(T0&)’
  424 |     bool AssignStr(T0& member)
      |          ^~~~~~~~~
/home/vitaly/p/Prime-World/pw/branches/r1117/Src/Server/RPC/Arguments.h:424:10: note: template argument deduction/substitution failed:
/home/vitaly/p/Prime-World/pw/branches/r1117/Src/Server/RPC/Arguments.h:421:95: error: template argument 1 is invalid
  421 |     bool Rollback(rpc::rpcwstring& member) {  return AssignStr<rpc::rpcwstring, wchar_t, true>(member); }
      |                                                      ~~~~~~~~~~~~~~~~~~~~~~~~~~~~~~~~~~~~~~~~~^~~~~~~~
/home/vitaly/p/Prime-World/pw/branches/r1117/Src/Server/RPC/Arguments.h: In member function ‘bool rpc::ArgReader::AssignStr(T0&)’:
/home/vitaly/p/Prime-World/pw/branches/r1117/Src/Server/RPC/Arguments.h:432:17: error: ‘soAssign’ is not a member of ‘rpc::rpc’; did you mean ‘rpc::soAssign’? [-Wtemplate-body]
  432 |       case rpc::soAssign:
      |                 ^~~~~~~~
/home/vitaly/p/Prime-World/pw/branches/r1117/Src/Server/RPC/Types.h:240:3: note: ‘rpc::soAssign’ declared here
  240 |   soAssign = 0,
      |   ^~~~~~~~
/home/vitaly/p/Prime-World/pw/branches/r1117/Src/Server/RPC/Arguments.h:447:17: error: ‘soSetByIndex’ is not a member of ‘rpc::rpc’; did you mean ‘rpc::soSetByIndex’? [-Wtemplate-body]
  447 |       case rpc::soSetByIndex:
      |                 ^~~~~~~~~~~~
/home/vitaly/p/Prime-World/pw/branches/r1117/Src/Server/RPC/Types.h:241:3: note: ‘rpc::soSetByIndex’ declared here
  241 |   soSetByIndex = 2,
      |   ^~~~~~~~~~~~
/home/vitaly/p/Prime-World/pw/branches/r1117/Src/Server/RPC/Arguments.h: In member function ‘bool rpc::ArgReader::Assign(StrongMT<T>&)’:
/home/vitaly/p/Prime-World/pw/branches/r1117/Src/Server/RPC/Arguments.h:472:33: error: there are no arguments to ‘_PopRemoteEntity’ that depend on a template parameter, so a declaration of ‘_PopRemoteEntity’ must be available [-Wtemplate-body]
  472 |         IRemoteEntity* entity = _PopRemoteEntity(result);
      |                                 ^~~~~~~~~~~~~~~~
/home/vitaly/p/Prime-World/pw/branches/r1117/Src/Server/RPC/Arguments.h: In member function ‘bool rpc::ArgReader::Assign(int)’:
/home/vitaly/p/Prime-World/pw/branches/r1117/Src/Server/RPC/Arguments.h:497:19: error: ‘voAppend’ is not a member of ‘rpc::rpc’; did you mean ‘rpc::voAppend’? [-Wtemplate-body]
  497 |         case rpc::voAppend:
      |                   ^~~~~~~~
/home/vitaly/p/Prime-World/pw/branches/r1117/Src/Server/RPC/Types.h:246:3: note: ‘rpc::voAppend’ declared here
  246 |   voAppend = 0,
      |   ^~~~~~~~
/home/vitaly/p/Prime-World/pw/branches/r1117/Src/Server/RPC/Arguments.h:499:30: error: ‘member’ was not declared in this scope; did you mean ‘memset’? [-Wtemplate-body]
  499 |             StrongMT<T>& m = member.push_back();
      |                              ^~~~~~
      |                              memset
/home/vitaly/p/Prime-World/pw/branches/r1117/Src/Server/RPC/Arguments.h:503:19: error: ‘voSet’ is not a member of ‘rpc::rpc’; did you mean ‘rpc::voSet’? [-Wtemplate-body]
  503 |         case rpc::voSet:
      |                   ^~~~~
/home/vitaly/p/Prime-World/pw/branches/r1117/Src/Server/RPC/Types.h:247:3: note: ‘rpc::voSet’ declared here
  247 |   voSet = 1,
      |   ^~~~~
/home/vitaly/p/Prime-World/pw/branches/r1117/Src/Server/RPC/Arguments.h:505:29: error: ‘member’ was not declared in this scope; did you mean ‘memset’? [-Wtemplate-body]
  505 |             result = Assign(member[info->index]);
      |                             ^~~~~~
      |                             memset
/home/vitaly/p/Prime-World/pw/branches/r1117/Src/Server/RPC/Arguments.h:508:19: error: ‘voEraseByIndex’ is not a member of ‘rpc::rpc’; did you mean ‘rpc::voEraseByIndex’? [-Wtemplate-body]
  508 |         case rpc::voEraseByIndex:
      |                   ^~~~~~~~~~~~~~
/home/vitaly/p/Prime-World/pw/branches/r1117/Src/Server/RPC/Types.h:248:3: note: ‘rpc::voEraseByIndex’ declared here
  248 |   voEraseByIndex = 2,
      |   ^~~~~~~~~~~~~~
/home/vitaly/p/Prime-World/pw/branches/r1117/Src/Server/RPC/Arguments.h:510:13: error: ‘member’ was not declared in this scope; did you mean ‘memset’? [-Wtemplate-body]
  510 |             member.eraseByIndex(info->index);
      |             ^~~~~~
      |             memset
/home/vitaly/p/Prime-World/pw/branches/r1117/Src/Server/RPC/Arguments.h:519:29: error: ‘VectorOfStructs’ is not a member of ‘rpc::rpc’; did you mean ‘rpc::VectorOfStructs’? [-Wtemplate-body]
  519 |         if (result && (rpc::VectorOfStructs == param.code))
      |                             ^~~~~~~~~~~~~~~
/home/vitaly/p/Prime-World/pw/branches/r1117/Src/Server/RPC/Types.h:108:3: note: ‘rpc::VectorOfStructs’ declared here
  108 |   VectorOfStructs = 9,  // 9
      |   ^~~~~~~~~~~~~~~
/home/vitaly/p/Prime-World/pw/branches/r1117/Src/Server/RPC/Arguments.h:524:13: error: ‘member’ was not declared in this scope; did you mean ‘memset’? [-Wtemplate-body]
  524 |             member.resize(size);
      |             ^~~~~~
      |             memset
/home/vitaly/p/Prime-World/pw/branches/r1117/Src/Server/RPC/Arguments.h:527:20: error: ‘IRemoteEntity’ is not a member of ‘rpc::rpc’; did you mean ‘rpc::IRemoteEntity’? [-Wtemplate-body]
  527 |               rpc::IRemoteEntity* entity = _PopRemoteEntity(result);
      |                    ^~~~~~~~~~~~~
/home/vitaly/p/Prime-World/pw/branches/r1117/Src/Server/RPC/IRemoteEntity.h:39:12: note: ‘rpc::IRemoteEntity’ declared here
   39 | _interface IRemoteEntity : public IBaseInterfaceMT
      |            ^~~~~~~~~~~~~
/home/vitaly/p/Prime-World/pw/branches/r1117/Src/Server/RPC/Arguments.h:527:35: error: ‘entity’ was not declared in this scope; did you mean ‘Identity’? [-Wtemplate-body]
  527 |               rpc::IRemoteEntity* entity = _PopRemoteEntity(result);
      |                                   ^~~~~~
      |                                   Identity
/home/vitaly/p/Prime-World/pw/branches/r1117/Src/Server/RPC/Arguments.h:527:44: error: there are no arguments to ‘_PopRemoteEntity’ that depend on a template parameter, so a declaration of ‘_PopRemoteEntity’ must be available [-Wtemplate-body]
  527 |               rpc::IRemoteEntity* entity = _PopRemoteEntity(result);
      |                                            ^~~~~~~~~~~~~~~~
/home/vitaly/p/Prime-World/pw/branches/r1117/Src/Server/RPC/Arguments.h: In member function ‘T& rpc::ArgReader::PopStruct(bool&, rpc::DataFactory*)’:
/home/vitaly/p/Prime-World/pw/branches/r1117/Src/Server/RPC/Arguments.h:544:53: error: ‘Data’ is not a member of ‘rpc::rpc’; did you mean ‘rpc::Data’? [-Wtemplate-body]
  544 |       bool isSerializedStruct = SUPERSUBCLASS( rpc::Data, T );
      |                                                     ^~~~
/home/vitaly/p/Prime-World/pw/branches/r1117/Src/System/MetaProg.h:268:27: note: in definition of macro ‘SUPERSUBCLASS’
  268 |     ::Meta::SuperSubclass<T,U>::value
      |                           ^
/home/vitaly/p/Prime-World/pw/branches/r1117/Src/Server/RPC/RpcDataFactory.h:54:8: note: ‘rpc::Data’ declared here
   54 | struct Data
      |        ^~~~
/home/vitaly/p/Prime-World/pw/branches/r1117/Src/System/MetaProg.h:268:30: error: template argument 1 is invalid [-Wtemplate-body]
  268 |     ::Meta::SuperSubclass<T,U>::value
      |                              ^
/home/vitaly/p/Prime-World/pw/branches/r1117/Src/Server/RPC/Arguments.h:544:33: note: in expansion of macro ‘SUPERSUBCLASS’
  544 |       bool isSerializedStruct = SUPERSUBCLASS( rpc::Data, T );
      |                                 ^~~~~~~~~~~~~
/home/vitaly/p/Prime-World/pw/branches/r1117/Src/Server/RPC/Arguments.h:550:22: error: there are no arguments to ‘PopSerializedStruct’ that depend on a template parameter, so a declaration of ‘PopSerializedStruct’ must be available [-Wtemplate-body]
  550 |         return *((T*)PopSerializedStruct(result, factory));
      |                      ^~~~~~~~~~~~~~~~~~~
/home/vitaly/p/Prime-World/pw/branches/r1117/Src/Server/RPC/Arguments.h: At global scope:
/home/vitaly/p/Prime-World/pw/branches/r1117/Src/Server/RPC/Arguments.h:661:27: error: ‘string’ in namespace ‘rpc::nstl’ does not name a type
  661 |   template <> const nstl::string& ArgReader::Pop<const nstl::string&>(bool& result);
      |                           ^~~~~~
/home/vitaly/p/Prime-World/pw/branches/r1117/Src/Server/RPC/Arguments.h:663:27: error: ‘string’ in namespace ‘rpc::nstl’ does not name a type
  663 |   template <> const nstl::string& ArgReader::PopRaw<const nstl::string&>(bool& result);
      |                           ^~~~~~
/home/vitaly/p/Prime-World/pw/branches/r1117/Src/Server/RPC/Arguments.h:664:27: error: ‘wstring’ in namespace ‘rpc::nstl’ does not name a type
  664 |   template <> const nstl::wstring& ArgReader::Pop<const nstl::wstring&>(bool& result);
      |                           ^~~~~~~
/home/vitaly/p/Prime-World/pw/branches/r1117/Src/Server/RPC/Arguments.h:665:27: error: ‘wstring’ in namespace ‘rpc::nstl’ does not name a type
  665 |   template <> const nstl::wstring& ArgReader::PopRaw<const nstl::wstring&>(bool& result);
      |                           ^~~~~~~
/home/vitaly/p/Prime-World/pw/branches/r1117/Src/Server/RPC/Arguments.h:692:39: error: ‘rpc::rpc::IPacketPipe’ has not been declared; did you mean ‘rpc::rpc::MultiPacketPipe’?
  692 |     Arguments(IEntityMap* _entityMap, rpc::IPacketPipe * _pipe, ILocalEntities* entities):
      |                                       ^~~
/home/vitaly/p/Prime-World/pw/branches/r1117/Src/Server/RPC/Arguments.h:709:10: error: ‘Data’ in namespace ‘rpc::rpc’ does not name a type
  709 |     rpc::Data* PopRawSerializedData(bool& result, DataFactory* factory, int dataStructSize = sizeof(rpc::Data) ) { return reader.PopRawSerializedData(result, factory, dataStructSize); }
      |          ^~~~
/home/vitaly/p/Prime-World/pw/branches/r1117/Src/Server/RPC/Arguments.h:712:17: error: ‘vector’ in namespace ‘rpc::nstl’ does not name a template type
  712 |     const nstl::vector<T>& PopVector(bool& result, DataFactory* factory=0)
      |                 ^~~~~~
/home/vitaly/p/Prime-World/pw/branches/r1117/Src/Server/RPC/Arguments.h:722:17: error: ‘vector’ in namespace ‘rpc::nstl’ does not name a template type
  722 |     const nstl::vector<T>& PopVectorWithoutTypeCode(bool& result, DataFactory* factory)
      |                 ^~~~~~
/home/vitaly/p/Prime-World/pw/branches/r1117/Src/Server/RPC/Arguments.h:728:17: error: ‘vector’ in namespace ‘rpc::nstl’ does not name a template type
  728 |     const nstl::vector<T>& PopVectorOfStrings(bool& result) { return *((nstl::vector<T>*)reader._PopVectorOfAnyStrings(result)); }
      |                 ^~~~~~
/home/vitaly/p/Prime-World/pw/branches/r1117/Src/Server/RPC/Arguments.h:764:17: error: ‘vector’ in namespace ‘rpc::nstl’ does not name a template type
  764 |     const nstl::vector<rpc::MemoryBlock>* PopVectorOfMemoryBlocksRaw(bool &result)
      |                 ^~~~~~
/home/vitaly/p/Prime-World/pw/branches/r1117/Src/Server/RPC/Arguments.h:774:10: error: ‘IRemoteEntity’ in namespace ‘rpc::rpc’ does not name a type
  774 |     rpc::IRemoteEntity* PopRawEntity(bool& result, IRemoteEntityFactory* factory=0) { return reader.PopRawRemoteEntity(result, factory); }
      |          ^~~~~~~~~~~~~
/home/vitaly/p/Prime-World/pw/branches/r1117/Src/Server/RPC/Arguments.h: In constructor ‘rpc::Arguments::Arguments(rpc::IEntityMap*, int*, rpc::ILocalEntities*)’:
/home/vitaly/p/Prime-World/pw/branches/r1117/Src/Server/RPC/Arguments.h:695:27: error: cannot convert ‘rpc::IEntityMap*’ to ‘int*’
  695 |       reader.SetEntityMap(_entityMap);
      |                           ^~~~~~~~~~
      |                           |
      |                           rpc::IEntityMap*
/home/vitaly/p/Prime-World/pw/branches/r1117/Src/Server/RPC/Arguments.h:86:40: note: initializing argument 1 of ‘void rpc::ArgReader::SetEntityMap(int*)’
   86 |     void SetEntityMap(rpc::IEntityMap* _entityMap) { entityMap = _entityMap; }
      |                       ~~~~~~~~~~~~~~~~~^~~~~~~~~~
/home/vitaly/p/Prime-World/pw/branches/r1117/Src/Server/RPC/Arguments.h: In member function ‘const rpc::MemoryBlock* rpc::Arguments::PopMemoryBlockRaw(bool&)’:
/home/vitaly/p/Prime-World/pw/branches/r1117/Src/Server/RPC/Arguments.h:761:21: error: ‘class rpc::ArgReader’ has no member named ‘PopMemoryBlockRaw’; did you mean ‘_PopMemoryBlockRaw’?
  761 |       return reader.PopMemoryBlockRaw(result);
      |                     ^~~~~~~~~~~~~~~~~
      |                     _PopMemoryBlockRaw
/home/vitaly/p/Prime-World/pw/branches/r1117/Src/Server/RPC/Arguments.h: In member function ‘T* rpc::Arguments::PopEntity(bool&)’:
/home/vitaly/p/Prime-World/pw/branches/r1117/Src/Server/RPC/Arguments.h:779:25: error: ‘class rpc::ArgReader’ has no member named ‘_PopRemoteEntity’; did you mean ‘UpdateRemoteEntity’? [-Wtemplate-body]
  779 |       return (T*)reader._PopRemoteEntity(result);
      |                         ^~~~~~~~~~~~~~~~
      |                         UpdateRemoteEntity
/home/vitaly/p/Prime-World/pw/branches/r1117/Src/Server/RPC/Arguments.h: In function ‘int rpc::GetStringSize(bool)’:
/home/vitaly/p/Prime-World/pw/branches/r1117/Src/Server/RPC/Arguments.h:790:70: error: ‘wstring’ is not a member of ‘rpc::nstl’
  790 |   inline int GetStringSize(bool isWide) { return isWide?sizeof(nstl::wstring):sizeof(nstl::string); }
      |                                                                      ^~~~~~~
/home/vitaly/p/Prime-World/pw/branches/r1117/Src/Server/RPC/Arguments.h:790:70: note: suggested alternatives:
/usr/lib/gcc/x86_64-pc-linux-gnu/15/include/g++-v15/bits/stringfwd.h:82:33: note:   ‘std::wstring’
   82 |   typedef basic_string<wchar_t> wstring;
      |                                 ^~~~~~~
/home/vitaly/p/Prime-World/pw/branches/r1117/Src/System/../System/nstring.h:1170:31: note:   ‘nstl::wstring’
 1170 | typedef basic_string<wchar_t> wstring;
      |                               ^~~~~~~
/usr/lib/gcc/x86_64-pc-linux-gnu/15/include/g++-v15/string:86:11: note:   ‘std::pmr::wstring’
   86 |     using wstring   = basic_string<wchar_t>;
      |           ^~~~~~~
/home/vitaly/p/Prime-World/pw/branches/r1117/Src/Server/RPC/Arguments.h:790:92: error: ‘string’ is not a member of ‘rpc::nstl’
  790 |   inline int GetStringSize(bool isWide) { return isWide?sizeof(nstl::wstring):sizeof(nstl::string); }
      |                                                                                            ^~~~~~
/home/vitaly/p/Prime-World/pw/branches/r1117/Src/Server/RPC/Arguments.h:790:92: note: suggested alternatives:
/usr/lib/gcc/x86_64-pc-linux-gnu/15/include/g++-v15/bits/stringfwd.h:79:33: note:   ‘std::string’
   79 |   typedef basic_string<char>    string;
      |                                 ^~~~~~
/home/vitaly/p/Prime-World/pw/branches/r1117/Src/System/../System/nstring.h:1168:28: note:   ‘nstl::string’
 1168 | typedef basic_string<char> string;
      |                            ^~~~~~
/usr/lib/gcc/x86_64-pc-linux-gnu/15/include/g++-v15/string:80:11: note:   ‘std::pmr::string’
   80 |     using string    = basic_string<char>;
      |           ^~~~~~
In file included from /home/vitaly/p/Prime-World/pw/branches/r1117/Src/Server/RPC/RpcDataProcessor.h:10,
                 from /home/vitaly/p/Prime-World/pw/branches/r1117/Src/Server/RPC/RpcGate.h:7,
                 from /home/vitaly/p/Prime-World/pw/branches/r1117/Src/Server/RPC/Base.h:3,
                 from /home/vitaly/p/Prime-World/pw/branches/r1117/Src/Server/RPC/RPC.h:27:
/home/vitaly/p/Prime-World/pw/branches/r1117/Src/Server/RPC/RpcNodes.h: At global scope:
/home/vitaly/p/Prime-World/pw/branches/r1117/Src/Server/RPC/RpcNodes.h:28:17: error: ‘map’ in namespace ‘rpc::nstl’ does not name a template type
   28 |   typedef nstl::map<GUID, Node*, GUIDIsLess> GUID2NodeContainer;
      |                 ^~~
/home/vitaly/p/Prime-World/pw/branches/r1117/Src/Server/RPC/RpcNodes.h:30:17: error: ‘vector’ in namespace ‘rpc::nstl’ does not name a template type
   30 |   typedef nstl::vector<StrongMT<Node> > NodeContainer;
      |                 ^~~~~~
/home/vitaly/p/Prime-World/pw/branches/r1117/Src/Server/RPC/RpcNodes.h:31:17: error: ‘map’ in namespace ‘rpc::nstl’ does not name a template type
   31 |   typedef nstl::map<Node*, StrongMT<Node> > NodeContainer2;
      |                 ^~~
/home/vitaly/p/Prime-World/pw/branches/r1117/Src/Server/RPC/RpcNodes.h:47:22: error: ‘rpc::rpc::EntityMap’ has not been declared
   47 |   void DisconnectAll(rpc::EntityMap* entityMap);
      |                      ^~~
/home/vitaly/p/Prime-World/pw/branches/r1117/Src/Server/RPC/RpcNodes.h:64:3: error: ‘GUID2NodeContainer’ does not name a type
   64 |   GUID2NodeContainer names2nodes;
      |   ^~~~~~~~~~~~~~~~~~
/home/vitaly/p/Prime-World/pw/branches/r1117/Src/Server/RPC/RpcNodes.h:65:3: error: ‘NodeContainer’ does not name a type; did you mean ‘CachedContainer’?
   65 |   NodeContainer anonymousNodes;
      |   ^~~~~~~~~~~~~
      |   CachedContainer
/home/vitaly/p/Prime-World/pw/branches/r1117/Src/Server/RPC/RpcNodes.h:66:3: error: ‘NodeContainer2’ does not name a type
   66 |   NodeContainer2 newNodes;
      |   ^~~~~~~~~~~~~~
/home/vitaly/p/Prime-World/pw/branches/r1117/Src/Server/RPC/RpcNodes.h:67:3: error: ‘NodeContainer2’ does not name a type
   67 |   NodeContainer2 pipeNodes;
      |   ^~~~~~~~~~~~~~
/home/vitaly/p/Prime-World/pw/branches/r1117/Src/Server/RPC/RpcNodes.h: In member function ‘int rpc::Nodes::GetCount() const’:
/home/vitaly/p/Prime-World/pw/branches/r1117/Src/Server/RPC/RpcNodes.h:35:76: error: ‘pipeNodes’ was not declared in this scope; did you mean ‘INodes’?
   35 |   int GetCount() const {     threading::MutexLock lock(pipesMutex); return pipeNodes.size()+newNodes.size(); }
      |                                                                            ^~~~~~~~~
      |                                                                            INodes
/home/vitaly/p/Prime-World/pw/branches/r1117/Src/Server/RPC/RpcNodes.h:35:93: error: ‘newNodes’ was not declared in this scope; did you mean ‘Nodes’?
   35 |   int GetCount() const {     threading::MutexLock lock(pipesMutex); return pipeNodes.size()+newNodes.size(); }
      |                                                                                             ^~~~~~~~
      |                                                                                             Nodes
/home/vitaly/p/Prime-World/pw/branches/r1117/Src/Server/RPC/RpcNodes.h: In member function ‘void rpc::Nodes::_AddNode(const GUID&, rpc::Node*)’:
/home/vitaly/p/Prime-World/pw/branches/r1117/Src/Server/RPC/RpcNodes.h:53:5: error: ‘GUID2NodeContainer’ has not been declared
   53 |     GUID2NodeContainer::iterator it=names2nodes.find(id);
      |     ^~~~~~~~~~~~~~~~~~
/home/vitaly/p/Prime-World/pw/branches/r1117/Src/Server/RPC/RpcNodes.h:54:9: error: ‘it’ was not declared in this scope; did you mean ‘int’?
   54 |     if (it == names2nodes.end())
      |         ^~
      |         int
/home/vitaly/p/Prime-World/pw/branches/r1117/Src/Server/RPC/RpcNodes.h:54:15: error: ‘names2nodes’ was not declared in this scope
   54 |     if (it == names2nodes.end())
      |               ^~~~~~~~~~~
/home/vitaly/p/Prime-World/pw/branches/r1117/Src/Server/RPC/RpcDataProcessor.h: At global scope:
/home/vitaly/p/Prime-World/pw/branches/r1117/Src/Server/RPC/RpcDataProcessor.h:90:9: error: ‘vector’ in namespace ‘rpc::nstl’ does not name a template type
   90 |   nstl::vector<StrongMT<Node> > nodesToRemove;
      |         ^~~~~~
/home/vitaly/p/Prime-World/pw/branches/r1117/Src/Server/RPC/RpcDataProcessor.h: In member function ‘bool rpc::ServerDataProcessor::RegisterObject(StrongMT<T>&, const char*, const char*)’:
/home/vitaly/p/Prime-World/pw/branches/r1117/Src/Server/RPC/RpcDataProcessor.h:50:10: error: ‘ILocalEntity’ is not a member of ‘rpc::rpc’; did you mean ‘ILocalEntityFactory’? [-Wtemplate-body]
   50 |     rpc::ILocalEntity* e = rpc::CreateLocalEntity(object, entityMap);
      |          ^~~~~~~~~~~~
      |          ILocalEntityFactory
/home/vitaly/p/Prime-World/pw/branches/r1117/Src/Server/RPC/RpcDataProcessor.h:50:24: error: ‘e’ was not declared in this scope [-Wtemplate-body]
   50 |     rpc::ILocalEntity* e = rpc::CreateLocalEntity(object, entityMap);
      |                        ^
/home/vitaly/p/Prime-World/pw/branches/r1117/Src/Server/RPC/RpcDataProcessor.h:50:33: error: ‘CreateLocalEntity’ is not a member of ‘rpc::rpc’; did you mean ‘rpc::CreateLocalEntity’? [-Wtemplate-body]
   50 |     rpc::ILocalEntity* e = rpc::CreateLocalEntity(object, entityMap);
      |                                 ^~~~~~~~~~~~~~~~~
/home/vitaly/p/Prime-World/pw/branches/r1117/Src/Server/RPC/RpcDataProcessor.h:28:15: note: ‘rpc::CreateLocalEntity’ declared here
   28 | ILocalEntity* CreateLocalEntity(T* instance, IEntityMap* entityMap);
      |               ^~~~~~~~~~~~~~~~~
/home/vitaly/p/Prime-World/pw/branches/r1117/Src/Server/RPC/RpcDataProcessor.h:51:51: error: ‘GetId’ is not a member of ‘rpc::rpc’; did you mean ‘rpc::GetId’? [-Wtemplate-body]
   51 |     return entityMap->CreateOrRegisterObject(rpc::GetId<T>(), object, path, password, e);
      |                                                   ^~~~~
/home/vitaly/p/Prime-World/pw/branches/r1117/Src/Server/RPC/Interfaces.h:25:6: note: ‘rpc::GetId’ declared here
   25 | uint GetId();
      |      ^~~~~
/home/vitaly/p/Prime-World/pw/branches/r1117/Src/Server/RPC/RpcDataProcessor.h:51:58: error: expected primary-expression before ‘>’ token [-Wtemplate-body]
   51 |     return entityMap->CreateOrRegisterObject(rpc::GetId<T>(), object, path, password, e);
      |                                                          ^
/home/vitaly/p/Prime-World/pw/branches/r1117/Src/Server/RPC/RpcDataProcessor.h:51:60: error: expected primary-expression before ‘)’ token [-Wtemplate-body]
   51 |     return entityMap->CreateOrRegisterObject(rpc::GetId<T>(), object, path, password, e);
      |                                                            ^
In file included from /home/vitaly/p/Prime-World/pw/branches/r1117/Src/Server/RPC/RpcGate.h:8:
/home/vitaly/p/Prime-World/pw/branches/r1117/Src/Server/RPC/RpcThreadPool.h: At global scope:
/home/vitaly/p/Prime-World/pw/branches/r1117/Src/Server/RPC/RpcThreadPool.h:24:9: error: ‘vector’ in namespace ‘rpc::nstl’ does not name a template type
   24 |   nstl::vector<Node*> nodes;
      |         ^~~~~~
/home/vitaly/p/Prime-World/pw/branches/r1117/Src/Server/RPC/RpcThreadPool.h: In member function ‘int rpc::WorkingNodes::size() const’:
/home/vitaly/p/Prime-World/pw/branches/r1117/Src/Server/RPC/RpcThreadPool.h:13:29: error: ‘nodes’ was not declared in this scope; did you mean ‘Nodes’?
   13 |   int size() const { return nodes.size(); }
      |                             ^~~~~
      |                             Nodes
/home/vitaly/p/Prime-World/pw/branches/r1117/Src/Server/RPC/RpcThreadPool.h: In member function ‘rpc::Node* rpc::WorkingNodes::operator[](int)’:
/home/vitaly/p/Prime-World/pw/branches/r1117/Src/Server/RPC/RpcThreadPool.h:14:42: error: ‘nodes’ was not declared in this scope; did you mean ‘Nodes’?
   14 |   Node* operator [] (int index) { return nodes[index]; }
      |                                          ^~~~~
      |                                          Nodes
/home/vitaly/p/Prime-World/pw/branches/r1117/Src/Server/RPC/RpcThreadPool.h: In member function ‘void rpc::WorkingNodes::push_back(rpc::Node*)’:
/home/vitaly/p/Prime-World/pw/branches/r1117/Src/Server/RPC/RpcThreadPool.h:18:5: error: ‘nodes’ was not declared in this scope; did you mean ‘Nodes’?
   18 |     nodes.push_back(node);
      |     ^~~~~
      |     Nodes
/home/vitaly/p/Prime-World/pw/branches/r1117/Src/Server/RPC/RpcThreadPool.h: In member function ‘void rpc::WorkingNodes::clear()’:
/home/vitaly/p/Prime-World/pw/branches/r1117/Src/Server/RPC/RpcThreadPool.h:22:5: error: ‘nodes’ was not declared in this scope; did you mean ‘Nodes’?
   22 |     nodes.clear();
      |     ^~~~~
      |     Nodes
/home/vitaly/p/Prime-World/pw/branches/r1117/Src/Server/RPC/RpcThreadPool.h: At global scope:
/home/vitaly/p/Prime-World/pw/branches/r1117/Src/Server/RPC/RpcThreadPool.h:60:9: error: ‘vector’ in namespace ‘rpc::nstl’ does not name a template type [-Wtemplate-body]
   60 |   nstl::vector<T> items;
      |         ^~~~~~
/home/vitaly/p/Prime-World/pw/branches/r1117/Src/Server/RPC/RpcThreadPool.h: In constructor ‘rpc::Queue<T>::Queue(int)’:
/home/vitaly/p/Prime-World/pw/branches/r1117/Src/Server/RPC/RpcThreadPool.h:35:5: error: ‘items’ was not declared in this scope [-Wtemplate-body]
   35 |     items.reserve(maxSize);
      |     ^~~~~
/home/vitaly/p/Prime-World/pw/branches/r1117/Src/Server/RPC/RpcThreadPool.h: In member function ‘void rpc::Queue<T>::enqueue(const T&)’:
/home/vitaly/p/Prime-World/pw/branches/r1117/Src/Server/RPC/RpcThreadPool.h:40:5: error: ‘items’ was not declared in this scope [-Wtemplate-body]
   40 |     items.push_back(value);
      |     ^~~~~
/home/vitaly/p/Prime-World/pw/branches/r1117/Src/Server/RPC/RpcThreadPool.h: In member function ‘int rpc::Queue<T>::size() const’:
/home/vitaly/p/Prime-World/pw/branches/r1117/Src/Server/RPC/RpcThreadPool.h:45:12: error: ‘items’ was not declared in this scope [-Wtemplate-body]
   45 |     return items.size();
      |            ^~~~~
/home/vitaly/p/Prime-World/pw/branches/r1117/Src/Server/RPC/RpcThreadPool.h: In member function ‘bool rpc::Queue<T>::dequeue(T&)’:
/home/vitaly/p/Prime-World/pw/branches/r1117/Src/Server/RPC/RpcThreadPool.h:51:9: error: ‘items’ was not declared in this scope [-Wtemplate-body]
   51 |     if (items.size() > 0)
      |         ^~~~~
/home/vitaly/p/Prime-World/pw/branches/r1117/Src/Server/RPC/RpcThreadPool.h: At global scope:
/home/vitaly/p/Prime-World/pw/branches/r1117/Src/Server/RPC/RpcThreadPool.h:88:25: error: ‘rpc::rpc::Node’ has not been declared; did you mean ‘rpc::rpc::INode’?
   88 |   void FinishProcessing(rpc::Node* node, bool _result)
      |                         ^~~
/home/vitaly/p/Prime-World/pw/branches/r1117/Src/Server/RPC/RpcThreadPool.h: In member function ‘void rpc::WorkerInfo::FinishProcessing(int*, bool)’:
/home/vitaly/p/Prime-World/pw/branches/r1117/Src/Server/RPC/RpcThreadPool.h:93:32: error: cannot convert ‘int*’ to ‘rpc::Node*’
   93 |       corruptedNodes.push_back(node);
      |                                ^~~~
      |                                |
      |                                int*
/home/vitaly/p/Prime-World/pw/branches/r1117/Src/Server/RPC/RpcThreadPool.h:15:24: note: initializing argument 1 of ‘void rpc::WorkingNodes::push_back(rpc::Node*)’
   15 |   void push_back(Node* node)
      |                  ~~~~~~^~~~
/home/vitaly/p/Prime-World/pw/branches/r1117/Src/Server/RPC/RpcThreadPool.h: At global scope:
/home/vitaly/p/Prime-World/pw/branches/r1117/Src/Server/RPC/RpcThreadPool.h:156:9: error: ‘vector’ in namespace ‘rpc::nstl’ does not name a template type
  156 |   nstl::vector<XWorkerThread*> threads;
      |         ^~~~~~
In file included from /home/vitaly/p/Prime-World/pw/branches/r1117/Src/Server/RPC/RpcNode.h:8,
                 from /home/vitaly/p/Prime-World/pw/branches/r1117/Src/Server/RPC/RpcGate.h:9:
/home/vitaly/p/Prime-World/pw/branches/r1117/Src/Server/RPC/CppWrapper.h:121:9: error: ‘vector’ in namespace ‘rpc::nstl’ does not name a template type
  121 |   nstl::vector<char> buffer;
      |         ^~~~~~
/home/vitaly/p/Prime-World/pw/branches/r1117/Src/Server/RPC/CppWrapper.h: In constructor ‘rpc::Stack::Stack(int)’:
/home/vitaly/p/Prime-World/pw/branches/r1117/Src/Server/RPC/CppWrapper.h:12:5: error: ‘buffer’ was not declared in this scope; did you mean ‘setbuffer’?
   12 |     buffer.resize(initialSize);
      |     ^~~~~~
      |     setbuffer
/home/vitaly/p/Prime-World/pw/branches/r1117/Src/Server/RPC/CppWrapper.h: In member function ‘void rpc::Stack::Push(const void*, int)’:
/home/vitaly/p/Prime-World/pw/branches/r1117/Src/Server/RPC/CppWrapper.h:54:22: error: ‘buffer’ was not declared in this scope; did you mean ‘setbuffer’?
   54 |       crt::memcpy(v, buffer.size()-size, data, dsize);
      |                      ^~~~~~
      |                      setbuffer
/home/vitaly/p/Prime-World/pw/branches/r1117/Src/Server/RPC/CppWrapper.h: In member function ‘T& rpc::Stack::Pop()’:
/home/vitaly/p/Prime-World/pw/branches/r1117/Src/Server/RPC/CppWrapper.h:81:19: error: ‘buffer’ was not declared in this scope; did you mean ‘setbuffer’? [-Wtemplate-body]
   81 |     char* stack = buffer.begin()+index;;
      |                   ^~~~~~
      |                   setbuffer
/home/vitaly/p/Prime-World/pw/branches/r1117/Src/Server/RPC/CppWrapper.h: In member function ‘void rpc::Stack::Reset()’:
/home/vitaly/p/Prime-World/pw/branches/r1117/Src/Server/RPC/CppWrapper.h:89:18: error: ‘buffer’ was not declared in this scope; did you mean ‘setbuffer’?
   89 |     crt::memset(&buffer[0], 0, buffer.size());
      |                  ^~~~~~
      |                  setbuffer
/home/vitaly/p/Prime-World/pw/branches/r1117/Src/Server/RPC/CppWrapper.h: In member function ‘char* rpc::Stack::GetStack()’:
/home/vitaly/p/Prime-World/pw/branches/r1117/Src/Server/RPC/CppWrapper.h:97:22: error: ‘buffer’ was not declared in this scope; did you mean ‘setbuffer’?
   97 |     return VArgList(&buffer[0]);
      |                      ^~~~~~
      |                      setbuffer
/home/vitaly/p/Prime-World/pw/branches/r1117/Src/Server/RPC/CppWrapper.h: In member function ‘char* rpc::Stack::EnsureSize(int)’:
/home/vitaly/p/Prime-World/pw/branches/r1117/Src/Server/RPC/CppWrapper.h:102:28: error: ‘buffer’ was not declared in this scope; did you mean ‘setbuffer’?
  102 |     int delta = size+asize-buffer.size();
      |                            ^~~~~~
      |                            setbuffer
/home/vitaly/p/Prime-World/pw/branches/r1117/Src/Server/RPC/CppWrapper.h: At global scope:
/home/vitaly/p/Prime-World/pw/branches/r1117/Src/Server/RPC/CppWrapper.h:133:57: error: ‘rpc::rpc::Arguments’ has not been declared
  133 | MethodCallStack FillStack(const MethodCallHeader& call, rpc::Arguments& args, const byte* paramsData, uint _paramsSize, const rpc::MethodInfo& minfo);
      |                                                         ^~~
/home/vitaly/p/Prime-World/pw/branches/r1117/Src/Server/RPC/CppWrapper.h:133:132: error: ‘MethodInfo’ in namespace ‘rpc::rpc’ does not name a type
  133 | MethodCallStack FillStack(const MethodCallHeader& call, rpc::Arguments& args, const byte* paramsData, uint _paramsSize, const rpc::MethodInfo& minfo);
      |                                                                                                                                    ^~~~~~~~~~
/home/vitaly/p/Prime-World/pw/branches/r1117/Src/Server/RPC/CppWrapper.h:276:112: error: ‘rpc::rpc::Arguments’ has not been declared
  276 |   virtual bool ProcessReturnValue(const MethodCallHeader& methodCall, const byte* paramsData, int _paramsSize, rpc::Arguments& args);
      |                                                                                                                ^~~
/home/vitaly/p/Prime-World/pw/branches/r1117/Src/Server/RPC/CppWrapper.h:298:18: error: ‘rpc::rpc::CallStatus’ has not been declared
  298 |   void OnFailure(rpc::CallStatus status) {}
      |                  ^~~
/home/vitaly/p/Prime-World/pw/branches/r1117/Src/Server/RPC/CppWrapper.h:311:9: error: ‘vector’ in namespace ‘rpc::nstl’ does not name a template type
  311 |   nstl::vector<char> data;
      |         ^~~~~~
/home/vitaly/p/Prime-World/pw/branches/r1117/Src/Server/RPC/CppWrapper.h: In member function ‘virtual bool rpc::SyncCallRoutine::Process(const char*, int)’:
/home/vitaly/p/Prime-World/pw/branches/r1117/Src/Server/RPC/CppWrapper.h:289:19: error: ‘data’ was not declared in this scope; did you mean ‘std::data’?
  289 |     if (newSize > data.size())
      |                   ^~~~
      |                   std::data
/usr/lib/gcc/x86_64-pc-linux-gnu/15/include/g++-v15/bits/range_access.h:356:5: note: ‘std::data’ declared here
  356 |     data(initializer_list<_Tp> __il) noexcept
      |     ^~~~
/home/vitaly/p/Prime-World/pw/branches/r1117/Src/Server/RPC/CppWrapper.h: In member function ‘char* rpc::SyncCallRoutine::get()’:
/home/vitaly/p/Prime-World/pw/branches/r1117/Src/Server/RPC/CppWrapper.h:309:25: error: ‘data’ was not declared in this scope; did you mean ‘std::data’?
  309 |   char* get() { return &data[0]; }
      |                         ^~~~
      |                         std::data
/usr/lib/gcc/x86_64-pc-linux-gnu/15/include/g++-v15/bits/range_access.h:356:5: note: ‘std::data’ declared here
  356 |     data(initializer_list<_Tp> __il) noexcept
      |     ^~~~
/home/vitaly/p/Prime-World/pw/branches/r1117/Src/Server/RPC/CppWrapper.h: At global scope:
/home/vitaly/p/Prime-World/pw/branches/r1117/Src/Server/RPC/CppWrapper.h:338:18: error: ‘rpc::rpc::CallStatus’ has not been declared
  338 |   void OnFailure(rpc::CallStatus status)
      |                  ^~~
/home/vitaly/p/Prime-World/pw/branches/r1117/Src/Server/RPC/CppWrapper.h: In member function ‘void rpc::AsyncCallRoutine::OnFailure(int)’:
/home/vitaly/p/Prime-World/pw/branches/r1117/Src/Server/RPC/CppWrapper.h:340:24: error: invalid conversion from ‘int’ to ‘rpc::CallStatus’ [-fpermissive]
  340 |     functor->OnFailure(status);
      |                        ^~~~~~
      |                        |
      |                        int
/home/vitaly/p/Prime-World/pw/branches/r1117/Src/Server/RPC/IFunctor.h:13:42: note: initializing argument 1 of ‘virtual void rpc::IFunctor::OnFailure(rpc::CallStatus)’
   13 |   virtual void OnFailure(rpc::CallStatus status)=0;
      |                          ~~~~~~~~~~~~~~~~^~~~~~
In file included from /home/vitaly/p/Prime-World/pw/branches/r1117/Src/Server/RPC/RpcNode.h:11:
/home/vitaly/p/Prime-World/pw/branches/r1117/Src/Server/RPC/RpcPipeEntities.h: At global scope:
/home/vitaly/p/Prime-World/pw/branches/r1117/Src/Server/RPC/RpcPipeEntities.h:29:9: error: ‘vector’ in namespace ‘rpc::nstl’ does not name a template type
   29 |   nstl::vector<MemoryBlock> linkPackets;
      |         ^~~~~~
/home/vitaly/p/Prime-World/pw/branches/r1117/Src/Server/RPC/RpcPipeEntities.h:30:9: error: ‘vector’ in namespace ‘rpc::nstl’ does not name a template type
   30 |   nstl::vector<int> indices;
      |         ^~~~~~
/home/vitaly/p/Prime-World/pw/branches/r1117/Src/Server/RPC/RpcPipeEntities.h:31:9: error: ‘vector’ in namespace ‘rpc::nstl’ does not name a template type
   31 |   nstl::vector<Transport::MessageMiscInfo> times;
      |         ^~~~~~
/home/vitaly/p/Prime-World/pw/branches/r1117/Src/Server/RPC/RpcPipeEntities.h: In member function ‘int rpc::DelayedPackets::size()’:
/home/vitaly/p/Prime-World/pw/branches/r1117/Src/Server/RPC/RpcPipeEntities.h:32:23: error: ‘linkPackets’ was not declared in this scope
   32 |   int size() { return linkPackets.size(); }
      |                       ^~~~~~~~~~~
/home/vitaly/p/Prime-World/pw/branches/r1117/Src/Server/RPC/RpcPipeEntities.h: In constructor ‘rpc::DummyMultiPipe::DummyMultiPipe()’:
/home/vitaly/p/Prime-World/pw/branches/r1117/Src/Server/RPC/RpcPipeEntities.h:64:33: error: invalid new-expression of abstract class type ‘rpc::DummyNode’
   64 |   DummyMultiPipe() { node = new DummyNode; }
      |                                 ^~~~~~~~~
/home/vitaly/p/Prime-World/pw/branches/r1117/Src/Server/RPC/RpcPipeEntities.h:36:8: note:   because the following virtual functions are pure within ‘rpc::DummyNode’:
   36 | struct DummyNode : public INode, public BaseObjectMT
      |        ^~~~~~~~~
/home/vitaly/p/Prime-World/pw/branches/r1117/Src/Server/RPC/Interfaces.h:130:16: note:     ‘virtual void rpc::INode::RemoveEntity(rpc::EntityHandler*, int)’
  130 |   virtual void RemoveEntity(rpc::EntityHandler* handler, int index)=0;
      |                ^~~~~~~~~~~~
/home/vitaly/p/Prime-World/pw/branches/r1117/Src/Server/RPC/Interfaces.h:131:15: note:     ‘virtual int rpc::INode::AppendEntity(rpc::EntityHandler*)’
  131 |   virtual int AppendEntity(rpc::EntityHandler* handler)=0;
      |               ^~~~~~~~~~~~
/home/vitaly/p/Prime-World/pw/branches/r1117/Src/Server/RPC/RpcPipeEntities.h: In constructor ‘rpc::DummyMultiPipe::DummyMultiPipe(const rpc::NodeDescription&)’:
/home/vitaly/p/Prime-World/pw/branches/r1117/Src/Server/RPC/RpcPipeEntities.h:65:78: error: invalid new-expression of abstract class type ‘rpc::DummyNode’
   65 |   DummyMultiPipe(const NodeDescription& _desc) { node = new DummyNode( _desc ); }
      |                                                                              ^
/home/vitaly/p/Prime-World/pw/branches/r1117/Src/Server/RPC/RpcPipeEntities.h: At global scope:
/home/vitaly/p/Prime-World/pw/branches/r1117/Src/Server/RPC/RpcPipeEntities.h:80:19: error: expected ‘)’ before ‘*’ token
   80 |   rpc::IPacketPipe * pipe,
      |                   ^~
      |                   )
/home/vitaly/p/Prime-World/pw/branches/r1117/Src/Server/RPC/RpcPipeEntities.h:79:15: note: to match this ‘(’
   79 |   PipeEntities(
      |               ^
/home/vitaly/p/Prime-World/pw/branches/r1117/Src/Server/RPC/RpcPipeEntities.h:112:13: error: ‘rpc::rpc::Node’ has not been declared; did you mean ‘rpc::rpc::INode’?
  112 |   bool Poll(rpc::Node* originNode);
      |             ^~~
/home/vitaly/p/Prime-World/pw/branches/r1117/Src/Server/RPC/RpcPipeEntities.h:115:72: error: ‘rpc::rpc::Node’ has not been declared; did you mean ‘rpc::rpc::INode’?
  115 |   bool ProcessPacket( const byte* data, uint size, bool delayedPacket, rpc::Node* originNode, const Transport::MessageMiscInfo & _miscInfo );
      |                                                                        ^~~
/home/vitaly/p/Prime-World/pw/branches/r1117/Src/Server/RPC/RpcPipeEntities.h:128:15: error: ‘IPacketPipe’ in namespace ‘rpc::rpc’ does not name a type; did you mean ‘MultiPacketPipe’?
  128 |   inline rpc::IPacketPipe * getPipe() { return pipe; }
      |               ^~~~~~~~~~~
      |               MultiPacketPipe
/home/vitaly/p/Prime-World/pw/branches/r1117/Src/Server/RPC/RpcPipeEntities.h:133:114: error: ‘rpc::rpc::Node’ has not been declared; did you mean ‘rpc::rpc::INode’?
  133 |   bool ConstructEntity(const MethodCallHeader& call, const byte* paramsData, uint paramsSize, bool isReplicated, rpc::Node* originNode);
      |                                                                                                                  ^~~
/home/vitaly/p/Prime-World/pw/branches/r1117/Src/Server/RPC/RpcPipeEntities.h:139:58: error: ‘rpc::rpc::LocalEntityInfo’ has not been declared; did you mean ‘rpc::rpc::ILocalEntityFactory’?
  139 |   bool _UpdateLocalEntity( const MethodCallHeader& call, rpc::LocalEntityInfo& info, const byte* paramsData, uint dataSize);
      |                                                          ^~~
/home/vitaly/p/Prime-World/pw/branches/r1117/Src/Server/RPC/RpcPipeEntities.h:154:17: error: ‘IPacketPipe’ is not a member of ‘rpc::rpc’; did you mean ‘MultiPacketPipe’?
  154 |   StrongMT<rpc::IPacketPipe> pipe;
      |                 ^~~~~~~~~~~
      |                 MultiPacketPipe
/home/vitaly/p/Prime-World/pw/branches/r1117/Src/Server/RPC/RpcPipeEntities.h:154:28: error: template argument 1 is invalid
  154 |   StrongMT<rpc::IPacketPipe> pipe;
      |                            ^
/home/vitaly/p/Prime-World/pw/branches/r1117/Src/Server/RPC/RpcPipeEntities.h:156:8: error: ‘Arguments’ in namespace ‘rpc::rpc’ does not name a type
  156 |   rpc::Arguments args;
      |        ^~~~~~~~~
/home/vitaly/p/Prime-World/pw/branches/r1117/Src/Server/RPC/RpcPipeEntities.h:162:8: error: ‘MethodCall’ in namespace ‘rpc::rpc’ does not name a type
  162 |   rpc::MethodCall resultCall;
      |        ^~~~~~~~~~
/home/vitaly/p/Prime-World/pw/branches/r1117/Src/Server/RPC/RpcPipeEntities.h:153:17: error: cannot declare field ‘rpc::PipeEntities::entities’ to be of abstract type ‘rpc::LocalEntities’
  153 |   LocalEntities entities;
      |                 ^~~~~~~~
/home/vitaly/p/Prime-World/pw/branches/r1117/Src/Server/RPC/ClassFactory.h:250:7: note:   because the following virtual functions are pure within ‘rpc::LocalEntities’:
  250 | class LocalEntities : public ILocalEntities, NonCopyable
      |       ^~~~~~~~~~~~~
In file included from /home/vitaly/p/Prime-World/pw/branches/r1117/Src/Server/RPC/ClassFactory.h:16:
/home/vitaly/p/Prime-World/pw/branches/r1117/Src/Server/RPC/ILocalEntities.h:13:33: note:     ‘virtual rpc::LocalEntityInfo* rpc::ILocalEntities::GetEntityInfo(rpc::EntityId)’
   13 |   virtual rpc::LocalEntityInfo* GetEntityInfo(EntityId entityId)=0;
      |                                 ^~~~~~~~~~~~~
/home/vitaly/p/Prime-World/pw/branches/r1117/Src/Server/RPC/RpcNode.h:25:40: error: ‘rpc::rpc::CallStatus’ has not been declared [-Wtemplate-body]
   25 |   void (T::*func)(P result, C context, rpc::CallStatus status);
      |                                        ^~~
/home/vitaly/p/Prime-World/pw/branches/r1117/Src/Server/RPC/RpcNode.h:30:66: error: ‘rpc::rpc::CallStatus’ has not been declared [-Wtemplate-body]
   30 |   QueryFunctor(T* _object, void (T::*_func)(P result, C context, rpc::CallStatus status), const C& _context):
      |                                                                  ^~~
/home/vitaly/p/Prime-World/pw/branches/r1117/Src/Server/RPC/RpcNode.h:59:26: error: ‘rpc::rpc::CallStatus’ has not been declared [-Wtemplate-body]
   59 |   virtual void OnFailure(rpc::CallStatus status)
      |                          ^~~
/home/vitaly/p/Prime-World/pw/branches/r1117/Src/Server/RPC/RpcNode.h: In member function ‘virtual bool rpc::QueryFunctor<T, P, C>::Call(rpc::VArgList)’:
/home/vitaly/p/Prime-World/pw/branches/r1117/Src/Server/RPC/RpcNode.h:51:54: error: ‘CallSuccessful’ is not a member of ‘rpc::rpc’; did you mean ‘rpc::CallSuccessful’? [-Wtemplate-body]
   51 |       (lobject->*func)(stack.Pop<P>(), context, rpc::CallSuccessful);
      |                                                      ^~~~~~~~~~~~~~
/home/vitaly/p/Prime-World/pw/branches/r1117/Src/Server/RPC/Packets.h:24:3: note: ‘rpc::CallSuccessful’ declared here
   24 |   CallSuccessful,
      |   ^~~~~~~~~~~~~~
/home/vitaly/p/Prime-World/pw/branches/r1117/Src/Server/RPC/RpcNode.h: At global scope:
/home/vitaly/p/Prime-World/pw/branches/r1117/Src/Server/RPC/RpcNode.h:105:26: error: ‘rpc::rpc::CallStatus’ has not been declared [-Wtemplate-body]
  105 |   virtual void OnFailure(rpc::CallStatus status)
      |                          ^~~
/home/vitaly/p/Prime-World/pw/branches/r1117/Src/Server/RPC/RpcNode.h:113:17: error: ‘vector’ in namespace ‘rpc::nstl’ does not name a template type
  113 |   typedef nstl::vector<StrongMT<rpc::EntityHandler> > RemoteEntityHandlerContainer;
      |                 ^~~~~~
/home/vitaly/p/Prime-World/pw/branches/r1117/Src/Server/RPC/RpcNode.h:123:3: error: ‘RemoteEntityHandlerContainer’ does not name a type; did you mean ‘RemoteEntityContainer’?
  123 |   RemoteEntityHandlerContainer handlers;
      |   ^~~~~~~~~~~~~~~~~~~~~~~~~~~~
      |   RemoteEntityContainer
/home/vitaly/p/Prime-World/pw/branches/r1117/Src/Server/RPC/RpcNode.h:124:9: error: ‘vector’ in namespace ‘rpc::nstl’ does not name a template type
  124 |   nstl::vector<int> freeIndices;
      |         ^~~~~~
/home/vitaly/p/Prime-World/pw/branches/r1117/Src/Server/RPC/RpcNode.h:136:61: error: ‘rpc::rpc::IPacketPipe’ has not been declared; did you mean ‘rpc::rpc::MultiPacketPipe’?
  136 |   Node( threading::Mutex & section, EntityMap * _entityMap, rpc::IPacketPipe * pipe, const GUID * id, EntityFactoriesContainer & factoriesContainer );
      |                                                             ^~~
/home/vitaly/p/Prime-World/pw/branches/r1117/Src/Server/RPC/RpcNode.h:329:80: error: ‘rpc::rpc::CallStatus’ has not been declared
  329 |   bool Query(const char* path, H* object, void (H::*func)(P result, C context, rpc::CallStatus status), C context, float timeout=0.f, const char* password=0)
      |                                                                                ^~~
/home/vitaly/p/Prime-World/pw/branches/r1117/Src/Server/RPC/RpcNode.h:398:91: error: ‘rpc::rpc::MethodCall’ has not been declared
  398 |   void _QueryByGUID( uint classId, uint classCrc, const char* path, const char* password, rpc::MethodCall &call, const GUID& entityGUID);
      |                                                                                           ^~~
/home/vitaly/p/Prime-World/pw/branches/r1117/Src/Server/RPC/RpcNode.h:411:17: error: ‘IPacketPipe’ is not a member of ‘rpc::rpc’; did you mean ‘MultiPacketPipe’?
  411 |   StrongMT<rpc::IPacketPipe> pipe;
      |                 ^~~~~~~~~~~
      |                 MultiPacketPipe
/home/vitaly/p/Prime-World/pw/branches/r1117/Src/Server/RPC/RpcNode.h:411:28: error: template argument 1 is invalid
  411 |   StrongMT<rpc::IPacketPipe> pipe;
      |                            ^
/home/vitaly/p/Prime-World/pw/branches/r1117/Src/Server/RPC/RpcNode.h: In member function ‘T* rpc::Node::Create()’:
/home/vitaly/p/Prime-World/pw/branches/r1117/Src/Server/RPC/RpcNode.h:162:12: error: ‘RegisterRemoteFactory’ is not a member of ‘rpc::rpc’; did you mean ‘rpc::RegisterRemoteFactory’? [-Wtemplate-body]
  162 |       rpc::RegisterRemoteFactory<T>(0);
      |            ^~~~~~~~~~~~~~~~~~~~~
/home/vitaly/p/Prime-World/pw/branches/r1117/Src/Server/RPC/Interfaces.h:283:6: note: ‘rpc::RegisterRemoteFactory’ declared here
  283 | void RegisterRemoteFactory(T* instance=0);
      |      ^~~~~~~~~~~~~~~~~~~~~
/home/vitaly/p/Prime-World/pw/branches/r1117/Src/Server/RPC/RpcNode.h:162:35: error: expected primary-expression before ‘>’ token [-Wtemplate-body]
  162 |       rpc::RegisterRemoteFactory<T>(0);
      |                                   ^
/home/vitaly/p/Prime-World/pw/branches/r1117/Src/Server/RPC/RpcNode.h: In member function ‘T* rpc::Node::Create(const P0&)’:
/home/vitaly/p/Prime-World/pw/branches/r1117/Src/Server/RPC/RpcNode.h:182:12: error: ‘RegisterRemoteFactory’ is not a member of ‘rpc::rpc’; did you mean ‘rpc::RegisterRemoteFactory’? [-Wtemplate-body]
  182 |       rpc::RegisterRemoteFactory<T>(0);
      |            ^~~~~~~~~~~~~~~~~~~~~
/home/vitaly/p/Prime-World/pw/branches/r1117/Src/Server/RPC/Interfaces.h:283:6: note: ‘rpc::RegisterRemoteFactory’ declared here
  283 | void RegisterRemoteFactory(T* instance=0);
      |      ^~~~~~~~~~~~~~~~~~~~~
/home/vitaly/p/Prime-World/pw/branches/r1117/Src/Server/RPC/RpcNode.h:182:35: error: expected primary-expression before ‘>’ token [-Wtemplate-body]
  182 |       rpc::RegisterRemoteFactory<T>(0);
      |                                   ^
/home/vitaly/p/Prime-World/pw/branches/r1117/Src/Server/RPC/RpcNode.h: In member function ‘T* rpc::Node::Create(const P0&, const P1&)’:
/home/vitaly/p/Prime-World/pw/branches/r1117/Src/Server/RPC/RpcNode.h:203:12: error: ‘RegisterRemoteFactory’ is not a member of ‘rpc::rpc’; did you mean ‘rpc::RegisterRemoteFactory’? [-Wtemplate-body]
  203 |       rpc::RegisterRemoteFactory<T>(0);
      |            ^~~~~~~~~~~~~~~~~~~~~
/home/vitaly/p/Prime-World/pw/branches/r1117/Src/Server/RPC/Interfaces.h:283:6: note: ‘rpc::RegisterRemoteFactory’ declared here
  283 | void RegisterRemoteFactory(T* instance=0);
      |      ^~~~~~~~~~~~~~~~~~~~~
/home/vitaly/p/Prime-World/pw/branches/r1117/Src/Server/RPC/RpcNode.h:203:35: error: expected primary-expression before ‘>’ token [-Wtemplate-body]
  203 |       rpc::RegisterRemoteFactory<T>(0);
      |                                   ^
/home/vitaly/p/Prime-World/pw/branches/r1117/Src/Server/RPC/RpcNode.h: In member function ‘T* rpc::Node::Create(const P0&, const P1&, const P2&)’:
/home/vitaly/p/Prime-World/pw/branches/r1117/Src/Server/RPC/RpcNode.h:224:12: error: ‘RegisterRemoteFactory’ is not a member of ‘rpc::rpc’; did you mean ‘rpc::RegisterRemoteFactory’? [-Wtemplate-body]
  224 |       rpc::RegisterRemoteFactory<T>(0);
      |            ^~~~~~~~~~~~~~~~~~~~~
/home/vitaly/p/Prime-World/pw/branches/r1117/Src/Server/RPC/Interfaces.h:283:6: note: ‘rpc::RegisterRemoteFactory’ declared here
  283 | void RegisterRemoteFactory(T* instance=0);
      |      ^~~~~~~~~~~~~~~~~~~~~
/home/vitaly/p/Prime-World/pw/branches/r1117/Src/Server/RPC/RpcNode.h:224:35: error: expected primary-expression before ‘>’ token [-Wtemplate-body]
  224 |       rpc::RegisterRemoteFactory<T>(0);
      |                                   ^
/home/vitaly/p/Prime-World/pw/branches/r1117/Src/Server/RPC/RpcNode.h: In member function ‘T* rpc::Node::Create(const P0&, const P1&, const P2&, const P3&)’:
/home/vitaly/p/Prime-World/pw/branches/r1117/Src/Server/RPC/RpcNode.h:245:12: error: ‘RegisterRemoteFactory’ is not a member of ‘rpc::rpc’; did you mean ‘rpc::RegisterRemoteFactory’? [-Wtemplate-body]
  245 |       rpc::RegisterRemoteFactory<T>(0);
      |            ^~~~~~~~~~~~~~~~~~~~~
/home/vitaly/p/Prime-World/pw/branches/r1117/Src/Server/RPC/Interfaces.h:283:6: note: ‘rpc::RegisterRemoteFactory’ declared here
  283 | void RegisterRemoteFactory(T* instance=0);
      |      ^~~~~~~~~~~~~~~~~~~~~
/home/vitaly/p/Prime-World/pw/branches/r1117/Src/Server/RPC/RpcNode.h:245:35: error: expected primary-expression before ‘>’ token [-Wtemplate-body]
  245 |       rpc::RegisterRemoteFactory<T>(0);
      |                                   ^
/home/vitaly/p/Prime-World/pw/branches/r1117/Src/Server/RPC/RpcNode.h: In member function ‘bool rpc::Node::Query(const char*, H*, void (H::*)(P), const char*)’:
/home/vitaly/p/Prime-World/pw/branches/r1117/Src/Server/RPC/RpcNode.h:323:10: error: ‘RegisterRemoteFactory’ is not a member of ‘rpc::rpc’; did you mean ‘rpc::RegisterRemoteFactory’? [-Wtemplate-body]
  323 |     rpc::RegisterRemoteFactory<T>(0);
      |          ^~~~~~~~~~~~~~~~~~~~~
/home/vitaly/p/Prime-World/pw/branches/r1117/Src/Server/RPC/Interfaces.h:283:6: note: ‘rpc::RegisterRemoteFactory’ declared here
  283 | void RegisterRemoteFactory(T* instance=0);
      |      ^~~~~~~~~~~~~~~~~~~~~
/home/vitaly/p/Prime-World/pw/branches/r1117/Src/Server/RPC/RpcNode.h:323:33: error: expected primary-expression before ‘>’ token [-Wtemplate-body]
  323 |     rpc::RegisterRemoteFactory<T>(0);
      |                                 ^
/home/vitaly/p/Prime-World/pw/branches/r1117/Src/Server/RPC/RpcNode.h: In member function ‘bool rpc::Node::Query(const char*, H*, void (H::*)(P, C, int), C, float, const char*)’:
/home/vitaly/p/Prime-World/pw/branches/r1117/Src/Server/RPC/RpcNode.h:331:10: error: ‘RegisterRemoteFactory’ is not a member of ‘rpc::rpc’; did you mean ‘rpc::RegisterRemoteFactory’? [-Wtemplate-body]
  331 |     rpc::RegisterRemoteFactory<T>(0);
      |          ^~~~~~~~~~~~~~~~~~~~~
/home/vitaly/p/Prime-World/pw/branches/r1117/Src/Server/RPC/Interfaces.h:283:6: note: ‘rpc::RegisterRemoteFactory’ declared here
  283 | void RegisterRemoteFactory(T* instance=0);
      |      ^~~~~~~~~~~~~~~~~~~~~
/home/vitaly/p/Prime-World/pw/branches/r1117/Src/Server/RPC/RpcNode.h:331:33: error: expected primary-expression before ‘>’ token [-Wtemplate-body]
  331 |     rpc::RegisterRemoteFactory<T>(0);
      |                                 ^
/home/vitaly/p/Prime-World/pw/branches/r1117/Src/Server/RPC/RpcNode.h:334:51: error: ‘QueryFunctor’ in namespace ‘rpc::rpc’ does not name a template type [-Wtemplate-body]
  334 |       QueryFunctor<H, P, C>* qfunctor =  new rpc::QueryFunctor<H, P, C>(object, func, context);
      |                                                   ^~~~~~~~~~~~
/home/vitaly/p/Prime-World/pw/branches/r1117/Src/Server/RPC/RpcNode.h:334:65: error: expected primary-expression before ‘,’ token [-Wtemplate-body]
  334 |       QueryFunctor<H, P, C>* qfunctor =  new rpc::QueryFunctor<H, P, C>(object, func, context);
      |                                                                 ^
/home/vitaly/p/Prime-World/pw/branches/r1117/Src/Server/RPC/RpcNode.h: In member function ‘bool rpc::Node::Query(uint, uint, const char*, H*, void (H::*)(P), const char*, rpc::IRemoteEntityFactory*)’:
/home/vitaly/p/Prime-World/pw/branches/r1117/Src/Server/RPC/RpcNode.h:350:57: error: ‘QueryFunctorNoContext’ in namespace ‘rpc::rpc’ does not name a template type [-Wtemplate-body]
  350 |       QueryFunctorNoContext<H, P>* qfunctor =  new rpc::QueryFunctorNoContext<H, P>(object, func);
      |                                                         ^~~~~~~~~~~~~~~~~~~~~
/home/vitaly/p/Prime-World/pw/branches/r1117/Src/Server/RPC/RpcNode.h:350:80: error: expected primary-expression before ‘,’ token [-Wtemplate-body]
  350 |       QueryFunctorNoContext<H, P>* qfunctor =  new rpc::QueryFunctorNoContext<H, P>(object, func);
      |                                                                                ^
/home/vitaly/p/Prime-World/pw/branches/r1117/Src/Server/RPC/RpcNode.h: In member function ‘T* rpc::Node::get(uint)’:
/home/vitaly/p/Prime-World/pw/branches/r1117/Src/Server/RPC/RpcNode.h:366:44: error: ‘GetId’ is not a member of ‘rpc::rpc’; did you mean ‘rpc::GetId’? [-Wtemplate-body]
  366 |     return (T*)subNode->get(entityId, rpc::GetId<T>());
      |                                            ^~~~~
/home/vitaly/p/Prime-World/pw/branches/r1117/Src/Server/RPC/Interfaces.h:25:6: note: ‘rpc::GetId’ declared here
   25 | uint GetId();
      |      ^~~~~
/home/vitaly/p/Prime-World/pw/branches/r1117/Src/Server/RPC/RpcNode.h:366:51: error: expected primary-expression before ‘>’ token [-Wtemplate-body]
  366 |     return (T*)subNode->get(entityId, rpc::GetId<T>());
      |                                                   ^
/home/vitaly/p/Prime-World/pw/branches/r1117/Src/Server/RPC/RpcNode.h:366:53: error: expected primary-expression before ‘)’ token [-Wtemplate-body]
  366 |     return (T*)subNode->get(entityId, rpc::GetId<T>());
      |                                                     ^
/home/vitaly/p/Prime-World/pw/branches/r1117/Src/Server/RPC/RpcNode.h: In member function ‘rpc::IPacketPipe* rpc::Node::GetPipe()’:
/home/vitaly/p/Prime-World/pw/branches/r1117/Src/Server/RPC/RpcNode.h:386:12: error: invalid conversion from ‘int’ to ‘rpc::IPacketPipe*’ [-fpermissive]
  386 |     return pipe;
      |            ^~~~
      |            |
      |            int
/home/vitaly/p/Prime-World/pw/branches/r1117/Src/Server/RPC/RpcGate.h: In member function ‘void rpc::Gate::Dereplicate(T&, rpc::Node&)’:
/home/vitaly/p/Prime-World/pw/branches/r1117/Src/Server/RPC/RpcGate.h:133:23: error: cannot convert ‘rpc::EntityHandler*’ to ‘rpc::rpc::EntityHandler*’ [-Wtemplate-body]
  133 |     node.RemoveEntity(handler, index);
      |                       ^~~~~~~
      |                       |
      |                       rpc::EntityHandler*
/home/vitaly/p/Prime-World/pw/branches/r1117/Src/Server/RPC/RpcNode.h:400:49: note: initializing argument 1 of ‘virtual void rpc::Node::RemoveEntity(rpc::rpc::EntityHandler*, int)’
  400 |   virtual void RemoveEntity(rpc::EntityHandler* handler, int index) { registrator.RemoveEntity(handler, index); }
      |                             ~~~~~~~~~~~~~~~~~~~~^~~~~~~
/home/vitaly/p/Prime-World/pw/branches/r1117/Src/Server/RPC/Base.h: In function ‘uint rpc::GetId(T*, IdType)’:
/home/vitaly/p/Prime-World/pw/branches/r1117/Src/Server/RPC/Base.h:29:35: error: ‘IRemoteEntity’ is not a member of ‘rpc::rpc’; did you mean ‘rpc::IRemoteEntity’? [-Wtemplate-body]
   29 |     idType = (SUPERSUBCLASS( rpc::IRemoteEntity, T ))?RemoteType:_idType;
      |                                   ^~~~~~~~~~~~~
/home/vitaly/p/Prime-World/pw/branches/r1117/Src/System/MetaProg.h:268:27: note: in definition of macro ‘SUPERSUBCLASS’
  268 |     ::Meta::SuperSubclass<T,U>::value
      |                           ^
/home/vitaly/p/Prime-World/pw/branches/r1117/Src/Server/RPC/IRemoteEntity.h:39:12: note: ‘rpc::IRemoteEntity’ declared here
   39 | _interface IRemoteEntity : public IBaseInterfaceMT
      |            ^~~~~~~~~~~~~
/home/vitaly/p/Prime-World/pw/branches/r1117/Src/System/MetaProg.h:268:30: error: template argument 1 is invalid [-Wtemplate-body]
  268 |     ::Meta::SuperSubclass<T,U>::value
      |                              ^
/home/vitaly/p/Prime-World/pw/branches/r1117/Src/Server/RPC/Base.h:29:15: note: in expansion of macro ‘SUPERSUBCLASS’
   29 |     idType = (SUPERSUBCLASS( rpc::IRemoteEntity, T ))?RemoteType:_idType;
      |               ^~~~~~~~~~~~~
/home/vitaly/p/Prime-World/pw/branches/r1117/Src/Server/RPC/RPC.h: At global scope:
/home/vitaly/p/Prime-World/pw/branches/r1117/Src/Server/RPC/RPC.h:33:32: error: ‘IRemoteEntity’ in namespace ‘rpc::rpc’ does not name a type
   33 |   void* GetLocalPtr(const rpc::IRemoteEntity* value);
      |                                ^~~~~~~~~~~~~
/home/vitaly/p/Prime-World/pw/branches/r1117/Src/Server/RPC/RPC.h: In function ‘P* LocalPtr(const rpc::IRemoteEntity*)’:
/home/vitaly/p/Prime-World/pw/branches/r1117/Src/Server/RPC/RPC.h:46:98: error: cannot convert ‘const rpc::IRemoteEntity*’ to ‘const int*’ [-Wtemplate-body]
   46 | template <typename P> P* LocalPtr(const rpc::IRemoteEntity* value) { return (P*)rpc::GetLocalPtr(value); }
      |                                                                                                  ^~~~~
      |                                                                                                  |
      |                                                                                                  const rpc::IRemoteEntity*
/home/vitaly/p/Prime-World/pw/branches/r1117/Src/Server/RPC/RPC.h:33:47: note: initializing argument 1 of ‘void* rpc::GetLocalPtr(const int*)’
   33 |   void* GetLocalPtr(const rpc::IRemoteEntity* value);
      |                     ~~~~~~~~~~~~~~~~~~~~~~~~~~^~~~~
In file included from /home/vitaly/p/Prime-World/pw/branches/r1117/Src/Server/Chat/ChatSvc/RChatClientIface.auto.h:7:
/home/vitaly/p/Prime-World/pw/branches/r1117/Src/Server/Chat/ChatSvc/RChatClientIfaceCallback.auto.h: In member function ‘virtual void chat::RIChatClientCallback::OnRegisterUser(chat::SessionId, chat::UserId, int)’:
/home/vitaly/p/Prime-World/pw/branches/r1117/Src/Server/Chat/ChatSvc/RChatClientIfaceCallback.auto.h:42:14: error: ‘class rpc::EntityHandler’ has no member named ‘Go’
   42 |     handler->Go(handler->Call( 0, _sid, _userid, _rc ));
      |              ^~
/home/vitaly/p/Prime-World/pw/branches/r1117/Src/Server/Chat/ChatSvc/RChatClientIfaceCallback.auto.h:42:26: error: ‘class rpc::EntityHandler’ has no member named ‘Call’
   42 |     handler->Go(handler->Call( 0, _sid, _userid, _rc ));
      |                          ^~~~
/home/vitaly/p/Prime-World/pw/branches/r1117/Src/Server/Chat/ChatSvc/RChatClientIfaceCallback.auto.h: In member function ‘virtual void chat::RIChatClientCallback::OnJoinChannel(chat::SessionId, const chat::ChannelName&)’:
/home/vitaly/p/Prime-World/pw/branches/r1117/Src/Server/Chat/ChatSvc/RChatClientIfaceCallback.auto.h:46:14: error: ‘class rpc::EntityHandler’ has no member named ‘Go’
   46 |     handler->Go(handler->Call( 1, _sid, _chnlname ));
      |              ^~
/home/vitaly/p/Prime-World/pw/branches/r1117/Src/Server/Chat/ChatSvc/RChatClientIfaceCallback.auto.h:46:26: error: ‘class rpc::EntityHandler’ has no member named ‘Call’
   46 |     handler->Go(handler->Call( 1, _sid, _chnlname ));
      |                          ^~~~
/home/vitaly/p/Prime-World/pw/branches/r1117/Src/Server/Chat/ChatSvc/RChatClientIfaceCallback.auto.h: In member function ‘virtual void chat::RIChatClientCallback::OnNewMessage(chat::SessionId, const chat::ChannelName&, const chat::NickName&, chat::CustomId, const nstl::wstring&, const nstl::wstring&)’:
/home/vitaly/p/Prime-World/pw/branches/r1117/Src/Server/Chat/ChatSvc/RChatClientIfaceCallback.auto.h:50:14: error: ‘class rpc::EntityHandler’ has no member named ‘Go’
   50 |     handler->Go(handler->Call( 2, _sid, _chnlname, _nickname, _useridGlobal, _sourceMsg, _fiteredMsg ));
      |              ^~
/home/vitaly/p/Prime-World/pw/branches/r1117/Src/Server/Chat/ChatSvc/RChatClientIfaceCallback.auto.h:50:26: error: ‘class rpc::EntityHandler’ has no member named ‘Call’
   50 |     handler->Go(handler->Call( 2, _sid, _chnlname, _nickname, _useridGlobal, _sourceMsg, _fiteredMsg ));
      |                          ^~~~
/home/vitaly/p/Prime-World/pw/branches/r1117/Src/Server/Chat/ChatSvc/RChatClientIfaceCallback.auto.h: In member function ‘virtual rpc::IUpdateCallback* chat::RIChatClientCallback::GetUpdateCallback()’:
/home/vitaly/p/Prime-World/pw/branches/r1117/Src/Server/Chat/ChatSvc/RChatClientIfaceCallback.auto.h:77:143: error: cannot convert ‘StrongMT<rpc::IRemoteEntity>’ to ‘int*’
   77 |   virtual rpc::IUpdateCallback* GetUpdateCallback() { StrongMT<rpc::IRemoteEntity> _parent = parent.Lock(); return handler->GetUpdateCallback(_parent); }
      |                                                                                                                                               ^~~~~~~
      |                                                                                                                                               |
      |                                                                                                                                               StrongMT<rpc::IRemoteEntity>
/home/vitaly/p/Prime-World/pw/branches/r1117/Src/Server/RPC/RpcEntityHandler.h:56:58: note: initializing argument 1 of ‘rpc::IUpdateCallback* rpc::EntityHandler::GetUpdateCallback(int*)’
   56 |   IUpdateCallback* GetUpdateCallback(rpc::IRemoteEntity* parent) { return updateCallback?updateCallback:(parent?parent->GetUpdateCallback():0); }
      |                                      ~~~~~~~~~~~~~~~~~~~~^~~~~~
/home/vitaly/p/Prime-World/pw/branches/r1117/Src/Server/Chat/ChatSvc/RChatClientIfaceCallback.auto.h: In member function ‘virtual rpc::Status chat::RIChatClientCallback::GetStatus()’:
/home/vitaly/p/Prime-World/pw/branches/r1117/Src/Server/Chat/ChatSvc/RChatClientIfaceCallback.auto.h:79:53: error: ‘class rpc::EntityHandler’ has no member named ‘GetStatus’
   79 |   virtual rpc::Status GetStatus() { return handler->GetStatus(); }
      |                                                     ^~~~~~~~~
/home/vitaly/p/Prime-World/pw/branches/r1117/Src/Server/Chat/ChatSvc/RChatClientIface.auto.h: In member function ‘rpc::ECallResult::Enum chat::RIChatClient::RegisterUser(chat::CustomId, chat::CustomId, const chat::NickName&, chat::IChatClientCallback*, T*, void (T::*)(int))’:
/home/vitaly/p/Prime-World/pw/branches/r1117/Src/Server/Chat/ChatSvc/RChatClientIface.auto.h:47:46: error: ‘class rpc::EntityHandler’ has no member named ‘Call’ [-Wtemplate-body]
   47 |     rpc::Transaction* transaction = handler->Call( 0, _sidGlobal, _useridGlobal, _nickname, RemotePtr<RIChatClientCallback>(_cb) );
      |                                              ^~~~
/home/vitaly/p/Prime-World/pw/branches/r1117/Src/Server/Chat/ChatSvc/RChatClientIface.auto.h:51:23: error: ‘class rpc::EntityHandler’ has no member named ‘Go’ [-Wtemplate-body]
   51 |       return handler->Go(transaction);
      |                       ^~
/home/vitaly/p/Prime-World/pw/branches/r1117/Src/Server/Chat/ChatSvc/RChatClientIface.auto.h: In member function ‘rpc::ECallResult::Enum chat::RIChatClient::RegisterUser(chat::CustomId, chat::CustomId, const chat::NickName&, chat::IChatClientCallback*, T*, void (T::*)(int, C, rpc::CallStatus), const C&, float)’:
/home/vitaly/p/Prime-World/pw/branches/r1117/Src/Server/Chat/ChatSvc/RChatClientIface.auto.h:60:46: error: ‘class rpc::EntityHandler’ has no member named ‘Call’ [-Wtemplate-body]
   60 |     rpc::Transaction* transaction = handler->Call( 0, _sidGlobal, _useridGlobal, _nickname, RemotePtr<RIChatClientCallback>(_cb) );
      |                                              ^~~~
/home/vitaly/p/Prime-World/pw/branches/r1117/Src/Server/Chat/ChatSvc/RChatClientIface.auto.h:64:23: error: ‘class rpc::EntityHandler’ has no member named ‘Go’ [-Wtemplate-body]
   64 |       return handler->Go(transaction);
      |                       ^~
/home/vitaly/p/Prime-World/pw/branches/r1117/Src/Server/Chat/ChatSvc/RChatClientIface.auto.h: In member function ‘void chat::RIChatClient::SendMsg(chat::SessionId, const chat::ChannelName&, chat::UserId, const nstl::wstring&)’:
/home/vitaly/p/Prime-World/pw/branches/r1117/Src/Server/Chat/ChatSvc/RChatClientIface.auto.h:71:14: error: ‘class rpc::EntityHandler’ has no member named ‘Go’
   71 |     handler->Go(handler->Call( 1, _sid, _chnlname, _from, _msg ));
      |              ^~
/home/vitaly/p/Prime-World/pw/branches/r1117/Src/Server/Chat/ChatSvc/RChatClientIface.auto.h:71:26: error: ‘class rpc::EntityHandler’ has no member named ‘Call’
   71 |     handler->Go(handler->Call( 1, _sid, _chnlname, _from, _msg ));
      |                          ^~~~
/home/vitaly/p/Prime-World/pw/branches/r1117/Src/Server/Chat/ChatSvc/RChatClientIface.auto.h: In member function ‘void chat::RIChatClient::UnregisterUser(chat::CustomId, chat::UserId)’:
/home/vitaly/p/Prime-World/pw/branches/r1117/Src/Server/Chat/ChatSvc/RChatClientIface.auto.h:75:14: error: ‘class rpc::EntityHandler’ has no member named ‘Go’
   75 |     handler->Go(handler->Call( 2, _sidGlobal, _useridLocal ));
      |              ^~
/home/vitaly/p/Prime-World/pw/branches/r1117/Src/Server/Chat/ChatSvc/RChatClientIface.auto.h:75:26: error: ‘class rpc::EntityHandler’ has no member named ‘Call’
   75 |     handler->Go(handler->Call( 2, _sidGlobal, _useridLocal ));
      |                          ^~~~
/home/vitaly/p/Prime-World/pw/branches/r1117/Src/Server/Chat/ChatSvc/RChatClientIface.auto.h: In member function ‘virtual rpc::IUpdateCallback* chat::RIChatClient::GetUpdateCallback()’:
/home/vitaly/p/Prime-World/pw/branches/r1117/Src/Server/Chat/ChatSvc/RChatClientIface.auto.h:102:143: error: cannot convert ‘StrongMT<rpc::IRemoteEntity>’ to ‘int*’
  102 |   virtual rpc::IUpdateCallback* GetUpdateCallback() { StrongMT<rpc::IRemoteEntity> _parent = parent.Lock(); return handler->GetUpdateCallback(_parent); }
      |                                                                                                                                               ^~~~~~~
      |                                                                                                                                               |
      |                                                                                                                                               StrongMT<rpc::IRemoteEntity>
/home/vitaly/p/Prime-World/pw/branches/r1117/Src/Server/RPC/RpcEntityHandler.h:56:58: note: initializing argument 1 of ‘rpc::IUpdateCallback* rpc::EntityHandler::GetUpdateCallback(int*)’
   56 |   IUpdateCallback* GetUpdateCallback(rpc::IRemoteEntity* parent) { return updateCallback?updateCallback:(parent?parent->GetUpdateCallback():0); }
      |                                      ~~~~~~~~~~~~~~~~~~~~^~~~~~
/home/vitaly/p/Prime-World/pw/branches/r1117/Src/Server/Chat/ChatSvc/RChatClientIface.auto.h: In member function ‘virtual rpc::Status chat::RIChatClient::GetStatus()’:
/home/vitaly/p/Prime-World/pw/branches/r1117/Src/Server/Chat/ChatSvc/RChatClientIface.auto.h:104:53: error: ‘class rpc::EntityHandler’ has no member named ‘GetStatus’
  104 |   virtual rpc::Status GetStatus() { return handler->GetStatus(); }
      |                                                     ^~~~~~~~~
In file included from /home/vitaly/p/Prime-World/pw/branches/r1117/Src/Server/RPC/GateKeeper.h:4,
                 from /home/vitaly/p/Prime-World/pw/branches/r1117/Src/Server/RPC/IfaceRequester.h:4,
                 from /home/vitaly/p/Prime-World/pw/branches/r1117/Src/Game/PF/Client/GameChatClient/GameChatClient.h:3:
/home/vitaly/p/Prime-World/pw/branches/r1117/Src/Server/RPC/TransportPipe.h: At global scope:
/home/vitaly/p/Prime-World/pw/branches/r1117/Src/Server/RPC/TransportPipe.h:9:6: error: ‘IPacketPipe’ in namespace ‘rpc::rpc’ does not name a type; did you mean ‘MultiPacketPipe’?
    9 | rpc::IPacketPipe::PipeInfo::Status ConvertStatus(Transport::IChannel* channel);
      |      ^~~~~~~~~~~
      |      MultiPacketPipe
In file included from /home/vitaly/p/Prime-World/pw/branches/r1117/Src/Server/RPC/GateKeeper.h:8:
/home/vitaly/p/Prime-World/pw/branches/r1117/Src/Server/RPC/PollJob.h:19:76: error: ‘rpc::rpc::Node’ has not been declared; did you mean ‘rpc::rpc::INode’?
   19 |     CloseChannelJob( IGateKeeperCallback * cb, Transport::IChannel * chnl, rpc::Node * node,
      |                                                                            ^~~
/home/vitaly/p/Prime-World/pw/branches/r1117/Src/Server/RPC/PollJob.h:24:70: error: ‘rpc::rpc::Node’ has not been declared; did you mean ‘rpc::rpc::INode’?
   24 |     void Init( IGateKeeperCallback * cb, Transport::IChannel * chnl, rpc::Node * node );
      |                                                                      ^~~
/home/vitaly/p/Prime-World/pw/branches/r1117/Src/Server/RPC/PollJob.h:31:19: error: ‘Node’ is not a member of ‘rpc::rpc’; did you mean ‘INode’?
   31 |     StrongMT<rpc::Node> node_;
      |                   ^~~~
      |                   INode
/home/vitaly/p/Prime-World/pw/branches/r1117/Src/Server/RPC/PollJob.h:31:23: error: template argument 1 is invalid
   31 |     StrongMT<rpc::Node> node_;
      |                       ^
/home/vitaly/p/Prime-World/pw/branches/r1117/Src/Server/RPC/GateKeeper.h:27:61: error: ‘rpc::rpc::Node’ has not been declared; did you mean ‘rpc::rpc::INode’?
   27 |     virtual void OnNewNode( Transport::IChannel * channel,  rpc::Node * node ) = 0;
      |                                                             ^~~
/home/vitaly/p/Prime-World/pw/branches/r1117/Src/Server/RPC/GateKeeper.h:30:66: error: ‘rpc::rpc::Node’ has not been declared; did you mean ‘rpc::rpc::INode’?
   30 |     virtual void OnChannelClosed( Transport::IChannel * channel, rpc::Node * node ) = 0;
      |                                                                  ^~~
/home/vitaly/p/Prime-World/pw/branches/r1117/Src/Server/RPC/GateKeeper.h:33:64: error: ‘rpc::rpc::Node’ has not been declared; did you mean ‘rpc::rpc::INode’?
   33 |     virtual void OnCorruptData( Transport::IChannel * channel, rpc::Node * node ) = 0;
      |                                                                ^~~
/home/vitaly/p/Prime-World/pw/branches/r1117/Src/Server/RPC/GateKeeper.h:41:3: error: expected class-name before ‘{’ token
   41 |   {
      |   ^
/home/vitaly/p/Prime-World/pw/branches/r1117/Src/Server/RPC/GateKeeper.h:55:10: error: ‘Gate’ in namespace ‘rpc::rpc’ does not name a type
   55 |     rpc::Gate * GetGate() const
      |          ^~~~
/home/vitaly/p/Prime-World/pw/branches/r1117/Src/Server/RPC/GateKeeper.h:65:19: error: ‘Node’ is not a member of ‘rpc::rpc’; did you mean ‘INode’?
   65 |     StrongMT<rpc::Node> RequestNode( const Transport::TServiceId& destination );
      |                   ^~~~
      |                   INode
/home/vitaly/p/Prime-World/pw/branches/r1117/Src/Server/RPC/GateKeeper.h:65:23: error: template argument 1 is invalid
   65 |     StrongMT<rpc::Node> RequestNode( const Transport::TServiceId& destination );
      |                       ^
/home/vitaly/p/Prime-World/pw/branches/r1117/Src/Server/RPC/GateKeeper.h:70:19: error: ‘Node’ is not a member of ‘rpc::rpc’; did you mean ‘INode’?
   70 |     StrongMT<rpc::Node> GetNode( const Transport::TServiceId& destination ) const;
      |                   ^~~~
      |                   INode
/home/vitaly/p/Prime-World/pw/branches/r1117/Src/Server/RPC/GateKeeper.h:70:23: error: template argument 1 is invalid
   70 |     StrongMT<rpc::Node> GetNode( const Transport::TServiceId& destination ) const;
      |                       ^
/home/vitaly/p/Prime-World/pw/branches/r1117/Src/Server/RPC/GateKeeper.h:93:19: error: ‘list’ in namespace ‘rpc::nstl’ does not name a template type
   93 |     typedef nstl::list<WeakMT<IGateKeeperCallback> > CallbacksT;
      |                   ^~~~
/home/vitaly/p/Prime-World/pw/branches/r1117/Src/Server/RPC/GateKeeper.h:95:5: error: ‘CallbacksT’ does not name a type
   95 |     CallbacksT callbacks;
      |     ^~~~~~~~~~
/home/vitaly/p/Prime-World/pw/branches/r1117/Src/Server/RPC/GateKeeper.h:100:19: error: ‘Gate’ is not a member of ‘rpc::rpc’; did you mean ‘rpc::Gate’?
  100 |     StrongMT<rpc::Gate> gate;
      |                   ^~~~
/home/vitaly/p/Prime-World/pw/branches/r1117/Src/Server/RPC/RpcGate.h:31:7: note: ‘rpc::Gate’ declared here
   31 | class Gate : public BaseObjectMT
      |       ^~~~
/home/vitaly/p/Prime-World/pw/branches/r1117/Src/Server/RPC/GateKeeper.h:100:23: error: template argument 1 is invalid
  100 |     StrongMT<rpc::Gate> gate;
      |                       ^
/home/vitaly/p/Prime-World/pw/branches/r1117/Src/Server/RPC/GateKeeper.h:108:33: error: ‘rpc::rpc::IPacketPipe’ has not been declared; did you mean ‘rpc::rpc::MultiPacketPipe’?
  108 |     virtual void OnCorruptData( rpc::IPacketPipe * _pipe );
      |                                 ^~~
/home/vitaly/p/Prime-World/pw/branches/r1117/Src/Server/RPC/GateKeeper.h:109:27: error: ‘IPacketPipe’ is not a member of ‘rpc::rpc’; did you mean ‘MultiPacketPipe’?
  109 |     virtual StrongMT<rpc::IPacketPipe> ConnectToPipe( const char* name, const GUID& id);
      |                           ^~~~~~~~~~~
      |                           MultiPacketPipe
/home/vitaly/p/Prime-World/pw/branches/r1117/Src/Server/RPC/GateKeeper.h:109:38: error: template argument 1 is invalid
  109 |     virtual StrongMT<rpc::IPacketPipe> ConnectToPipe( const char* name, const GUID& id);
      |                                      ^
In file included from /home/vitaly/p/Prime-World/pw/branches/r1117/Src/System/../System/Pointers/BasicFactory.h:4,
                 from /home/vitaly/p/Prime-World/pw/branches/r1117/Src/System/../System/Pointers/BaseInterface.h:5,
                 from /home/vitaly/p/Prime-World/pw/branches/r1117/Src/System/../System/Pointers/Pointers.h:4:
/home/vitaly/p/Prime-World/pw/branches/r1117/Src/Server/RPC/GateKeeper.h: In member function ‘void* rpc::GateKeeperBase::StaticGetRawClassPointer(ni_detail::ClassTypeId)’:
/home/vitaly/p/Prime-World/pw/branches/r1117/Src/Server/RPC/GateKeeper.h:42:69: error: ‘rpc::rpc::IPipeProcessor’ has not been declared
   42 |     NI_DECLARE_REFCOUNT_CLASS_2( GateKeeperBase, BaseObjectMT, rpc::IPipeProcessor )
      |                                                                     ^~~~~~~~~~~~~~
/home/vitaly/p/Prime-World/pw/branches/r1117/Src/System/../System/Pointers/BasicType.h:63:23: note: in definition of macro ‘NI_DECLARE_BASE’
   63 |     if ( void * ptr = baseclass::GetRawClassPointer( ctid ) ) return ptr; \
      |                       ^~~~~~~~~
/home/vitaly/p/Prime-World/pw/branches/r1117/Src/Server/RPC/GateKeeper.h:42:5: note: in expansion of macro ‘NI_DECLARE_REFCOUNT_CLASS_2’
   42 |     NI_DECLARE_REFCOUNT_CLASS_2( GateKeeperBase, BaseObjectMT, rpc::IPipeProcessor )
      |     ^~~~~~~~~~~~~~~~~~~~~~~~~~~
/home/vitaly/p/Prime-World/pw/branches/r1117/Src/Server/RPC/GateKeeper.h: At global scope:
/home/vitaly/p/Prime-World/pw/branches/r1117/Src/Server/RPC/GateKeeper.h:136:56: error: ‘string’ is not a member of ‘rpc::nstl’
  136 |      Network::NetAddress const & listenAddress = nstl::string());
      |                                                        ^~~~~~
/home/vitaly/p/Prime-World/pw/branches/r1117/Src/Server/RPC/GateKeeper.h:136:56: note: suggested alternatives:
/usr/lib/gcc/x86_64-pc-linux-gnu/15/include/g++-v15/bits/stringfwd.h:79:33: note:   ‘std::string’
   79 |   typedef basic_string<char>    string;
      |                                 ^~~~~~
/home/vitaly/p/Prime-World/pw/branches/r1117/Src/System/../System/nstring.h:1168:28: note:   ‘nstl::string’
 1168 | typedef basic_string<char> string;
      |                            ^~~~~~
/usr/lib/gcc/x86_64-pc-linux-gnu/15/include/g++-v15/string:80:11: note:   ‘std::pmr::string’
   80 |     using string    = basic_string<char>;
      |           ^~~~~~
/home/vitaly/p/Prime-World/pw/branches/r1117/Src/Server/RPC/GateKeeper.h:194:16: error: ‘Node’ is not a member of ‘rpc::rpc’; did you mean ‘INode’?
  194 |  StrongMT<rpc::Node> LockNode() { return node.Lock(); }
      |                ^~~~
      |                INode
/home/vitaly/p/Prime-World/pw/branches/r1117/Src/Server/RPC/GateKeeper.h:194:20: error: template argument 1 is invalid
  194 |  StrongMT<rpc::Node> LockNode() { return node.Lock(); }
      |                    ^
/home/vitaly/p/Prime-World/pw/branches/r1117/Src/Server/RPC/GateKeeper.h:195:16: error: ‘rpc::rpc::Node’ has not been declared; did you mean ‘rpc::rpc::INode’?
  195 |  void SetNode( rpc::Node * _node ) { node = _node; }
      |                ^~~
/home/vitaly/p/Prime-World/pw/branches/r1117/Src/Server/RPC/GateKeeper.h:206:15: error: ‘Node’ is not a member of ‘rpc::rpc’; did you mean ‘INode’?
  206 |   WeakMT<rpc::Node> node;
      |               ^~~~
      |               INode
/home/vitaly/p/Prime-World/pw/branches/r1117/Src/Server/RPC/GateKeeper.h:206:19: error: template argument 1 is invalid
  206 |   WeakMT<rpc::Node> node;
      |                   ^
/home/vitaly/p/Prime-World/pw/branches/r1117/Src/Server/RPC/GateKeeper.h:208:9: error: ‘vector’ in namespace ‘rpc::nstl’ does not name a template type
  208 |   nstl::vector<byte> dataCache;
      |         ^~~~~~
/home/vitaly/p/Prime-World/pw/branches/r1117/Src/Server/RPC/GateKeeper.h: In member function ‘int rpc::TransportPipe::LockNode()’:
/home/vitaly/p/Prime-World/pw/branches/r1117/Src/Server/RPC/GateKeeper.h:194:47: error: request for member ‘Lock’ in ‘((rpc::TransportPipe*)this)->rpc::TransportPipe::node’, which is of non-class type ‘int’
  194 |  StrongMT<rpc::Node> LockNode() { return node.Lock(); }
      |                                               ^~~~
/home/vitaly/p/Prime-World/pw/branches/r1117/Src/Server/RPC/GateKeeper.h: In member function ‘void rpc::TransportPipe::SetNode(int*)’:
/home/vitaly/p/Prime-World/pw/branches/r1117/Src/Server/RPC/GateKeeper.h:195:45: error: invalid conversion from ‘int*’ to ‘int’ [-fpermissive]
  195 |  void SetNode( rpc::Node * _node ) { node = _node; }
      |                                             ^~~~~
      |                                             |
      |                                             int*
/home/vitaly/p/Prime-World/pw/branches/r1117/Src/Server/RPC/GateKeeper.h:195:45: note: possible fix: dereference with ‘*’
  195 |  void SetNode( rpc::Node * _node ) { node = _node; }
      |                                             ^~~~~
      |                                             *
/home/vitaly/p/Prime-World/pw/branches/r1117/Src/Server/RPC/IfaceRequester.h: At global scope:
/home/vitaly/p/Prime-World/pw/branches/r1117/Src/Server/RPC/IfaceRequester.h:33:35: error: ‘rpc::rpc::IfaceRequesterState’ has not been declared [-Wtemplate-body]
   33 |   virtual void onChangeState(rpc::IfaceRequesterState::Enum st, StrongMT<rpc::IfaceRequester<T> > const & ifacereq) = 0;
      |                                   ^~~~~~~~~~~~~~~~~~~
/home/vitaly/p/Prime-World/pw/branches/r1117/Src/Server/RPC/IfaceRequester.h:33:61: error: expected ‘,’ or ‘...’ before ‘st’ [-Wtemplate-body]
   33 |   virtual void onChangeState(rpc::IfaceRequesterState::Enum st, StrongMT<rpc::IfaceRequester<T> > const & ifacereq) = 0;
      |                                                             ^~
/home/vitaly/p/Prime-World/pw/branches/r1117/Src/Server/RPC/IfaceRequester.h:37:55: error: expected class-name before ‘,’ token [-Wtemplate-body]
   37 | class IfaceRequester : public rpc::IGateKeeperCallback, public BaseObjectMT
      |                                                       ^
/home/vitaly/p/Prime-World/pw/branches/r1117/Src/Server/RPC/IfaceRequester.h:41:17: error: ‘GateKeeperBase’ is not a member of ‘rpc::rpc’; did you mean ‘rpc::GateKeeperBase’? [-Wtemplate-body]
   41 |   StrongMT<rpc::GateKeeperBase> gk;
      |                 ^~~~~~~~~~~~~~
/home/vitaly/p/Prime-World/pw/branches/r1117/Src/Server/RPC/GateKeeper.h:40:9: note: ‘rpc::GateKeeperBase’ declared here
   40 |   class GateKeeperBase : public BaseObjectMT, public rpc::IPipeProcessor
      |         ^~~~~~~~~~~~~~
/home/vitaly/p/Prime-World/pw/branches/r1117/Src/Server/RPC/IfaceRequester.h:41:31: error: template argument 1 is invalid [-Wtemplate-body]
   41 |   StrongMT<rpc::GateKeeperBase> gk;
      |                               ^
/home/vitaly/p/Prime-World/pw/branches/r1117/Src/Server/RPC/IfaceRequester.h:43:9: error: ‘string’ in namespace ‘rpc::nstl’ does not name a type [-Wtemplate-body]
   43 |   nstl::string ifacename_;
      |         ^~~~~~
/home/vitaly/p/Prime-World/pw/branches/r1117/Src/Server/RPC/IfaceRequester.h:44:17: error: ‘Node’ is not a member of ‘rpc::rpc’; did you mean ‘INode’? [-Wtemplate-body]
   44 |   StrongMT<rpc::Node> rpcNode;
      |                 ^~~~
      |                 INode
/home/vitaly/p/Prime-World/pw/branches/r1117/Src/Server/RPC/IfaceRequester.h:44:21: error: template argument 1 is invalid [-Wtemplate-body]
   44 |   StrongMT<rpc::Node> rpcNode;
      |                     ^
/home/vitaly/p/Prime-World/pw/branches/r1117/Src/Server/RPC/IfaceRequester.h:48:9: error: ‘string’ in namespace ‘rpc::nstl’ does not name a type [-Wtemplate-body]
   48 |   nstl::string logChnlNameBuf;
      |         ^~~~~~
/home/vitaly/p/Prime-World/pw/branches/r1117/Src/Server/RPC/IfaceRequester.h:50:9: error: ‘string’ in namespace ‘rpc::nstl’ does not name a type [-Wtemplate-body]
   50 |   nstl::string password;
      |         ^~~~~~
/home/vitaly/p/Prime-World/pw/branches/r1117/Src/Server/RPC/IfaceRequester.h:52:9: error: ‘vector’ in namespace ‘rpc::nstl’ does not name a template type [-Wtemplate-body]
   52 |   nstl::vector<IfaceRequesterState::Enum> stateHistory;
      |         ^~~~~~
/home/vitaly/p/Prime-World/pw/branches/r1117/Src/Server/RPC/IfaceRequester.h:116:13: error: ‘rpc::rpc::GateKeeperBase’ has not been declared [-Wtemplate-body]
  116 |   int init( rpc::GateKeeperBase * _gk, Transport::TServiceId const & _svcid,
      |             ^~~
/home/vitaly/p/Prime-World/pw/branches/r1117/Src/Server/RPC/IfaceRequester.h:197:39: error: ‘rpc::rpc::CallStatus’ has not been declared [-Wtemplate-body]
  197 |   void oncall(T* result, int context, rpc::CallStatus status)
      |                                       ^~~
/home/vitaly/p/Prime-World/pw/branches/r1117/Src/Server/RPC/IfaceRequester.h:269:17: error: ‘Node’ is not a member of ‘rpc::rpc’; did you mean ‘INode’? [-Wtemplate-body]
  269 |   StrongMT<rpc::Node> const & node() const { return rpcNode; }
      |                 ^~~~
      |                 INode
/home/vitaly/p/Prime-World/pw/branches/r1117/Src/Server/RPC/IfaceRequester.h:269:21: error: template argument 1 is invalid [-Wtemplate-body]
  269 |   StrongMT<rpc::Node> const & node() const { return rpcNode; }
      |                     ^
/home/vitaly/p/Prime-World/pw/branches/r1117/Src/Server/RPC/IfaceRequester.h:273:9: error: ‘string’ in namespace ‘rpc::nstl’ does not name a type [-Wtemplate-body]
  273 |   nstl::string const & ifacename() const { return this->ifacename_; }
      |         ^~~~~~
/home/vitaly/p/Prime-World/pw/branches/r1117/Src/Server/RPC/IfaceRequester.h:277:51: error: ‘rpc::rpc::Node’ has not been declared; did you mean ‘rpc::rpc::INode’? [-Wtemplate-body]
  277 |   void OnNewNode( Transport::IChannel * channel,  rpc::Node * node )
      |                                                   ^~~
/home/vitaly/p/Prime-World/pw/branches/r1117/Src/Server/RPC/IfaceRequester.h:282:57: error: ‘rpc::rpc::Node’ has not been declared; did you mean ‘rpc::rpc::INode’? [-Wtemplate-body]
  282 |   void OnChannelClosed( Transport::IChannel * channel,  rpc::Node * node )
      |                                                         ^~~
/home/vitaly/p/Prime-World/pw/branches/r1117/Src/Server/RPC/IfaceRequester.h:291:55: error: ‘rpc::rpc::Node’ has not been declared; did you mean ‘rpc::rpc::INode’? [-Wtemplate-body]
  291 |   void OnCorruptData( Transport::IChannel * channel,  rpc::Node * node )
      |                                                       ^~~
/home/vitaly/p/Prime-World/pw/branches/r1117/Src/Server/RPC/IfaceRequester.h: In member function ‘void* rpc::IfaceRequester<T>::StaticGetRawClassPointer(ni_detail::ClassTypeId)’:
/home/vitaly/p/Prime-World/pw/branches/r1117/Src/Server/RPC/IfaceRequester.h:39:52: error: ‘rpc::rpc::IGateKeeperCallback’ has not been declared [-Wtemplate-body]
   39 |   NI_DECLARE_REFCOUNT_CLASS_2(IfaceRequester, rpc::IGateKeeperCallback, BaseObjectMT);
      |                                                    ^~~~~~~~~~~~~~~~~~~
/home/vitaly/p/Prime-World/pw/branches/r1117/Src/System/../System/Pointers/BasicType.h:63:23: note: in definition of macro ‘NI_DECLARE_BASE’
   63 |     if ( void * ptr = baseclass::GetRawClassPointer( ctid ) ) return ptr; \
      |                       ^~~~~~~~~
/home/vitaly/p/Prime-World/pw/branches/r1117/Src/Server/RPC/IfaceRequester.h:39:3: note: in expansion of macro ‘NI_DECLARE_REFCOUNT_CLASS_2’
   39 |   NI_DECLARE_REFCOUNT_CLASS_2(IfaceRequester, rpc::IGateKeeperCallback, BaseObjectMT);
      |   ^~~~~~~~~~~~~~~~~~~~~~~~~~~
/home/vitaly/p/Prime-World/pw/branches/r1117/Src/Server/RPC/IfaceRequester.h: In constructor ‘rpc::IfaceRequester<T>::IfaceRequester(const char*)’:
/home/vitaly/p/Prime-World/pw/branches/r1117/Src/Server/RPC/IfaceRequester.h:68:7: error: ‘password’ was not declared in this scope; did you mean ‘_password’? [-Wtemplate-body]
   68 |       password = _password;
      |       ^~~~~~~~
      |       _password
/home/vitaly/p/Prime-World/pw/branches/r1117/Src/Server/RPC/IfaceRequester.h:70:5: error: ‘stateHistory’ was not declared in this scope; did you mean ‘MaxStateHistory’? [-Wtemplate-body]
   70 |     stateHistory.reserve( MaxStateHistory );
      |     ^~~~~~~~~~~~
      |     MaxStateHistory
/home/vitaly/p/Prime-World/pw/branches/r1117/Src/Server/RPC/IfaceRequester.h: In member function ‘rpc::IfaceRequesterState::Enum rpc::IfaceRequester<T>::PopNewState()’:
/home/vitaly/p/Prime-World/pw/branches/r1117/Src/Server/RPC/IfaceRequester.h:79:10: error: ‘stateHistory’ was not declared in this scope; did you mean ‘MaxStateHistory’? [-Wtemplate-body]
   79 |     if ( stateHistory.empty() )
      |          ^~~~~~~~~~~~
      |          MaxStateHistory
/home/vitaly/p/Prime-World/pw/branches/r1117/Src/Server/RPC/IfaceRequester.h:82:40: error: ‘stateHistory’ was not declared in this scope; did you mean ‘MaxStateHistory’? [-Wtemplate-body]
   82 |     IfaceRequesterState::Enum result = stateHistory.front();
      |                                        ^~~~~~~~~~~~
      |                                        MaxStateHistory
/home/vitaly/p/Prime-World/pw/branches/r1117/Src/Server/RPC/IfaceRequester.h: In member function ‘void rpc::IfaceRequester<T>::pushStateHistory(rpc::IfaceRequesterState::Enum)’:
/home/vitaly/p/Prime-World/pw/branches/r1117/Src/Server/RPC/IfaceRequester.h:90:10: error: ‘stateHistory’ was not declared in this scope; did you mean ‘MaxStateHistory’? [-Wtemplate-body]
   90 |     if ( stateHistory.size() >= MaxStateHistory )
      |          ^~~~~~~~~~~~
      |          MaxStateHistory
/home/vitaly/p/Prime-World/pw/branches/r1117/Src/Server/RPC/IfaceRequester.h:93:5: error: ‘stateHistory’ was not declared in this scope; did you mean ‘MaxStateHistory’? [-Wtemplate-body]
   93 |     stateHistory.push_back( _st );
      |     ^~~~~~~~~~~~
      |     MaxStateHistory
/home/vitaly/p/Prime-World/pw/branches/r1117/Src/Server/RPC/IfaceRequester.h: In member function ‘int rpc::IfaceRequester<T>::init(int*, const Transport::TServiceId&, const char*, NLogg::CChannelLogger*, const char*, rpc::IfaceRequesterCallback<T>*, NHPTimer::FTime, NHPTimer::FTime)’:
/home/vitaly/p/Prime-World/pw/branches/r1117/Src/Server/RPC/IfaceRequester.h:123:7: error: ‘logChnlNameBuf’ was not declared in this scope; did you mean ‘logChnlName’? [-Wtemplate-body]
  123 |       logChnlNameBuf = _chnlName;
      |       ^~~~~~~~~~~~~~
      |       logChnlName
/home/vitaly/p/Prime-World/pw/branches/r1117/Src/Server/RPC/IfaceRequester.h:140:11: error: ‘ifacename_’ was not declared in this scope; did you mean ‘_ifacename’? [-Wtemplate-body]
  140 |           ifacename_ = _ifacename;
      |           ^~~~~~~~~~
      |           _ifacename
/home/vitaly/p/Prime-World/pw/branches/r1117/Src/Server/RPC/IfaceRequester.h:142:11: error: base operand of ‘->’ is not a pointer [-Wtemplate-body]
  142 |         gk->attachNotificationCallback(this);
      |           ^~
/home/vitaly/p/Prime-World/pw/branches/r1117/Src/Server/RPC/IfaceRequester.h: In member function ‘void rpc::IfaceRequester<T>::oncall(T*, int, int)’:
/home/vitaly/p/Prime-World/pw/branches/r1117/Src/Server/RPC/IfaceRequester.h:201:14: error: ‘CallSuccessful’ is not a member of ‘rpc::rpc’; did you mean ‘rpc::CallSuccessful’? [-Wtemplate-body]
  201 |     if (rpc::CallSuccessful == status)
      |              ^~~~~~~~~~~~~~
/home/vitaly/p/Prime-World/pw/branches/r1117/Src/Server/RPC/Packets.h:24:3: note: ‘rpc::CallSuccessful’ declared here
   24 |   CallSuccessful,
      |   ^~~~~~~~~~~~~~
/home/vitaly/p/Prime-World/pw/branches/r1117/Src/Server/RPC/IfaceRequester.h:207:99: error: ‘ifacename_’ was not declared in this scope; did you mean ‘iface_’? [-Wtemplate-body]
  207 |         LOGL_M(logstrm, logChnlName).Trace( "Iface received. svcid=%s, iface=%s", svcid_.c_str(), ifacename_.c_str() );
      |                                                                                                   ^~~~~~~~~~
      |                                                                                                   iface_
/home/vitaly/p/Prime-World/pw/branches/r1117/Src/Server/RPC/IfaceRequester.h:212:123: error: ‘ifacename_’ was not declared in this scope; did you mean ‘iface_’? [-Wtemplate-body]
  212 |         LOGL_W(logstrm, logChnlName).Trace( "Iface received but NULL. svcid=%s, iface=%s, rpcsts=%s(%d)", svcid_.c_str(), ifacename_.c_str(), CallStatusToString( status ), (int)status);
      |                                                                                                                           ^~~~~~~~~~
      |                                                                                                                           iface_
/home/vitaly/p/Prime-World/pw/branches/r1117/Src/Server/RPC/IfaceRequester.h:218:135: error: ‘ifacename_’ was not declared in this scope; did you mean ‘iface_’? [-Wtemplate-body]
  218 |       LOGL_E(logstrm, logChnlName).Trace( "Iface request FAILED due to rpc error. svcid=%s, iface=%s, rpcsts=%s(%d)", svcid_.c_str(), ifacename_.c_str(), CallStatusToString( status ), (int)status);
      |                                                                                                                                       ^~~~~~~~~~
      |                                                                                                                                       iface_
/home/vitaly/p/Prime-World/pw/branches/r1117/Src/Server/RPC/IfaceRequester.h: In member function ‘int rpc::IfaceRequester<T>::step()’:
/home/vitaly/p/Prime-World/pw/branches/r1117/Src/Server/RPC/IfaceRequester.h:236:19: error: base operand of ‘->’ is not a pointer [-Wtemplate-body]
  236 |       rpcNode = gk->RequestNode(svcid_);
      |                   ^~
/home/vitaly/p/Prime-World/pw/branches/r1117/Src/Server/RPC/IfaceRequester.h:246:12: error: ‘ifacename_’ was not declared in this scope; did you mean ‘iface_’? [-Wtemplate-body]
  246 |       if ( ifacename_.empty() )
      |            ^~~~~~~~~~
      |            iface_
/home/vitaly/p/Prime-World/pw/branches/r1117/Src/Server/RPC/IfaceRequester.h:255:40: error: ‘Connected’ is not a member of ‘rpc::rpc’ [-Wtemplate-body]
  255 |       if ( iface_->GetStatus() == rpc::Connected )
      |                                        ^~~~~~~~~
/home/vitaly/p/Prime-World/pw/branches/r1117/Src/Server/RPC/IfaceRequester.h:255:40: note: suggested alternatives:
/home/vitaly/p/Prime-World/pw/branches/r1117/Src/Server/RPC/IRemoteEntity.h:33:3: note:   ‘rpc::Connected’
   33 |   Connected,
      |   ^~~~~~~~~
In file included from /home/vitaly/p/Prime-World/pw/branches/r1117/Src/Network/Network.h:5,
                 from /home/vitaly/p/Prime-World/pw/branches/r1117/Src/Network/Transport.h:2,
                 from /home/vitaly/p/Prime-World/pw/branches/r1117/Src/Server/RPC/Packets.h:4:
/home/vitaly/p/Prime-World/pw/branches/r1117/Src/Network/ConnectionState.h:15:7: note:   ‘Network::ConnectionState::Connected’
   15 |       Connected,
      |       ^~~~~~~~~
/home/vitaly/p/Prime-World/pw/branches/r1117/Src/Server/RPC/IfaceRequester.h: In member function ‘void rpc::IfaceRequester<T>::OnChannelClosed(Transport::IChannel*, int*)’:
/home/vitaly/p/Prime-World/pw/branches/r1117/Src/Server/RPC/IfaceRequester.h:284:26: error: request for member ‘Get’ in ‘((rpc::IfaceRequester<T>*)this)->rpc::IfaceRequester<T>::rpcNode’, which is of non-class type ‘int’ [-Wtemplate-body]
  284 |     if ( node == rpcNode.Get() )
      |                          ^~~
/home/vitaly/p/Prime-World/pw/branches/r1117/Src/Server/RPC/IfaceRequester.h: In member function ‘void rpc::IfaceRequester<T>::OnCorruptData(Transport::IChannel*, int*)’:
/home/vitaly/p/Prime-World/pw/branches/r1117/Src/Server/RPC/IfaceRequester.h:293:26: error: request for member ‘Get’ in ‘((rpc::IfaceRequester<T>*)this)->rpc::IfaceRequester<T>::rpcNode’, which is of non-class type ‘int’ [-Wtemplate-body]
  293 |     if ( node == rpcNode.Get() )
      |                          ^~~
In file included from /home/vitaly/p/Prime-World/pw/branches/r1117/Src/System/../System/nlist.h:36,
                 from /home/vitaly/p/Prime-World/pw/branches/r1117/Src/System/systemStdAfx.h:72:
/home/vitaly/p/Prime-World/pw/branches/r1117/Src/Server/RPC/IfaceRequester.h: In member function ‘void rpc::IfaceRequester<T>::_createInstance()’:
/home/vitaly/p/Prime-World/pw/branches/r1117/Src/Server/RPC/IfaceRequester.h:302:16: error: ‘ifacename_’ was not declared in this scope; did you mean ‘iface_’? [-Wtemplate-body]
  302 |     NI_VERIFY( ifacename_.empty(), "", return );
      |                ^~~~~~~~~~
/home/vitaly/p/Prime-World/pw/branches/r1117/Src/System/../System/Asserts.h:37:72: note: in definition of macro ‘NI_VERIFY’
   37 | #define NI_VERIFY( expr, user_text, statement ) { const bool bCheck = (expr); if ( !bCheck ) { statement; } }
      |                                                                        ^~~~
/home/vitaly/p/Prime-World/pw/branches/r1117/Src/Server/RPC/IfaceRequester.h:304:21: error: base operand of ‘->’ is not a pointer [-Wtemplate-body]
  304 |     iface_ = rpcNode->Create<T>();
      |                     ^~
/home/vitaly/p/Prime-World/pw/branches/r1117/Src/Server/RPC/IfaceRequester.h:304:31: error: expected primary-expression before ‘>’ token [-Wtemplate-body]
  304 |     iface_ = rpcNode->Create<T>();
      |                               ^
/home/vitaly/p/Prime-World/pw/branches/r1117/Src/Server/RPC/IfaceRequester.h:304:33: error: expected primary-expression before ‘)’ token [-Wtemplate-body]
  304 |     iface_ = rpcNode->Create<T>();
      |                                 ^
/home/vitaly/p/Prime-World/pw/branches/r1117/Src/Server/RPC/IfaceRequester.h: In member function ‘void rpc::IfaceRequester<T>::_requestInterface()’:
/home/vitaly/p/Prime-World/pw/branches/r1117/Src/Server/RPC/IfaceRequester.h:317:17: error: ‘ifacename_’ was not declared in this scope; did you mean ‘iface_’? [-Wtemplate-body]
  317 |     NI_VERIFY( !ifacename_.empty(), "", return );
      |                 ^~~~~~~~~~
/home/vitaly/p/Prime-World/pw/branches/r1117/Src/System/../System/Asserts.h:37:72: note: in definition of macro ‘NI_VERIFY’
   37 | #define NI_VERIFY( expr, user_text, statement ) { const bool bCheck = (expr); if ( !bCheck ) { statement; } }
      |                                                                        ^~~~
/home/vitaly/p/Prime-World/pw/branches/r1117/Src/Server/RPC/IfaceRequester.h:319:17: error: base operand of ‘->’ is not a pointer [-Wtemplate-body]
  319 |     if (!rpcNode->Query<T>(ifacename_.c_str(), this, &IfaceRequester<T>::oncall, 0, queryIfaceTimeout_, password.size()>0?password.c_str():0))
      |                 ^~
/home/vitaly/p/Prime-World/pw/branches/r1117/Src/Server/RPC/IfaceRequester.h:319:26: error: expected primary-expression before ‘>’ token [-Wtemplate-body]
  319 |     if (!rpcNode->Query<T>(ifacename_.c_str(), this, &IfaceRequester<T>::oncall, 0, queryIfaceTimeout_, password.size()>0?password.c_str():0))
      |                          ^
/home/vitaly/p/Prime-World/pw/branches/r1117/Src/Server/RPC/IfaceRequester.h:319:28: error: ‘ifacename_’ was not declared in this scope; did you mean ‘iface_’? [-Wtemplate-body]
  319 |     if (!rpcNode->Query<T>(ifacename_.c_str(), this, &IfaceRequester<T>::oncall, 0, queryIfaceTimeout_, password.size()>0?password.c_str():0))
      |                            ^~~~~~~~~~
      |                            iface_
/home/vitaly/p/Prime-World/pw/branches/r1117/Src/Server/RPC/IfaceRequester.h:319:105: error: ‘password’ was not declared in this scope [-Wtemplate-body]
  319 |     if (!rpcNode->Query<T>(ifacename_.c_str(), this, &IfaceRequester<T>::oncall, 0, queryIfaceTimeout_, password.size()>0?password.c_str():0))
      |                                                                                                         ^~~~~~~~
/home/vitaly/p/Prime-World/pw/branches/r1117/Src/Server/RPC/IfaceRequester.h:326:98: error: ‘ifacename_’ was not declared in this scope; did you mean ‘iface_’? [-Wtemplate-body]
  326 |     LOGL_M(logstrm, logChnlName).Trace("Query rpc interface(svcid=%s iface=%s)", svcid_.c_str(), ifacename_.c_str());
      |                                                                                                  ^~~~~~~~~~
      |                                                                                                  iface_
In file included from /home/vitaly/p/Prime-World/pw/branches/r1117/Src/Game/PF/Client/GameChatClient/GameChatClient.h:4:
/home/vitaly/p/Prime-World/pw/branches/r1117/Src/Server/RPC/LocalEntityFactory.h: At global scope:
/home/vitaly/p/Prime-World/pw/branches/r1117/Src/Server/RPC/LocalEntityFactory.h:11:16: error: ‘ILocalEntity’ in namespace ‘rpc::rpc’ does not name a type; did you mean ‘ILocalEntityFactory’?
   11 |   virtual rpc::ILocalEntity* Create(void* value, rpc::IEntityMap* entityMap)=0;
      |                ^~~~~~~~~~~~
      |                ILocalEntityFactory
/home/vitaly/p/Prime-World/pw/branches/r1117/Src/Server/RPC/LocalEntityFactory.h:19:16: error: ‘ILocalEntity’ in namespace ‘rpc::rpc’ does not name a type; did you mean ‘ILocalEntityFactory’? [-Wtemplate-body]
   19 |   virtual rpc::ILocalEntity* Create(void* value, rpc::IEntityMap* entityMap)
      |                ^~~~~~~~~~~~
      |                ILocalEntityFactory
/home/vitaly/p/Prime-World/pw/branches/r1117/Src/Server/RPC/LocalEntityFactory.h:28:16: error: ‘ILocalEntity’ in namespace ‘rpc::rpc’ does not name a type; did you mean ‘ILocalEntityFactory’? [-Wtemplate-body]
   28 |   virtual rpc::ILocalEntity* Create(void* value, rpc::IEntityMap* entityMap)
      |                ^~~~~~~~~~~~
      |                ILocalEntityFactory
/home/vitaly/p/Prime-World/pw/branches/r1117/Src/Server/RPC/LocalEntityFactory.h:34:55: error: invalid use of incomplete type ‘struct rpc::rpc::ILocalEntityFactory’
   34 | struct LocalEntityFactory : rpc::ILocalEntityFactory, NonCopyable
      |                                                       ^~~~~~~~~~~
/home/vitaly/p/Prime-World/pw/branches/r1117/Src/Server/RPC/RpcMultiPacketPipe.h:22:12: note: forward declaration of ‘struct rpc::rpc::ILocalEntityFactory’
   22 | _interface ILocalEntityFactory;
      |            ^~~~~~~~~~~~~~~~~~~
/home/vitaly/p/Prime-World/pw/branches/r1117/Src/Server/RPC/LocalEntityFactory.h:36:17: error: ‘hash_map’ in namespace ‘rpc::nstl’ does not name a template type
   36 |   typedef nstl::hash_map<uint, ILocalEntityCreator*> EntityConstructors;
      |                 ^~~~~~~~
/home/vitaly/p/Prime-World/pw/branches/r1117/Src/Server/RPC/LocalEntityFactory.h:38:32: error: expected ‘)’ before ‘*’ token
   38 |   LocalEntityFactory( rpc::Gate * _cache ) :
      |                     ~          ^~
      |                                )
/home/vitaly/p/Prime-World/pw/branches/r1117/Src/Server/RPC/LocalEntityFactory.h:71:16: error: ‘ILocalEntity’ in namespace ‘rpc::rpc’ does not name a type; did you mean ‘ILocalEntityFactory’?
   71 |   virtual rpc::ILocalEntity* Create(const rpc::LocalEntityCreationInfo& entityInfo, rpc::Arguments&, rpc::IEntityMap* entityMap)
      |                ^~~~~~~~~~~~
      |                ILocalEntityFactory
/home/vitaly/p/Prime-World/pw/branches/r1117/Src/Server/RPC/LocalEntityFactory.h:81:16: error: ‘ILocalEntity’ in namespace ‘rpc::rpc’ does not name a type; did you mean ‘ILocalEntityFactory’?
   81 |   virtual rpc::ILocalEntity* Create(uint classId, void* value, rpc::IEntityMap* entityMap)
      |                ^~~~~~~~~~~~
      |                ILocalEntityFactory
/home/vitaly/p/Prime-World/pw/branches/r1117/Src/Server/RPC/LocalEntityFactory.h:90:25: error: ‘rpc::rpc::ILocalEntity’ has not been declared; did you mean ‘rpc::rpc::ILocalEntityFactory’?
   90 |   virtual void Destroy( rpc::ILocalEntity* /*entity*/ ) {}
      |                         ^~~
/home/vitaly/p/Prime-World/pw/branches/r1117/Src/Server/RPC/LocalEntityFactory.h:92:3: error: ‘EntityConstructors’ does not name a type
   92 |   EntityConstructors constructors;
      |   ^~~~~~~~~~~~~~~~~~
/home/vitaly/p/Prime-World/pw/branches/r1117/Src/Server/RPC/LocalEntityFactory.h:93:15: error: ‘Gate’ is not a member of ‘rpc::rpc’; did you mean ‘rpc::Gate’?
   93 |   WeakMT<rpc::Gate> cache;
      |               ^~~~
/home/vitaly/p/Prime-World/pw/branches/r1117/Src/Server/RPC/RpcGate.h:31:7: note: ‘rpc::Gate’ declared here
   31 | class Gate : public BaseObjectMT
      |       ^~~~
/home/vitaly/p/Prime-World/pw/branches/r1117/Src/Server/RPC/LocalEntityFactory.h:93:19: error: template argument 1 is invalid
   93 |   WeakMT<rpc::Gate> cache;
      |                   ^
/home/vitaly/p/Prime-World/pw/branches/r1117/Src/Server/RPC/LocalEntityFactory.h: In destructor ‘rpc::LocalEntityFactory::~LocalEntityFactory()’:
/home/vitaly/p/Prime-World/pw/branches/r1117/Src/Server/RPC/LocalEntityFactory.h:45:10: error: ‘EntityConstructors’ has not been declared
   45 |     for (EntityConstructors::iterator it=constructors.begin();it!=constructors.end();++it)
      |          ^~~~~~~~~~~~~~~~~~
/home/vitaly/p/Prime-World/pw/branches/r1117/Src/Server/RPC/LocalEntityFactory.h:45:63: error: ‘it’ was not declared in this scope; did you mean ‘int’?
   45 |     for (EntityConstructors::iterator it=constructors.begin();it!=constructors.end();++it)
      |                                                               ^~
      |                                                               int
/home/vitaly/p/Prime-World/pw/branches/r1117/Src/Server/RPC/LocalEntityFactory.h:45:67: error: ‘constructors’ was not declared in this scope; did you mean ‘Constructor’?
   45 |     for (EntityConstructors::iterator it=constructors.begin();it!=constructors.end();++it)
      |                                                                   ^~~~~~~~~~~~
      |                                                                   Constructor
/home/vitaly/p/Prime-World/pw/branches/r1117/Src/Server/RPC/LocalEntityFactory.h: In member function ‘void rpc::LocalEntityFactory::Register()’:
/home/vitaly/p/Prime-World/pw/branches/r1117/Src/Server/RPC/LocalEntityFactory.h:53:19: error: ‘Gate’ is not a member of ‘rpc::rpc’; did you mean ‘rpc::Gate’? [-Wtemplate-body]
   53 |     StrongMT<rpc::Gate> lcache = cache.Lock();
      |                   ^~~~
/home/vitaly/p/Prime-World/pw/branches/r1117/Src/Server/RPC/RpcGate.h:31:7: note: ‘rpc::Gate’ declared here
   31 | class Gate : public BaseObjectMT
      |       ^~~~
/home/vitaly/p/Prime-World/pw/branches/r1117/Src/Server/RPC/LocalEntityFactory.h:53:23: error: template argument 1 is invalid [-Wtemplate-body]
   53 |     StrongMT<rpc::Gate> lcache = cache.Lock();
      |                       ^
/home/vitaly/p/Prime-World/pw/branches/r1117/Src/Server/RPC/LocalEntityFactory.h:53:40: error: request for member ‘Lock’ in ‘((rpc::LocalEntityFactory*)this)->rpc::LocalEntityFactory::cache’, which is of non-class type ‘int’ [-Wtemplate-body]
   53 |     StrongMT<rpc::Gate> lcache = cache.Lock();
      |                                        ^~~~
/home/vitaly/p/Prime-World/pw/branches/r1117/Src/Server/RPC/LocalEntityFactory.h:56:7: error: ‘constructors’ was not declared in this scope; did you mean ‘Constructor’? [-Wtemplate-body]
   56 |       constructors.insertUnique(rpc::GetId<O>(), new LocalEntityCreator<L, O>());
      |       ^~~~~~~~~~~~
      |       Constructor
/home/vitaly/p/Prime-World/pw/branches/r1117/Src/Server/RPC/LocalEntityFactory.h:56:38: error: ‘GetId’ is not a member of ‘rpc::rpc’; did you mean ‘rpc::GetId’? [-Wtemplate-body]
   56 |       constructors.insertUnique(rpc::GetId<O>(), new LocalEntityCreator<L, O>());
      |                                      ^~~~~
/home/vitaly/p/Prime-World/pw/branches/r1117/Src/Server/RPC/Base.h:24:6: note: ‘rpc::GetId’ declared here
   24 | uint GetId(T* value, IdType _idType=OriginalType)
      |      ^~~~~
/home/vitaly/p/Prime-World/pw/branches/r1117/Src/Server/RPC/LocalEntityFactory.h:56:45: error: expected primary-expression before ‘>’ token [-Wtemplate-body]
   56 |       constructors.insertUnique(rpc::GetId<O>(), new LocalEntityCreator<L, O>());
      |                                             ^
/home/vitaly/p/Prime-World/pw/branches/r1117/Src/Server/RPC/LocalEntityFactory.h:56:47: error: expected primary-expression before ‘)’ token [-Wtemplate-body]
   56 |       constructors.insertUnique(rpc::GetId<O>(), new LocalEntityCreator<L, O>());
      |                                               ^
/home/vitaly/p/Prime-World/pw/branches/r1117/Src/Server/RPC/LocalEntityFactory.h:57:13: error: base operand of ‘->’ is not a pointer [-Wtemplate-body]
   57 |       lcache->RegisterFactory<O>(*this);
      |             ^~
/home/vitaly/p/Prime-World/pw/branches/r1117/Src/Server/RPC/LocalEntityFactory.h:57:32: error: expected primary-expression before ‘>’ token [-Wtemplate-body]
   57 |       lcache->RegisterFactory<O>(*this);
      |                                ^
/home/vitaly/p/Prime-World/pw/branches/r1117/Src/Server/RPC/LocalEntityFactory.h: In member function ‘void rpc::LocalEntityFactory::RegisterAttach()’:
/home/vitaly/p/Prime-World/pw/branches/r1117/Src/Server/RPC/LocalEntityFactory.h:63:19: error: ‘Gate’ is not a member of ‘rpc::rpc’; did you mean ‘rpc::Gate’? [-Wtemplate-body]
   63 |     StrongMT<rpc::Gate> lcache = cache.Lock();
      |                   ^~~~
/home/vitaly/p/Prime-World/pw/branches/r1117/Src/Server/RPC/RpcGate.h:31:7: note: ‘rpc::Gate’ declared here
   31 | class Gate : public BaseObjectMT
      |       ^~~~
/home/vitaly/p/Prime-World/pw/branches/r1117/Src/Server/RPC/LocalEntityFactory.h:63:23: error: template argument 1 is invalid [-Wtemplate-body]
   63 |     StrongMT<rpc::Gate> lcache = cache.Lock();
      |                       ^
/home/vitaly/p/Prime-World/pw/branches/r1117/Src/Server/RPC/LocalEntityFactory.h:63:40: error: request for member ‘Lock’ in ‘((rpc::LocalEntityFactory*)this)->rpc::LocalEntityFactory::cache’, which is of non-class type ‘int’ [-Wtemplate-body]
   63 |     StrongMT<rpc::Gate> lcache = cache.Lock();
      |                                        ^~~~
/home/vitaly/p/Prime-World/pw/branches/r1117/Src/Server/RPC/LocalEntityFactory.h:66:7: error: ‘constructors’ was not declared in this scope; did you mean ‘Constructor’? [-Wtemplate-body]
   66 |       constructors.insertUnique(rpc::GetId<O>(), new LocalEntityAttachCreator<L, O>());
      |       ^~~~~~~~~~~~
      |       Constructor
/home/vitaly/p/Prime-World/pw/branches/r1117/Src/Server/RPC/LocalEntityFactory.h:66:38: error: ‘GetId’ is not a member of ‘rpc::rpc’; did you mean ‘rpc::GetId’? [-Wtemplate-body]
   66 |       constructors.insertUnique(rpc::GetId<O>(), new LocalEntityAttachCreator<L, O>());
      |                                      ^~~~~
/home/vitaly/p/Prime-World/pw/branches/r1117/Src/Server/RPC/Base.h:24:6: note: ‘rpc::GetId’ declared here
   24 | uint GetId(T* value, IdType _idType=OriginalType)
      |      ^~~~~
/home/vitaly/p/Prime-World/pw/branches/r1117/Src/Server/RPC/LocalEntityFactory.h:66:45: error: expected primary-expression before ‘>’ token [-Wtemplate-body]
   66 |       constructors.insertUnique(rpc::GetId<O>(), new LocalEntityAttachCreator<L, O>());
      |                                             ^
/home/vitaly/p/Prime-World/pw/branches/r1117/Src/Server/RPC/LocalEntityFactory.h:66:47: error: expected primary-expression before ‘)’ token [-Wtemplate-body]
   66 |       constructors.insertUnique(rpc::GetId<O>(), new LocalEntityAttachCreator<L, O>());
      |                                               ^
/home/vitaly/p/Prime-World/pw/branches/r1117/Src/Server/RPC/LocalEntityFactory.h:67:13: error: base operand of ‘->’ is not a pointer [-Wtemplate-body]
   67 |       lcache->RegisterFactory<O>(*this);
      |             ^~
/home/vitaly/p/Prime-World/pw/branches/r1117/Src/Server/RPC/LocalEntityFactory.h:67:32: error: expected primary-expression before ‘>’ token [-Wtemplate-body]
   67 |       lcache->RegisterFactory<O>(*this);
      |                                ^
In file included from /home/vitaly/p/Prime-World/pw/branches/r1117/Src/Game/PF/Client/GameChatClient/GameChatClient.cpp:4:
/home/vitaly/p/Prime-World/pw/branches/r1117/Src/Server/Chat/ChatSvc/LChatClientIfaceCallback.auto.h: In member function ‘virtual rpc::CallResult::Enum chat::LIChatClientCallback::Call(const rpc::MethodCallHeader&, rpc::MethodCall&, rpc::Arguments&, const byte*, int)’:
/home/vitaly/p/Prime-World/pw/branches/r1117/Src/Server/Chat/ChatSvc/LChatClientIfaceCallback.auto.h:49:55: error: invalid initialization of reference of type ‘int&’ from expression of type ‘rpc::Arguments’
   49 |     rpc::MethodCallStack stack = rpc::FillStack(call, args, paramsData, _paramsSize, methods[call.id]);
      |                                                       ^~~~
/home/vitaly/p/Prime-World/pw/branches/r1117/Src/Server/RPC/CppWrapper.h:133:73: note: in passing argument 2 of ‘rpc::MethodCallStack rpc::FillStack(const MethodCallHeader&, int&, const byte*, uint, const int&)’
  133 | MethodCallStack FillStack(const MethodCallHeader& call, rpc::Arguments& args, const byte* paramsData, uint _paramsSize, const rpc::MethodInfo& minfo);
      |                                                         ~~~~~~~~~~~~~~~~^~~~
/home/vitaly/p/Prime-World/pw/branches/r1117/Src/Game/PF/Client/GameChatClient/GameChatClient.cpp: In constructor ‘gamechat::Client::Client(const chat::CustomId&, const chat::CustomId&, const chat::NickName&, rpc::GateKeeperClient*)’:
/home/vitaly/p/Prime-World/pw/branches/r1117/Src/Game/PF/Client/GameChatClient/GameChatClient.cpp:26:59: error: ‘class rpc::GateKeeperClient’ has no member named ‘GetGate’; did you mean ‘GetName’?
   26 |     Reset( rpcFactory_, new rpc::LocalEntityFactory( _gk->GetGate() ) );
      |                                                           ^~~~~~~
      |                                                           GetName
/home/vitaly/p/Prime-World/pw/branches/r1117/Src/Game/PF/Client/GameChatClient/GameChatClient.cpp:29:23: error: cannot convert ‘rpc::GateKeeperClient*’ to ‘int*’
   29 |     chatiface_->init( _gk, chat::ServiceClass, chat::ClientRpcIface, &::GetSystemLog(), 0, this, g_gamechatConnectRetryTimeout);
      |                       ^~~
      |                       |
      |                       rpc::GateKeeperClient*
/home/vitaly/p/Prime-World/pw/branches/r1117/Src/Server/RPC/IfaceRequester.h:116:35: note: initializing argument 1 of ‘int rpc::IfaceRequester<T>::init(int*, const Transport::TServiceId&, const char*, NLogg::CChannelLogger*, const char*, rpc::IfaceRequesterCallback<T>*, NHPTimer::FTime, NHPTimer::FTime) [with T = chat::RIChatClient; Transport::TServiceId = FixedString<64>; NHPTimer::FTime = double]’
  116 |   int init( rpc::GateKeeperBase * _gk, Transport::TServiceId const & _svcid,
      |             ~~~~~~~~~~~~~~~~~~~~~~^~~
/home/vitaly/p/Prime-World/pw/branches/r1117/Src/Server/Chat/ChatSvc/RChatClientIface.auto.h: In instantiation of ‘rpc::ECallResult::Enum chat::RIChatClient::RegisterUser(chat::CustomId, chat::CustomId, const chat::NickName&, chat::IChatClientCallback*, T*, void (T::*)(int, C, rpc::CallStatus), const C&, float) [with T = gamechat::Client; C = long long unsigned int; chat::CustomId = long long unsigned int; chat::NickName = nstl::basic_string<wchar_t>]’:
/home/vitaly/p/Prime-World/pw/branches/r1117/Src/Game/PF/Client/GameChatClient/GameChatClient.cpp:173:40:   required from here
  173 |       chatiface_->iface()->RegisterUser(gameid_, gameUserid_, nickname_, this, this, &Client::OnRegisterUserReturn, gameUserid_);
      |       ~~~~~~~~~~~~~~~~~~~~~~~~~~~~~~~~~^~~~~~~~~~~~~~~~~~~~~~~~~~~~~~~~~~~~~~~~~~~~~~~~~~~~~~~~~~~~~~~~~~~~~~~~~~~~~~~~~~~~~~~~~
/home/vitaly/p/Prime-World/pw/branches/r1117/Src/Server/Chat/ChatSvc/RChatClientIface.auto.h:63:63: error: invalid new-expression of abstract class type ‘rpc::FunctorContext<gamechat::Client, int, long long unsigned int>’
   63 |       transaction->RegisterAsyncCall( transaction->GetInfo(), new rpc::FunctorContext<T, int, C>(object, func, context), timeout );
      |                                                               ^~~~~~~~~~~~~~~~~~~~~~~~~~~~~~~~~~~~~~~~~~~~~~~~~~~~~~~~~
/home/vitaly/p/Prime-World/pw/branches/r1117/Src/Server/RPC/ClassFactory.h:70:7: note:   because the following virtual functions are pure within ‘rpc::FunctorContext<gamechat::Client, int, long long unsigned int>’:
   70 | class FunctorContext : public IFunctor
      |       ^~~~~~~~~~~~~~
/home/vitaly/p/Prime-World/pw/branches/r1117/Src/Server/RPC/IFunctor.h:13:16: note:     ‘virtual void rpc::IFunctor::OnFailure(rpc::CallStatus)’
   13 |   virtual void OnFailure(rpc::CallStatus status)=0;
      |                ^~~~~~~~~
/home/vitaly/p/Prime-World/pw/branches/r1117/Src/Server/RPC/IfaceRequester.h: In instantiation of ‘void rpc::IfaceRequester<T>::changeState(rpc::IfaceRequesterState::Enum) [with T = chat::RIChatClient]’:
/home/vitaly/p/Prime-World/pw/branches/r1117/Src/Server/RPC/IfaceRequester.h:191:5:   required from ‘int rpc::IfaceRequester<T>::close() [with T = chat::RIChatClient]’
  191 |     changeState(IfaceRequesterState::CLOSED);
      |     ^~~~~~~~~~~
/home/vitaly/p/Prime-World/pw/branches/r1117/Src/Game/PF/Client/GameChatClient/GameChatClient.cpp:48:24:   required from here
   48 |       chatiface_->close();
      |       ~~~~~~~~~~~~~~~~~^~
/home/vitaly/p/Prime-World/pw/branches/r1117/Src/Server/RPC/IfaceRequester.h:111:28: error: no matching function for call to ‘rpc::IfaceRequesterCallback<chat::RIChatClient>::onChangeState(rpc::IfaceRequesterState::Enum&, rpc::IfaceRequester<chat::RIChatClient>*)’
  111 |         stcb->onChangeState(_st, this);
      |         ~~~~~~~~~~~~~~~~~~~^~~~~~~~~~~
/home/vitaly/p/Prime-World/pw/branches/r1117/Src/Server/RPC/IfaceRequester.h:111:28: note: there is 1 candidate
/home/vitaly/p/Prime-World/pw/branches/r1117/Src/Server/RPC/IfaceRequester.h:33:16: note: candidate 1: ‘void rpc::IfaceRequesterCallback<T>::onChangeState(int) [with T = chat::RIChatClient]’
   33 |   virtual void onChangeState(rpc::IfaceRequesterState::Enum st, StrongMT<rpc::IfaceRequester<T> > const & ifacereq) = 0;
      |                ^~~~~~~~~~~~~
/home/vitaly/p/Prime-World/pw/branches/r1117/Src/Server/RPC/IfaceRequester.h:33:16: note: candidate expects 1 argument, 2 provided
make[3]: *** [CMakeFiles/PrimeWorld.dir/build.make:513: CMakeFiles/PrimeWorld.dir/Game/PF/Client/GameChatClient/GameChatClient.cpp.o] Error 1
make[2]: *** [CMakeFiles/Makefile2:87: CMakeFiles/PrimeWorld.dir/all] Error 2
make[1]: *** [CMakeFiles/Makefile2:94: CMakeFiles/PrimeWorld.dir/rule] Error 2
make: *** [Makefile:124: PrimeWorld] Error 2
