[  0%] Building CXX object CMakeFiles/PrimeWorld.dir/PF_GameLogic/PFAbilityDataNamemaps.cpp.o
In file included from /home/vitaly/p/Prime-World/pw/branches/r1117/Src/PF_GameLogic/specific.h:21,
                 from /home/vitaly/p/Prime-World/pw/branches/r1117/Src/PF_GameLogic/stdafx.h:5,
                 from /home/vitaly/p/Prime-World/pw/branches/r1117/Src/PF_GameLogic/PFAbilityDataNamemaps.cpp:1:
/home/vitaly/p/Prime-World/pw/branches/r1117/Src/PF_GameLogic/../Scene/DiAnGrUtils.h:200:8: warning: extra tokens at end of ‘#endif’ directive [-Wendif-labels]
  200 | #endif _DIANGRUTILS_H_
      |        ^~~~~~~~~~~~~~~
/home/vitaly/p/Prime-World/pw/branches/r1117/Src/PF_GameLogic/PFAbilityDataNamemaps.cpp:56:88: error: pasting "GetLife" and "(" does not give a valid preprocessing token
   56 |       return ( iExternalPrm != externalParams.end() ) ? iExternalPrm->second : pOwner->Get##Name##(); \
      |                                                                                        ^~~
/home/vitaly/p/Prime-World/pw/branches/r1117/Src/PF_GameLogic/PFAbilityDataNamemaps.cpp:61:42: note: in expansion of macro ‘GET_EXT__PARAM’
   61 |     virtual float GetLife()      const { GET_EXT__PARAM( Life      ); }
      |                                          ^~~~~~~~~~~~~~
/home/vitaly/p/Prime-World/pw/branches/r1117/Src/PF_GameLogic/PFAbilityDataNamemaps.cpp:56:88: error: pasting "GetEnergy" and "(" does not give a valid preprocessing token
   56 |       return ( iExternalPrm != externalParams.end() ) ? iExternalPrm->second : pOwner->Get##Name##(); \
      |                                                                                        ^~~
/home/vitaly/p/Prime-World/pw/branches/r1117/Src/PF_GameLogic/PFAbilityDataNamemaps.cpp:62:42: note: in expansion of macro ‘GET_EXT__PARAM’
   62 |     virtual float GetEnergy()    const { GET_EXT__PARAM( Energy    ); }
      |                                          ^~~~~~~~~~~~~~
/home/vitaly/p/Prime-World/pw/branches/r1117/Src/PF_GameLogic/PFAbilityDataNamemaps.cpp:56:88: error: pasting "GetMaxLife" and "(" does not give a valid preprocessing token
   56 |       return ( iExternalPrm != externalParams.end() ) ? iExternalPrm->second : pOwner->Get##Name##(); \
      |                                                                                        ^~~
/home/vitaly/p/Prime-World/pw/branches/r1117/Src/PF_GameLogic/PFAbilityDataNamemaps.cpp:63:42: note: in expansion of macro ‘GET_EXT__PARAM’
   63 |     virtual float GetMaxLife()   const { GET_EXT__PARAM( MaxLife   ); }
      |                                          ^~~~~~~~~~~~~~
/home/vitaly/p/Prime-World/pw/branches/r1117/Src/PF_GameLogic/PFAbilityDataNamemaps.cpp:56:88: error: pasting "GetMaxEnergy" and "(" does not give a valid preprocessing token
   56 |       return ( iExternalPrm != externalParams.end() ) ? iExternalPrm->second : pOwner->Get##Name##(); \
      |                                                                                        ^~~
/home/vitaly/p/Prime-World/pw/branches/r1117/Src/PF_GameLogic/PFAbilityDataNamemaps.cpp:64:42: note: in expansion of macro ‘GET_EXT__PARAM’
   64 |     virtual float GetMaxEnergy() const { GET_EXT__PARAM( MaxEnergy ); }
      |                                          ^~~~~~~~~~~~~~
/home/vitaly/p/Prime-World/pw/branches/r1117/Src/PF_GameLogic/PFAbilityDataNamemaps.cpp:59:49: error: pasting "GetRange" and "(" does not give a valid preprocessing token
   59 | #define GET_UNIT_PARAM( Name ) { return pOwner->Get##Name##(); }
      |                                                 ^~~
/home/vitaly/p/Prime-World/pw/branches/r1117/Src/PF_GameLogic/PFAbilityDataNamemaps.cpp:66:57: note: in expansion of macro ‘GET_UNIT_PARAM’
   66 |     virtual float       GetRange()              const { GET_UNIT_PARAM( Range              ); }
      |                                                         ^~~~~~~~~~~~~~
/home/vitaly/p/Prime-World/pw/branches/r1117/Src/PF_GameLogic/PFAbilityDataNamemaps.cpp:59:49: error: pasting "GetMoveSpeed" and "(" does not give a valid preprocessing token
   59 | #define GET_UNIT_PARAM( Name ) { return pOwner->Get##Name##(); }
      |                                                 ^~~
/home/vitaly/p/Prime-World/pw/branches/r1117/Src/PF_GameLogic/PFAbilityDataNamemaps.cpp:67:51: note: in expansion of macro ‘GET_UNIT_PARAM’
   67 |     virtual float GetMoveSpeed()          const { GET_UNIT_PARAM( MoveSpeed          ); }
      |                                                   ^~~~~~~~~~~~~~
/home/vitaly/p/Prime-World/pw/branches/r1117/Src/PF_GameLogic/PFAbilityDataNamemaps.cpp:59:49: error: pasting "GetAttackSpeed" and "(" does not give a valid preprocessing token
   59 | #define GET_UNIT_PARAM( Name ) { return pOwner->Get##Name##(); }
      |                                                 ^~~
/home/vitaly/p/Prime-World/pw/branches/r1117/Src/PF_GameLogic/PFAbilityDataNamemaps.cpp:68:51: note: in expansion of macro ‘GET_UNIT_PARAM’
   68 |     virtual float GetAttackSpeed()        const { GET_UNIT_PARAM( AttackSpeed        ); }
      |                                                   ^~~~~~~~~~~~~~
/home/vitaly/p/Prime-World/pw/branches/r1117/Src/PF_GameLogic/PFAbilityDataNamemaps.cpp:59:49: error: pasting "GetCritMult" and "(" does not give a valid preprocessing token
   59 | #define GET_UNIT_PARAM( Name ) { return pOwner->Get##Name##(); }
      |                                                 ^~~
/home/vitaly/p/Prime-World/pw/branches/r1117/Src/PF_GameLogic/PFAbilityDataNamemaps.cpp:69:51: note: in expansion of macro ‘GET_UNIT_PARAM’
   69 |     virtual float GetCritMult()           const { GET_UNIT_PARAM( CritMult           ); }
      |                                                   ^~~~~~~~~~~~~~
/home/vitaly/p/Prime-World/pw/branches/r1117/Src/PF_GameLogic/PFAbilityDataNamemaps.cpp:59:49: error: pasting "GetLifeRegen" and "(" does not give a valid preprocessing token
   59 | #define GET_UNIT_PARAM( Name ) { return pOwner->Get##Name##(); }
      |                                                 ^~~
/home/vitaly/p/Prime-World/pw/branches/r1117/Src/PF_GameLogic/PFAbilityDataNamemaps.cpp:70:51: note: in expansion of macro ‘GET_UNIT_PARAM’
   70 |     virtual float GetLifeRegen()          const { GET_UNIT_PARAM( LifeRegen          ); }
      |                                                   ^~~~~~~~~~~~~~
/home/vitaly/p/Prime-World/pw/branches/r1117/Src/PF_GameLogic/PFAbilityDataNamemaps.cpp:59:49: error: pasting "GetEnergyRegen" and "(" does not give a valid preprocessing token
   59 | #define GET_UNIT_PARAM( Name ) { return pOwner->Get##Name##(); }
      |                                                 ^~~
/home/vitaly/p/Prime-World/pw/branches/r1117/Src/PF_GameLogic/PFAbilityDataNamemaps.cpp:71:51: note: in expansion of macro ‘GET_UNIT_PARAM’
   71 |     virtual float GetEnergyRegen()        const { GET_UNIT_PARAM( EnergyRegen        ); }
      |                                                   ^~~~~~~~~~~~~~
/home/vitaly/p/Prime-World/pw/branches/r1117/Src/PF_GameLogic/PFAbilityDataNamemaps.cpp:59:49: error: pasting "GetLifeRegenAbs" and "(" does not give a valid preprocessing token
   59 | #define GET_UNIT_PARAM( Name ) { return pOwner->Get##Name##(); }
      |                                                 ^~~
/home/vitaly/p/Prime-World/pw/branches/r1117/Src/PF_GameLogic/PFAbilityDataNamemaps.cpp:72:51: note: in expansion of macro ‘GET_UNIT_PARAM’
   72 |     virtual float GetLifeRegenAbs()       const { GET_UNIT_PARAM( LifeRegenAbs       ); }
      |                                                   ^~~~~~~~~~~~~~
/home/vitaly/p/Prime-World/pw/branches/r1117/Src/PF_GameLogic/PFAbilityDataNamemaps.cpp:59:49: error: pasting "GetEnergyRegenAbs" and "(" does not give a valid preprocessing token
   59 | #define GET_UNIT_PARAM( Name ) { return pOwner->Get##Name##(); }
      |                                                 ^~~
/home/vitaly/p/Prime-World/pw/branches/r1117/Src/PF_GameLogic/PFAbilityDataNamemaps.cpp:73:51: note: in expansion of macro ‘GET_UNIT_PARAM’
   73 |     virtual float GetEnergyRegenAbs()     const { GET_UNIT_PARAM( EnergyRegenAbs     ); }
      |                                                   ^~~~~~~~~~~~~~
/home/vitaly/p/Prime-World/pw/branches/r1117/Src/PF_GameLogic/PFAbilityDataNamemaps.cpp:59:49: error: pasting "GetEvasion" and "(" does not give a valid preprocessing token
   59 | #define GET_UNIT_PARAM( Name ) { return pOwner->Get##Name##(); }
      |                                                 ^~~
/home/vitaly/p/Prime-World/pw/branches/r1117/Src/PF_GameLogic/PFAbilityDataNamemaps.cpp:74:51: note: in expansion of macro ‘GET_UNIT_PARAM’
   74 |     virtual float GetEvasion()            const { GET_UNIT_PARAM( Evasion            ); }
      |                                                   ^~~~~~~~~~~~~~
/home/vitaly/p/Prime-World/pw/branches/r1117/Src/PF_GameLogic/PFAbilityDataNamemaps.cpp:59:49: error: pasting "GetLifeDrain" and "(" does not give a valid preprocessing token
   59 | #define GET_UNIT_PARAM( Name ) { return pOwner->Get##Name##(); }
      |                                                 ^~~
/home/vitaly/p/Prime-World/pw/branches/r1117/Src/PF_GameLogic/PFAbilityDataNamemaps.cpp:75:51: note: in expansion of macro ‘GET_UNIT_PARAM’
   75 |     virtual float GetLifeDrain()          const { GET_UNIT_PARAM( LifeDrain          ); }
      |                                                   ^~~~~~~~~~~~~~
/home/vitaly/p/Prime-World/pw/branches/r1117/Src/PF_GameLogic/PFAbilityDataNamemaps.cpp:59:49: error: pasting "GetEnergyDrain" and "(" does not give a valid preprocessing token
   59 | #define GET_UNIT_PARAM( Name ) { return pOwner->Get##Name##(); }
      |                                                 ^~~
/home/vitaly/p/Prime-World/pw/branches/r1117/Src/PF_GameLogic/PFAbilityDataNamemaps.cpp:76:51: note: in expansion of macro ‘GET_UNIT_PARAM’
   76 |     virtual float GetEnergyDrain()        const { GET_UNIT_PARAM( EnergyDrain        ); }
      |                                                   ^~~~~~~~~~~~~~
/home/vitaly/p/Prime-World/pw/branches/r1117/Src/PF_GameLogic/PFAbilityDataNamemaps.cpp:59:49: error: pasting "GetSummonCnt" and "(" does not give a valid preprocessing token
   59 | #define GET_UNIT_PARAM( Name ) { return pOwner->Get##Name##(); }
      |                                                 ^~~
/home/vitaly/p/Prime-World/pw/branches/r1117/Src/PF_GameLogic/PFAbilityDataNamemaps.cpp:77:51: note: in expansion of macro ‘GET_UNIT_PARAM’
   77 |     virtual float GetSummonCnt()          const { GET_UNIT_PARAM( SummonCnt          ); }
      |                                                   ^~~~~~~~~~~~~~
/home/vitaly/p/Prime-World/pw/branches/r1117/Src/PF_GameLogic/PFAbilityDataNamemaps.cpp:59:49: error: pasting "GetTimeStanding" and "(" does not give a valid preprocessing token
   59 | #define GET_UNIT_PARAM( Name ) { return pOwner->Get##Name##(); }
      |                                                 ^~~
/home/vitaly/p/Prime-World/pw/branches/r1117/Src/PF_GameLogic/PFAbilityDataNamemaps.cpp:78:51: note: in expansion of macro ‘GET_UNIT_PARAM’
   78 |     virtual float GetTimeStanding()       const { GET_UNIT_PARAM( TimeStanding       ); }
      |                                                   ^~~~~~~~~~~~~~
/home/vitaly/p/Prime-World/pw/branches/r1117/Src/PF_GameLogic/PFAbilityDataNamemaps.cpp:59:49: error: pasting "GetTerrainType" and "(" does not give a valid preprocessing token
   59 | #define GET_UNIT_PARAM( Name ) { return pOwner->Get##Name##(); }
      |                                                 ^~~
/home/vitaly/p/Prime-World/pw/branches/r1117/Src/PF_GameLogic/PFAbilityDataNamemaps.cpp:80:51: note: in expansion of macro ‘GET_UNIT_PARAM’
   80 |     virtual int   GetTerrainType()        const { GET_UNIT_PARAM( TerrainType        ); }
      |                                                   ^~~~~~~~~~~~~~
/home/vitaly/p/Prime-World/pw/branches/r1117/Src/PF_GameLogic/PFAbilityDataNamemaps.cpp:59:49: error: pasting "GetUnitKind" and "(" does not give a valid preprocessing token
   59 | #define GET_UNIT_PARAM( Name ) { return pOwner->Get##Name##(); }
      |                                                 ^~~
/home/vitaly/p/Prime-World/pw/branches/r1117/Src/PF_GameLogic/PFAbilityDataNamemaps.cpp:81:51: note: in expansion of macro ‘GET_UNIT_PARAM’
   81 |     virtual int   GetUnitKind()           const { GET_UNIT_PARAM( UnitKind           ); }
      |                                                   ^~~~~~~~~~~~~~
/home/vitaly/p/Prime-World/pw/branches/r1117/Src/PF_GameLogic/PFAbilityDataNamemaps.cpp:59:49: error: pasting "GetFctn" and "(" does not give a valid preprocessing token
   59 | #define GET_UNIT_PARAM( Name ) { return pOwner->Get##Name##(); }
      |                                                 ^~~
/home/vitaly/p/Prime-World/pw/branches/r1117/Src/PF_GameLogic/PFAbilityDataNamemaps.cpp:82:51: note: in expansion of macro ‘GET_UNIT_PARAM’
   82 |     virtual int   GetFctn()               const { GET_UNIT_PARAM( Fctn               ); }
      |                                                   ^~~~~~~~~~~~~~
/home/vitaly/p/Prime-World/pw/branches/r1117/Src/PF_GameLogic/PFAbilityDataNamemaps.cpp:59:49: error: pasting "GetOriginalFctn" and "(" does not give a valid preprocessing token
   59 | #define GET_UNIT_PARAM( Name ) { return pOwner->Get##Name##(); }
      |                                                 ^~~
/home/vitaly/p/Prime-World/pw/branches/r1117/Src/PF_GameLogic/PFAbilityDataNamemaps.cpp:83:51: note: in expansion of macro ‘GET_UNIT_PARAM’
   83 |     virtual int   GetOriginalFctn()       const { GET_UNIT_PARAM( OriginalFctn       ); }
      |                                                   ^~~~~~~~~~~~~~
/home/vitaly/p/Prime-World/pw/branches/r1117/Src/PF_GameLogic/PFAbilityDataNamemaps.cpp:59:49: error: pasting "GetNativeDefenceIndex" and "(" does not give a valid preprocessing token
   59 | #define GET_UNIT_PARAM( Name ) { return pOwner->Get##Name##(); }
      |                                                 ^~~
/home/vitaly/p/Prime-World/pw/branches/r1117/Src/PF_GameLogic/PFAbilityDataNamemaps.cpp:84:51: note: in expansion of macro ‘GET_UNIT_PARAM’
   84 |     virtual int   GetNativeDefenceIndex() const { GET_UNIT_PARAM( NativeDefenceIndex ); }
      |                                                   ^~~~~~~~~~~~~~
/home/vitaly/p/Prime-World/pw/branches/r1117/Src/PF_GameLogic/PFAbilityDataNamemaps.cpp:59:49: error: pasting "GetNativeAttackIndex" and "(" does not give a valid preprocessing token
   59 | #define GET_UNIT_PARAM( Name ) { return pOwner->Get##Name##(); }
      |                                                 ^~~
/home/vitaly/p/Prime-World/pw/branches/r1117/Src/PF_GameLogic/PFAbilityDataNamemaps.cpp:85:51: note: in expansion of macro ‘GET_UNIT_PARAM’
   85 |     virtual int   GetNativeAttackIndex()  const { GET_UNIT_PARAM( NativeAttackIndex  ); }
      |                                                   ^~~~~~~~~~~~~~
/home/vitaly/p/Prime-World/pw/branches/r1117/Src/PF_GameLogic/PFAbilityDataNamemaps.cpp:59:49: error: pasting "GetDevPoints" and "(" does not give a valid preprocessing token
   59 | #define GET_UNIT_PARAM( Name ) { return pOwner->Get##Name##(); }
      |                                                 ^~~
/home/vitaly/p/Prime-World/pw/branches/r1117/Src/PF_GameLogic/PFAbilityDataNamemaps.cpp:86:51: note: in expansion of macro ‘GET_UNIT_PARAM’
   86 |     virtual int   GetDevPoints()          const { GET_UNIT_PARAM( DevPoints          ); }
      |                                                   ^~~~~~~~~~~~~~
/home/vitaly/p/Prime-World/pw/branches/r1117/Src/PF_GameLogic/PFAbilityDataNamemaps.cpp:59:49: error: pasting "GetWOID" and "(" does not give a valid preprocessing token
   59 | #define GET_UNIT_PARAM( Name ) { return pOwner->Get##Name##(); }
      |                                                 ^~~
/home/vitaly/p/Prime-World/pw/branches/r1117/Src/PF_GameLogic/PFAbilityDataNamemaps.cpp:87:51: note: in expansion of macro ‘GET_UNIT_PARAM’
   87 |     virtual int   GetWOID()               const { GET_UNIT_PARAM( WOID               ); }
      |                                                   ^~~~~~~~~~~~~~
/home/vitaly/p/Prime-World/pw/branches/r1117/Src/PF_GameLogic/PFAbilityDataNamemaps.cpp:59:49: error: pasting "GetOnBase" and "(" does not give a valid preprocessing token
   59 | #define GET_UNIT_PARAM( Name ) { return pOwner->Get##Name##(); }
      |                                                 ^~~
/home/vitaly/p/Prime-World/pw/branches/r1117/Src/PF_GameLogic/PFAbilityDataNamemaps.cpp:89:39: note: in expansion of macro ‘GET_UNIT_PARAM’
   89 |     virtual bool  GetOnBase() const { GET_UNIT_PARAM( OnBase ); }
      |                                       ^~~~~~~~~~~~~~
/home/vitaly/p/Prime-World/pw/branches/r1117/Src/PF_GameLogic/PFAbilityDataNamemaps.cpp:59:49: error: pasting "GetZZimaSex" and "(" does not give a valid preprocessing token
   59 | #define GET_UNIT_PARAM( Name ) { return pOwner->Get##Name##(); }
      |                                                 ^~~
/home/vitaly/p/Prime-World/pw/branches/r1117/Src/PF_GameLogic/PFAbilityDataNamemaps.cpp:90:41: note: in expansion of macro ‘GET_UNIT_PARAM’
   90 |     virtual int   GetZZimaSex() const { GET_UNIT_PARAM( ZZimaSex ); }
      |                                         ^~~~~~~~~~~~~~
/home/vitaly/p/Prime-World/pw/branches/r1117/Src/PF_GameLogic/PFAbilityDataNamemaps.cpp:59:49: error: pasting "GetObjectSize" and "(" does not give a valid preprocessing token
   59 | #define GET_UNIT_PARAM( Name ) { return pOwner->Get##Name##(); }
      |                                                 ^~~
/home/vitaly/p/Prime-World/pw/branches/r1117/Src/PF_GameLogic/PFAbilityDataNamemaps.cpp:91:43: note: in expansion of macro ‘GET_UNIT_PARAM’
   91 |     virtual float GetObjectSize() const { GET_UNIT_PARAM( ObjectSize ); }
      |                                           ^~~~~~~~~~~~~~
/home/vitaly/p/Prime-World/pw/branches/r1117/Src/PF_GameLogic/PFAbilityDataNamemaps.cpp:59:49: error: pasting "GetBaseLife" and "(" does not give a valid preprocessing token
   59 | #define GET_UNIT_PARAM( Name ) { return pOwner->Get##Name##(); }
      |                                                 ^~~
/home/vitaly/p/Prime-World/pw/branches/r1117/Src/PF_GameLogic/PFAbilityDataNamemaps.cpp:115:63: note: in expansion of macro ‘GET_UNIT_PARAM’
  115 |     virtual float GetBaseLife()                       const { GET_UNIT_PARAM( BaseLife                       ); }
      |                                                               ^~~~~~~~~~~~~~
/home/vitaly/p/Prime-World/pw/branches/r1117/Src/PF_GameLogic/PFAbilityDataNamemaps.cpp:59:49: error: pasting "GetBaseEnergy" and "(" does not give a valid preprocessing token
   59 | #define GET_UNIT_PARAM( Name ) { return pOwner->Get##Name##(); }
      |                                                 ^~~
/home/vitaly/p/Prime-World/pw/branches/r1117/Src/PF_GameLogic/PFAbilityDataNamemaps.cpp:116:63: note: in expansion of macro ‘GET_UNIT_PARAM’
  116 |     virtual float GetBaseEnergy()                     const { GET_UNIT_PARAM( BaseEnergy                     ); }
      |                                                               ^~~~~~~~~~~~~~
/home/vitaly/p/Prime-World/pw/branches/r1117/Src/PF_GameLogic/PFAbilityDataNamemaps.cpp:59:49: error: pasting "GetCoreEnergy" and "(" does not give a valid preprocessing token
   59 | #define GET_UNIT_PARAM( Name ) { return pOwner->Get##Name##(); }
      |                                                 ^~~
/home/vitaly/p/Prime-World/pw/branches/r1117/Src/PF_GameLogic/PFAbilityDataNamemaps.cpp:117:63: note: in expansion of macro ‘GET_UNIT_PARAM’
  117 |     virtual float GetCoreEnergy()                     const { GET_UNIT_PARAM( CoreEnergy                     ); }
      |                                                               ^~~~~~~~~~~~~~
/home/vitaly/p/Prime-World/pw/branches/r1117/Src/PF_GameLogic/PFAbilityDataNamemaps.cpp:59:49: error: pasting "GetBaseRange" and "(" does not give a valid preprocessing token
   59 | #define GET_UNIT_PARAM( Name ) { return pOwner->Get##Name##(); }
      |                                                 ^~~
/home/vitaly/p/Prime-World/pw/branches/r1117/Src/PF_GameLogic/PFAbilityDataNamemaps.cpp:118:63: note: in expansion of macro ‘GET_UNIT_PARAM’
  118 |     virtual float GetBaseRange()                      const { GET_UNIT_PARAM( BaseRange                      ); }
      |                                                               ^~~~~~~~~~~~~~
/home/vitaly/p/Prime-World/pw/branches/r1117/Src/PF_GameLogic/PFAbilityDataNamemaps.cpp:59:49: error: pasting "GetBaseMoveSpeed" and "(" does not give a valid preprocessing token
   59 | #define GET_UNIT_PARAM( Name ) { return pOwner->Get##Name##(); }
      |                                                 ^~~
/home/vitaly/p/Prime-World/pw/branches/r1117/Src/PF_GameLogic/PFAbilityDataNamemaps.cpp:119:63: note: in expansion of macro ‘GET_UNIT_PARAM’
  119 |     virtual float GetBaseMoveSpeed()                  const { GET_UNIT_PARAM( BaseMoveSpeed                  ); }
      |                                                               ^~~~~~~~~~~~~~
/home/vitaly/p/Prime-World/pw/branches/r1117/Src/PF_GameLogic/PFAbilityDataNamemaps.cpp:59:49: error: pasting "GetBaseAttackSpeed" and "(" does not give a valid preprocessing token
   59 | #define GET_UNIT_PARAM( Name ) { return pOwner->Get##Name##(); }
      |                                                 ^~~
/home/vitaly/p/Prime-World/pw/branches/r1117/Src/PF_GameLogic/PFAbilityDataNamemaps.cpp:120:63: note: in expansion of macro ‘GET_UNIT_PARAM’
  120 |     virtual float GetBaseAttackSpeed()                const { GET_UNIT_PARAM( BaseAttackSpeed                ); }
      |                                                               ^~~~~~~~~~~~~~
/home/vitaly/p/Prime-World/pw/branches/r1117/Src/PF_GameLogic/PFAbilityDataNamemaps.cpp:59:49: error: pasting "GetBaseCriticalChance" and "(" does not give a valid preprocessing token
   59 | #define GET_UNIT_PARAM( Name ) { return pOwner->Get##Name##(); }
      |                                                 ^~~
/home/vitaly/p/Prime-World/pw/branches/r1117/Src/PF_GameLogic/PFAbilityDataNamemaps.cpp:121:63: note: in expansion of macro ‘GET_UNIT_PARAM’
  121 |     virtual float GetBaseCriticalChance()             const { GET_UNIT_PARAM( BaseCriticalChance             ); }
      |                                                               ^~~~~~~~~~~~~~
/home/vitaly/p/Prime-World/pw/branches/r1117/Src/PF_GameLogic/PFAbilityDataNamemaps.cpp:59:49: error: pasting "GetBaseCriticalMultiplier" and "(" does not give a valid preprocessing token
   59 | #define GET_UNIT_PARAM( Name ) { return pOwner->Get##Name##(); }
      |                                                 ^~~
/home/vitaly/p/Prime-World/pw/branches/r1117/Src/PF_GameLogic/PFAbilityDataNamemaps.cpp:122:63: note: in expansion of macro ‘GET_UNIT_PARAM’
  122 |     virtual float GetBaseCriticalMultiplier()         const { GET_UNIT_PARAM( BaseCriticalMultiplier         ); }
      |                                                               ^~~~~~~~~~~~~~
/home/vitaly/p/Prime-World/pw/branches/r1117/Src/PF_GameLogic/PFAbilityDataNamemaps.cpp:59:49: error: pasting "GetBaseLifeDrain" and "(" does not give a valid preprocessing token
   59 | #define GET_UNIT_PARAM( Name ) { return pOwner->Get##Name##(); }
      |                                                 ^~~
/home/vitaly/p/Prime-World/pw/branches/r1117/Src/PF_GameLogic/PFAbilityDataNamemaps.cpp:123:63: note: in expansion of macro ‘GET_UNIT_PARAM’
  123 |     virtual float GetBaseLifeDrain()                  const { GET_UNIT_PARAM( BaseLifeDrain                  ); }
      |                                                               ^~~~~~~~~~~~~~
/home/vitaly/p/Prime-World/pw/branches/r1117/Src/PF_GameLogic/PFAbilityDataNamemaps.cpp:59:49: error: pasting "GetBaseEnergyDrain" and "(" does not give a valid preprocessing token
   59 | #define GET_UNIT_PARAM( Name ) { return pOwner->Get##Name##(); }
      |                                                 ^~~
/home/vitaly/p/Prime-World/pw/branches/r1117/Src/PF_GameLogic/PFAbilityDataNamemaps.cpp:124:63: note: in expansion of macro ‘GET_UNIT_PARAM’
  124 |     virtual float GetBaseEnergyDrain()                const { GET_UNIT_PARAM( BaseEnergyDrain                ); }
      |                                                               ^~~~~~~~~~~~~~
/home/vitaly/p/Prime-World/pw/branches/r1117/Src/PF_GameLogic/PFAbilityDataNamemaps.cpp:59:49: error: pasting "GetBaseEvasion" and "(" does not give a valid preprocessing token
   59 | #define GET_UNIT_PARAM( Name ) { return pOwner->Get##Name##(); }
      |                                                 ^~~
/home/vitaly/p/Prime-World/pw/branches/r1117/Src/PF_GameLogic/PFAbilityDataNamemaps.cpp:125:63: note: in expansion of macro ‘GET_UNIT_PARAM’
  125 |     virtual float GetBaseEvasion()                    const { GET_UNIT_PARAM( BaseEvasion                    ); }
      |                                                               ^~~~~~~~~~~~~~
/home/vitaly/p/Prime-World/pw/branches/r1117/Src/PF_GameLogic/PFAbilityDataNamemaps.cpp:59:49: error: pasting "GetBaseLifeRegeneration" and "(" does not give a valid preprocessing token
   59 | #define GET_UNIT_PARAM( Name ) { return pOwner->Get##Name##(); }
      |                                                 ^~~
/home/vitaly/p/Prime-World/pw/branches/r1117/Src/PF_GameLogic/PFAbilityDataNamemaps.cpp:126:63: note: in expansion of macro ‘GET_UNIT_PARAM’
  126 |     virtual float GetBaseLifeRegeneration()           const { GET_UNIT_PARAM( BaseLifeRegeneration           ); }
      |                                                               ^~~~~~~~~~~~~~
/home/vitaly/p/Prime-World/pw/branches/r1117/Src/PF_GameLogic/PFAbilityDataNamemaps.cpp:59:49: error: pasting "GetBaseLifeRegenerationAbsolute" and "(" does not give a valid preprocessing token
   59 | #define GET_UNIT_PARAM( Name ) { return pOwner->Get##Name##(); }
      |                                                 ^~~
/home/vitaly/p/Prime-World/pw/branches/r1117/Src/PF_GameLogic/PFAbilityDataNamemaps.cpp:127:63: note: in expansion of macro ‘GET_UNIT_PARAM’
  127 |     virtual float GetBaseLifeRegenerationAbsolute()   const { GET_UNIT_PARAM( BaseLifeRegenerationAbsolute   ); }
      |                                                               ^~~~~~~~~~~~~~
/home/vitaly/p/Prime-World/pw/branches/r1117/Src/PF_GameLogic/PFAbilityDataNamemaps.cpp:59:49: error: pasting "GetBaseEnergyRegeneration" and "(" does not give a valid preprocessing token
   59 | #define GET_UNIT_PARAM( Name ) { return pOwner->Get##Name##(); }
      |                                                 ^~~
/home/vitaly/p/Prime-World/pw/branches/r1117/Src/PF_GameLogic/PFAbilityDataNamemaps.cpp:128:63: note: in expansion of macro ‘GET_UNIT_PARAM’
  128 |     virtual float GetBaseEnergyRegeneration()         const { GET_UNIT_PARAM( BaseEnergyRegeneration         ); }
      |                                                               ^~~~~~~~~~~~~~
/home/vitaly/p/Prime-World/pw/branches/r1117/Src/PF_GameLogic/PFAbilityDataNamemaps.cpp:59:49: error: pasting "GetBaseEnergyRegenerationAbsolute" and "(" does not give a valid preprocessing token
   59 | #define GET_UNIT_PARAM( Name ) { return pOwner->Get##Name##(); }
      |                                                 ^~~
/home/vitaly/p/Prime-World/pw/branches/r1117/Src/PF_GameLogic/PFAbilityDataNamemaps.cpp:129:63: note: in expansion of macro ‘GET_UNIT_PARAM’
  129 |     virtual float GetBaseEnergyRegenerationAbsolute() const { GET_UNIT_PARAM( BaseEnergyRegenerationAbsolute ); }
      |                                                               ^~~~~~~~~~~~~~
/home/vitaly/p/Prime-World/pw/branches/r1117/Src/PF_GameLogic/PFAbilityDataNamemaps.cpp:59:49: error: pasting "GetBaseVisibilityRange" and "(" does not give a valid preprocessing token
   59 | #define GET_UNIT_PARAM( Name ) { return pOwner->Get##Name##(); }
      |                                                 ^~~
/home/vitaly/p/Prime-World/pw/branches/r1117/Src/PF_GameLogic/PFAbilityDataNamemaps.cpp:130:63: note: in expansion of macro ‘GET_UNIT_PARAM’
  130 |     virtual float GetBaseVisibilityRange()            const { GET_UNIT_PARAM( BaseVisibilityRange            ); }
      |                                                               ^~~~~~~~~~~~~~
/home/vitaly/p/Prime-World/pw/branches/r1117/Src/PF_GameLogic/PFAbilityDataNamemaps.cpp:59:49: error: pasting "GetBaseStrength" and "(" does not give a valid preprocessing token
   59 | #define GET_UNIT_PARAM( Name ) { return pOwner->Get##Name##(); }
      |                                                 ^~~
/home/vitaly/p/Prime-World/pw/branches/r1117/Src/PF_GameLogic/PFAbilityDataNamemaps.cpp:131:63: note: in expansion of macro ‘GET_UNIT_PARAM’
  131 |     virtual float GetBaseStrength()                   const { GET_UNIT_PARAM( BaseStrength                   ); }
      |                                                               ^~~~~~~~~~~~~~
/home/vitaly/p/Prime-World/pw/branches/r1117/Src/PF_GameLogic/PFAbilityDataNamemaps.cpp:59:49: error: pasting "GetBaseIntellect" and "(" does not give a valid preprocessing token
   59 | #define GET_UNIT_PARAM( Name ) { return pOwner->Get##Name##(); }
      |                                                 ^~~
/home/vitaly/p/Prime-World/pw/branches/r1117/Src/PF_GameLogic/PFAbilityDataNamemaps.cpp:132:63: note: in expansion of macro ‘GET_UNIT_PARAM’
  132 |     virtual float GetBaseIntellect()                  const { GET_UNIT_PARAM( BaseIntellect                  ); }
      |                                                               ^~~~~~~~~~~~~~
/home/vitaly/p/Prime-World/pw/branches/r1117/Src/PF_GameLogic/PFAbilityDataNamemaps.cpp:59:49: error: pasting "GetBaseDexterity" and "(" does not give a valid preprocessing token
   59 | #define GET_UNIT_PARAM( Name ) { return pOwner->Get##Name##(); }
      |                                                 ^~~
/home/vitaly/p/Prime-World/pw/branches/r1117/Src/PF_GameLogic/PFAbilityDataNamemaps.cpp:133:63: note: in expansion of macro ‘GET_UNIT_PARAM’
  133 |     virtual float GetBaseDexterity()                  const { GET_UNIT_PARAM( BaseDexterity                  ); }
      |                                                               ^~~~~~~~~~~~~~
/home/vitaly/p/Prime-World/pw/branches/r1117/Src/PF_GameLogic/PFAbilityDataNamemaps.cpp:59:49: error: pasting "GetBaseBaseAttack" and "(" does not give a valid preprocessing token
   59 | #define GET_UNIT_PARAM( Name ) { return pOwner->Get##Name##(); }
      |                                                 ^~~
/home/vitaly/p/Prime-World/pw/branches/r1117/Src/PF_GameLogic/PFAbilityDataNamemaps.cpp:134:63: note: in expansion of macro ‘GET_UNIT_PARAM’
  134 |     virtual float GetBaseBaseAttack()                 const { GET_UNIT_PARAM( BaseBaseAttack                 ); }
      |                                                               ^~~~~~~~~~~~~~
/home/vitaly/p/Prime-World/pw/branches/r1117/Src/PF_GameLogic/PFAbilityDataNamemaps.cpp:59:49: error: pasting "GetBaseStamina" and "(" does not give a valid preprocessing token
   59 | #define GET_UNIT_PARAM( Name ) { return pOwner->Get##Name##(); }
      |                                                 ^~~
/home/vitaly/p/Prime-World/pw/branches/r1117/Src/PF_GameLogic/PFAbilityDataNamemaps.cpp:135:63: note: in expansion of macro ‘GET_UNIT_PARAM’
  135 |     virtual float GetBaseStamina()                    const { GET_UNIT_PARAM( BaseStamina                    ); }
      |                                                               ^~~~~~~~~~~~~~
/home/vitaly/p/Prime-World/pw/branches/r1117/Src/PF_GameLogic/PFAbilityDataNamemaps.cpp:59:49: error: pasting "GetBaseWill" and "(" does not give a valid preprocessing token
   59 | #define GET_UNIT_PARAM( Name ) { return pOwner->Get##Name##(); }
      |                                                 ^~~
/home/vitaly/p/Prime-World/pw/branches/r1117/Src/PF_GameLogic/PFAbilityDataNamemaps.cpp:136:63: note: in expansion of macro ‘GET_UNIT_PARAM’
  136 |     virtual float GetBaseWill()                       const { GET_UNIT_PARAM( BaseWill                       ); }
      |                                                               ^~~~~~~~~~~~~~
/home/vitaly/p/Prime-World/pw/branches/r1117/Src/PF_GameLogic/PFAbilityDataNamemaps.cpp:59:49: error: pasting "GetBaseNaftaSpecForKill" and "(" does not give a valid preprocessing token
   59 | #define GET_UNIT_PARAM( Name ) { return pOwner->Get##Name##(); }
      |                                                 ^~~
/home/vitaly/p/Prime-World/pw/branches/r1117/Src/PF_GameLogic/PFAbilityDataNamemaps.cpp:138:63: note: in expansion of macro ‘GET_UNIT_PARAM’
  138 |     virtual float GetBaseNaftaSpecForKill()           const { GET_UNIT_PARAM( BaseNaftaSpecForKill           ); }
      |                                                               ^~~~~~~~~~~~~~
/home/vitaly/p/Prime-World/pw/branches/r1117/Src/PF_GameLogic/PFAbilityDataNamemaps.cpp:59:49: error: pasting "GetBaseNaftaForKill" and "(" does not give a valid preprocessing token
   59 | #define GET_UNIT_PARAM( Name ) { return pOwner->Get##Name##(); }
      |                                                 ^~~
/home/vitaly/p/Prime-World/pw/branches/r1117/Src/PF_GameLogic/PFAbilityDataNamemaps.cpp:139:63: note: in expansion of macro ‘GET_UNIT_PARAM’
  139 |     virtual float GetBaseNaftaForKill()               const { GET_UNIT_PARAM( BaseNaftaForKill               ); }
      |                                                               ^~~~~~~~~~~~~~
/home/vitaly/p/Prime-World/pw/branches/r1117/Src/PF_GameLogic/PFAbilityDataNamemaps.cpp:59:49: error: pasting "GetBaseNaftaForAssist" and "(" does not give a valid preprocessing token
   59 | #define GET_UNIT_PARAM( Name ) { return pOwner->Get##Name##(); }
      |                                                 ^~~
/home/vitaly/p/Prime-World/pw/branches/r1117/Src/PF_GameLogic/PFAbilityDataNamemaps.cpp:140:63: note: in expansion of macro ‘GET_UNIT_PARAM’
  140 |     virtual float GetBaseNaftaForAssist()             const { GET_UNIT_PARAM( BaseNaftaForAssist             ); }
      |                                                               ^~~~~~~~~~~~~~
/home/vitaly/p/Prime-World/pw/branches/r1117/Src/PF_GameLogic/PFAbilityDataNamemaps.cpp:59:49: error: pasting "GetBaseTeamNaftaForKill" and "(" does not give a valid preprocessing token
   59 | #define GET_UNIT_PARAM( Name ) { return pOwner->Get##Name##(); }
      |                                                 ^~~
/home/vitaly/p/Prime-World/pw/branches/r1117/Src/PF_GameLogic/PFAbilityDataNamemaps.cpp:141:63: note: in expansion of macro ‘GET_UNIT_PARAM’
  141 |     virtual float GetBaseTeamNaftaForKill()           const { GET_UNIT_PARAM( BaseTeamNaftaForKill           ); }
      |                                                               ^~~~~~~~~~~~~~
/home/vitaly/p/Prime-World/pw/branches/r1117/Src/PF_GameLogic/PFAbilityDataNamemaps.cpp:59:49: error: pasting "GetBaseTeamNaftaForPresence" and "(" does not give a valid preprocessing token
   59 | #define GET_UNIT_PARAM( Name ) { return pOwner->Get##Name##(); }
      |                                                 ^~~
/home/vitaly/p/Prime-World/pw/branches/r1117/Src/PF_GameLogic/PFAbilityDataNamemaps.cpp:142:63: note: in expansion of macro ‘GET_UNIT_PARAM’
  142 |     virtual float GetBaseTeamNaftaForPresence()       const { GET_UNIT_PARAM( BaseTeamNaftaForPresence       ); }
      |                                                               ^~~~~~~~~~~~~~
/home/vitaly/p/Prime-World/pw/branches/r1117/Src/PF_GameLogic/PFAbilityDataNamemaps.cpp:59:49: error: pasting "GetBaseCritChanceBonus" and "(" does not give a valid preprocessing token
   59 | #define GET_UNIT_PARAM( Name ) { return pOwner->Get##Name##(); }
      |                                                 ^~~
/home/vitaly/p/Prime-World/pw/branches/r1117/Src/PF_GameLogic/PFAbilityDataNamemaps.cpp:143:63: note: in expansion of macro ‘GET_UNIT_PARAM’
  143 |     virtual float GetBaseCritChanceBonus()            const { GET_UNIT_PARAM( BaseCritChanceBonus            ); }
      |                                                               ^~~~~~~~~~~~~~
/home/vitaly/p/Prime-World/pw/branches/r1117/Src/PF_GameLogic/PFAbilityDataNamemaps.cpp:59:49: error: pasting "GetBaseEnergyDamageDecrease" and "(" does not give a valid preprocessing token
   59 | #define GET_UNIT_PARAM( Name ) { return pOwner->Get##Name##(); }
      |                                                 ^~~
/home/vitaly/p/Prime-World/pw/branches/r1117/Src/PF_GameLogic/PFAbilityDataNamemaps.cpp:144:63: note: in expansion of macro ‘GET_UNIT_PARAM’
  144 |     virtual float GetBaseEnergyDamageDecrease()       const { GET_UNIT_PARAM( BaseEnergyDamageDecrease       ); }
      |                                                               ^~~~~~~~~~~~~~
/home/vitaly/p/Prime-World/pw/branches/r1117/Src/PF_GameLogic/PFAbilityDataNamemaps.cpp:59:49: error: pasting "GetBaseMaterialDamageDecrease" and "(" does not give a valid preprocessing token
   59 | #define GET_UNIT_PARAM( Name ) { return pOwner->Get##Name##(); }
      |                                                 ^~~
/home/vitaly/p/Prime-World/pw/branches/r1117/Src/PF_GameLogic/PFAbilityDataNamemaps.cpp:145:63: note: in expansion of macro ‘GET_UNIT_PARAM’
  145 |     virtual float GetBaseMaterialDamageDecrease()     const { GET_UNIT_PARAM( BaseMaterialDamageDecrease     ); }
      |                                                               ^~~~~~~~~~~~~~
/home/vitaly/p/Prime-World/pw/branches/r1117/Src/PF_GameLogic/PFAbilityDataNamemaps.cpp:59:49: error: pasting "GetBaseMissChance" and "(" does not give a valid preprocessing token
   59 | #define GET_UNIT_PARAM( Name ) { return pOwner->Get##Name##(); }
      |                                                 ^~~
/home/vitaly/p/Prime-World/pw/branches/r1117/Src/PF_GameLogic/PFAbilityDataNamemaps.cpp:146:63: note: in expansion of macro ‘GET_UNIT_PARAM’
  146 |     virtual float GetBaseMissChance()                 const { GET_UNIT_PARAM( BaseMissChance                 ); }
      |                                                               ^~~~~~~~~~~~~~
/home/vitaly/p/Prime-World/pw/branches/r1117/Src/PF_GameLogic/PFAbilityDataNamemaps.cpp:59:49: error: pasting "GetLifeRegenTotal" and "(" does not give a valid preprocessing token
   59 | #define GET_UNIT_PARAM( Name ) { return pOwner->Get##Name##(); }
      |                                                 ^~~
/home/vitaly/p/Prime-World/pw/branches/r1117/Src/PF_GameLogic/PFAbilityDataNamemaps.cpp:149:59: note: in expansion of macro ‘GET_UNIT_PARAM’
  149 |     virtual float GetLifeRegenTotal()             const { GET_UNIT_PARAM( LifeRegenTotal             ); }
      |                                                           ^~~~~~~~~~~~~~
/home/vitaly/p/Prime-World/pw/branches/r1117/Src/PF_GameLogic/PFAbilityDataNamemaps.cpp:59:49: error: pasting "GetEnergyRegenTotal" and "(" does not give a valid preprocessing token
   59 | #define GET_UNIT_PARAM( Name ) { return pOwner->Get##Name##(); }
      |                                                 ^~~
/home/vitaly/p/Prime-World/pw/branches/r1117/Src/PF_GameLogic/PFAbilityDataNamemaps.cpp:150:59: note: in expansion of macro ‘GET_UNIT_PARAM’
  150 |     virtual float GetEnergyRegenTotal()           const { GET_UNIT_PARAM( EnergyRegenTotal           ); }
      |                                                           ^~~~~~~~~~~~~~
/home/vitaly/p/Prime-World/pw/branches/r1117/Src/PF_GameLogic/PFAbilityDataNamemaps.cpp:59:49: error: pasting "GetDamageMin" and "(" does not give a valid preprocessing token
   59 | #define GET_UNIT_PARAM( Name ) { return pOwner->Get##Name##(); }
      |                                                 ^~~
/home/vitaly/p/Prime-World/pw/branches/r1117/Src/PF_GameLogic/PFAbilityDataNamemaps.cpp:151:59: note: in expansion of macro ‘GET_UNIT_PARAM’
  151 |     virtual float GetDamageMin()                  const { GET_UNIT_PARAM( DamageMin                  ); }
      |                                                           ^~~~~~~~~~~~~~
/home/vitaly/p/Prime-World/pw/branches/r1117/Src/PF_GameLogic/PFAbilityDataNamemaps.cpp:59:49: error: pasting "GetDamageMax" and "(" does not give a valid preprocessing token
   59 | #define GET_UNIT_PARAM( Name ) { return pOwner->Get##Name##(); }
      |                                                 ^~~
/home/vitaly/p/Prime-World/pw/branches/r1117/Src/PF_GameLogic/PFAbilityDataNamemaps.cpp:152:59: note: in expansion of macro ‘GET_UNIT_PARAM’
  152 |     virtual float GetDamageMax()                  const { GET_UNIT_PARAM( DamageMax                  ); }
      |                                                           ^~~~~~~~~~~~~~
/home/vitaly/p/Prime-World/pw/branches/r1117/Src/PF_GameLogic/PFAbilityDataNamemaps.cpp:59:49: error: pasting "GetDexterityDamageMult" and "(" does not give a valid preprocessing token
   59 | #define GET_UNIT_PARAM( Name ) { return pOwner->Get##Name##(); }
      |                                                 ^~~
/home/vitaly/p/Prime-World/pw/branches/r1117/Src/PF_GameLogic/PFAbilityDataNamemaps.cpp:153:59: note: in expansion of macro ‘GET_UNIT_PARAM’
  153 |     virtual float GetDexterityDamageMult()        const { GET_UNIT_PARAM( DexterityDamageMult        ); }
      |                                                           ^~~~~~~~~~~~~~
/home/vitaly/p/Prime-World/pw/branches/r1117/Src/PF_GameLogic/PFAbilityDataNamemaps.cpp:59:49: error: pasting "GetMoveSpeedMpS" and "(" does not give a valid preprocessing token
   59 | #define GET_UNIT_PARAM( Name ) { return pOwner->Get##Name##(); }
      |                                                 ^~~
/home/vitaly/p/Prime-World/pw/branches/r1117/Src/PF_GameLogic/PFAbilityDataNamemaps.cpp:154:59: note: in expansion of macro ‘GET_UNIT_PARAM’
  154 |     virtual float GetMoveSpeedMpS()               const { GET_UNIT_PARAM( MoveSpeedMpS               ); }
      |                                                           ^~~~~~~~~~~~~~
/home/vitaly/p/Prime-World/pw/branches/r1117/Src/PF_GameLogic/PFAbilityDataNamemaps.cpp:59:49: error: pasting "GetCritChance" and "(" does not give a valid preprocessing token
   59 | #define GET_UNIT_PARAM( Name ) { return pOwner->Get##Name##(); }
      |                                                 ^~~
/home/vitaly/p/Prime-World/pw/branches/r1117/Src/PF_GameLogic/PFAbilityDataNamemaps.cpp:155:59: note: in expansion of macro ‘GET_UNIT_PARAM’
  155 |     virtual float GetCritChance()                 const { GET_UNIT_PARAM( CritChance                 ); }
      |                                                           ^~~~~~~~~~~~~~
/home/vitaly/p/Prime-World/pw/branches/r1117/Src/PF_GameLogic/PFAbilityDataNamemaps.cpp:59:49: error: pasting "GetAttacksPerSecond" and "(" does not give a valid preprocessing token
   59 | #define GET_UNIT_PARAM( Name ) { return pOwner->Get##Name##(); }
      |                                                 ^~~
/home/vitaly/p/Prime-World/pw/branches/r1117/Src/PF_GameLogic/PFAbilityDataNamemaps.cpp:156:59: note: in expansion of macro ‘GET_UNIT_PARAM’
  156 |     virtual float GetAttacksPerSecond()           const { GET_UNIT_PARAM( AttacksPerSecond           ); }
      |                                                           ^~~~~~~~~~~~~~
/home/vitaly/p/Prime-World/pw/branches/r1117/Src/PF_GameLogic/PFAbilityDataNamemaps.cpp:59:49: error: pasting "GetBodyDefence" and "(" does not give a valid preprocessing token
   59 | #define GET_UNIT_PARAM( Name ) { return pOwner->Get##Name##(); }
      |                                                 ^~~
/home/vitaly/p/Prime-World/pw/branches/r1117/Src/PF_GameLogic/PFAbilityDataNamemaps.cpp:157:59: note: in expansion of macro ‘GET_UNIT_PARAM’
  157 |     virtual float GetBodyDefence()                const { GET_UNIT_PARAM( BodyDefence                ); }
      |                                                           ^~~~~~~~~~~~~~
/home/vitaly/p/Prime-World/pw/branches/r1117/Src/PF_GameLogic/PFAbilityDataNamemaps.cpp:59:49: error: pasting "GetSpiritDefence" and "(" does not give a valid preprocessing token
   59 | #define GET_UNIT_PARAM( Name ) { return pOwner->Get##Name##(); }
      |                                                 ^~~
/home/vitaly/p/Prime-World/pw/branches/r1117/Src/PF_GameLogic/PFAbilityDataNamemaps.cpp:158:59: note: in expansion of macro ‘GET_UNIT_PARAM’
  158 |     virtual float GetSpiritDefence()              const { GET_UNIT_PARAM( SpiritDefence              ); }
      |                                                           ^~~~~~~~~~~~~~
/home/vitaly/p/Prime-World/pw/branches/r1117/Src/PF_GameLogic/PFAbilityDataNamemaps.cpp:59:49: error: pasting "GetPenetrationFromAttackSpeed" and "(" does not give a valid preprocessing token
   59 | #define GET_UNIT_PARAM( Name ) { return pOwner->Get##Name##(); }
      |                                                 ^~~
/home/vitaly/p/Prime-World/pw/branches/r1117/Src/PF_GameLogic/PFAbilityDataNamemaps.cpp:159:59: note: in expansion of macro ‘GET_UNIT_PARAM’
  159 |     virtual float GetPenetrationFromAttackSpeed() const { GET_UNIT_PARAM( PenetrationFromAttackSpeed ); }
      |                                                           ^~~~~~~~~~~~~~
/home/vitaly/p/Prime-World/pw/branches/r1117/Src/PF_GameLogic/PFAbilityDataNamemaps.cpp:59:49: error: pasting "GetPenetrationFromDexterity" and "(" does not give a valid preprocessing token
   59 | #define GET_UNIT_PARAM( Name ) { return pOwner->Get##Name##(); }
      |                                                 ^~~
/home/vitaly/p/Prime-World/pw/branches/r1117/Src/PF_GameLogic/PFAbilityDataNamemaps.cpp:160:59: note: in expansion of macro ‘GET_UNIT_PARAM’
  160 |     virtual float GetPenetrationFromDexterity()   const { GET_UNIT_PARAM( PenetrationFromDexterity   ); }
      |                                                           ^~~~~~~~~~~~~~
/home/vitaly/p/Prime-World/pw/branches/r1117/Src/PF_GameLogic/PFAbilityDataNamemaps.cpp:59:49: error: pasting "GetPenetrationTotal" and "(" does not give a valid preprocessing token
   59 | #define GET_UNIT_PARAM( Name ) { return pOwner->Get##Name##(); }
      |                                                 ^~~
/home/vitaly/p/Prime-World/pw/branches/r1117/Src/PF_GameLogic/PFAbilityDataNamemaps.cpp:161:59: note: in expansion of macro ‘GET_UNIT_PARAM’
  161 |     virtual float GetPenetrationTotal()           const { GET_UNIT_PARAM( PenetrationTotal           ); }
      |                                                           ^~~~~~~~~~~~~~
/home/vitaly/p/Prime-World/pw/branches/r1117/Src/PF_GameLogic/PFAbilityDataNamemaps.cpp:59:49: error: pasting "GetStrength" and "(" does not give a valid preprocessing token
   59 | #define GET_UNIT_PARAM( Name ) { return pOwner->Get##Name##(); }
      |                                                 ^~~
/home/vitaly/p/Prime-World/pw/branches/r1117/Src/PF_GameLogic/PFAbilityDataNamemaps.cpp:164:51: note: in expansion of macro ‘GET_UNIT_PARAM’
  164 |     virtual float GetStrength()           const { GET_UNIT_PARAM( Strength   ); }
      |                                                   ^~~~~~~~~~~~~~
/home/vitaly/p/Prime-World/pw/branches/r1117/Src/PF_GameLogic/PFAbilityDataNamemaps.cpp:59:49: error: pasting "GetIntellect" and "(" does not give a valid preprocessing token
   59 | #define GET_UNIT_PARAM( Name ) { return pOwner->Get##Name##(); }
      |                                                 ^~~
/home/vitaly/p/Prime-World/pw/branches/r1117/Src/PF_GameLogic/PFAbilityDataNamemaps.cpp:165:51: note: in expansion of macro ‘GET_UNIT_PARAM’
  165 |     virtual float GetIntellect()          const { GET_UNIT_PARAM( Intellect  ); }
      |                                                   ^~~~~~~~~~~~~~
/home/vitaly/p/Prime-World/pw/branches/r1117/Src/PF_GameLogic/PFAbilityDataNamemaps.cpp:59:49: error: pasting "GetDexterity" and "(" does not give a valid preprocessing token
   59 | #define GET_UNIT_PARAM( Name ) { return pOwner->Get##Name##(); }
      |                                                 ^~~
/home/vitaly/p/Prime-World/pw/branches/r1117/Src/PF_GameLogic/PFAbilityDataNamemaps.cpp:166:51: note: in expansion of macro ‘GET_UNIT_PARAM’
  166 |     virtual float GetDexterity()          const { GET_UNIT_PARAM( Dexterity  ); }
      |                                                   ^~~~~~~~~~~~~~
/home/vitaly/p/Prime-World/pw/branches/r1117/Src/PF_GameLogic/PFAbilityDataNamemaps.cpp:59:49: error: pasting "GetBaseAttack" and "(" does not give a valid preprocessing token
   59 | #define GET_UNIT_PARAM( Name ) { return pOwner->Get##Name##(); }
      |                                                 ^~~
/home/vitaly/p/Prime-World/pw/branches/r1117/Src/PF_GameLogic/PFAbilityDataNamemaps.cpp:167:51: note: in expansion of macro ‘GET_UNIT_PARAM’
  167 |     virtual float GetBaseAttack()         const { GET_UNIT_PARAM( BaseAttack ); }
      |                                                   ^~~~~~~~~~~~~~
/home/vitaly/p/Prime-World/pw/branches/r1117/Src/PF_GameLogic/PFAbilityDataNamemaps.cpp:59:49: error: pasting "GetStamina" and "(" does not give a valid preprocessing token
   59 | #define GET_UNIT_PARAM( Name ) { return pOwner->Get##Name##(); }
      |                                                 ^~~
/home/vitaly/p/Prime-World/pw/branches/r1117/Src/PF_GameLogic/PFAbilityDataNamemaps.cpp:168:51: note: in expansion of macro ‘GET_UNIT_PARAM’
  168 |     virtual float GetStamina()            const { GET_UNIT_PARAM( Stamina    ); }
      |                                                   ^~~~~~~~~~~~~~
/home/vitaly/p/Prime-World/pw/branches/r1117/Src/PF_GameLogic/PFAbilityDataNamemaps.cpp:59:49: error: pasting "GetWill" and "(" does not give a valid preprocessing token
   59 | #define GET_UNIT_PARAM( Name ) { return pOwner->Get##Name##(); }
      |                                                 ^~~
/home/vitaly/p/Prime-World/pw/branches/r1117/Src/PF_GameLogic/PFAbilityDataNamemaps.cpp:169:51: note: in expansion of macro ‘GET_UNIT_PARAM’
  169 |     virtual float GetWill()               const { GET_UNIT_PARAM( Will       ); }
      |                                                   ^~~~~~~~~~~~~~
/home/vitaly/p/Prime-World/pw/branches/r1117/Src/PF_GameLogic/PFAbilityDataNamemaps.cpp:59:49: error: pasting "GetNaftaSpecForKill" and "(" does not give a valid preprocessing token
   59 | #define GET_UNIT_PARAM( Name ) { return pOwner->Get##Name##(); }
      |                                                 ^~~
/home/vitaly/p/Prime-World/pw/branches/r1117/Src/PF_GameLogic/PFAbilityDataNamemaps.cpp:172:51: note: in expansion of macro ‘GET_UNIT_PARAM’
  172 |     virtual int GetNaftaSpecForKill()     const { GET_UNIT_PARAM( NaftaSpecForKill      ); }
      |                                                   ^~~~~~~~~~~~~~
/home/vitaly/p/Prime-World/pw/branches/r1117/Src/PF_GameLogic/PFAbilityDataNamemaps.cpp:59:49: error: pasting "GetNaftaForKill" and "(" does not give a valid preprocessing token
   59 | #define GET_UNIT_PARAM( Name ) { return pOwner->Get##Name##(); }
      |                                                 ^~~
/home/vitaly/p/Prime-World/pw/branches/r1117/Src/PF_GameLogic/PFAbilityDataNamemaps.cpp:173:51: note: in expansion of macro ‘GET_UNIT_PARAM’
  173 |     virtual int GetNaftaForKill()         const { GET_UNIT_PARAM( NaftaForKill          ); }
      |                                                   ^~~~~~~~~~~~~~
/home/vitaly/p/Prime-World/pw/branches/r1117/Src/PF_GameLogic/PFAbilityDataNamemaps.cpp:59:49: error: pasting "GetNaftaForAssist" and "(" does not give a valid preprocessing token
   59 | #define GET_UNIT_PARAM( Name ) { return pOwner->Get##Name##(); }
      |                                                 ^~~
/home/vitaly/p/Prime-World/pw/branches/r1117/Src/PF_GameLogic/PFAbilityDataNamemaps.cpp:174:51: note: in expansion of macro ‘GET_UNIT_PARAM’
  174 |     virtual int GetNaftaForAssist()       const { GET_UNIT_PARAM( NaftaForAssist        ); }
      |                                                   ^~~~~~~~~~~~~~
/home/vitaly/p/Prime-World/pw/branches/r1117/Src/PF_GameLogic/PFAbilityDataNamemaps.cpp:59:49: error: pasting "GetGold" and "(" does not give a valid preprocessing token
   59 | #define GET_UNIT_PARAM( Name ) { return pOwner->Get##Name##(); }
      |                                                 ^~~
/home/vitaly/p/Prime-World/pw/branches/r1117/Src/PF_GameLogic/PFAbilityDataNamemaps.cpp:175:51: note: in expansion of macro ‘GET_UNIT_PARAM’
  175 |     virtual int GetNafta()                const { GET_UNIT_PARAM( Gold                  ); }
      |                                                   ^~~~~~~~~~~~~~
/home/vitaly/p/Prime-World/pw/branches/r1117/Src/PF_GameLogic/PFAbilityDataNamemaps.cpp:59:49: error: pasting "GetTotalNaftaEarned" and "(" does not give a valid preprocessing token
   59 | #define GET_UNIT_PARAM( Name ) { return pOwner->Get##Name##(); }
      |                                                 ^~~
/home/vitaly/p/Prime-World/pw/branches/r1117/Src/PF_GameLogic/PFAbilityDataNamemaps.cpp:176:51: note: in expansion of macro ‘GET_UNIT_PARAM’
  176 |     virtual int GetTotalNaftaEarned()     const { GET_UNIT_PARAM( TotalNaftaEarned      ); }
      |                                                   ^~~~~~~~~~~~~~
/home/vitaly/p/Prime-World/pw/branches/r1117/Src/PF_GameLogic/PFAbilityDataNamemaps.cpp:59:49: error: pasting "GetTeamNaftaForKill" and "(" does not give a valid preprocessing token
   59 | #define GET_UNIT_PARAM( Name ) { return pOwner->Get##Name##(); }
      |                                                 ^~~
/home/vitaly/p/Prime-World/pw/branches/r1117/Src/PF_GameLogic/PFAbilityDataNamemaps.cpp:177:51: note: in expansion of macro ‘GET_UNIT_PARAM’
  177 |     virtual int GetTeamNaftaForKill()     const { GET_UNIT_PARAM( TeamNaftaForKill      ); }
      |                                                   ^~~~~~~~~~~~~~
/home/vitaly/p/Prime-World/pw/branches/r1117/Src/PF_GameLogic/PFAbilityDataNamemaps.cpp:59:49: error: pasting "GetTeamNaftaForPresence" and "(" does not give a valid preprocessing token
   59 | #define GET_UNIT_PARAM( Name ) { return pOwner->Get##Name##(); }
      |                                                 ^~~
/home/vitaly/p/Prime-World/pw/branches/r1117/Src/PF_GameLogic/PFAbilityDataNamemaps.cpp:178:51: note: in expansion of macro ‘GET_UNIT_PARAM’
  178 |     virtual int GetTeamNaftaForPresence() const { GET_UNIT_PARAM( TeamNaftaForPresence  ); }
      |                                                   ^~~~~~~~~~~~~~
/home/vitaly/p/Prime-World/pw/branches/r1117/Src/PF_GameLogic/PFAbilityDataNamemaps.cpp:59:49: error: pasting "GetNaftaLevel" and "(" does not give a valid preprocessing token
   59 | #define GET_UNIT_PARAM( Name ) { return pOwner->Get##Name##(); }
      |                                                 ^~~
/home/vitaly/p/Prime-World/pw/branches/r1117/Src/PF_GameLogic/PFAbilityDataNamemaps.cpp:179:51: note: in expansion of macro ‘GET_UNIT_PARAM’
  179 |     virtual int GetNaftaLevel()           const { GET_UNIT_PARAM( NaftaLevel            ); }
      |                                                   ^~~~~~~~~~~~~~
/home/vitaly/p/Prime-World/pw/branches/r1117/Src/PF_GameLogic/PFAbilityDataNamemaps.cpp:59:49: error: pasting "GetCritChanceBonus" and "(" does not give a valid preprocessing token
   59 | #define GET_UNIT_PARAM( Name ) { return pOwner->Get##Name##(); }
      |                                                 ^~~
/home/vitaly/p/Prime-World/pw/branches/r1117/Src/PF_GameLogic/PFAbilityDataNamemaps.cpp:181:55: note: in expansion of macro ‘GET_UNIT_PARAM’
  181 |     virtual float GetCritChanceBonus()        const { GET_UNIT_PARAM( CritChanceBonus        ); }
      |                                                       ^~~~~~~~~~~~~~
/home/vitaly/p/Prime-World/pw/branches/r1117/Src/PF_GameLogic/PFAbilityDataNamemaps.cpp:59:49: error: pasting "GetEnergyDamageDecrease" and "(" does not give a valid preprocessing token
   59 | #define GET_UNIT_PARAM( Name ) { return pOwner->Get##Name##(); }
      |                                                 ^~~
/home/vitaly/p/Prime-World/pw/branches/r1117/Src/PF_GameLogic/PFAbilityDataNamemaps.cpp:182:55: note: in expansion of macro ‘GET_UNIT_PARAM’
  182 |     virtual float GetEnergyDamageDecrease()   const { GET_UNIT_PARAM( EnergyDamageDecrease   ); }
      |                                                       ^~~~~~~~~~~~~~
/home/vitaly/p/Prime-World/pw/branches/r1117/Src/PF_GameLogic/PFAbilityDataNamemaps.cpp:59:49: error: pasting "GetMaterialDamageDecrease" and "(" does not give a valid preprocessing token
   59 | #define GET_UNIT_PARAM( Name ) { return pOwner->Get##Name##(); }
      |                                                 ^~~
/home/vitaly/p/Prime-World/pw/branches/r1117/Src/PF_GameLogic/PFAbilityDataNamemaps.cpp:183:55: note: in expansion of macro ‘GET_UNIT_PARAM’
  183 |     virtual float GetMaterialDamageDecrease() const { GET_UNIT_PARAM( MaterialDamageDecrease ); }
      |                                                       ^~~~~~~~~~~~~~
/home/vitaly/p/Prime-World/pw/branches/r1117/Src/PF_GameLogic/PFAbilityDataNamemaps.cpp:59:49: error: pasting "GetMissChance" and "(" does not give a valid preprocessing token
   59 | #define GET_UNIT_PARAM( Name ) { return pOwner->Get##Name##(); }
      |                                                 ^~~
/home/vitaly/p/Prime-World/pw/branches/r1117/Src/PF_GameLogic/PFAbilityDataNamemaps.cpp:184:55: note: in expansion of macro ‘GET_UNIT_PARAM’
  184 |     virtual float GetMissChance()             const { GET_UNIT_PARAM( MissChance             ); }
      |                                                       ^~~~~~~~~~~~~~
/home/vitaly/p/Prime-World/pw/branches/r1117/Src/PF_GameLogic/PFAbilityDataNamemaps.cpp:222:86: error: pasting "GetRank" and "(" does not give a valid preprocessing token
  222 |     return (iExternalPrm != externalParams.end()) ? iExternalPrm->second : pAbility->Get##Name##(); \
      |                                                                                      ^~~
/home/vitaly/p/Prime-World/pw/branches/r1117/Src/PF_GameLogic/PFAbilityDataNamemaps.cpp:225:51: note: in expansion of macro ‘GET_EXT__PARAM’
  225 |     virtual int   GetRank               ()const { GET_EXT__PARAM(Rank              ); }
      |                                                   ^~~~~~~~~~~~~~
In file included from /home/vitaly/p/Prime-World/pw/branches/r1117/Src/PF_GameLogic/../System/../System/Logger.h:7,
                 from /home/vitaly/p/Prime-World/pw/branches/r1117/Src/PF_GameLogic/../System/systemStdAfx.h:77,
                 from /home/vitaly/p/Prime-World/pw/branches/r1117/Src/PF_GameLogic/stdafx.h:3:
/home/vitaly/p/Prime-World/pw/branches/r1117/Src/PF_GameLogic/../System/../System/MultiReaderLock.h:22:14: warning: ‘template<class> class std::auto_ptr’ is deprecated: use 'std::unique_ptr' instead [-Wdeprecated-declarations]
   22 |   const std::auto_ptr< MultiReaderLockImpl > impl_;
      |              ^~~~~~~~
In file included from /usr/lib/gcc/x86_64-pc-linux-gnu/15/include/g++-v15/memory:80,
                 from /home/vitaly/p/Prime-World/pw/branches/r1117/Src/PF_GameLogic/../System/../System/MultiReaderLock.h:3:
/usr/lib/gcc/x86_64-pc-linux-gnu/15/include/g++-v15/bits/unique_ptr.h:58:28: note: declared here
   58 |   template<typename> class auto_ptr;
      |                            ^~~~~~~~
In file included from /home/vitaly/p/Prime-World/pw/branches/r1117/Src/PF_GameLogic/../System/systemStdAfx.h:162:
/home/vitaly/p/Prime-World/pw/branches/r1117/Src/PF_GameLogic/../System/../System/ncircular_buffer.h:293:15: warning: ‘template<class _Category, class _Tp, class _Distance, class _Pointer, class _Reference> struct std::iterator’ is deprecated [-Wdeprecated-declarations]
  293 | : public std::iterator<std::random_access_iterator_tag,
      |               ^~~~~~~~
In file included from /usr/lib/gcc/x86_64-pc-linux-gnu/15/include/g++-v15/bits/stl_algobase.h:65,
                 from /usr/lib/gcc/x86_64-pc-linux-gnu/15/include/g++-v15/bits/specfun.h:43,
                 from /usr/lib/gcc/x86_64-pc-linux-gnu/15/include/g++-v15/cmath:3913,
                 from /usr/lib/gcc/x86_64-pc-linux-gnu/15/include/g++-v15/math.h:36,
                 from /home/vitaly/p/Prime-World/pw/branches/r1117/Src/System/Win32_linux.h:9,
                 from /home/vitaly/p/Prime-World/pw/branches/r1117/Src/System/config.h:51,
                 from /home/vitaly/p/Prime-World/pw/branches/r1117/Src/PF_GameLogic/../System/systemStdAfx.h:4:
/usr/lib/gcc/x86_64-pc-linux-gnu/15/include/g++-v15/bits/stl_iterator_base_types.h:129:34: note: declared here
  129 |     struct _GLIBCXX17_DEPRECATED iterator
      |                                  ^~~~~~~~
In file included from /usr/include/iconv.h:23,
                 from /home/vitaly/p/Prime-World/pw/branches/r1117/Src/PF_GameLogic/../System/systemStdAfx.h:62:
/home/vitaly/p/Prime-World/pw/branches/r1117/Src/PF_GameLogic/../PF_Core/IUpdateable.h: In static member function ‘static PF_Core::IUpdateable* PF_Core::IUpdateable::ring_Ring_::obj(const ring::Ring<PF_Core::IUpdateable, PF_Core::IUpdateable::ring_Ring_, ring::CObjectBasePolicyWithPtr<PF_Core::IUpdateable> >::Part*)’:
/home/vitaly/p/Prime-World/pw/branches/r1117/Src/PF_GameLogic/../PF_Core/IUpdateable.h:43:29: warning: ‘offsetof’ within non-standard-layout type ‘PF_Core::IUpdateable’ is conditionally-supported [-Winvalid-offsetof]
   43 |         seDECLARE_COBJRING( IUpdateable, part, Ring );
/home/vitaly/p/Prime-World/pw/branches/r1117/Src/PF_GameLogic/../System/../System/Ring.h:690:55: note: in expansion of macro ‘seDECLARE_RING_CLASS_BASE’
  690 | #define seDECLARE_COBJRING_CLASS(cls, field, ringCls) seDECLARE_RING_CLASS_BASE(cls, field, ringCls, ring::CObjectBasePolicyWithPtr<cls>)
      |                                                       ^~~~~~~~~~~~~~~~~~~~~~~~~
/home/vitaly/p/Prime-World/pw/branches/r1117/Src/PF_GameLogic/../System/../System/Ring.h:740:9: note: in expansion of macro ‘seDECLARE_COBJRING_CLASS’
  740 |         seDECLARE_COBJRING_CLASS(cls, field, ringCls); \
      |         ^~~~~~~~~~~~~~~~~~~~~~~~
/home/vitaly/p/Prime-World/pw/branches/r1117/Src/PF_GameLogic/../PF_Core/IUpdateable.h:43:9: note: in expansion of macro ‘seDECLARE_COBJRING’
   43 |         seDECLARE_COBJRING( IUpdateable, part, Ring );
      |         ^~~~~~~~~~~~~~~~~~
/home/vitaly/p/Prime-World/pw/branches/r1117/Src/PF_GameLogic/../PF_Core/IUpdateable.h: In static member function ‘static PF_Core::IUpdateableAfterScene* PF_Core::IUpdateableAfterScene::ring_Ring_::obj(const ring::Ring<PF_Core::IUpdateableAfterScene, PF_Core::IUpdateableAfterScene::ring_Ring_, ring::DefaultSmartPtrPolicy<PF_Core::IUpdateableAfterScene> >::Part*)’:
/home/vitaly/p/Prime-World/pw/branches/r1117/Src/PF_GameLogic/../PF_Core/IUpdateable.h:62:25: warning: ‘offsetof’ within non-standard-layout type ‘PF_Core::IUpdateableAfterScene’ is conditionally-supported [-Winvalid-offsetof]
   62 |         seDECLARE_RING( IUpdateableAfterScene, part, Ring );
/home/vitaly/p/Prime-World/pw/branches/r1117/Src/PF_GameLogic/../System/../System/Ring.h:689:51: note: in expansion of macro ‘seDECLARE_RING_CLASS_BASE’
  689 | #define seDECLARE_RING_CLASS(cls, field, ringCls) seDECLARE_RING_CLASS_BASE(cls, field, ringCls, ring::DefaultSmartPtrPolicy<cls>)
      |                                                   ^~~~~~~~~~~~~~~~~~~~~~~~~
/home/vitaly/p/Prime-World/pw/branches/r1117/Src/PF_GameLogic/../System/../System/Ring.h:736:3: note: in expansion of macro ‘seDECLARE_RING_CLASS’
  736 |   seDECLARE_RING_CLASS(cls, field, ringCls); \
      |   ^~~~~~~~~~~~~~~~~~~~
/home/vitaly/p/Prime-World/pw/branches/r1117/Src/PF_GameLogic/../PF_Core/IUpdateable.h:62:9: note: in expansion of macro ‘seDECLARE_RING’
   62 |         seDECLARE_RING( IUpdateableAfterScene, part, Ring );
      |         ^~~~~~~~~~~~~~
/home/vitaly/p/Prime-World/pw/branches/r1117/Src/PF_GameLogic/../PF_Core/WorldObject.h: In static member function ‘static PF_Core::WorldObjectBase* PF_Core::WorldObjectBase::ring_Ring_::obj(const ring::Ring<PF_Core::WorldObjectBase, PF_Core::WorldObjectBase::ring_Ring_, ring::CObjectBasePolicyWithPtr<PF_Core::WorldObjectBase> >::Part*)’:
/home/vitaly/p/Prime-World/pw/branches/r1117/Src/PF_GameLogic/../PF_Core/WorldObject.h:213:30: warning: ‘offsetof’ within non-standard-layout type ‘PF_Core::WorldObjectBase’ is conditionally-supported [-Winvalid-offsetof]
  213 |     seDECLARE_COBJRING_CLASS(WorldObjectBase, ringPart, Ring);
/home/vitaly/p/Prime-World/pw/branches/r1117/Src/PF_GameLogic/../System/../System/Ring.h:690:55: note: in expansion of macro ‘seDECLARE_RING_CLASS_BASE’
  690 | #define seDECLARE_COBJRING_CLASS(cls, field, ringCls) seDECLARE_RING_CLASS_BASE(cls, field, ringCls, ring::CObjectBasePolicyWithPtr<cls>)
      |                                                       ^~~~~~~~~~~~~~~~~~~~~~~~~
/home/vitaly/p/Prime-World/pw/branches/r1117/Src/PF_GameLogic/../PF_Core/WorldObject.h:213:5: note: in expansion of macro ‘seDECLARE_COBJRING_CLASS’
  213 |     seDECLARE_COBJRING_CLASS(WorldObjectBase, ringPart, Ring);
      |     ^~~~~~~~~~~~~~~~~~~~~~~~
/home/vitaly/p/Prime-World/pw/branches/r1117/Src/PF_GameLogic/../Render/DeviceLost.h: In static member function ‘static Render::DeviceLostHandler* Render::DeviceLostHandler::ring_Ring_::obj(const ring::Ring<Render::DeviceLostHandler, Render::DeviceLostHandler::ring_Ring_, ring::DefaultSmartPtrPolicy<Render::DeviceLostHandler> >::Part*)’:
/home/vitaly/p/Prime-World/pw/branches/r1117/Src/PF_GameLogic/../Render/DeviceLost.h:39:18: warning: ‘offsetof’ within non-standard-layout type ‘Render::DeviceLostHandler’ is conditionally-supported [-Winvalid-offsetof]
   39 |   seDECLARE_RING(DeviceLostHandler, ringPart, Ring);
/home/vitaly/p/Prime-World/pw/branches/r1117/Src/PF_GameLogic/../System/../System/Ring.h:689:51: note: in expansion of macro ‘seDECLARE_RING_CLASS_BASE’
  689 | #define seDECLARE_RING_CLASS(cls, field, ringCls) seDECLARE_RING_CLASS_BASE(cls, field, ringCls, ring::DefaultSmartPtrPolicy<cls>)
      |                                                   ^~~~~~~~~~~~~~~~~~~~~~~~~
/home/vitaly/p/Prime-World/pw/branches/r1117/Src/PF_GameLogic/../System/../System/Ring.h:736:3: note: in expansion of macro ‘seDECLARE_RING_CLASS’
  736 |   seDECLARE_RING_CLASS(cls, field, ringCls); \
      |   ^~~~~~~~~~~~~~~~~~~~
/home/vitaly/p/Prime-World/pw/branches/r1117/Src/PF_GameLogic/../Render/DeviceLost.h:39:3: note: in expansion of macro ‘seDECLARE_RING’
   39 |   seDECLARE_RING(DeviceLostHandler, ringPart, Ring);
      |   ^~~~~~~~~~~~~~
/home/vitaly/p/Prime-World/pw/branches/r1117/Src/PF_GameLogic/../Render/DeviceLost.h: In static member function ‘static Render::DeviceDeleteHandler* Render::DeviceDeleteHandler::ring_Ring_::obj(const ring::Ring<Render::DeviceDeleteHandler, Render::DeviceDeleteHandler::ring_Ring_, ring::DefaultSmartPtrPolicy<Render::DeviceDeleteHandler> >::Part*)’:
/home/vitaly/p/Prime-World/pw/branches/r1117/Src/PF_GameLogic/../Render/DeviceLost.h:120:18: warning: ‘offsetof’ within non-standard-layout type ‘Render::DeviceDeleteHandler’ is conditionally-supported [-Winvalid-offsetof]
  120 |   seDECLARE_RING(DeviceDeleteHandler, ringPart, Ring);
/home/vitaly/p/Prime-World/pw/branches/r1117/Src/PF_GameLogic/../System/../System/Ring.h:689:51: note: in expansion of macro ‘seDECLARE_RING_CLASS_BASE’
  689 | #define seDECLARE_RING_CLASS(cls, field, ringCls) seDECLARE_RING_CLASS_BASE(cls, field, ringCls, ring::DefaultSmartPtrPolicy<cls>)
      |                                                   ^~~~~~~~~~~~~~~~~~~~~~~~~
/home/vitaly/p/Prime-World/pw/branches/r1117/Src/PF_GameLogic/../System/../System/Ring.h:736:3: note: in expansion of macro ‘seDECLARE_RING_CLASS’
  736 |   seDECLARE_RING_CLASS(cls, field, ringCls); \
      |   ^~~~~~~~~~~~~~~~~~~~
/home/vitaly/p/Prime-World/pw/branches/r1117/Src/PF_GameLogic/../Render/DeviceLost.h:120:3: note: in expansion of macro ‘seDECLARE_RING’
  120 |   seDECLARE_RING(DeviceDeleteHandler, ringPart, Ring);
      |   ^~~~~~~~~~~~~~
In file included from /home/vitaly/p/Prime-World/pw/branches/r1117/Src/PF_GameLogic/../Render/sampler.h:4,
                 from /home/vitaly/p/Prime-World/pw/branches/r1117/Src/PF_GameLogic/../Render/material.h:9,
                 from /home/vitaly/p/Prime-World/pw/branches/r1117/Src/PF_GameLogic/../Render/renderstatesmanager.h:5,
                 from /home/vitaly/p/Prime-World/pw/branches/r1117/Src/PF_GameLogic/../Render/renderer.h:7,
                 from /home/vitaly/p/Prime-World/pw/branches/r1117/Src/PF_GameLogic/specific.h:11:
/home/vitaly/p/Prime-World/pw/branches/r1117/Src/PF_GameLogic/../Render/states.h: In member function ‘Render::SamplerState& Render::SamplerState::CreateMask()’:
/home/vitaly/p/Prime-World/pw/branches/r1117/Src/PF_GameLogic/../Render/states.h:125:17: warning: conversion from ‘unsigned int’ to ‘unsigned char:3’ changes value from ‘4294967295’ to ‘7’ [-Woverflow]
  125 |     minFilter = UINT_MAX;
      |                 ^~~~~~~~
/home/vitaly/p/Prime-World/pw/branches/r1117/Src/PF_GameLogic/../Render/states.h:126:17: warning: conversion from ‘unsigned int’ to ‘unsigned char:1’ changes value from ‘4294967295’ to ‘1’ [-Woverflow]
  126 |     magFilter = UINT_MAX;
      |                 ^~~~~~~~
/home/vitaly/p/Prime-World/pw/branches/r1117/Src/PF_GameLogic/../Render/states.h:127:17: warning: conversion from ‘unsigned int’ to ‘unsigned char:2’ changes value from ‘4294967295’ to ‘3’ [-Woverflow]
  127 |     mipFilter = UINT_MAX;
      |                 ^~~~~~~~
/home/vitaly/p/Prime-World/pw/branches/r1117/Src/PF_GameLogic/../Render/states.h:128:17: warning: conversion from ‘unsigned int’ to ‘unsigned char:2’ changes value from ‘4294967295’ to ‘3’ [-Woverflow]
  128 |     addressU  = UINT_MAX;
      |                 ^~~~~~~~
/home/vitaly/p/Prime-World/pw/branches/r1117/Src/PF_GameLogic/../Render/states.h:129:17: warning: conversion from ‘unsigned int’ to ‘unsigned char:2’ changes value from ‘4294967295’ to ‘3’ [-Woverflow]
  129 |     addressV  = UINT_MAX;
      |                 ^~~~~~~~
/home/vitaly/p/Prime-World/pw/branches/r1117/Src/PF_GameLogic/../Render/states.h:130:25: warning: conversion from ‘unsigned int’ to ‘unsigned char:1’ changes value from ‘4294967295’ to ‘1’ [-Woverflow]
  130 |     alwaysFailCompare = UINT_MAX;
      |                         ^~~~~~~~
/home/vitaly/p/Prime-World/pw/branches/r1117/Src/PF_GameLogic/../Render/states.h: At global scope:
/home/vitaly/p/Prime-World/pw/branches/r1117/Src/PF_GameLogic/../Render/states.h:168:3: warning: converting ‘Render::SamplerState2’ to a base class ‘Render::SamplerState’ will never use a type conversion operator [-Wclass-conversion]
  168 |   operator SamplerState()
      |   ^~~~~~~~
/home/vitaly/p/Prime-World/pw/branches/r1117/Src/PF_GameLogic/../Render/material.h: In static member function ‘static Render::Material* Render::Material::ring_Ring_::obj(const ring::Ring<Render::Material, Render::Material::ring_Ring_, ring::DefaultSmartPtrPolicy<Render::Material> >::Part*)’:
/home/vitaly/p/Prime-World/pw/branches/r1117/Src/PF_GameLogic/../Render/material.h:128:30: warning: ‘offsetof’ within non-standard-layout type ‘Render::Material’ is conditionally-supported [-Winvalid-offsetof]
  128 |         seDECLARE_RING_CLASS(Material, ringPart, Ring);
/home/vitaly/p/Prime-World/pw/branches/r1117/Src/PF_GameLogic/../System/../System/Ring.h:689:51: note: in expansion of macro ‘seDECLARE_RING_CLASS_BASE’
  689 | #define seDECLARE_RING_CLASS(cls, field, ringCls) seDECLARE_RING_CLASS_BASE(cls, field, ringCls, ring::DefaultSmartPtrPolicy<cls>)
      |                                                   ^~~~~~~~~~~~~~~~~~~~~~~~~
/home/vitaly/p/Prime-World/pw/branches/r1117/Src/PF_GameLogic/../Render/material.h:128:9: note: in expansion of macro ‘seDECLARE_RING_CLASS’
  128 |         seDECLARE_RING_CLASS(Material, ringPart, Ring);
      |         ^~~~~~~~~~~~~~~~~~~~
In file included from /home/vitaly/p/Prime-World/pw/branches/r1117/Src/PF_GameLogic/../Render/LightsManager.h:5,
                 from /home/vitaly/p/Prime-World/pw/branches/r1117/Src/PF_GameLogic/../Render/renderer.h:16:
/home/vitaly/p/Prime-World/pw/branches/r1117/Src/PF_GameLogic/../Render/AABB.h: At global scope:
/home/vitaly/p/Prime-World/pw/branches/r1117/Src/PF_GameLogic/../Render/AABB.h:11:16: warning: attribute ignored in declaration of ‘struct Render::AABB’ [-Wattributes]
   11 |         struct AABB
      |                ^~~~
/home/vitaly/p/Prime-World/pw/branches/r1117/Src/PF_GameLogic/../Render/AABB.h:11:16: note: attribute for ‘struct Render::AABB’ must follow the ‘struct’ keyword
In file included from /home/vitaly/p/Prime-World/pw/branches/r1117/Src/PF_GameLogic/../Render/../Scene/VoxelGrid.h:3,
                 from /home/vitaly/p/Prime-World/pw/branches/r1117/Src/PF_GameLogic/../Render/../Scene/CollectionVG.h:6,
                 from /home/vitaly/p/Prime-World/pw/branches/r1117/Src/PF_GameLogic/../Render/../Scene/VoxelGridObj.h:3,
                 from /home/vitaly/p/Prime-World/pw/branches/r1117/Src/PF_GameLogic/../Render/light.h:4,
                 from /home/vitaly/p/Prime-World/pw/branches/r1117/Src/PF_GameLogic/../Render/LightsManager.h:6:
/home/vitaly/p/Prime-World/pw/branches/r1117/Src/Render/ConvexVolume.h:12:16: warning: attribute ignored in declaration of ‘struct Render::FPlane’ [-Wattributes]
   12 |         struct FPlane
      |                ^~~~~~
/home/vitaly/p/Prime-World/pw/branches/r1117/Src/Render/ConvexVolume.h:12:16: note: attribute for ‘struct Render::FPlane’ must follow the ‘struct’ keyword
/home/vitaly/p/Prime-World/pw/branches/r1117/Src/Render/ConvexVolume.h:28:15: warning: attribute ignored in declaration of ‘class Render::ConvexVolume’ [-Wattributes]
   28 |         class ConvexVolume
      |               ^~~~~~~~~~~~
/home/vitaly/p/Prime-World/pw/branches/r1117/Src/Render/ConvexVolume.h:28:15: note: attribute for ‘class Render::ConvexVolume’ must follow the ‘class’ keyword
In file included from /home/vitaly/p/Prime-World/pw/branches/r1117/Src/PF_GameLogic/../Scene/SceneComponent.h:8,
                 from /home/vitaly/p/Prime-World/pw/branches/r1117/Src/PF_GameLogic/../Scene/SceneObject.h:2,
                 from /home/vitaly/p/Prime-World/pw/branches/r1117/Src/PF_GameLogic/specific.h:19:
/home/vitaly/p/Prime-World/pw/branches/r1117/Src/PF_GameLogic/../Scene/../Render/RenderComponent.h:40:7: warning: attribute ignored in declaration of ‘class Render::RenderComponent’ [-Wattributes]
   40 | class RenderComponent : public NonCopyable
      |       ^~~~~~~~~~~~~~~
/home/vitaly/p/Prime-World/pw/branches/r1117/Src/PF_GameLogic/../Scene/../Render/RenderComponent.h:40:7: note: attribute for ‘class Render::RenderComponent’ must follow the ‘class’ keyword
/home/vitaly/p/Prime-World/pw/branches/r1117/Src/PF_GameLogic/../Scene/../Render/MaterialSpec.h: In member function ‘virtual int Render::AIGeometryMaterialType::SignificantPartLength() const’:
/home/vitaly/p/Prime-World/pw/branches/r1117/Src/PF_GameLogic/../Scene/../Render/MaterialSpec.h:208:70: warning: ‘offsetof’ within non-standard-layout type ‘Render::AIGeometryMaterialType’ is conditionally-supported [-Winvalid-offsetof]
  208 |         virtual int SignificantPartLength() const { return offsetof( AIGeometryMaterialType, renderState ) - offsetof( AIGeometryMaterialType, renderState ) + sizeof( renderState ); }
      |                                                                      ^
/home/vitaly/p/Prime-World/pw/branches/r1117/Src/PF_GameLogic/../Scene/../Render/MaterialSpec.h:208:120: warning: ‘offsetof’ within non-standard-layout type ‘Render::AIGeometryMaterialType’ is conditionally-supported [-Winvalid-offsetof]
  208 |         virtual int SignificantPartLength() const { return offsetof( AIGeometryMaterialType, renderState ) - offsetof( AIGeometryMaterialType, renderState ) + sizeof( renderState ); }
      |                                                                                                                        ^
/home/vitaly/p/Prime-World/pw/branches/r1117/Src/PF_GameLogic/../Scene/../Render/MaterialSpec.h: In member function ‘virtual int Render::AOEMaterial::SignificantPartLength() const’:
/home/vitaly/p/Prime-World/pw/branches/r1117/Src/PF_GameLogic/../Scene/../Render/MaterialSpec.h:307:70: warning: ‘offsetof’ within non-standard-layout type ‘Render::AOEMaterial’ is conditionally-supported [-Winvalid-offsetof]
  307 |         virtual int SignificantPartLength() const { return offsetof( AOEMaterial, aspectRatio ) - offsetof( AOEMaterial, renderState ) + sizeof( aspectRatio ); }
      |                                                                      ^
/home/vitaly/p/Prime-World/pw/branches/r1117/Src/PF_GameLogic/../Scene/../Render/MaterialSpec.h:307:109: warning: ‘offsetof’ within non-standard-layout type ‘Render::AOEMaterial’ is conditionally-supported [-Winvalid-offsetof]
  307 |         virtual int SignificantPartLength() const { return offsetof( AOEMaterial, aspectRatio ) - offsetof( AOEMaterial, renderState ) + sizeof( aspectRatio ); }
      |                                                                                                             ^
/home/vitaly/p/Prime-World/pw/branches/r1117/Src/PF_GameLogic/../Scene/../Render/MaterialSpec.h: In static member function ‘static void Render::AOEMaterial::InitSamplersOffsets()’:
/home/vitaly/p/Prime-World/pw/branches/r1117/Src/PF_GameLogic/../Scene/../Render/MaterialSpec.h:341:36: warning: ‘offsetof’ within non-standard-layout type ‘Render::AOEMaterial’ is conditionally-supported [-Winvalid-offsetof]
  341 |     samplersOffsets[0] = offsetof( AOEMaterial, DiffuseMap );
      |                                    ^
/home/vitaly/p/Prime-World/pw/branches/r1117/Src/PF_GameLogic/../Scene/../Render/MaterialSpec.h: In member function ‘virtual int Render::BasicFXMaterial::SignificantPartLength() const’:
/home/vitaly/p/Prime-World/pw/branches/r1117/Src/PF_GameLogic/../Scene/../Render/MaterialSpec.h:453:70: warning: ‘offsetof’ within non-standard-layout type ‘Render::BasicFXMaterial’ is conditionally-supported [-Winvalid-offsetof]
  453 |         virtual int SignificantPartLength() const { return offsetof( BasicFXMaterial, vOffset ) - offsetof( BasicFXMaterial, renderState ) + sizeof( vOffset ); }
      |                                                                      ^
/home/vitaly/p/Prime-World/pw/branches/r1117/Src/PF_GameLogic/../Scene/../Render/MaterialSpec.h:453:109: warning: ‘offsetof’ within non-standard-layout type ‘Render::BasicFXMaterial’ is conditionally-supported [-Winvalid-offsetof]
  453 |         virtual int SignificantPartLength() const { return offsetof( BasicFXMaterial, vOffset ) - offsetof( BasicFXMaterial, renderState ) + sizeof( vOffset ); }
      |                                                                                                             ^
/home/vitaly/p/Prime-World/pw/branches/r1117/Src/PF_GameLogic/../Scene/../Render/MaterialSpec.h: In static member function ‘static void Render::BasicFXMaterial::InitSamplersOffsets()’:
/home/vitaly/p/Prime-World/pw/branches/r1117/Src/PF_GameLogic/../Scene/../Render/MaterialSpec.h:507:36: warning: ‘offsetof’ within non-standard-layout type ‘Render::BasicFXMaterial’ is conditionally-supported [-Winvalid-offsetof]
  507 |     samplersOffsets[0] = offsetof( BasicFXMaterial, DiffuseMap );
      |                                    ^
/home/vitaly/p/Prime-World/pw/branches/r1117/Src/PF_GameLogic/../Scene/../Render/MaterialSpec.h: In member function ‘virtual int Render::BasicMaskMaterial::SignificantPartLength() const’:
/home/vitaly/p/Prime-World/pw/branches/r1117/Src/PF_GameLogic/../Scene/../Render/MaterialSpec.h:595:70: warning: ‘offsetof’ within non-standard-layout type ‘Render::BasicMaskMaterial’ is conditionally-supported [-Winvalid-offsetof]
  595 |         virtual int SignificantPartLength() const { return offsetof( BasicMaskMaterial, isBlendModeOverrided ) - offsetof( BasicMaskMaterial, renderState ) + sizeof( isBlendModeOverrided ); }
      |                                                                      ^
/home/vitaly/p/Prime-World/pw/branches/r1117/Src/PF_GameLogic/../Scene/../Render/MaterialSpec.h:595:124: warning: ‘offsetof’ within non-standard-layout type ‘Render::BasicMaskMaterial’ is conditionally-supported [-Winvalid-offsetof]
  595 |         virtual int SignificantPartLength() const { return offsetof( BasicMaskMaterial, isBlendModeOverrided ) - offsetof( BasicMaskMaterial, renderState ) + sizeof( isBlendModeOverrided ); }
      |                                                                                                                            ^
/home/vitaly/p/Prime-World/pw/branches/r1117/Src/PF_GameLogic/../Scene/../Render/MaterialSpec.h: In static member function ‘static void Render::BasicMaskMaterial::InitSamplersOffsets()’:
/home/vitaly/p/Prime-World/pw/branches/r1117/Src/PF_GameLogic/../Scene/../Render/MaterialSpec.h:628:36: warning: ‘offsetof’ within non-standard-layout type ‘Render::BasicMaskMaterial’ is conditionally-supported [-Winvalid-offsetof]
  628 |     samplersOffsets[0] = offsetof( BasicMaskMaterial, Diffuse );
      |                                    ^
/home/vitaly/p/Prime-World/pw/branches/r1117/Src/PF_GameLogic/../Scene/../Render/MaterialSpec.h:629:36: warning: ‘offsetof’ within non-standard-layout type ‘Render::BasicMaskMaterial’ is conditionally-supported [-Winvalid-offsetof]
  629 |     samplersOffsets[1] = offsetof( BasicMaskMaterial, Mask );
      |                                    ^
/home/vitaly/p/Prime-World/pw/branches/r1117/Src/PF_GameLogic/../Scene/../Render/MaterialSpec.h: In member function ‘virtual int Render::BasicMaterial::SignificantPartLength() const’:
/home/vitaly/p/Prime-World/pw/branches/r1117/Src/PF_GameLogic/../Scene/../Render/MaterialSpec.h:743:70: warning: ‘offsetof’ within non-standard-layout type ‘Render::BasicMaterial’ is conditionally-supported [-Winvalid-offsetof]
  743 |         virtual int SignificantPartLength() const { return offsetof( BasicMaterial, specialTransparency ) - offsetof( BasicMaterial, renderState ) + sizeof( specialTransparency ); }
      |                                                                      ^
/home/vitaly/p/Prime-World/pw/branches/r1117/Src/PF_GameLogic/../Scene/../Render/MaterialSpec.h:743:119: warning: ‘offsetof’ within non-standard-layout type ‘Render::BasicMaterial’ is conditionally-supported [-Winvalid-offsetof]
  743 |         virtual int SignificantPartLength() const { return offsetof( BasicMaterial, specialTransparency ) - offsetof( BasicMaterial, renderState ) + sizeof( specialTransparency ); }
      |                                                                                                                       ^
/home/vitaly/p/Prime-World/pw/branches/r1117/Src/PF_GameLogic/../Scene/../Render/MaterialSpec.h: In static member function ‘static void Render::BasicMaterial::InitSamplersOffsets()’:
/home/vitaly/p/Prime-World/pw/branches/r1117/Src/PF_GameLogic/../Scene/../Render/MaterialSpec.h:784:36: warning: ‘offsetof’ within non-standard-layout type ‘Render::BasicMaterial’ is conditionally-supported [-Winvalid-offsetof]
  784 |     samplersOffsets[0] = offsetof( BasicMaterial, DiffuseMap );
      |                                    ^
/home/vitaly/p/Prime-World/pw/branches/r1117/Src/PF_GameLogic/../Scene/../Render/MaterialSpec.h:785:36: warning: ‘offsetof’ within non-standard-layout type ‘Render::BasicMaterial’ is conditionally-supported [-Winvalid-offsetof]
  785 |     samplersOffsets[1] = offsetof( BasicMaterial, NormalMap );
      |                                    ^
/home/vitaly/p/Prime-World/pw/branches/r1117/Src/PF_GameLogic/../Scene/../Render/MaterialSpec.h:786:36: warning: ‘offsetof’ within non-standard-layout type ‘Render::BasicMaterial’ is conditionally-supported [-Winvalid-offsetof]
  786 |     samplersOffsets[2] = offsetof( BasicMaterial, SpecularMap );
      |                                    ^
/home/vitaly/p/Prime-World/pw/branches/r1117/Src/PF_GameLogic/../Scene/../Render/MaterialSpec.h:787:36: warning: ‘offsetof’ within non-standard-layout type ‘Render::BasicMaterial’ is conditionally-supported [-Winvalid-offsetof]
  787 |     samplersOffsets[3] = offsetof( BasicMaterial, ReflectionMap );
      |                                    ^
/home/vitaly/p/Prime-World/pw/branches/r1117/Src/PF_GameLogic/../Scene/../Render/MaterialSpec.h: In member function ‘virtual int Render::DecalMaterial::SignificantPartLength() const’:
/home/vitaly/p/Prime-World/pw/branches/r1117/Src/PF_GameLogic/../Scene/../Render/MaterialSpec.h:976:70: warning: ‘offsetof’ within non-standard-layout type ‘Render::DecalMaterial’ is conditionally-supported [-Winvalid-offsetof]
  976 |         virtual int SignificantPartLength() const { return offsetof( DecalMaterial, isBlendModeOverrided ) - offsetof( DecalMaterial, renderState ) + sizeof( isBlendModeOverrided ); }
      |                                                                      ^
/home/vitaly/p/Prime-World/pw/branches/r1117/Src/PF_GameLogic/../Scene/../Render/MaterialSpec.h:976:120: warning: ‘offsetof’ within non-standard-layout type ‘Render::DecalMaterial’ is conditionally-supported [-Winvalid-offsetof]
  976 |         virtual int SignificantPartLength() const { return offsetof( DecalMaterial, isBlendModeOverrided ) - offsetof( DecalMaterial, renderState ) + sizeof( isBlendModeOverrided ); }
      |                                                                                                                        ^
/home/vitaly/p/Prime-World/pw/branches/r1117/Src/PF_GameLogic/../Scene/../Render/MaterialSpec.h: In static member function ‘static void Render::DecalMaterial::InitSamplersOffsets()’:
/home/vitaly/p/Prime-World/pw/branches/r1117/Src/PF_GameLogic/../Scene/../Render/MaterialSpec.h:1020:36: warning: ‘offsetof’ within non-standard-layout type ‘Render::DecalMaterial’ is conditionally-supported [-Winvalid-offsetof]
 1020 |     samplersOffsets[0] = offsetof( DecalMaterial, DiffuseMap );
      |                                    ^
/home/vitaly/p/Prime-World/pw/branches/r1117/Src/PF_GameLogic/../Scene/../Render/MaterialSpec.h: In member function ‘virtual int Render::DecalTerrainMaterial::SignificantPartLength() const’:
/home/vitaly/p/Prime-World/pw/branches/r1117/Src/PF_GameLogic/../Scene/../Render/MaterialSpec.h:1140:70: warning: ‘offsetof’ within non-standard-layout type ‘Render::DecalTerrainMaterial’ is conditionally-supported [-Winvalid-offsetof]
 1140 |         virtual int SignificantPartLength() const { return offsetof( DecalTerrainMaterial, isBlendModeOverrided ) - offsetof( DecalTerrainMaterial, renderState ) + sizeof( isBlendModeOverrided ); }
      |                                                                      ^
/home/vitaly/p/Prime-World/pw/branches/r1117/Src/PF_GameLogic/../Scene/../Render/MaterialSpec.h:1140:127: warning: ‘offsetof’ within non-standard-layout type ‘Render::DecalTerrainMaterial’ is conditionally-supported [-Winvalid-offsetof]
 1140 |         virtual int SignificantPartLength() const { return offsetof( DecalTerrainMaterial, isBlendModeOverrided ) - offsetof( DecalTerrainMaterial, renderState ) + sizeof( isBlendModeOverrided ); }
      |                                                                                                                               ^
/home/vitaly/p/Prime-World/pw/branches/r1117/Src/PF_GameLogic/../Scene/../Render/MaterialSpec.h: In static member function ‘static void Render::DecalTerrainMaterial::InitSamplersOffsets()’:
/home/vitaly/p/Prime-World/pw/branches/r1117/Src/PF_GameLogic/../Scene/../Render/MaterialSpec.h:1185:36: warning: ‘offsetof’ within non-standard-layout type ‘Render::DecalTerrainMaterial’ is conditionally-supported [-Winvalid-offsetof]
 1185 |     samplersOffsets[0] = offsetof( DecalTerrainMaterial, DiffuseMap );
      |                                    ^
/home/vitaly/p/Prime-World/pw/branches/r1117/Src/PF_GameLogic/../Scene/../Render/MaterialSpec.h:1186:36: warning: ‘offsetof’ within non-standard-layout type ‘Render::DecalTerrainMaterial’ is conditionally-supported [-Winvalid-offsetof]
 1186 |     samplersOffsets[1] = offsetof( DecalTerrainMaterial, MaskMap );
      |                                    ^
/home/vitaly/p/Prime-World/pw/branches/r1117/Src/PF_GameLogic/../Scene/../Render/MaterialSpec.h: In member function ‘virtual int Render::DropMaterial::SignificantPartLength() const’:
/home/vitaly/p/Prime-World/pw/branches/r1117/Src/PF_GameLogic/../Scene/../Render/MaterialSpec.h:1364:70: warning: ‘offsetof’ within non-standard-layout type ‘Render::DropMaterial’ is conditionally-supported [-Winvalid-offsetof]
 1364 |         virtual int SignificantPartLength() const { return offsetof( DropMaterial, vOffset2 ) - offsetof( DropMaterial, renderState ) + sizeof( vOffset2 ); }
      |                                                                      ^
/home/vitaly/p/Prime-World/pw/branches/r1117/Src/PF_GameLogic/../Scene/../Render/MaterialSpec.h:1364:107: warning: ‘offsetof’ within non-standard-layout type ‘Render::DropMaterial’ is conditionally-supported [-Winvalid-offsetof]
 1364 |         virtual int SignificantPartLength() const { return offsetof( DropMaterial, vOffset2 ) - offsetof( DropMaterial, renderState ) + sizeof( vOffset2 ); }
      |                                                                                                           ^
/home/vitaly/p/Prime-World/pw/branches/r1117/Src/PF_GameLogic/../Scene/../Render/MaterialSpec.h: In static member function ‘static void Render::DropMaterial::InitSamplersOffsets()’:
/home/vitaly/p/Prime-World/pw/branches/r1117/Src/PF_GameLogic/../Scene/../Render/MaterialSpec.h:1419:36: warning: ‘offsetof’ within non-standard-layout type ‘Render::DropMaterial’ is conditionally-supported [-Winvalid-offsetof]
 1419 |     samplersOffsets[0] = offsetof( DropMaterial, DiffuseMap );
      |                                    ^
/home/vitaly/p/Prime-World/pw/branches/r1117/Src/PF_GameLogic/../Scene/../Render/MaterialSpec.h:1420:36: warning: ‘offsetof’ within non-standard-layout type ‘Render::DropMaterial’ is conditionally-supported [-Winvalid-offsetof]
 1420 |     samplersOffsets[1] = offsetof( DropMaterial, NormalMap );
      |                                    ^
/home/vitaly/p/Prime-World/pw/branches/r1117/Src/PF_GameLogic/../Scene/../Render/MaterialSpec.h:1421:36: warning: ‘offsetof’ within non-standard-layout type ‘Render::DropMaterial’ is conditionally-supported [-Winvalid-offsetof]
 1421 |     samplersOffsets[2] = offsetof( DropMaterial, SpecularMap );
      |                                    ^
/home/vitaly/p/Prime-World/pw/branches/r1117/Src/PF_GameLogic/../Scene/../Render/MaterialSpec.h:1422:36: warning: ‘offsetof’ within non-standard-layout type ‘Render::DropMaterial’ is conditionally-supported [-Winvalid-offsetof]
 1422 |     samplersOffsets[3] = offsetof( DropMaterial, ReflectionMap );
      |                                    ^
/home/vitaly/p/Prime-World/pw/branches/r1117/Src/PF_GameLogic/../Scene/../Render/MaterialSpec.h: In member function ‘virtual int Render::FullScreenMaterial::SignificantPartLength() const’:
/home/vitaly/p/Prime-World/pw/branches/r1117/Src/PF_GameLogic/../Scene/../Render/MaterialSpec.h:1516:70: warning: ‘offsetof’ within non-standard-layout type ‘Render::FullScreenMaterial’ is conditionally-supported [-Winvalid-offsetof]
 1516 |         virtual int SignificantPartLength() const { return offsetof( FullScreenMaterial, BloomMap ) - offsetof( FullScreenMaterial, renderState ) + sizeof( BloomMap ); }
      |                                                                      ^
/home/vitaly/p/Prime-World/pw/branches/r1117/Src/PF_GameLogic/../Scene/../Render/MaterialSpec.h:1516:113: warning: ‘offsetof’ within non-standard-layout type ‘Render::FullScreenMaterial’ is conditionally-supported [-Winvalid-offsetof]
 1516 |         virtual int SignificantPartLength() const { return offsetof( FullScreenMaterial, BloomMap ) - offsetof( FullScreenMaterial, renderState ) + sizeof( BloomMap ); }
      |                                                                                                                 ^
/home/vitaly/p/Prime-World/pw/branches/r1117/Src/PF_GameLogic/../Scene/../Render/MaterialSpec.h: In static member function ‘static void Render::FullScreenMaterial::InitSamplersOffsets()’:
/home/vitaly/p/Prime-World/pw/branches/r1117/Src/PF_GameLogic/../Scene/../Render/MaterialSpec.h:1566:36: warning: ‘offsetof’ within non-standard-layout type ‘Render::FullScreenMaterial’ is conditionally-supported [-Winvalid-offsetof]
 1566 |     samplersOffsets[0] = offsetof( FullScreenMaterial, DepthMap );
      |                                    ^
/home/vitaly/p/Prime-World/pw/branches/r1117/Src/PF_GameLogic/../Scene/../Render/MaterialSpec.h:1567:36: warning: ‘offsetof’ within non-standard-layout type ‘Render::FullScreenMaterial’ is conditionally-supported [-Winvalid-offsetof]
 1567 |     samplersOffsets[1] = offsetof( FullScreenMaterial, DiffuseMap );
      |                                    ^
/home/vitaly/p/Prime-World/pw/branches/r1117/Src/PF_GameLogic/../Scene/../Render/MaterialSpec.h:1568:36: warning: ‘offsetof’ within non-standard-layout type ‘Render::FullScreenMaterial’ is conditionally-supported [-Winvalid-offsetof]
 1568 |     samplersOffsets[2] = offsetof( FullScreenMaterial, BloomMap );
      |                                    ^
/home/vitaly/p/Prime-World/pw/branches/r1117/Src/PF_GameLogic/../Scene/../Render/MaterialSpec.h: In member function ‘virtual int Render::GrassMaterial::SignificantPartLength() const’:
/home/vitaly/p/Prime-World/pw/branches/r1117/Src/PF_GameLogic/../Scene/../Render/MaterialSpec.h:1639:70: warning: ‘offsetof’ within non-standard-layout type ‘Render::GrassMaterial’ is conditionally-supported [-Winvalid-offsetof]
 1639 |         virtual int SignificantPartLength() const { return offsetof( GrassMaterial, elasticity ) - offsetof( GrassMaterial, renderState ) + sizeof( elasticity ); }
      |                                                                      ^
/home/vitaly/p/Prime-World/pw/branches/r1117/Src/PF_GameLogic/../Scene/../Render/MaterialSpec.h:1639:110: warning: ‘offsetof’ within non-standard-layout type ‘Render::GrassMaterial’ is conditionally-supported [-Winvalid-offsetof]
 1639 |         virtual int SignificantPartLength() const { return offsetof( GrassMaterial, elasticity ) - offsetof( GrassMaterial, renderState ) + sizeof( elasticity ); }
      |                                                                                                              ^
/home/vitaly/p/Prime-World/pw/branches/r1117/Src/PF_GameLogic/../Scene/../Render/MaterialSpec.h: In static member function ‘static void Render::GrassMaterial::InitSamplersOffsets()’:
/home/vitaly/p/Prime-World/pw/branches/r1117/Src/PF_GameLogic/../Scene/../Render/MaterialSpec.h:1673:36: warning: ‘offsetof’ within non-standard-layout type ‘Render::GrassMaterial’ is conditionally-supported [-Winvalid-offsetof]
 1673 |     samplersOffsets[0] = offsetof( GrassMaterial, FrozenDiffuseMap );
      |                                    ^
/home/vitaly/p/Prime-World/pw/branches/r1117/Src/PF_GameLogic/../Scene/../Render/MaterialSpec.h:1674:36: warning: ‘offsetof’ within non-standard-layout type ‘Render::GrassMaterial’ is conditionally-supported [-Winvalid-offsetof]
 1674 |     samplersOffsets[1] = offsetof( GrassMaterial, NormalDiffuseMap );
      |                                    ^
/home/vitaly/p/Prime-World/pw/branches/r1117/Src/PF_GameLogic/../Scene/../Render/MaterialSpec.h:1675:36: warning: ‘offsetof’ within non-standard-layout type ‘Render::GrassMaterial’ is conditionally-supported [-Winvalid-offsetof]
 1675 |     samplersOffsets[2] = offsetof( GrassMaterial, BurnedDiffuseMap );
      |                                    ^
/home/vitaly/p/Prime-World/pw/branches/r1117/Src/PF_GameLogic/../Scene/../Render/MaterialSpec.h: In member function ‘virtual int Render::HeightfogMaterial::SignificantPartLength() const’:
/home/vitaly/p/Prime-World/pw/branches/r1117/Src/PF_GameLogic/../Scene/../Render/MaterialSpec.h:1760:70: warning: ‘offsetof’ within non-standard-layout type ‘Render::HeightfogMaterial’ is conditionally-supported [-Winvalid-offsetof]
 1760 |         virtual int SignificantPartLength() const { return offsetof( HeightfogMaterial, halfFadeDistance ) - offsetof( HeightfogMaterial, renderState ) + sizeof( halfFadeDistance ); }
      |                                                                      ^
/home/vitaly/p/Prime-World/pw/branches/r1117/Src/PF_GameLogic/../Scene/../Render/MaterialSpec.h:1760:120: warning: ‘offsetof’ within non-standard-layout type ‘Render::HeightfogMaterial’ is conditionally-supported [-Winvalid-offsetof]
 1760 |         virtual int SignificantPartLength() const { return offsetof( HeightfogMaterial, halfFadeDistance ) - offsetof( HeightfogMaterial, renderState ) + sizeof( halfFadeDistance ); }
      |                                                                                                                        ^
/home/vitaly/p/Prime-World/pw/branches/r1117/Src/PF_GameLogic/../Scene/../Render/MaterialSpec.h: In static member function ‘static void Render::HeightfogMaterial::InitSamplersOffsets()’:
/home/vitaly/p/Prime-World/pw/branches/r1117/Src/PF_GameLogic/../Scene/../Render/MaterialSpec.h:1792:36: warning: ‘offsetof’ within non-standard-layout type ‘Render::HeightfogMaterial’ is conditionally-supported [-Winvalid-offsetof]
 1792 |     samplersOffsets[0] = offsetof( HeightfogMaterial, noiseMap );
      |                                    ^
/home/vitaly/p/Prime-World/pw/branches/r1117/Src/PF_GameLogic/../Scene/../Render/MaterialSpec.h: In member function ‘virtual int Render::LightningMaterial::SignificantPartLength() const’:
/home/vitaly/p/Prime-World/pw/branches/r1117/Src/PF_GameLogic/../Scene/../Render/MaterialSpec.h:1849:70: warning: ‘offsetof’ within non-standard-layout type ‘Render::LightningMaterial’ is conditionally-supported [-Winvalid-offsetof]
 1849 |         virtual int SignificantPartLength() const { return offsetof( LightningMaterial, DiffuseMap ) - offsetof( LightningMaterial, renderState ) + sizeof( DiffuseMap ); }
      |                                                                      ^
/home/vitaly/p/Prime-World/pw/branches/r1117/Src/PF_GameLogic/../Scene/../Render/MaterialSpec.h:1849:114: warning: ‘offsetof’ within non-standard-layout type ‘Render::LightningMaterial’ is conditionally-supported [-Winvalid-offsetof]
 1849 |         virtual int SignificantPartLength() const { return offsetof( LightningMaterial, DiffuseMap ) - offsetof( LightningMaterial, renderState ) + sizeof( DiffuseMap ); }
      |                                                                                                                  ^
/home/vitaly/p/Prime-World/pw/branches/r1117/Src/PF_GameLogic/../Scene/../Render/MaterialSpec.h: In static member function ‘static void Render::LightningMaterial::InitSamplersOffsets()’:
/home/vitaly/p/Prime-World/pw/branches/r1117/Src/PF_GameLogic/../Scene/../Render/MaterialSpec.h:1881:36: warning: ‘offsetof’ within non-standard-layout type ‘Render::LightningMaterial’ is conditionally-supported [-Winvalid-offsetof]
 1881 |     samplersOffsets[0] = offsetof( LightningMaterial, DiffuseMap );
      |                                    ^
/home/vitaly/p/Prime-World/pw/branches/r1117/Src/PF_GameLogic/../Scene/../Render/MaterialSpec.h: In member function ‘virtual int Render::PaintMaterial::SignificantPartLength() const’:
/home/vitaly/p/Prime-World/pw/branches/r1117/Src/PF_GameLogic/../Scene/../Render/MaterialSpec.h:2042:70: warning: ‘offsetof’ within non-standard-layout type ‘Render::PaintMaterial’ is conditionally-supported [-Winvalid-offsetof]
 2042 |         virtual int SignificantPartLength() const { return offsetof( PaintMaterial, isBlendModeOverrided ) - offsetof( PaintMaterial, renderState ) + sizeof( isBlendModeOverrided ); }
      |                                                                      ^
/home/vitaly/p/Prime-World/pw/branches/r1117/Src/PF_GameLogic/../Scene/../Render/MaterialSpec.h:2042:120: warning: ‘offsetof’ within non-standard-layout type ‘Render::PaintMaterial’ is conditionally-supported [-Winvalid-offsetof]
 2042 |         virtual int SignificantPartLength() const { return offsetof( PaintMaterial, isBlendModeOverrided ) - offsetof( PaintMaterial, renderState ) + sizeof( isBlendModeOverrided ); }
      |                                                                                                                        ^
/home/vitaly/p/Prime-World/pw/branches/r1117/Src/PF_GameLogic/../Scene/../Render/MaterialSpec.h: In static member function ‘static void Render::PaintMaterial::InitSamplersOffsets()’:
/home/vitaly/p/Prime-World/pw/branches/r1117/Src/PF_GameLogic/../Scene/../Render/MaterialSpec.h:2082:36: warning: ‘offsetof’ within non-standard-layout type ‘Render::PaintMaterial’ is conditionally-supported [-Winvalid-offsetof]
 2082 |     samplersOffsets[0] = offsetof( PaintMaterial, Draft );
      |                                    ^
/home/vitaly/p/Prime-World/pw/branches/r1117/Src/PF_GameLogic/../Scene/../Render/MaterialSpec.h:2083:36: warning: ‘offsetof’ within non-standard-layout type ‘Render::PaintMaterial’ is conditionally-supported [-Winvalid-offsetof]
 2083 |     samplersOffsets[1] = offsetof( PaintMaterial, Background );
      |                                    ^
/home/vitaly/p/Prime-World/pw/branches/r1117/Src/PF_GameLogic/../Scene/../Render/MaterialSpec.h:2084:36: warning: ‘offsetof’ within non-standard-layout type ‘Render::PaintMaterial’ is conditionally-supported [-Winvalid-offsetof]
 2084 |     samplersOffsets[2] = offsetof( PaintMaterial, BaseBackground );
      |                                    ^
/home/vitaly/p/Prime-World/pw/branches/r1117/Src/PF_GameLogic/../Scene/../Render/MaterialSpec.h:2085:36: warning: ‘offsetof’ within non-standard-layout type ‘Render::PaintMaterial’ is conditionally-supported [-Winvalid-offsetof]
 2085 |     samplersOffsets[3] = offsetof( PaintMaterial, Complete );
      |                                    ^
/home/vitaly/p/Prime-World/pw/branches/r1117/Src/PF_GameLogic/../Scene/../Render/MaterialSpec.h:2086:36: warning: ‘offsetof’ within non-standard-layout type ‘Render::PaintMaterial’ is conditionally-supported [-Winvalid-offsetof]
 2086 |     samplersOffsets[4] = offsetof( PaintMaterial, Mask );
      |                                    ^
/home/vitaly/p/Prime-World/pw/branches/r1117/Src/PF_GameLogic/../Scene/../Render/MaterialSpec.h: In member function ‘virtual int Render::ParticleFXMaterial::SignificantPartLength() const’:
/home/vitaly/p/Prime-World/pw/branches/r1117/Src/PF_GameLogic/../Scene/../Render/MaterialSpec.h:2165:70: warning: ‘offsetof’ within non-standard-layout type ‘Render::ParticleFXMaterial’ is conditionally-supported [-Winvalid-offsetof]
 2165 |         virtual int SignificantPartLength() const { return offsetof( ParticleFXMaterial, scale ) - offsetof( ParticleFXMaterial, renderState ) + sizeof( scale ); }
      |                                                                      ^
/home/vitaly/p/Prime-World/pw/branches/r1117/Src/PF_GameLogic/../Scene/../Render/MaterialSpec.h:2165:110: warning: ‘offsetof’ within non-standard-layout type ‘Render::ParticleFXMaterial’ is conditionally-supported [-Winvalid-offsetof]
 2165 |         virtual int SignificantPartLength() const { return offsetof( ParticleFXMaterial, scale ) - offsetof( ParticleFXMaterial, renderState ) + sizeof( scale ); }
      |                                                                                                              ^
/home/vitaly/p/Prime-World/pw/branches/r1117/Src/PF_GameLogic/../Scene/../Render/MaterialSpec.h: In static member function ‘static void Render::ParticleFXMaterial::InitSamplersOffsets()’:
/home/vitaly/p/Prime-World/pw/branches/r1117/Src/PF_GameLogic/../Scene/../Render/MaterialSpec.h:2203:36: warning: ‘offsetof’ within non-standard-layout type ‘Render::ParticleFXMaterial’ is conditionally-supported [-Winvalid-offsetof]
 2203 |     samplersOffsets[0] = offsetof( ParticleFXMaterial, DiffuseMap );
      |                                    ^
/home/vitaly/p/Prime-World/pw/branches/r1117/Src/PF_GameLogic/../Scene/../Render/MaterialSpec.h: In member function ‘virtual int Render::RoadMaterial::SignificantPartLength() const’:
/home/vitaly/p/Prime-World/pw/branches/r1117/Src/PF_GameLogic/../Scene/../Render/MaterialSpec.h:2267:70: warning: ‘offsetof’ within non-standard-layout type ‘Render::RoadMaterial’ is conditionally-supported [-Winvalid-offsetof]
 2267 |         virtual int SignificantPartLength() const { return offsetof( RoadMaterial, BorderMap ) - offsetof( RoadMaterial, renderState ) + sizeof( BorderMap ); }
      |                                                                      ^
/home/vitaly/p/Prime-World/pw/branches/r1117/Src/PF_GameLogic/../Scene/../Render/MaterialSpec.h:2267:108: warning: ‘offsetof’ within non-standard-layout type ‘Render::RoadMaterial’ is conditionally-supported [-Winvalid-offsetof]
 2267 |         virtual int SignificantPartLength() const { return offsetof( RoadMaterial, BorderMap ) - offsetof( RoadMaterial, renderState ) + sizeof( BorderMap ); }
      |                                                                                                            ^
/home/vitaly/p/Prime-World/pw/branches/r1117/Src/PF_GameLogic/../Scene/../Render/MaterialSpec.h: In static member function ‘static void Render::RoadMaterial::InitSamplersOffsets()’:
/home/vitaly/p/Prime-World/pw/branches/r1117/Src/PF_GameLogic/../Scene/../Render/MaterialSpec.h:2308:36: warning: ‘offsetof’ within non-standard-layout type ‘Render::RoadMaterial’ is conditionally-supported [-Winvalid-offsetof]
 2308 |     samplersOffsets[0] = offsetof( RoadMaterial, RoadMap );
      |                                    ^
/home/vitaly/p/Prime-World/pw/branches/r1117/Src/PF_GameLogic/../Scene/../Render/MaterialSpec.h:2309:36: warning: ‘offsetof’ within non-standard-layout type ‘Render::RoadMaterial’ is conditionally-supported [-Winvalid-offsetof]
 2309 |     samplersOffsets[1] = offsetof( RoadMaterial, BorderMap );
      |                                    ^
/home/vitaly/p/Prime-World/pw/branches/r1117/Src/PF_GameLogic/../Scene/../Render/MaterialSpec.h: In member function ‘virtual int Render::ShadowMaterial::SignificantPartLength() const’:
/home/vitaly/p/Prime-World/pw/branches/r1117/Src/PF_GameLogic/../Scene/../Render/MaterialSpec.h:2369:70: warning: ‘offsetof’ within non-standard-layout type ‘Render::ShadowMaterial’ is conditionally-supported [-Winvalid-offsetof]
 2369 |         virtual int SignificantPartLength() const { return offsetof( ShadowMaterial, DiffuseMap ) - offsetof( ShadowMaterial, renderState ) + sizeof( DiffuseMap ); }
      |                                                                      ^
/home/vitaly/p/Prime-World/pw/branches/r1117/Src/PF_GameLogic/../Scene/../Render/MaterialSpec.h:2369:111: warning: ‘offsetof’ within non-standard-layout type ‘Render::ShadowMaterial’ is conditionally-supported [-Winvalid-offsetof]
 2369 |         virtual int SignificantPartLength() const { return offsetof( ShadowMaterial, DiffuseMap ) - offsetof( ShadowMaterial, renderState ) + sizeof( DiffuseMap ); }
      |                                                                                                               ^
/home/vitaly/p/Prime-World/pw/branches/r1117/Src/PF_GameLogic/../Scene/../Render/MaterialSpec.h: In static member function ‘static void Render::ShadowMaterial::InitSamplersOffsets()’:
/home/vitaly/p/Prime-World/pw/branches/r1117/Src/PF_GameLogic/../Scene/../Render/MaterialSpec.h:2405:36: warning: ‘offsetof’ within non-standard-layout type ‘Render::ShadowMaterial’ is conditionally-supported [-Winvalid-offsetof]
 2405 |     samplersOffsets[0] = offsetof( ShadowMaterial, DiffuseMap );
      |                                    ^
/home/vitaly/p/Prime-World/pw/branches/r1117/Src/PF_GameLogic/../Scene/../Render/MaterialSpec.h: In member function ‘virtual int Render::SilhouetteMaterial::SignificantPartLength() const’:
/home/vitaly/p/Prime-World/pw/branches/r1117/Src/PF_GameLogic/../Scene/../Render/MaterialSpec.h:2462:70: warning: ‘offsetof’ within non-standard-layout type ‘Render::SilhouetteMaterial’ is conditionally-supported [-Winvalid-offsetof]
 2462 |         virtual int SignificantPartLength() const { return offsetof( SilhouetteMaterial, renderState ) - offsetof( SilhouetteMaterial, renderState ) + sizeof( renderState ); }
      |                                                                      ^
/home/vitaly/p/Prime-World/pw/branches/r1117/Src/PF_GameLogic/../Scene/../Render/MaterialSpec.h:2462:116: warning: ‘offsetof’ within non-standard-layout type ‘Render::SilhouetteMaterial’ is conditionally-supported [-Winvalid-offsetof]
 2462 |         virtual int SignificantPartLength() const { return offsetof( SilhouetteMaterial, renderState ) - offsetof( SilhouetteMaterial, renderState ) + sizeof( renderState ); }
      |                                                                                                                    ^
/home/vitaly/p/Prime-World/pw/branches/r1117/Src/PF_GameLogic/../Scene/../Render/MaterialSpec.h: In member function ‘virtual int Render::SkyMaterial::SignificantPartLength() const’:
/home/vitaly/p/Prime-World/pw/branches/r1117/Src/PF_GameLogic/../Scene/../Render/MaterialSpec.h:2586:70: warning: ‘offsetof’ within non-standard-layout type ‘Render::SkyMaterial’ is conditionally-supported [-Winvalid-offsetof]
 2586 |         virtual int SignificantPartLength() const { return offsetof( SkyMaterial, vOffset2 ) - offsetof( SkyMaterial, renderState ) + sizeof( vOffset2 ); }
      |                                                                      ^
/home/vitaly/p/Prime-World/pw/branches/r1117/Src/PF_GameLogic/../Scene/../Render/MaterialSpec.h:2586:106: warning: ‘offsetof’ within non-standard-layout type ‘Render::SkyMaterial’ is conditionally-supported [-Winvalid-offsetof]
 2586 |         virtual int SignificantPartLength() const { return offsetof( SkyMaterial, vOffset2 ) - offsetof( SkyMaterial, renderState ) + sizeof( vOffset2 ); }
      |                                                                                                          ^
/home/vitaly/p/Prime-World/pw/branches/r1117/Src/PF_GameLogic/../Scene/../Render/MaterialSpec.h: In static member function ‘static void Render::SkyMaterial::InitSamplersOffsets()’:
/home/vitaly/p/Prime-World/pw/branches/r1117/Src/PF_GameLogic/../Scene/../Render/MaterialSpec.h:2634:36: warning: ‘offsetof’ within non-standard-layout type ‘Render::SkyMaterial’ is conditionally-supported [-Winvalid-offsetof]
 2634 |     samplersOffsets[0] = offsetof( SkyMaterial, DiffuseMap );
      |                                    ^
/home/vitaly/p/Prime-World/pw/branches/r1117/Src/PF_GameLogic/../Scene/../Render/MaterialSpec.h: In member function ‘virtual int Render::TerrainAOEMaterial::SignificantPartLength() const’:
/home/vitaly/p/Prime-World/pw/branches/r1117/Src/PF_GameLogic/../Scene/../Render/MaterialSpec.h:2717:70: warning: ‘offsetof’ within non-standard-layout type ‘Render::TerrainAOEMaterial’ is conditionally-supported [-Winvalid-offsetof]
 2717 |         virtual int SignificantPartLength() const { return offsetof( TerrainAOEMaterial, uvOffset ) - offsetof( TerrainAOEMaterial, renderState ) + sizeof( uvOffset ); }
      |                                                                      ^
/home/vitaly/p/Prime-World/pw/branches/r1117/Src/PF_GameLogic/../Scene/../Render/MaterialSpec.h:2717:113: warning: ‘offsetof’ within non-standard-layout type ‘Render::TerrainAOEMaterial’ is conditionally-supported [-Winvalid-offsetof]
 2717 |         virtual int SignificantPartLength() const { return offsetof( TerrainAOEMaterial, uvOffset ) - offsetof( TerrainAOEMaterial, renderState ) + sizeof( uvOffset ); }
      |                                                                                                                 ^
/home/vitaly/p/Prime-World/pw/branches/r1117/Src/PF_GameLogic/../Scene/../Render/MaterialSpec.h: In static member function ‘static void Render::TerrainAOEMaterial::InitSamplersOffsets()’:
/home/vitaly/p/Prime-World/pw/branches/r1117/Src/PF_GameLogic/../Scene/../Render/MaterialSpec.h:2749:36: warning: ‘offsetof’ within non-standard-layout type ‘Render::TerrainAOEMaterial’ is conditionally-supported [-Winvalid-offsetof]
 2749 |     samplersOffsets[0] = offsetof( TerrainAOEMaterial, DiffuseMap );
      |                                    ^
/home/vitaly/p/Prime-World/pw/branches/r1117/Src/PF_GameLogic/../Scene/../Render/MaterialSpec.h: In member function ‘virtual int Render::TerrainHeightBuilderMaterial::SignificantPartLength() const’:
/home/vitaly/p/Prime-World/pw/branches/r1117/Src/PF_GameLogic/../Scene/../Render/MaterialSpec.h:2973:70: warning: ‘offsetof’ within non-standard-layout type ‘Render::TerrainHeightBuilderMaterial’ is conditionally-supported [-Winvalid-offsetof]
 2973 |         virtual int SignificantPartLength() const { return offsetof( TerrainHeightBuilderMaterial, renderState ) - offsetof( TerrainHeightBuilderMaterial, renderState ) + sizeof( renderState ); }
      |                                                                      ^
/home/vitaly/p/Prime-World/pw/branches/r1117/Src/PF_GameLogic/../Scene/../Render/MaterialSpec.h:2973:126: warning: ‘offsetof’ within non-standard-layout type ‘Render::TerrainHeightBuilderMaterial’ is conditionally-supported [-Winvalid-offsetof]
 2973 |         virtual int SignificantPartLength() const { return offsetof( TerrainHeightBuilderMaterial, renderState ) - offsetof( TerrainHeightBuilderMaterial, renderState ) + sizeof( renderState ); }
      |                                                                                                                              ^
/home/vitaly/p/Prime-World/pw/branches/r1117/Src/PF_GameLogic/../Scene/../Render/MaterialSpec.h: In member function ‘virtual int Render::TerrainMaterial::SignificantPartLength() const’:
/home/vitaly/p/Prime-World/pw/branches/r1117/Src/PF_GameLogic/../Scene/../Render/MaterialSpec.h:3102:70: warning: ‘offsetof’ within non-standard-layout type ‘Render::TerrainMaterial’ is conditionally-supported [-Winvalid-offsetof]
 3102 |         virtual int SignificantPartLength() const { return offsetof( TerrainMaterial, grassRect ) - offsetof( TerrainMaterial, A_DiffuseMap ) + sizeof( grassRect ); }
      |                                                                      ^
/home/vitaly/p/Prime-World/pw/branches/r1117/Src/PF_GameLogic/../Scene/../Render/MaterialSpec.h:3102:111: warning: ‘offsetof’ within non-standard-layout type ‘Render::TerrainMaterial’ is conditionally-supported [-Winvalid-offsetof]
 3102 |         virtual int SignificantPartLength() const { return offsetof( TerrainMaterial, grassRect ) - offsetof( TerrainMaterial, A_DiffuseMap ) + sizeof( grassRect ); }
      |                                                                                                               ^
/home/vitaly/p/Prime-World/pw/branches/r1117/Src/PF_GameLogic/../Scene/../Render/MaterialSpec.h: In static member function ‘static void Render::TerrainMaterial::InitSamplersOffsets()’:
/home/vitaly/p/Prime-World/pw/branches/r1117/Src/PF_GameLogic/../Scene/../Render/MaterialSpec.h:3150:36: warning: ‘offsetof’ within non-standard-layout type ‘Render::TerrainMaterial’ is conditionally-supported [-Winvalid-offsetof]
 3150 |     samplersOffsets[0] = offsetof( TerrainMaterial, A_DiffuseMap );
      |                                    ^
/home/vitaly/p/Prime-World/pw/branches/r1117/Src/PF_GameLogic/../Scene/../Render/MaterialSpec.h:3151:36: warning: ‘offsetof’ within non-standard-layout type ‘Render::TerrainMaterial’ is conditionally-supported [-Winvalid-offsetof]
 3151 |     samplersOffsets[1] = offsetof( TerrainMaterial, N_DiffuseMap );
      |                                    ^
/home/vitaly/p/Prime-World/pw/branches/r1117/Src/PF_GameLogic/../Scene/../Render/MaterialSpec.h:3152:36: warning: ‘offsetof’ within non-standard-layout type ‘Render::TerrainMaterial’ is conditionally-supported [-Winvalid-offsetof]
 3152 |     samplersOffsets[2] = offsetof( TerrainMaterial, B_DiffuseMap );
      |                                    ^
/home/vitaly/p/Prime-World/pw/branches/r1117/Src/PF_GameLogic/../Scene/../Render/MaterialSpec.h:3153:36: warning: ‘offsetof’ within non-standard-layout type ‘Render::TerrainMaterial’ is conditionally-supported [-Winvalid-offsetof]
 3153 |     samplersOffsets[3] = offsetof( TerrainMaterial, FrozenNormalMap );
      |                                    ^
/home/vitaly/p/Prime-World/pw/branches/r1117/Src/PF_GameLogic/../Scene/../Render/MaterialSpec.h:3154:36: warning: ‘offsetof’ within non-standard-layout type ‘Render::TerrainMaterial’ is conditionally-supported [-Winvalid-offsetof]
 3154 |     samplersOffsets[4] = offsetof( TerrainMaterial, NormalNormalMap );
      |                                    ^
/home/vitaly/p/Prime-World/pw/branches/r1117/Src/PF_GameLogic/../Scene/../Render/MaterialSpec.h:3155:36: warning: ‘offsetof’ within non-standard-layout type ‘Render::TerrainMaterial’ is conditionally-supported [-Winvalid-offsetof]
 3155 |     samplersOffsets[5] = offsetof( TerrainMaterial, BurnedNormalMap );
      |                                    ^
/home/vitaly/p/Prime-World/pw/branches/r1117/Src/PF_GameLogic/../Scene/../Render/MaterialSpec.h:3156:36: warning: ‘offsetof’ within non-standard-layout type ‘Render::TerrainMaterial’ is conditionally-supported [-Winvalid-offsetof]
 3156 |     samplersOffsets[6] = offsetof( TerrainMaterial, FrozenSpecularMap );
      |                                    ^
/home/vitaly/p/Prime-World/pw/branches/r1117/Src/PF_GameLogic/../Scene/../Render/MaterialSpec.h:3157:36: warning: ‘offsetof’ within non-standard-layout type ‘Render::TerrainMaterial’ is conditionally-supported [-Winvalid-offsetof]
 3157 |     samplersOffsets[7] = offsetof( TerrainMaterial, NormalSpecularMap );
      |                                    ^
/home/vitaly/p/Prime-World/pw/branches/r1117/Src/PF_GameLogic/../Scene/../Render/MaterialSpec.h:3158:36: warning: ‘offsetof’ within non-standard-layout type ‘Render::TerrainMaterial’ is conditionally-supported [-Winvalid-offsetof]
 3158 |     samplersOffsets[8] = offsetof( TerrainMaterial, BurnedSpecularMap );
      |                                    ^
/home/vitaly/p/Prime-World/pw/branches/r1117/Src/PF_GameLogic/../Scene/../Render/MaterialSpec.h:3159:36: warning: ‘offsetof’ within non-standard-layout type ‘Render::TerrainMaterial’ is conditionally-supported [-Winvalid-offsetof]
 3159 |     samplersOffsets[9] = offsetof( TerrainMaterial, DarkMap );
      |                                    ^
/home/vitaly/p/Prime-World/pw/branches/r1117/Src/PF_GameLogic/../Scene/../Render/MaterialSpec.h: In member function ‘virtual int Render::TestTownMaterial::SignificantPartLength() const’:
/home/vitaly/p/Prime-World/pw/branches/r1117/Src/PF_GameLogic/../Scene/../Render/MaterialSpec.h:3225:70: warning: ‘offsetof’ within non-standard-layout type ‘Render::TestTownMaterial’ is conditionally-supported [-Winvalid-offsetof]
 3225 |         virtual int SignificantPartLength() const { return offsetof( TestTownMaterial, outputAdd ) - offsetof( TestTownMaterial, RenderState ) + sizeof( outputAdd ); }
      |                                                                      ^
/home/vitaly/p/Prime-World/pw/branches/r1117/Src/PF_GameLogic/../Scene/../Render/MaterialSpec.h:3225:112: warning: ‘offsetof’ within non-standard-layout type ‘Render::TestTownMaterial’ is conditionally-supported [-Winvalid-offsetof]
 3225 |         virtual int SignificantPartLength() const { return offsetof( TestTownMaterial, outputAdd ) - offsetof( TestTownMaterial, RenderState ) + sizeof( outputAdd ); }
      |                                                                                                                ^
/home/vitaly/p/Prime-World/pw/branches/r1117/Src/PF_GameLogic/../Scene/../Render/MaterialSpec.h: In static member function ‘static void Render::TestTownMaterial::InitSamplersOffsets()’:
/home/vitaly/p/Prime-World/pw/branches/r1117/Src/PF_GameLogic/../Scene/../Render/MaterialSpec.h:3261:36: warning: ‘offsetof’ within non-standard-layout type ‘Render::TestTownMaterial’ is conditionally-supported [-Winvalid-offsetof]
 3261 |     samplersOffsets[0] = offsetof( TestTownMaterial, DiffuseMap );
      |                                    ^
/home/vitaly/p/Prime-World/pw/branches/r1117/Src/PF_GameLogic/../Scene/../Render/MaterialSpec.h: In member function ‘virtual int Render::TraceMaterial::SignificantPartLength() const’:
/home/vitaly/p/Prime-World/pw/branches/r1117/Src/PF_GameLogic/../Scene/../Render/MaterialSpec.h:3343:70: warning: ‘offsetof’ within non-standard-layout type ‘Render::TraceMaterial’ is conditionally-supported [-Winvalid-offsetof]
 3343 |         virtual int SignificantPartLength() const { return offsetof( TraceMaterial, vOffset ) - offsetof( TraceMaterial, renderState ) + sizeof( vOffset ); }
      |                                                                      ^
/home/vitaly/p/Prime-World/pw/branches/r1117/Src/PF_GameLogic/../Scene/../Render/MaterialSpec.h:3343:107: warning: ‘offsetof’ within non-standard-layout type ‘Render::TraceMaterial’ is conditionally-supported [-Winvalid-offsetof]
 3343 |         virtual int SignificantPartLength() const { return offsetof( TraceMaterial, vOffset ) - offsetof( TraceMaterial, renderState ) + sizeof( vOffset ); }
      |                                                                                                           ^
/home/vitaly/p/Prime-World/pw/branches/r1117/Src/PF_GameLogic/../Scene/../Render/MaterialSpec.h: In static member function ‘static void Render::TraceMaterial::InitSamplersOffsets()’:
/home/vitaly/p/Prime-World/pw/branches/r1117/Src/PF_GameLogic/../Scene/../Render/MaterialSpec.h:3389:36: warning: ‘offsetof’ within non-standard-layout type ‘Render::TraceMaterial’ is conditionally-supported [-Winvalid-offsetof]
 3389 |     samplersOffsets[0] = offsetof( TraceMaterial, DiffuseMap );
      |                                    ^
/home/vitaly/p/Prime-World/pw/branches/r1117/Src/PF_GameLogic/../Scene/../Render/MaterialSpec.h: In member function ‘virtual int Render::UIBaseMaterial::SignificantPartLength() const’:
/home/vitaly/p/Prime-World/pw/branches/r1117/Src/PF_GameLogic/../Scene/../Render/MaterialSpec.h:3511:70: warning: ‘offsetof’ within non-standard-layout type ‘Render::UIBaseMaterial’ is conditionally-supported [-Winvalid-offsetof]
 3511 |         virtual int SignificantPartLength() const { return offsetof( UIBaseMaterial, colorStripe1000 ) - offsetof( UIBaseMaterial, DiffuseMap ) + sizeof( colorStripe1000 ); }
      |                                                                      ^
/home/vitaly/p/Prime-World/pw/branches/r1117/Src/PF_GameLogic/../Scene/../Render/MaterialSpec.h:3511:116: warning: ‘offsetof’ within non-standard-layout type ‘Render::UIBaseMaterial’ is conditionally-supported [-Winvalid-offsetof]
 3511 |         virtual int SignificantPartLength() const { return offsetof( UIBaseMaterial, colorStripe1000 ) - offsetof( UIBaseMaterial, DiffuseMap ) + sizeof( colorStripe1000 ); }
      |                                                                                                                    ^
/home/vitaly/p/Prime-World/pw/branches/r1117/Src/PF_GameLogic/../Scene/../Render/MaterialSpec.h: In static member function ‘static void Render::UIBaseMaterial::InitSamplersOffsets()’:
/home/vitaly/p/Prime-World/pw/branches/r1117/Src/PF_GameLogic/../Scene/../Render/MaterialSpec.h:3558:36: warning: ‘offsetof’ within non-standard-layout type ‘Render::UIBaseMaterial’ is conditionally-supported [-Winvalid-offsetof]
 3558 |     samplersOffsets[0] = offsetof( UIBaseMaterial, DiffuseMap );
      |                                    ^
/home/vitaly/p/Prime-World/pw/branches/r1117/Src/PF_GameLogic/../Scene/../Render/MaterialSpec.h:3559:36: warning: ‘offsetof’ within non-standard-layout type ‘Render::UIBaseMaterial’ is conditionally-supported [-Winvalid-offsetof]
 3559 |     samplersOffsets[1] = offsetof( UIBaseMaterial, MaskMap );
      |                                    ^
/home/vitaly/p/Prime-World/pw/branches/r1117/Src/PF_GameLogic/../Scene/../Render/MaterialSpec.h: In member function ‘virtual int Render::UIButtonMaterial::SignificantPartLength() const’:
/home/vitaly/p/Prime-World/pw/branches/r1117/Src/PF_GameLogic/../Scene/../Render/MaterialSpec.h:3652:70: warning: ‘offsetof’ within non-standard-layout type ‘Render::UIButtonMaterial’ is conditionally-supported [-Winvalid-offsetof]
 3652 |         virtual int SignificantPartLength() const { return offsetof( UIButtonMaterial, ScreenOpacity ) - offsetof( UIButtonMaterial, BackgroundMap ) + sizeof( ScreenOpacity ); }
      |                                                                      ^
/home/vitaly/p/Prime-World/pw/branches/r1117/Src/PF_GameLogic/../Scene/../Render/MaterialSpec.h:3652:116: warning: ‘offsetof’ within non-standard-layout type ‘Render::UIButtonMaterial’ is conditionally-supported [-Winvalid-offsetof]
 3652 |         virtual int SignificantPartLength() const { return offsetof( UIButtonMaterial, ScreenOpacity ) - offsetof( UIButtonMaterial, BackgroundMap ) + sizeof( ScreenOpacity ); }
      |                                                                                                                    ^
/home/vitaly/p/Prime-World/pw/branches/r1117/Src/PF_GameLogic/../Scene/../Render/MaterialSpec.h: In static member function ‘static void Render::UIButtonMaterial::InitSamplersOffsets()’:
/home/vitaly/p/Prime-World/pw/branches/r1117/Src/PF_GameLogic/../Scene/../Render/MaterialSpec.h:3718:36: warning: ‘offsetof’ within non-standard-layout type ‘Render::UIButtonMaterial’ is conditionally-supported [-Winvalid-offsetof]
 3718 |     samplersOffsets[0] = offsetof( UIButtonMaterial, BackgroundMap );
      |                                    ^
/home/vitaly/p/Prime-World/pw/branches/r1117/Src/PF_GameLogic/../Scene/../Render/MaterialSpec.h:3719:36: warning: ‘offsetof’ within non-standard-layout type ‘Render::UIButtonMaterial’ is conditionally-supported [-Winvalid-offsetof]
 3719 |     samplersOffsets[1] = offsetof( UIButtonMaterial, DiffuseMap );
      |                                    ^
/home/vitaly/p/Prime-World/pw/branches/r1117/Src/PF_GameLogic/../Scene/../Render/MaterialSpec.h:3720:36: warning: ‘offsetof’ within non-standard-layout type ‘Render::UIButtonMaterial’ is conditionally-supported [-Winvalid-offsetof]
 3720 |     samplersOffsets[2] = offsetof( UIButtonMaterial, WaitForActMap );
      |                                    ^
/home/vitaly/p/Prime-World/pw/branches/r1117/Src/PF_GameLogic/../Scene/../Render/MaterialSpec.h:3721:36: warning: ‘offsetof’ within non-standard-layout type ‘Render::UIButtonMaterial’ is conditionally-supported [-Winvalid-offsetof]
 3721 |     samplersOffsets[3] = offsetof( UIButtonMaterial, LackOfManaMap );
      |                                    ^
/home/vitaly/p/Prime-World/pw/branches/r1117/Src/PF_GameLogic/../Scene/../Render/MaterialSpec.h:3722:36: warning: ‘offsetof’ within non-standard-layout type ‘Render::UIButtonMaterial’ is conditionally-supported [-Winvalid-offsetof]
 3722 |     samplersOffsets[4] = offsetof( UIButtonMaterial, PressedMap );
      |                                    ^
/home/vitaly/p/Prime-World/pw/branches/r1117/Src/PF_GameLogic/../Scene/../Render/MaterialSpec.h:3723:36: warning: ‘offsetof’ within non-standard-layout type ‘Render::UIButtonMaterial’ is conditionally-supported [-Winvalid-offsetof]
 3723 |     samplersOffsets[5] = offsetof( UIButtonMaterial, HighlightMap );
      |                                    ^
/home/vitaly/p/Prime-World/pw/branches/r1117/Src/PF_GameLogic/../Scene/../Render/MaterialSpec.h:3724:36: warning: ‘offsetof’ within non-standard-layout type ‘Render::UIButtonMaterial’ is conditionally-supported [-Winvalid-offsetof]
 3724 |     samplersOffsets[6] = offsetof( UIButtonMaterial, ScreenMap );
      |                                    ^
/home/vitaly/p/Prime-World/pw/branches/r1117/Src/PF_GameLogic/../Scene/../Render/MaterialSpec.h: In member function ‘virtual int Render::UIFlashMaterial::SignificantPartLength() const’:
/home/vitaly/p/Prime-World/pw/branches/r1117/Src/PF_GameLogic/../Scene/../Render/MaterialSpec.h:3803:70: warning: ‘offsetof’ within non-standard-layout type ‘Render::UIFlashMaterial’ is conditionally-supported [-Winvalid-offsetof]
 3803 |         virtual int SignificantPartLength() const { return offsetof( UIFlashMaterial, CXFormAdd ) - offsetof( UIFlashMaterial, DiffuseMap ) + sizeof( CXFormAdd ); }
      |                                                                      ^
/home/vitaly/p/Prime-World/pw/branches/r1117/Src/PF_GameLogic/../Scene/../Render/MaterialSpec.h:3803:111: warning: ‘offsetof’ within non-standard-layout type ‘Render::UIFlashMaterial’ is conditionally-supported [-Winvalid-offsetof]
 3803 |         virtual int SignificantPartLength() const { return offsetof( UIFlashMaterial, CXFormAdd ) - offsetof( UIFlashMaterial, DiffuseMap ) + sizeof( CXFormAdd ); }
      |                                                                                                               ^
/home/vitaly/p/Prime-World/pw/branches/r1117/Src/PF_GameLogic/../Scene/../Render/MaterialSpec.h: In static member function ‘static void Render::UIFlashMaterial::InitSamplersOffsets()’:
/home/vitaly/p/Prime-World/pw/branches/r1117/Src/PF_GameLogic/../Scene/../Render/MaterialSpec.h:3855:36: warning: ‘offsetof’ within non-standard-layout type ‘Render::UIFlashMaterial’ is conditionally-supported [-Winvalid-offsetof]
 3855 |     samplersOffsets[0] = offsetof( UIFlashMaterial, DiffuseMap );
      |                                    ^
/home/vitaly/p/Prime-World/pw/branches/r1117/Src/PF_GameLogic/../Scene/../Render/MaterialSpec.h:3856:36: warning: ‘offsetof’ within non-standard-layout type ‘Render::UIFlashMaterial’ is conditionally-supported [-Winvalid-offsetof]
 3856 |     samplersOffsets[1] = offsetof( UIFlashMaterial, DiffuseMap2 );
      |                                    ^
/home/vitaly/p/Prime-World/pw/branches/r1117/Src/PF_GameLogic/../Scene/../Render/MaterialSpec.h: In member function ‘virtual int Render::UIFontMaterial::SignificantPartLength() const’:
/home/vitaly/p/Prime-World/pw/branches/r1117/Src/PF_GameLogic/../Scene/../Render/MaterialSpec.h:3924:70: warning: ‘offsetof’ within non-standard-layout type ‘Render::UIFontMaterial’ is conditionally-supported [-Winvalid-offsetof]
 3924 |         virtual int SignificantPartLength() const { return offsetof( UIFontMaterial, SecondaryColor ) - offsetof( UIFontMaterial, DiffuseMap ) + sizeof( SecondaryColor ); }
      |                                                                      ^
/home/vitaly/p/Prime-World/pw/branches/r1117/Src/PF_GameLogic/../Scene/../Render/MaterialSpec.h:3924:115: warning: ‘offsetof’ within non-standard-layout type ‘Render::UIFontMaterial’ is conditionally-supported [-Winvalid-offsetof]
 3924 |         virtual int SignificantPartLength() const { return offsetof( UIFontMaterial, SecondaryColor ) - offsetof( UIFontMaterial, DiffuseMap ) + sizeof( SecondaryColor ); }
      |                                                                                                                   ^
/home/vitaly/p/Prime-World/pw/branches/r1117/Src/PF_GameLogic/../Scene/../Render/MaterialSpec.h: In static member function ‘static void Render::UIFontMaterial::InitSamplersOffsets()’:
/home/vitaly/p/Prime-World/pw/branches/r1117/Src/PF_GameLogic/../Scene/../Render/MaterialSpec.h:3962:36: warning: ‘offsetof’ within non-standard-layout type ‘Render::UIFontMaterial’ is conditionally-supported [-Winvalid-offsetof]
 3962 |     samplersOffsets[0] = offsetof( UIFontMaterial, DiffuseMap );
      |                                    ^
/home/vitaly/p/Prime-World/pw/branches/r1117/Src/PF_GameLogic/../Scene/../Render/MaterialSpec.h: In member function ‘virtual int Render::UIGlassMaterial::SignificantPartLength() const’:
/home/vitaly/p/Prime-World/pw/branches/r1117/Src/PF_GameLogic/../Scene/../Render/MaterialSpec.h:4035:70: warning: ‘offsetof’ within non-standard-layout type ‘Render::UIGlassMaterial’ is conditionally-supported [-Winvalid-offsetof]
 4035 |         virtual int SignificantPartLength() const { return offsetof( UIGlassMaterial, ScreenOpacity ) - offsetof( UIGlassMaterial, BackgroundMap ) + sizeof( ScreenOpacity ); }
      |                                                                      ^
/home/vitaly/p/Prime-World/pw/branches/r1117/Src/PF_GameLogic/../Scene/../Render/MaterialSpec.h:4035:115: warning: ‘offsetof’ within non-standard-layout type ‘Render::UIGlassMaterial’ is conditionally-supported [-Winvalid-offsetof]
 4035 |         virtual int SignificantPartLength() const { return offsetof( UIGlassMaterial, ScreenOpacity ) - offsetof( UIGlassMaterial, BackgroundMap ) + sizeof( ScreenOpacity ); }
      |                                                                                                                   ^
/home/vitaly/p/Prime-World/pw/branches/r1117/Src/PF_GameLogic/../Scene/../Render/MaterialSpec.h: In static member function ‘static void Render::UIGlassMaterial::InitSamplersOffsets()’:
/home/vitaly/p/Prime-World/pw/branches/r1117/Src/PF_GameLogic/../Scene/../Render/MaterialSpec.h:4078:36: warning: ‘offsetof’ within non-standard-layout type ‘Render::UIGlassMaterial’ is conditionally-supported [-Winvalid-offsetof]
 4078 |     samplersOffsets[0] = offsetof( UIGlassMaterial, BackgroundMap );
      |                                    ^
/home/vitaly/p/Prime-World/pw/branches/r1117/Src/PF_GameLogic/../Scene/../Render/MaterialSpec.h:4079:36: warning: ‘offsetof’ within non-standard-layout type ‘Render::UIGlassMaterial’ is conditionally-supported [-Winvalid-offsetof]
 4079 |     samplersOffsets[1] = offsetof( UIGlassMaterial, DiffuseMap );
      |                                    ^
/home/vitaly/p/Prime-World/pw/branches/r1117/Src/PF_GameLogic/../Scene/../Render/MaterialSpec.h:4080:36: warning: ‘offsetof’ within non-standard-layout type ‘Render::UIGlassMaterial’ is conditionally-supported [-Winvalid-offsetof]
 4080 |     samplersOffsets[2] = offsetof( UIGlassMaterial, OverlayMap );
      |                                    ^
/home/vitaly/p/Prime-World/pw/branches/r1117/Src/PF_GameLogic/../Scene/../Render/MaterialSpec.h:4081:36: warning: ‘offsetof’ within non-standard-layout type ‘Render::UIGlassMaterial’ is conditionally-supported [-Winvalid-offsetof]
 4081 |     samplersOffsets[3] = offsetof( UIGlassMaterial, ScreenMap );
      |                                    ^
In file included from /home/vitaly/p/Prime-World/pw/branches/r1117/Src/PF_GameLogic/../Scene/RenderableScene.h:5,
                 from /home/vitaly/p/Prime-World/pw/branches/r1117/Src/PF_GameLogic/../Scene/SceneObject.h:5:
/home/vitaly/p/Prime-World/pw/branches/r1117/Src/PF_GameLogic/../Scene/../Render/batch.h: At global scope:
/home/vitaly/p/Prime-World/pw/branches/r1117/Src/PF_GameLogic/../Scene/../Render/batch.h:15:8: warning: attribute ignored in declaration of ‘struct Render::Batch’ [-Wattributes]
   15 | struct Batch
      |        ^~~~~
/home/vitaly/p/Prime-World/pw/branches/r1117/Src/PF_GameLogic/../Scene/../Render/batch.h:15:8: note: attribute for ‘struct Render::Batch’ must follow the ‘struct’ keyword
/home/vitaly/p/Prime-World/pw/branches/r1117/Src/PF_GameLogic/../Scene/../Render/batch.h:79:8: warning: ‘template<class> class std::auto_ptr’ is deprecated: use 'std::unique_ptr' instead [-Wdeprecated-declarations]
   79 |   std::auto_ptr<class DXManager>  resourceManager;
      |        ^~~~~~~~
/usr/lib/gcc/x86_64-pc-linux-gnu/15/include/g++-v15/bits/unique_ptr.h:58:28: note: declared here
   58 |   template<typename> class auto_ptr;
      |                            ^~~~~~~~
/home/vitaly/p/Prime-World/pw/branches/r1117/Src/PF_GameLogic/../Scene/SceneObject.h: In static member function ‘static NScene::SceneObjectBase* NScene::SceneObjectBase::ring_Ring_::obj(const ring::Ring<NScene::SceneObjectBase, NScene::SceneObjectBase::ring_Ring_, ring::DefaultSmartPtrPolicy<NScene::SceneObjectBase> >::Part*)’:
/home/vitaly/p/Prime-World/pw/branches/r1117/Src/PF_GameLogic/../Scene/SceneObject.h:30:25: warning: ‘offsetof’ within non-standard-layout type ‘NScene::SceneObjectBase’ is conditionally-supported [-Winvalid-offsetof]
   30 |         seDECLARE_RING( SceneObjectBase, part, Ring );
/home/vitaly/p/Prime-World/pw/branches/r1117/Src/PF_GameLogic/../System/../System/Ring.h:689:51: note: in expansion of macro ‘seDECLARE_RING_CLASS_BASE’
  689 | #define seDECLARE_RING_CLASS(cls, field, ringCls) seDECLARE_RING_CLASS_BASE(cls, field, ringCls, ring::DefaultSmartPtrPolicy<cls>)
      |                                                   ^~~~~~~~~~~~~~~~~~~~~~~~~
/home/vitaly/p/Prime-World/pw/branches/r1117/Src/PF_GameLogic/../System/../System/Ring.h:736:3: note: in expansion of macro ‘seDECLARE_RING_CLASS’
  736 |   seDECLARE_RING_CLASS(cls, field, ringCls); \
      |   ^~~~~~~~~~~~~~~~~~~~
/home/vitaly/p/Prime-World/pw/branches/r1117/Src/PF_GameLogic/../Scene/SceneObject.h:30:9: note: in expansion of macro ‘seDECLARE_RING’
   30 |         seDECLARE_RING( SceneObjectBase, part, Ring );
      |         ^~~~~~~~~~~~~~
/home/vitaly/p/Prime-World/pw/branches/r1117/Src/PF_GameLogic/../Scene/SceneObject.h: At global scope:
/home/vitaly/p/Prime-World/pw/branches/r1117/Src/PF_GameLogic/../Scene/SceneObject.h:56:7: warning: attribute ignored in declaration of ‘class NScene::SceneObject’ [-Wattributes]
   56 | class SceneObject : public SceneObjectBase
      |       ^~~~~~~~~~~
/home/vitaly/p/Prime-World/pw/branches/r1117/Src/PF_GameLogic/../Scene/SceneObject.h:56:7: note: attribute for ‘class NScene::SceneObject’ must follow the ‘class’ keyword
In file included from /home/vitaly/p/Prime-World/pw/branches/r1117/Src/PF_GameLogic/../PF_Core/../Scene/../Render/MeshResource.h:4,
                 from /home/vitaly/p/Prime-World/pw/branches/r1117/Src/PF_GameLogic/../PF_Core/../Scene/../Render/StaticMesh.h:4,
                 from /home/vitaly/p/Prime-World/pw/branches/r1117/Src/PF_GameLogic/../PF_Core/../Scene/StaticSceneComponent.h:4,
                 from /home/vitaly/p/Prime-World/pw/branches/r1117/Src/PF_GameLogic/../PF_Core/../Scene/SceneObjectCreation.h:6,
                 from /home/vitaly/p/Prime-World/pw/branches/r1117/Src/PF_GameLogic/../PF_Core/BasicEffect.h:5,
                 from /home/vitaly/p/Prime-World/pw/branches/r1117/Src/PF_GameLogic/PFApplicator.h:14,
                 from /home/vitaly/p/Prime-World/pw/branches/r1117/Src/PF_GameLogic/PFApplBuff.h:3,
                 from /home/vitaly/p/Prime-World/pw/branches/r1117/Src/PF_GameLogic/PFApplMod.h:5,
                 from /home/vitaly/p/Prime-World/pw/branches/r1117/Src/PF_GameLogic/PFBaseUnit.h:7,
                 from /home/vitaly/p/Prime-World/pw/branches/r1117/Src/PF_GameLogic/PFAbilityDataNamemaps.cpp:4:
/home/vitaly/p/Prime-World/pw/branches/r1117/Src/PF_GameLogic/../PF_Core/../Scene/../Render/../MeshConverter/MeshHeader.h:168:30: warning: attribute ignored in declaration of ‘struct H6SkeletalMeshVertexStride’ [-Wattributes]
  168 | __declspec(align(16)) struct H6SkeletalMeshVertexStride
      |                              ^~~~~~~~~~~~~~~~~~~~~~~~~~
/home/vitaly/p/Prime-World/pw/branches/r1117/Src/PF_GameLogic/../PF_Core/../Scene/../Render/../MeshConverter/MeshHeader.h:168:30: note: attribute for ‘struct H6SkeletalMeshVertexStride’ must follow the ‘struct’ keyword
/home/vitaly/p/Prime-World/pw/branches/r1117/Src/PF_GameLogic/../PF_Core/../Scene/../Render/StaticMesh.h:28:7: warning: attribute ignored in declaration of ‘class Render::StaticMeshBase’ [-Wattributes]
   28 | class StaticMeshBase : public RenderComponent
      |       ^~~~~~~~~~~~~~
/home/vitaly/p/Prime-World/pw/branches/r1117/Src/PF_GameLogic/../PF_Core/../Scene/../Render/StaticMesh.h:28:7: note: attribute for ‘class Render::StaticMeshBase’ must follow the ‘class’ keyword
/home/vitaly/p/Prime-World/pw/branches/r1117/Src/PF_GameLogic/../PF_Core/../Scene/../Render/StaticMesh.h:50:7: warning: attribute ignored in declaration of ‘class Render::StaticMesh’ [-Wattributes]
   50 | class StaticMesh : public StaticMeshBase
      |       ^~~~~~~~~~
/home/vitaly/p/Prime-World/pw/branches/r1117/Src/PF_GameLogic/../PF_Core/../Scene/../Render/StaticMesh.h:50:7: note: attribute for ‘class Render::StaticMesh’ must follow the ‘class’ keyword
/home/vitaly/p/Prime-World/pw/branches/r1117/Src/PF_GameLogic/PFApplicator.h: In static member function ‘static NWorld::PFBaseApplicator* NWorld::PFBaseApplicator::ring_AppliedRing_::obj(const ring::Ring<NWorld::PFBaseApplicator, NWorld::PFBaseApplicator::ring_AppliedRing_, ring::CObjectBasePolicyWithPtr<NWorld::PFBaseApplicator> >::Part*)’:
/home/vitaly/p/Prime-World/pw/branches/r1117/Src/PF_GameLogic/PFApplicator.h:135:28: warning: ‘offsetof’ within non-standard-layout type ‘NWorld::PFBaseApplicator’ is conditionally-supported [-Winvalid-offsetof]
  135 |   seDECLARE_COBJRING_CLASS(PFBaseApplicator, appliedRingPart, AppliedRing);
/home/vitaly/p/Prime-World/pw/branches/r1117/Src/PF_GameLogic/../System/../System/Ring.h:690:55: note: in expansion of macro ‘seDECLARE_RING_CLASS_BASE’
  690 | #define seDECLARE_COBJRING_CLASS(cls, field, ringCls) seDECLARE_RING_CLASS_BASE(cls, field, ringCls, ring::CObjectBasePolicyWithPtr<cls>)
      |                                                       ^~~~~~~~~~~~~~~~~~~~~~~~~
/home/vitaly/p/Prime-World/pw/branches/r1117/Src/PF_GameLogic/PFApplicator.h:135:3: note: in expansion of macro ‘seDECLARE_COBJRING_CLASS’
  135 |   seDECLARE_COBJRING_CLASS(PFBaseApplicator, appliedRingPart, AppliedRing);
      |   ^~~~~~~~~~~~~~~~~~~~~~~~
/home/vitaly/p/Prime-World/pw/branches/r1117/Src/PF_GameLogic/PFApplicator.h: In static member function ‘static NWorld::PFBaseApplicator* NWorld::PFBaseApplicator::ring_SentRing_::obj(const ring::Ring<NWorld::PFBaseApplicator, NWorld::PFBaseApplicator::ring_SentRing_, ring::CObjectBasePolicyWithPtr<NWorld::PFBaseApplicator> >::Part*)’:
/home/vitaly/p/Prime-World/pw/branches/r1117/Src/PF_GameLogic/PFApplicator.h:136:28: warning: ‘offsetof’ within non-standard-layout type ‘NWorld::PFBaseApplicator’ is conditionally-supported [-Winvalid-offsetof]
  136 |   seDECLARE_COBJRING_CLASS(PFBaseApplicator, sentRingPart, SentRing);
/home/vitaly/p/Prime-World/pw/branches/r1117/Src/PF_GameLogic/../System/../System/Ring.h:690:55: note: in expansion of macro ‘seDECLARE_RING_CLASS_BASE’
  690 | #define seDECLARE_COBJRING_CLASS(cls, field, ringCls) seDECLARE_RING_CLASS_BASE(cls, field, ringCls, ring::CObjectBasePolicyWithPtr<cls>)
      |                                                       ^~~~~~~~~~~~~~~~~~~~~~~~~
/home/vitaly/p/Prime-World/pw/branches/r1117/Src/PF_GameLogic/PFApplicator.h:136:3: note: in expansion of macro ‘seDECLARE_COBJRING_CLASS’
  136 |   seDECLARE_COBJRING_CLASS(PFBaseApplicator, sentRingPart, SentRing);
      |   ^~~~~~~~~~~~~~~~~~~~~~~~
/home/vitaly/p/Prime-World/pw/branches/r1117/Src/PF_GameLogic/PFApplicator.h: In static member function ‘static NWorld::PFBaseApplicator* NWorld::PFBaseApplicator::ring_NamedRing_::obj(const ring::Ring<NWorld::PFBaseApplicator, NWorld::PFBaseApplicator::ring_NamedRing_, ring::CPtrBasePolicyWithPtr<NWorld::PFBaseApplicator> >::Part*)’:
/home/vitaly/p/Prime-World/pw/branches/r1117/Src/PF_GameLogic/PFApplicator.h:138:28: warning: ‘offsetof’ within non-standard-layout type ‘NWorld::PFBaseApplicator’ is conditionally-supported [-Winvalid-offsetof]
  138 |   seDECLARE_CPTRRING_CLASS(PFBaseApplicator, namedRingPart, NamedRing);
/home/vitaly/p/Prime-World/pw/branches/r1117/Src/PF_GameLogic/../System/../System/Ring.h:691:55: note: in expansion of macro ‘seDECLARE_RING_CLASS_BASE’
  691 | #define seDECLARE_CPTRRING_CLASS(cls, field, ringCls) seDECLARE_RING_CLASS_BASE(cls, field, ringCls, ring::CPtrBasePolicyWithPtr<cls>)
      |                                                       ^~~~~~~~~~~~~~~~~~~~~~~~~
/home/vitaly/p/Prime-World/pw/branches/r1117/Src/PF_GameLogic/PFApplicator.h:138:3: note: in expansion of macro ‘seDECLARE_CPTRRING_CLASS’
  138 |   seDECLARE_CPTRRING_CLASS(PFBaseApplicator, namedRingPart, NamedRing);
      |   ^~~~~~~~~~~~~~~~~~~~~~~~
/home/vitaly/p/Prime-World/pw/branches/r1117/Src/PF_GameLogic/PFApplMod.h: In static member function ‘static NWorld::PFApplAbilityMod* NWorld::PFApplAbilityMod::ring_Ring_::obj(const ring::Ring<NWorld::PFApplAbilityMod, NWorld::PFApplAbilityMod::ring_Ring_, ring::CPtrBasePolicyWithPtr<NWorld::PFApplAbilityMod> >::Part*)’:
/home/vitaly/p/Prime-World/pw/branches/r1117/Src/PF_GameLogic/PFApplMod.h:107:28: warning: ‘offsetof’ within non-standard-layout type ‘NWorld::PFApplAbilityMod’ is conditionally-supported [-Winvalid-offsetof]
  107 |   seDECLARE_CPTRRING_CLASS(PFApplAbilityMod, abilityModRing, Ring);
/home/vitaly/p/Prime-World/pw/branches/r1117/Src/PF_GameLogic/../System/../System/Ring.h:691:55: note: in expansion of macro ‘seDECLARE_RING_CLASS_BASE’
  691 | #define seDECLARE_CPTRRING_CLASS(cls, field, ringCls) seDECLARE_RING_CLASS_BASE(cls, field, ringCls, ring::CPtrBasePolicyWithPtr<cls>)
      |                                                       ^~~~~~~~~~~~~~~~~~~~~~~~~
/home/vitaly/p/Prime-World/pw/branches/r1117/Src/PF_GameLogic/PFApplMod.h:107:3: note: in expansion of macro ‘seDECLARE_CPTRRING_CLASS’
  107 |   seDECLARE_CPTRRING_CLASS(PFApplAbilityMod, abilityModRing, Ring);
      |   ^~~~~~~~~~~~~~~~~~~~~~~~
/home/vitaly/p/Prime-World/pw/branches/r1117/Src/PF_GameLogic/PFApplMod.h: In static member function ‘static NWorld::PFApplAbilityUpgrade* NWorld::PFApplAbilityUpgrade::ring_Ring_::obj(const ring::Ring<NWorld::PFApplAbilityUpgrade, NWorld::PFApplAbilityUpgrade::ring_Ring_, ring::CPtrBasePolicyWithPtr<NWorld::PFApplAbilityUpgrade> >::Part*)’:
/home/vitaly/p/Prime-World/pw/branches/r1117/Src/PF_GameLogic/PFApplMod.h:145:28: warning: ‘offsetof’ within non-standard-layout type ‘NWorld::PFApplAbilityUpgrade’ is conditionally-supported [-Winvalid-offsetof]
  145 |   seDECLARE_CPTRRING_CLASS(PFApplAbilityUpgrade, upgradesRing, Ring);
/home/vitaly/p/Prime-World/pw/branches/r1117/Src/PF_GameLogic/../System/../System/Ring.h:691:55: note: in expansion of macro ‘seDECLARE_RING_CLASS_BASE’
  691 | #define seDECLARE_CPTRRING_CLASS(cls, field, ringCls) seDECLARE_RING_CLASS_BASE(cls, field, ringCls, ring::CPtrBasePolicyWithPtr<cls>)
      |                                                       ^~~~~~~~~~~~~~~~~~~~~~~~~
/home/vitaly/p/Prime-World/pw/branches/r1117/Src/PF_GameLogic/PFApplMod.h:145:3: note: in expansion of macro ‘seDECLARE_CPTRRING_CLASS’
  145 |   seDECLARE_CPTRRING_CLASS(PFApplAbilityUpgrade, upgradesRing, Ring);
      |   ^~~~~~~~~~~~~~~~~~~~~~~~
/home/vitaly/p/Prime-World/pw/branches/r1117/Src/PF_GameLogic/PFApplMod.h: In static member function ‘static NWorld::PFApplStatus* NWorld::PFApplStatus::ring_ActiveStatusRing_::obj(const ring::Ring<NWorld::PFApplStatus, NWorld::PFApplStatus::ring_ActiveStatusRing_, ring::CObjectBasePolicyWithPtr<NWorld::PFApplStatus> >::Part*)’:
/home/vitaly/p/Prime-World/pw/branches/r1117/Src/PF_GameLogic/PFApplMod.h:194:28: warning: ‘offsetof’ within non-standard-layout type ‘NWorld::PFApplStatus’ is conditionally-supported [-Winvalid-offsetof]
  194 |   seDECLARE_COBJRING_CLASS(PFApplStatus, activeStatusesPart, ActiveStatusRing);
/home/vitaly/p/Prime-World/pw/branches/r1117/Src/PF_GameLogic/../System/../System/Ring.h:690:55: note: in expansion of macro ‘seDECLARE_RING_CLASS_BASE’
  690 | #define seDECLARE_COBJRING_CLASS(cls, field, ringCls) seDECLARE_RING_CLASS_BASE(cls, field, ringCls, ring::CObjectBasePolicyWithPtr<cls>)
      |                                                       ^~~~~~~~~~~~~~~~~~~~~~~~~
/home/vitaly/p/Prime-World/pw/branches/r1117/Src/PF_GameLogic/PFApplMod.h:194:3: note: in expansion of macro ‘seDECLARE_COBJRING_CLASS’
  194 |   seDECLARE_COBJRING_CLASS(PFApplStatus, activeStatusesPart, ActiveStatusRing);
      |   ^~~~~~~~~~~~~~~~~~~~~~~~
/home/vitaly/p/Prime-World/pw/branches/r1117/Src/PF_GameLogic/PFApplMod.h: In static member function ‘static bool NWorld::TauntApplicatorManager::IsTauntApplicator(const CObj<NWorld::PFBaseApplicator>&)’:
/home/vitaly/p/Prime-World/pw/branches/r1117/Src/PF_GameLogic/PFApplMod.h:525:32: warning: comparison between ‘enum NWorld::PFBaseApplicator::<unnamed>’ and ‘enum NWorld::PFApplTaunt::<unnamed>’ [-Wenum-compare]
  525 |     return pApplicator->typeId == PFApplTaunt::typeId;
      |            ~~~~~~~~~~~~~~~~~~~~^~~~~~~~~~~~~~~~~~~~~~
/home/vitaly/p/Prime-World/pw/branches/r1117/Src/PF_GameLogic/PFBehaviour.h: In static member function ‘static NWorld::PFBaseBehaviour* NWorld::PFBaseBehaviour::ring_UnitRing_::obj(const ring::Ring<NWorld::PFBaseBehaviour, NWorld::PFBaseBehaviour::ring_UnitRing_, ring::CObjectBasePolicyWithPtr<NWorld::PFBaseBehaviour> >::Part*)’:
/home/vitaly/p/Prime-World/pw/branches/r1117/Src/PF_GameLogic/PFBehaviour.h:45:22: warning: ‘offsetof’ within non-standard-layout type ‘NWorld::PFBaseBehaviour’ is conditionally-supported [-Winvalid-offsetof]
   45 |   seDECLARE_COBJRING(PFBaseBehaviour, unitRingPart, UnitRing);
/home/vitaly/p/Prime-World/pw/branches/r1117/Src/PF_GameLogic/../System/../System/Ring.h:690:55: note: in expansion of macro ‘seDECLARE_RING_CLASS_BASE’
  690 | #define seDECLARE_COBJRING_CLASS(cls, field, ringCls) seDECLARE_RING_CLASS_BASE(cls, field, ringCls, ring::CObjectBasePolicyWithPtr<cls>)
      |                                                       ^~~~~~~~~~~~~~~~~~~~~~~~~
/home/vitaly/p/Prime-World/pw/branches/r1117/Src/PF_GameLogic/../System/../System/Ring.h:740:9: note: in expansion of macro ‘seDECLARE_COBJRING_CLASS’
  740 |         seDECLARE_COBJRING_CLASS(cls, field, ringCls); \
      |         ^~~~~~~~~~~~~~~~~~~~~~~~
/home/vitaly/p/Prime-World/pw/branches/r1117/Src/PF_GameLogic/PFBehaviour.h:45:3: note: in expansion of macro ‘seDECLARE_COBJRING’
   45 |   seDECLARE_COBJRING(PFBaseBehaviour, unitRingPart, UnitRing);
      |   ^~~~~~~~~~~~~~~~~~
/home/vitaly/p/Prime-World/pw/branches/r1117/Src/PF_GameLogic/PFBehaviour.h: In static member function ‘static NWorld::PFSummonBehaviour* NWorld::PFSummonBehaviour::ring_GroupRing_::obj(const ring::Ring<NWorld::PFSummonBehaviour, NWorld::PFSummonBehaviour::ring_GroupRing_, ring::CPtrBasePolicyWithPtr<NWorld::PFSummonBehaviour> >::Part*)’:
/home/vitaly/p/Prime-World/pw/branches/r1117/Src/PF_GameLogic/PFBehaviour.h:93:22: warning: ‘offsetof’ within non-standard-layout type ‘NWorld::PFSummonBehaviour’ is conditionally-supported [-Winvalid-offsetof]
   93 |   seDECLARE_CPTRRING(PFSummonBehaviour, groupRingPart, GroupRing);
/home/vitaly/p/Prime-World/pw/branches/r1117/Src/PF_GameLogic/../System/../System/Ring.h:691:55: note: in expansion of macro ‘seDECLARE_RING_CLASS_BASE’
  691 | #define seDECLARE_CPTRRING_CLASS(cls, field, ringCls) seDECLARE_RING_CLASS_BASE(cls, field, ringCls, ring::CPtrBasePolicyWithPtr<cls>)
      |                                                       ^~~~~~~~~~~~~~~~~~~~~~~~~
/home/vitaly/p/Prime-World/pw/branches/r1117/Src/PF_GameLogic/../System/../System/Ring.h:744:9: note: in expansion of macro ‘seDECLARE_CPTRRING_CLASS’
  744 |         seDECLARE_CPTRRING_CLASS(cls, field, ringCls); \
      |         ^~~~~~~~~~~~~~~~~~~~~~~~
/home/vitaly/p/Prime-World/pw/branches/r1117/Src/PF_GameLogic/PFBehaviour.h:93:3: note: in expansion of macro ‘seDECLARE_CPTRRING’
   93 |   seDECLARE_CPTRRING(PFSummonBehaviour, groupRingPart, GroupRing);
      |   ^~~~~~~~~~~~~~~~~~
/home/vitaly/p/Prime-World/pw/branches/r1117/Src/PF_GameLogic/PFDebug.h: In static member function ‘static NDebug::DebugObject* NDebug::DebugObject::ring_Ring_::obj(const ring::Ring<NDebug::DebugObject, NDebug::DebugObject::ring_Ring_, ring::CObjectBasePolicyWithPtr<NDebug::DebugObject> >::Part*)’:
/home/vitaly/p/Prime-World/pw/branches/r1117/Src/PF_GameLogic/PFDebug.h:67:22: warning: ‘offsetof’ within non-standard-layout type ‘NDebug::DebugObject’ is conditionally-supported [-Winvalid-offsetof]
   67 |   seDECLARE_COBJRING(DebugObject,  objectsRingPart, Ring);
/home/vitaly/p/Prime-World/pw/branches/r1117/Src/PF_GameLogic/../System/../System/Ring.h:690:55: note: in expansion of macro ‘seDECLARE_RING_CLASS_BASE’
  690 | #define seDECLARE_COBJRING_CLASS(cls, field, ringCls) seDECLARE_RING_CLASS_BASE(cls, field, ringCls, ring::CObjectBasePolicyWithPtr<cls>)
      |                                                       ^~~~~~~~~~~~~~~~~~~~~~~~~
/home/vitaly/p/Prime-World/pw/branches/r1117/Src/PF_GameLogic/../System/../System/Ring.h:740:9: note: in expansion of macro ‘seDECLARE_COBJRING_CLASS’
  740 |         seDECLARE_COBJRING_CLASS(cls, field, ringCls); \
      |         ^~~~~~~~~~~~~~~~~~~~~~~~
/home/vitaly/p/Prime-World/pw/branches/r1117/Src/PF_GameLogic/PFDebug.h:67:3: note: in expansion of macro ‘seDECLARE_COBJRING’
   67 |   seDECLARE_COBJRING(DebugObject,  objectsRingPart, Ring);
      |   ^~~~~~~~~~~~~~~~~~
/home/vitaly/p/Prime-World/pw/branches/r1117/Src/PF_GameLogic/PFDebug.h: In static member function ‘static NDebug::DebugObject* NDebug::DebugObject::ring_SelectedRing_::obj(const ring::Ring<NDebug::DebugObject, NDebug::DebugObject::ring_SelectedRing_, ring::CPtrBasePolicyWithPtr<NDebug::DebugObject> >::Part*)’:
/home/vitaly/p/Prime-World/pw/branches/r1117/Src/PF_GameLogic/PFDebug.h:68:22: warning: ‘offsetof’ within non-standard-layout type ‘NDebug::DebugObject’ is conditionally-supported [-Winvalid-offsetof]
   68 |   seDECLARE_CPTRRING(DebugObject,  selectRingPart,  SelectedRing);
/home/vitaly/p/Prime-World/pw/branches/r1117/Src/PF_GameLogic/../System/../System/Ring.h:691:55: note: in expansion of macro ‘seDECLARE_RING_CLASS_BASE’
  691 | #define seDECLARE_CPTRRING_CLASS(cls, field, ringCls) seDECLARE_RING_CLASS_BASE(cls, field, ringCls, ring::CPtrBasePolicyWithPtr<cls>)
      |                                                       ^~~~~~~~~~~~~~~~~~~~~~~~~
/home/vitaly/p/Prime-World/pw/branches/r1117/Src/PF_GameLogic/../System/../System/Ring.h:744:9: note: in expansion of macro ‘seDECLARE_CPTRRING_CLASS’
  744 |         seDECLARE_CPTRRING_CLASS(cls, field, ringCls); \
      |         ^~~~~~~~~~~~~~~~~~~~~~~~
/home/vitaly/p/Prime-World/pw/branches/r1117/Src/PF_GameLogic/PFDebug.h:68:3: note: in expansion of macro ‘seDECLARE_CPTRRING’
   68 |   seDECLARE_CPTRRING(DebugObject,  selectRingPart,  SelectedRing);
      |   ^~~~~~~~~~~~~~~~~~
/home/vitaly/p/Prime-World/pw/branches/r1117/Src/PF_GameLogic/PFDispatchStrike1.h: In static member function ‘static NWorld::PFDispatchUniformLinearMove* NWorld::PFDispatchUniformLinearMove::ring_UnitDispatchesRing_::obj(const ring::Ring<NWorld::PFDispatchUniformLinearMove, NWorld::PFDispatchUniformLinearMove::ring_UnitDispatchesRing_, ring::CPtrBasePolicyWithPtr<NWorld::PFDispatchUniformLinearMove> >::Part*)’:
/home/vitaly/p/Prime-World/pw/branches/r1117/Src/PF_GameLogic/PFDispatchStrike1.h:57:23: warning: ‘offsetof’ within non-standard-layout type ‘NWorld::PFDispatchUniformLinearMove’ is conditionally-supported [-Winvalid-offsetof]
   57 |   seDECLARE_CPTRRING( PFDispatchUniformLinearMove, unitDispatchesPart, UnitDispatchesRing );
/home/vitaly/p/Prime-World/pw/branches/r1117/Src/PF_GameLogic/../System/../System/Ring.h:691:55: note: in expansion of macro ‘seDECLARE_RING_CLASS_BASE’
  691 | #define seDECLARE_CPTRRING_CLASS(cls, field, ringCls) seDECLARE_RING_CLASS_BASE(cls, field, ringCls, ring::CPtrBasePolicyWithPtr<cls>)
      |                                                       ^~~~~~~~~~~~~~~~~~~~~~~~~
/home/vitaly/p/Prime-World/pw/branches/r1117/Src/PF_GameLogic/../System/../System/Ring.h:744:9: note: in expansion of macro ‘seDECLARE_CPTRRING_CLASS’
  744 |         seDECLARE_CPTRRING_CLASS(cls, field, ringCls); \
      |         ^~~~~~~~~~~~~~~~~~~~~~~~
/home/vitaly/p/Prime-World/pw/branches/r1117/Src/PF_GameLogic/PFDispatchStrike1.h:57:3: note: in expansion of macro ‘seDECLARE_CPTRRING’
   57 |   seDECLARE_CPTRRING( PFDispatchUniformLinearMove, unitDispatchesPart, UnitDispatchesRing );
      |   ^~~~~~~~~~~~~~~~~~
/home/vitaly/p/Prime-World/pw/branches/r1117/Src/PF_GameLogic/PFLogicObject.h: In static member function ‘static NWorld::PFLogicObject* NWorld::PFLogicObject::ring_LORing_::obj(const ring::Ring<NWorld::PFLogicObject, NWorld::PFLogicObject::ring_LORing_, ring::CObjectBasePolicyWithPtr<NWorld::PFLogicObject> >::Part*)’:
/home/vitaly/p/Prime-World/pw/branches/r1117/Src/PF_GameLogic/PFLogicObject.h:24:22: warning: ‘offsetof’ within non-standard-layout type ‘NWorld::PFLogicObject’ is conditionally-supported [-Winvalid-offsetof]
   24 |   seDECLARE_COBJRING(PFLogicObject, ringField,      LORing);
/home/vitaly/p/Prime-World/pw/branches/r1117/Src/PF_GameLogic/../System/../System/Ring.h:690:55: note: in expansion of macro ‘seDECLARE_RING_CLASS_BASE’
  690 | #define seDECLARE_COBJRING_CLASS(cls, field, ringCls) seDECLARE_RING_CLASS_BASE(cls, field, ringCls, ring::CObjectBasePolicyWithPtr<cls>)
      |                                                       ^~~~~~~~~~~~~~~~~~~~~~~~~
/home/vitaly/p/Prime-World/pw/branches/r1117/Src/PF_GameLogic/../System/../System/Ring.h:740:9: note: in expansion of macro ‘seDECLARE_COBJRING_CLASS’
  740 |         seDECLARE_COBJRING_CLASS(cls, field, ringCls); \
      |         ^~~~~~~~~~~~~~~~~~~~~~~~
/home/vitaly/p/Prime-World/pw/branches/r1117/Src/PF_GameLogic/PFLogicObject.h:24:3: note: in expansion of macro ‘seDECLARE_COBJRING’
   24 |   seDECLARE_COBJRING(PFLogicObject, ringField,      LORing);
      |   ^~~~~~~~~~~~~~~~~~
/home/vitaly/p/Prime-World/pw/branches/r1117/Src/PF_GameLogic/PFBaseUnit.h: In static member function ‘static NWorld::PFBaseUnit* NWorld::PFBaseUnit::ring_AttackersRing_::obj(const ring::Ring<NWorld::PFBaseUnit, NWorld::PFBaseUnit::ring_AttackersRing_, ring::CPtrBasePolicyWithPtr<NWorld::PFBaseUnit> >::Part*)’:
/home/vitaly/p/Prime-World/pw/branches/r1117/Src/PF_GameLogic/PFBaseUnit.h:221:28: warning: ‘offsetof’ within non-standard-layout type ‘NWorld::PFBaseUnit’ is conditionally-supported [-Winvalid-offsetof]
  221 |         seDECLARE_CPTRRING(PFBaseUnit, attackersRingPart, AttackersRing);
/home/vitaly/p/Prime-World/pw/branches/r1117/Src/PF_GameLogic/../System/../System/Ring.h:691:55: note: in expansion of macro ‘seDECLARE_RING_CLASS_BASE’
  691 | #define seDECLARE_CPTRRING_CLASS(cls, field, ringCls) seDECLARE_RING_CLASS_BASE(cls, field, ringCls, ring::CPtrBasePolicyWithPtr<cls>)
      |                                                       ^~~~~~~~~~~~~~~~~~~~~~~~~
/home/vitaly/p/Prime-World/pw/branches/r1117/Src/PF_GameLogic/../System/../System/Ring.h:744:9: note: in expansion of macro ‘seDECLARE_CPTRRING_CLASS’
  744 |         seDECLARE_CPTRRING_CLASS(cls, field, ringCls); \
      |         ^~~~~~~~~~~~~~~~~~~~~~~~
/home/vitaly/p/Prime-World/pw/branches/r1117/Src/PF_GameLogic/PFBaseUnit.h:221:9: note: in expansion of macro ‘seDECLARE_CPTRRING’
  221 |         seDECLARE_CPTRRING(PFBaseUnit, attackersRingPart, AttackersRing);
      |         ^~~~~~~~~~~~~~~~~~
/home/vitaly/p/Prime-World/pw/branches/r1117/Src/PF_GameLogic/PFBaseUnit.h: In static member function ‘static NWorld::PFBaseUnit::Variable* NWorld::PFBaseUnit::Variable::ring_Ring_::obj(const ring::Ring<NWorld::PFBaseUnit::Variable, NWorld::PFBaseUnit::Variable::ring_Ring_, ring::DefaultSmartPtrPolicy<NWorld::PFBaseUnit::Variable> >::Part*)’:
/home/vitaly/p/Prime-World/pw/branches/r1117/Src/PF_GameLogic/PFBaseUnit.h:225:32: warning: ‘offsetof’ within non-standard-layout type ‘NWorld::PFBaseUnit::Variable’ is conditionally-supported [-Winvalid-offsetof]
  225 |                 seDECLARE_RING(Variable, ringPart, Ring);
/home/vitaly/p/Prime-World/pw/branches/r1117/Src/PF_GameLogic/../System/../System/Ring.h:689:51: note: in expansion of macro ‘seDECLARE_RING_CLASS_BASE’
  689 | #define seDECLARE_RING_CLASS(cls, field, ringCls) seDECLARE_RING_CLASS_BASE(cls, field, ringCls, ring::DefaultSmartPtrPolicy<cls>)
      |                                                   ^~~~~~~~~~~~~~~~~~~~~~~~~
/home/vitaly/p/Prime-World/pw/branches/r1117/Src/PF_GameLogic/../System/../System/Ring.h:736:3: note: in expansion of macro ‘seDECLARE_RING_CLASS’
  736 |   seDECLARE_RING_CLASS(cls, field, ringCls); \
      |   ^~~~~~~~~~~~~~~~~~~~
/home/vitaly/p/Prime-World/pw/branches/r1117/Src/PF_GameLogic/PFBaseUnit.h:225:17: note: in expansion of macro ‘seDECLARE_RING’
  225 |                 seDECLARE_RING(Variable, ringPart, Ring);
      |                 ^~~~~~~~~~~~~~
/home/vitaly/p/Prime-World/pw/branches/r1117/Src/PF_GameLogic/PFHero.h: In static member function ‘static NWorld::PFBaseHero* NWorld::PFBaseHero::ring_FactionRing_::obj(const ring::Ring<NWorld::PFBaseHero, NWorld::PFBaseHero::ring_FactionRing_, ring::CObjectBasePolicyWithPtr<NWorld::PFBaseHero> >::Part*)’:
/home/vitaly/p/Prime-World/pw/branches/r1117/Src/PF_GameLogic/PFHero.h:446:22: warning: ‘offsetof’ within non-standard-layout type ‘NWorld::PFBaseHero’ is conditionally-supported [-Winvalid-offsetof]
  446 |   seDECLARE_COBJRING(PFBaseHero, factionRingPart, FactionRing);
/home/vitaly/p/Prime-World/pw/branches/r1117/Src/PF_GameLogic/../System/../System/Ring.h:690:55: note: in expansion of macro ‘seDECLARE_RING_CLASS_BASE’
  690 | #define seDECLARE_COBJRING_CLASS(cls, field, ringCls) seDECLARE_RING_CLASS_BASE(cls, field, ringCls, ring::CObjectBasePolicyWithPtr<cls>)
      |                                                       ^~~~~~~~~~~~~~~~~~~~~~~~~
/home/vitaly/p/Prime-World/pw/branches/r1117/Src/PF_GameLogic/../System/../System/Ring.h:740:9: note: in expansion of macro ‘seDECLARE_COBJRING_CLASS’
  740 |         seDECLARE_COBJRING_CLASS(cls, field, ringCls); \
      |         ^~~~~~~~~~~~~~~~~~~~~~~~
/home/vitaly/p/Prime-World/pw/branches/r1117/Src/PF_GameLogic/PFHero.h:446:3: note: in expansion of macro ‘seDECLARE_COBJRING’
  446 |   seDECLARE_COBJRING(PFBaseHero, factionRingPart, FactionRing);
      |   ^~~~~~~~~~~~~~~~~~
/home/vitaly/p/Prime-World/pw/branches/r1117/Src/PF_GameLogic/PFAbilityDataNamemaps.cpp: In member function ‘virtual float NWorld::{anonymous}::AbilityFloatFormulaVariant::GetFloat() const’:
/home/vitaly/p/Prime-World/pw/branches/r1117/Src/PF_GameLogic/PFAbilityDataNamemaps.cpp:301:38: error: request for member ‘operator&’ is ambiguous
  301 |         value = formulaSecondState( &context, &context, &context, 0.0f );
      |                                      ^~~~~~~
In file included from /home/vitaly/p/Prime-World/pw/branches/r1117/Src/PF_GameLogic/FormulaExecutor.h:10,
                 from /home/vitaly/p/Prime-World/pw/branches/r1117/Src/PF_GameLogic/StringExecutor.h:11,
                 from /home/vitaly/p/Prime-World/pw/branches/r1117/Src/PF_GameLogic/specific.h:29:
/home/vitaly/p/Prime-World/pw/branches/r1117/Src/PF_GameLogic/../../Data/GameLogic/FormulaPars.h:586:12: note: candidates are: ‘int IMiscFormulaPars::operator&(IBinSaver&)’
  586 |   ZEND int operator&( IBinSaver &f ) { return 0; }
      |            ^~~~~~~~
/home/vitaly/p/Prime-World/pw/branches/r1117/Src/PF_GameLogic/../../Data/GameLogic/FormulaPars.h:518:18: note:                 ‘int IUnitFormulaPars::operator&(IBinSaver&)’
  518 |         ZEND int operator&( IBinSaver &f ) { return 0; }
      |                  ^~~~~~~~
/home/vitaly/p/Prime-World/pw/branches/r1117/Src/PF_GameLogic/PFAbilityDataNamemaps.cpp:301:48: error: request for member ‘operator&’ is ambiguous
  301 |         value = formulaSecondState( &context, &context, &context, 0.0f );
      |                                                ^~~~~~~
/home/vitaly/p/Prime-World/pw/branches/r1117/Src/PF_GameLogic/../../Data/GameLogic/FormulaPars.h:586:12: note: candidates are: ‘int IMiscFormulaPars::operator&(IBinSaver&)’
  586 |   ZEND int operator&( IBinSaver &f ) { return 0; }
      |            ^~~~~~~~
/home/vitaly/p/Prime-World/pw/branches/r1117/Src/PF_GameLogic/../../Data/GameLogic/FormulaPars.h:518:18: note:                 ‘int IUnitFormulaPars::operator&(IBinSaver&)’
  518 |         ZEND int operator&( IBinSaver &f ) { return 0; }
      |                  ^~~~~~~~
/home/vitaly/p/Prime-World/pw/branches/r1117/Src/PF_GameLogic/PFAbilityDataNamemaps.cpp:301:58: error: request for member ‘operator&’ is ambiguous
  301 |         value = formulaSecondState( &context, &context, &context, 0.0f );
      |                                                          ^~~~~~~
/home/vitaly/p/Prime-World/pw/branches/r1117/Src/PF_GameLogic/../../Data/GameLogic/FormulaPars.h:586:12: note: candidates are: ‘int IMiscFormulaPars::operator&(IBinSaver&)’
  586 |   ZEND int operator&( IBinSaver &f ) { return 0; }
      |            ^~~~~~~~
/home/vitaly/p/Prime-World/pw/branches/r1117/Src/PF_GameLogic/../../Data/GameLogic/FormulaPars.h:518:18: note:                 ‘int IUnitFormulaPars::operator&(IBinSaver&)’
  518 |         ZEND int operator&( IBinSaver &f ) { return 0; }
      |                  ^~~~~~~~
/home/vitaly/p/Prime-World/pw/branches/r1117/Src/PF_GameLogic/PFAbilityDataNamemaps.cpp:303:27: error: request for member ‘operator&’ is ambiguous
  303 |         value = formula( &context, &context, &context, 0.0f );
      |                           ^~~~~~~
/home/vitaly/p/Prime-World/pw/branches/r1117/Src/PF_GameLogic/../../Data/GameLogic/FormulaPars.h:586:12: note: candidates are: ‘int IMiscFormulaPars::operator&(IBinSaver&)’
  586 |   ZEND int operator&( IBinSaver &f ) { return 0; }
      |            ^~~~~~~~
/home/vitaly/p/Prime-World/pw/branches/r1117/Src/PF_GameLogic/../../Data/GameLogic/FormulaPars.h:518:18: note:                 ‘int IUnitFormulaPars::operator&(IBinSaver&)’
  518 |         ZEND int operator&( IBinSaver &f ) { return 0; }
      |                  ^~~~~~~~
/home/vitaly/p/Prime-World/pw/branches/r1117/Src/PF_GameLogic/PFAbilityDataNamemaps.cpp:303:37: error: request for member ‘operator&’ is ambiguous
  303 |         value = formula( &context, &context, &context, 0.0f );
      |                                     ^~~~~~~
/home/vitaly/p/Prime-World/pw/branches/r1117/Src/PF_GameLogic/../../Data/GameLogic/FormulaPars.h:586:12: note: candidates are: ‘int IMiscFormulaPars::operator&(IBinSaver&)’
  586 |   ZEND int operator&( IBinSaver &f ) { return 0; }
      |            ^~~~~~~~
/home/vitaly/p/Prime-World/pw/branches/r1117/Src/PF_GameLogic/../../Data/GameLogic/FormulaPars.h:518:18: note:                 ‘int IUnitFormulaPars::operator&(IBinSaver&)’
  518 |         ZEND int operator&( IBinSaver &f ) { return 0; }
      |                  ^~~~~~~~
/home/vitaly/p/Prime-World/pw/branches/r1117/Src/PF_GameLogic/PFAbilityDataNamemaps.cpp:303:47: error: request for member ‘operator&’ is ambiguous
  303 |         value = formula( &context, &context, &context, 0.0f );
      |                                               ^~~~~~~
/home/vitaly/p/Prime-World/pw/branches/r1117/Src/PF_GameLogic/../../Data/GameLogic/FormulaPars.h:586:12: note: candidates are: ‘int IMiscFormulaPars::operator&(IBinSaver&)’
  586 |   ZEND int operator&( IBinSaver &f ) { return 0; }
      |            ^~~~~~~~
/home/vitaly/p/Prime-World/pw/branches/r1117/Src/PF_GameLogic/../../Data/GameLogic/FormulaPars.h:518:18: note:                 ‘int IUnitFormulaPars::operator&(IBinSaver&)’
  518 |         ZEND int operator&( IBinSaver &f ) { return 0; }
      |                  ^~~~~~~~
/home/vitaly/p/Prime-World/pw/branches/r1117/Src/PF_GameLogic/PFAbilityDataNamemaps.cpp: At global scope:
/home/vitaly/p/Prime-World/pw/branches/r1117/Src/PF_GameLogic/PFAbilityDataNamemaps.cpp:451:1: error: expected declaration before ‘}’ token
  451 | }
      | ^
/home/vitaly/p/Prime-World/pw/branches/r1117/Src/PF_GameLogic/PFAbilityDataNamemaps.cpp:454:1: error: expected declaration before ‘}’ token
  454 | } //namespace NWorld
      | ^
make[3]: *** [CMakeFiles/PrimeWorld.dir/build.make:3551: CMakeFiles/PrimeWorld.dir/PF_GameLogic/PFAbilityDataNamemaps.cpp.o] Error 1
make[2]: *** [CMakeFiles/Makefile2:87: CMakeFiles/PrimeWorld.dir/all] Error 2
make[1]: *** [CMakeFiles/Makefile2:94: CMakeFiles/PrimeWorld.dir/rule] Error 2
make: *** [Makefile:124: PrimeWorld] Error 2
